date,true_shaped,pred_shaped,true_identity,pred_identity,pair
2019-05-03 16:00:00,-0.9779033,-1.1726197,-0.9779033,-1.8263346,ECL::Autoformer
2019-05-03 17:00:00,-1.0500499,-1.1091357,-1.0500499,-1.787063,ECL::Autoformer
2019-05-03 18:00:00,-1.0031546,-1.0970012,-1.0031546,-1.7389221,ECL::Autoformer
2019-05-03 19:00:00,-1.1023562,-1.1114131,-1.1023562,-1.7104135,ECL::Autoformer
2019-05-03 20:00:00,-1.0374242,-1.1906915,-1.0374242,-1.7717683,ECL::Autoformer
2019-05-03 21:00:00,-1.0464425,-1.3638295,-1.0464425,-1.9006696,ECL::Autoformer
2019-05-03 22:00:00,-1.2448457,-1.5583881,-1.2448457,-1.9197911,ECL::Autoformer
2019-05-03 23:00:00,-1.3386363,-1.6164575,-1.3386363,-1.8686942,ECL::Autoformer
2019-05-04 00:00:00,-1.2376311,-1.6669761,-1.2376311,-1.7547827,ECL::Autoformer
2019-05-04 01:00:00,-1.28633,-1.7220142,-1.28633,-1.8304807,ECL::Autoformer
2019-05-04 02:00:00,-1.4666965,-1.8032136,-1.4666965,-1.918288,ECL::Autoformer
2019-05-04 03:00:00,-1.4919478,-1.8082349,-1.4919478,-1.8898093,ECL::Autoformer
2019-05-04 04:00:00,-1.5153954,-1.7747012,-1.5153954,-1.8366535,ECL::Autoformer
2019-05-04 05:00:00,-1.5352358,-1.7237589,-1.5352358,-1.7330077,ECL::Autoformer
2019-05-04 06:00:00,-1.5135918,-1.6126146,-1.5135918,-1.6122974,ECL::Autoformer
2019-05-04 07:00:00,-1.3891389,-1.4870162,-1.3891389,-1.5505797,ECL::Autoformer
2019-05-04 08:00:00,-1.3278143,-1.3168795,-1.3278143,-1.4847435,ECL::Autoformer
2019-05-04 09:00:00,-1.0338169,-1.0703812,-1.0338169,-1.3629472,ECL::Autoformer
2019-05-04 10:00:00,-0.6965316,-0.64828885,-0.6965316,-1.2171308,ECL::Autoformer
2019-05-04 11:00:00,-0.3051363,-0.26325625,-0.3051363,-1.0523192,ECL::Autoformer
2019-05-04 12:00:00,0.051989377,-0.012378395,0.051989377,-0.95784134,ECL::Autoformer
2019-05-04 13:00:00,0.37664905,0.24795216,0.37664905,-0.86123425,ECL::Autoformer
2019-05-04 14:00:00,0.36943442,0.36138088,0.36943442,-0.8090487,ECL::Autoformer
2019-05-04 15:00:00,0.053793043,0.31571382,0.053793043,-0.81421447,ECL::Autoformer
2019-05-04 16:00:00,0.19628257,0.3557763,0.19628257,-0.77922857,ECL::Autoformer
2019-05-04 17:00:00,0.14397629,0.46945566,0.14397629,-0.67669964,ECL::Autoformer
2019-05-04 18:00:00,0.24317786,0.4820357,0.24317786,-0.5752071,ECL::Autoformer
2019-05-04 19:00:00,0.501102,0.37772596,0.501102,-0.5466597,ECL::Autoformer
2019-05-04 20:00:00,0.52815694,0.14460838,0.52815694,-0.632241,ECL::Autoformer
2019-05-04 21:00:00,0.43617,-0.16942143,0.43617,-0.73243755,ECL::Autoformer
2019-05-04 22:00:00,0.008701419,-0.34640926,0.008701419,-0.75091374,ECL::Autoformer
2019-05-04 23:00:00,-0.42598182,-0.33439553,-0.42598182,-0.73762286,ECL::Autoformer
2019-05-05 00:00:00,-0.6424216,-0.3836347,-0.6424216,-0.65492773,ECL::Autoformer
2019-05-05 01:00:00,-0.89673835,-0.5850862,-0.89673835,-0.80489516,ECL::Autoformer
2019-05-05 02:00:00,-1.0085655,-0.8453762,-1.0085655,-1.0151012,ECL::Autoformer
2019-05-05 03:00:00,-0.96888494,-1.0033146,-0.96888494,-1.1450797,ECL::Autoformer
2019-05-05 04:00:00,-1.0698903,-1.0730907,-1.0698903,-1.203994,ECL::Autoformer
2019-05-05 05:00:00,-1.1420368,-1.1461853,-1.1420368,-1.2417333,ECL::Autoformer
2019-05-05 06:00:00,-1.2358273,-1.1737156,-1.2358273,-1.2378268,ECL::Autoformer
2019-05-05 07:00:00,-1.291741,-1.1570144,-1.291741,-1.1826208,ECL::Autoformer
2019-05-05 08:00:00,-1.3187959,-1.0918994,-1.3187959,-1.054227,ECL::Autoformer
2019-05-05 09:00:00,-0.9779033,-0.95013726,-0.9779033,-0.8578382,ECL::Autoformer
2019-05-05 10:00:00,-0.85525405,-0.62159264,-0.85525405,-0.64065427,ECL::Autoformer
2019-05-05 11:00:00,-0.29070696,-0.30996773,-0.29070696,-0.41209912,ECL::Autoformer
2019-05-05 12:00:00,-0.15723576,-0.15843427,-0.15723576,-0.21967302,ECL::Autoformer
2019-05-05 13:00:00,-0.0057278997,0.045568526,-0.0057278997,-0.05584137,ECL::Autoformer
2019-05-05 14:00:00,-0.039997533,0.1773346,-0.039997533,0.024897814,ECL::Autoformer
2019-05-05 15:00:00,-0.18248707,0.18204272,-0.18248707,0.041867584,ECL::Autoformer
2019-05-05 16:00:00,-0.2167567,0.25371242,-0.2167567,0.10745481,ECL::Autoformer
2019-05-05 17:00:00,-0.106733136,0.36532584,-0.106733136,0.24626583,ECL::Autoformer
2019-05-05 18:00:00,0.15299462,0.37866992,0.15299462,0.37534556,ECL::Autoformer
2019-05-05 19:00:00,0.04116739,0.29279327,0.04116739,0.35211632,ECL::Autoformer
2019-05-05 20:00:00,0.10609932,0.05906117,0.10609932,0.13362968,ECL::Autoformer
2019-05-05 21:00:00,0.14217262,-0.25354606,0.14217262,-0.094572276,ECL::Autoformer
2019-05-05 22:00:00,-0.29611796,-0.44304678,-0.29611796,-0.19930923,ECL::Autoformer
2019-05-05 23:00:00,-0.5720787,-0.5416,-0.5720787,-0.2631287,ECL::Autoformer
2019-05-06 00:00:00,-0.7560525,-0.477621,-0.7560525,-0.026172683,ECL::Autoformer
2019-05-06 01:00:00,-1.0121729,-0.72537017,-1.0121729,-0.19837695,ECL::Autoformer
2019-05-06 02:00:00,-1.1528589,-0.94708145,-1.1528589,-0.42536402,ECL::Autoformer
2019-05-06 03:00:00,-1.1871284,-1.0489613,-1.1871284,-0.60512924,ECL::Autoformer
2019-05-06 04:00:00,-1.1366258,-1.1190014,-1.1366258,-0.7533166,ECL::Autoformer
2019-05-06 05:00:00,-1.1889321,-1.2396363,-1.1889321,-0.9083314,ECL::Autoformer
2019-05-06 06:00:00,-1.226809,-1.3291315,-1.226809,-1.0086132,ECL::Autoformer
2019-05-06 07:00:00,-1.2123797,-1.3463389,-1.2123797,-0.9722885,ECL::Autoformer
2019-05-06 08:00:00,-1.2737043,-1.2660153,-1.2737043,-0.7082515,ECL::Autoformer
2019-05-06 09:00:00,-1.0698903,-1.0279703,-1.0698903,-0.44350788,ECL::Autoformer
2019-05-06 10:00:00,-0.893131,-0.60954875,-0.893131,-0.3045661,ECL::Autoformer
2019-05-06 11:00:00,-0.48550278,-0.22636831,-0.48550278,-0.096592575,ECL::Autoformer
2019-05-06 12:00:00,-0.32136926,-0.018500298,-0.32136926,0.19331911,ECL::Autoformer
2019-05-06 13:00:00,-0.16625407,0.18744135,-0.16625407,0.4735707,ECL::Autoformer
2019-05-06 14:00:00,-0.14280644,0.29277253,-0.14280644,0.6221783,ECL::Autoformer
2019-05-06 15:00:00,-0.19511272,0.32143632,-0.19511272,0.67762357,ECL::Autoformer
2019-05-06 16:00:00,-0.24381167,0.3499693,-0.24381167,0.75153524,ECL::Autoformer
2019-05-06 17:00:00,-0.13739544,0.37332752,-0.13739544,0.82949513,ECL::Autoformer
2019-05-06 18:00:00,-0.036390204,0.31430048,-0.036390204,0.83881867,ECL::Autoformer
2019-05-06 19:00:00,0.014112415,0.15601069,0.014112415,0.6801149,ECL::Autoformer
2019-05-06 20:00:00,-0.11755513,-0.106411785,-0.11755513,0.40890056,ECL::Autoformer
2019-05-06 21:00:00,-0.2059347,-0.34782302,-0.2059347,0.21215183,ECL::Autoformer
2019-05-06 22:00:00,-0.49091378,-0.47065216,-0.49091378,0.12559646,ECL::Autoformer
2019-05-06 23:00:00,-0.80475146,-0.4962725,-0.80475146,0.070803404,ECL::Autoformer
2019-05-07 00:00:00,-0.8624687,-0.6583131,-0.8624687,0.15589635,ECL::Autoformer
2019-05-07 01:00:00,-0.947241,-0.7534979,-0.947241,0.01377742,ECL::Autoformer
2019-05-07 02:00:00,-1.1546625,-0.85740167,-1.1546625,-0.17193708,ECL::Autoformer
2019-05-07 03:00:00,-1.1817174,-0.9374624,-1.1817174,-0.36541998,ECL::Autoformer
2019-05-07 04:00:00,-1.2448457,-1.0135036,-1.2448457,-0.5243607,ECL::Autoformer
2019-05-07 05:00:00,-1.2737043,-1.1204681,-1.2737043,-0.6657072,ECL::Autoformer
2019-05-07 06:00:00,-1.3873352,-1.2031684,-1.3873352,-0.7367592,ECL::Autoformer
2019-05-07 07:00:00,-1.3169923,-1.2055436,-1.3169923,-0.7587205,ECL::Autoformer
2019-05-07 08:00:00,-1.3332253,-1.1132162,-1.3332253,-0.6766878,ECL::Autoformer
2019-05-07 09:00:00,-1.0247986,-0.92296803,-1.0247986,-0.577279,ECL::Autoformer
2019-05-07 10:00:00,-0.7001389,-0.558578,-0.7001389,-0.5560448,ECL::Autoformer
2019-05-07 11:00:00,-0.3357986,-0.13437825,-0.3357986,-0.4515409,ECL::Autoformer
2019-05-07 12:00:00,0.037560057,0.14135282,0.037560057,-0.27424788,ECL::Autoformer
2019-05-07 13:00:00,0.28646582,0.3302529,0.28646582,-0.08352494,ECL::Autoformer
2019-05-07 14:00:00,0.07182969,0.4634009,0.07182969,0.03960384,ECL::Autoformer
2019-05-07 15:00:00,0.026738068,0.6825205,0.026738068,0.40345514,ECL::Autoformer
2018-12-27 12:00:00,-0.11214413,-0.2034657,-0.11214413,-0.11205658,ECL::PatchTST
2018-12-27 13:00:00,-0.003924235,-0.24882218,-0.003924235,-0.040667623,ECL::PatchTST
2018-12-27 14:00:00,0.45961764,0.129309,0.45961764,0.11324957,ECL::PatchTST
2018-12-27 15:00:00,0.075437024,0.11184087,0.075437024,0.10313774,ECL::PatchTST
2018-12-27 16:00:00,-0.101322144,0.23397301,-0.101322144,0.285519,ECL::PatchTST
2018-12-27 17:00:00,0.22514121,0.39878047,0.22514121,0.38245267,ECL::PatchTST
2018-12-27 18:00:00,0.50651294,0.5221762,0.50651294,0.5858549,ECL::PatchTST
2018-12-27 19:00:00,0.72656006,0.6240034,0.72656006,0.47459787,ECL::PatchTST
2018-12-27 20:00:00,0.45420665,0.59263194,0.45420665,0.22579825,ECL::PatchTST
2018-12-27 21:00:00,0.14217262,0.2103067,0.14217262,0.2712659,ECL::PatchTST
2018-12-27 22:00:00,-0.09230382,0.1201736,-0.09230382,0.20669802,ECL::PatchTST
2018-12-27 23:00:00,-0.4079452,-0.011240587,-0.4079452,0.12276419,ECL::PatchTST
2018-12-28 00:00:00,-0.53420174,-0.10684103,-0.53420174,-0.0071460307,ECL::PatchTST
2018-12-28 01:00:00,-0.62618864,-0.35826638,-0.62618864,-0.112032115,ECL::PatchTST
2018-12-28 02:00:00,-0.68210226,-0.60072017,-0.68210226,-0.15185809,ECL::PatchTST
2018-12-28 03:00:00,-0.7163719,-0.54197407,-0.7163719,-0.2970864,ECL::PatchTST
2018-12-28 04:00:00,-0.9760996,-0.4984022,-0.9760996,-0.47810534,ECL::PatchTST
2018-12-28 05:00:00,-1.1366258,-0.8318939,-1.1366258,-0.59922564,ECL::PatchTST
2018-12-28 06:00:00,-1.1618772,-0.92524076,-1.1618772,-0.7936573,ECL::PatchTST
2018-12-28 07:00:00,-1.2123797,-1.076152,-1.2123797,-0.7942486,ECL::PatchTST
2018-12-28 08:00:00,-1.3494582,-1.2427362,-1.3494582,-1.0589399,ECL::PatchTST
2018-12-28 09:00:00,-1.2989557,-1.143969,-1.2989557,-1.0653741,ECL::PatchTST
2018-12-28 10:00:00,-1.1348221,-1.0591635,-1.1348221,-0.9254372,ECL::PatchTST
2018-12-28 11:00:00,-1.1456442,-0.995301,-1.1456442,-0.9628602,ECL::PatchTST
2018-12-28 12:00:00,-0.9779033,-0.91967833,-0.9779033,-0.9581398,ECL::PatchTST
2018-12-28 13:00:00,-0.9995473,-0.96997917,-0.9995473,-0.84190965,ECL::PatchTST
2018-12-28 14:00:00,-0.7596598,-0.8818337,-0.7596598,-0.85587466,ECL::PatchTST
2018-12-28 15:00:00,-0.6857096,-0.7430396,-0.6857096,-0.9317149,ECL::PatchTST
2018-12-28 16:00:00,-0.59372264,-0.6746031,-0.59372264,-0.72579074,ECL::PatchTST
2018-12-28 17:00:00,-0.608152,-0.45063153,-0.608152,-0.69526815,ECL::PatchTST
2018-12-28 18:00:00,-0.41515985,-0.32714054,-0.41515985,-0.7752205,ECL::PatchTST
2018-12-28 19:00:00,-0.3971232,-0.46320894,-0.3971232,-0.6479908,ECL::PatchTST
2018-12-28 20:00:00,-0.45844778,-0.37485608,-0.45844778,-0.78946614,ECL::PatchTST
2018-12-28 21:00:00,-0.5901153,-0.49220362,-0.5901153,-0.86994445,ECL::PatchTST
2018-12-28 22:00:00,-0.62618864,-0.7477586,-0.62618864,-0.91435003,ECL::PatchTST
2018-12-28 23:00:00,-0.75244516,-0.88452935,-0.75244516,-0.950143,ECL::PatchTST
2018-12-29 00:00:00,-0.7145682,-1.1551272,-0.7145682,-0.886665,ECL::PatchTST
2018-12-29 01:00:00,-0.8642724,-1.1334271,-0.8642724,-0.9762676,ECL::PatchTST
2018-12-29 02:00:00,-0.9760996,-1.2464219,-0.9760996,-1.0312389,ECL::PatchTST
2018-12-29 03:00:00,-1.0897305,-1.1703885,-1.0897305,-1.109555,ECL::PatchTST
2018-12-29 04:00:00,-1.1492515,-1.174281,-1.1492515,-0.7989634,ECL::PatchTST
2018-12-29 05:00:00,-1.1474478,-0.99147975,-1.1474478,-1.0371919,ECL::PatchTST
2018-12-29 06:00:00,-1.1781101,-1.0336136,-1.1781101,-0.81293106,ECL::PatchTST
2018-12-29 07:00:00,-1.1312149,-0.86496615,-1.1312149,-0.7774401,ECL::PatchTST
2018-12-29 08:00:00,-1.1564661,-0.64481354,-1.1564661,-0.81815434,ECL::PatchTST
2018-12-29 09:00:00,-0.9219897,-0.36477783,-0.9219897,-0.6498457,ECL::PatchTST
2018-12-29 10:00:00,-0.46205512,0.15941565,-0.46205512,-0.283685,ECL::PatchTST
2018-12-29 11:00:00,0.010505085,0.12324273,0.010505085,-0.20655176,ECL::PatchTST
2018-12-29 12:00:00,0.22333755,0.3295612,0.22333755,0.028620467,ECL::PatchTST
2018-12-29 13:00:00,0.35861242,0.5133854,0.35861242,0.17614737,ECL::PatchTST
2018-12-29 14:00:00,0.7734553,0.752951,0.7734553,0.12617728,ECL::PatchTST
2018-12-29 15:00:00,0.61473286,0.75665784,0.61473286,-0.006302774,ECL::PatchTST
2018-12-29 16:00:00,0.9303742,1.0224423,0.9303742,0.34542784,ECL::PatchTST
2018-12-29 17:00:00,1.1882982,0.9824239,1.1882982,0.2470889,ECL::PatchTST
2018-12-29 18:00:00,1.2929108,1.2367601,1.2929108,0.2753634,ECL::PatchTST
2018-12-29 19:00:00,1.5147617,1.2148335,1.5147617,0.011187762,ECL::PatchTST
2018-12-29 20:00:00,1.5327983,0.97649896,1.5327983,-0.15006167,ECL::PatchTST
2018-12-29 21:00:00,1.087293,0.6571073,1.087293,-0.26738724,ECL::PatchTST
2018-12-29 22:00:00,0.8365836,0.4785489,0.8365836,-0.3309405,ECL::PatchTST
2018-12-29 23:00:00,0.40190038,0.2572363,0.40190038,-0.5502597,ECL::PatchTST
2018-12-30 00:00:00,0.07363336,-0.102950186,0.07363336,-0.55462885,ECL::PatchTST
2018-12-30 01:00:00,-0.20232737,-0.2843347,-0.20232737,-0.7264272,ECL::PatchTST
2018-12-30 02:00:00,-0.39351586,-0.3608295,-0.39351586,-0.9934107,ECL::PatchTST
2018-12-30 03:00:00,-0.49632475,-0.550421,-0.49632475,-1.189231,ECL::PatchTST
2018-12-30 04:00:00,-0.43860748,-0.59690297,-0.43860748,-0.9612818,ECL::PatchTST
2018-12-30 05:00:00,-0.45664412,-0.44531426,-0.45664412,-0.8399899,ECL::PatchTST
2018-12-30 06:00:00,-0.46025145,-0.4575641,-0.46025145,-0.95570624,ECL::PatchTST
2018-12-30 07:00:00,-0.55223835,-0.39108774,-0.55223835,-0.7504225,ECL::PatchTST
2018-12-30 08:00:00,-0.7776965,-0.2625439,-0.7776965,-0.7546072,ECL::PatchTST
2018-12-30 09:00:00,-0.65865463,-0.115599275,-0.65865463,-0.5224563,ECL::PatchTST
2018-12-30 10:00:00,-0.0778745,0.27165294,-0.0778745,-0.29234132,ECL::PatchTST
2018-12-30 11:00:00,0.28105482,0.28543407,0.28105482,0.13225436,ECL::PatchTST
2018-12-30 12:00:00,0.48667264,0.45344305,0.48667264,0.27754325,ECL::PatchTST
2018-12-30 13:00:00,0.62916213,0.65452075,0.62916213,0.45711505,ECL::PatchTST
2018-12-30 14:00:00,0.89249724,0.8550143,0.89249724,0.55669737,ECL::PatchTST
2018-12-30 15:00:00,0.37123808,0.69830275,0.37123808,0.50548446,ECL::PatchTST
2018-12-30 16:00:00,0.4920836,0.4671417,0.4920836,1.03704,ECL::PatchTST
2018-12-30 17:00:00,0.8149396,0.63743824,0.8149396,0.7841691,ECL::PatchTST
2018-12-30 18:00:00,0.9087302,0.7414409,0.9087302,0.7235528,ECL::PatchTST
2018-12-30 19:00:00,1.1287774,0.7650058,1.1287774,0.6198877,ECL::PatchTST
2018-12-30 20:00:00,1.0422014,0.6501944,1.0422014,0.65617305,ECL::PatchTST
2018-12-30 21:00:00,0.90331924,0.49872807,0.90331924,0.34808248,ECL::PatchTST
2018-12-30 22:00:00,0.38206005,0.2162239,0.38206005,0.35572135,ECL::PatchTST
2018-12-30 23:00:00,0.2666255,-0.010327995,0.2666255,0.4009859,ECL::PatchTST
2018-12-31 00:00:00,-0.034586538,-0.049390912,-0.034586538,-0.090173125,ECL::PatchTST
2018-12-31 01:00:00,-0.23659702,-0.40508404,-0.23659702,-0.39370748,ECL::PatchTST
2018-12-31 02:00:00,-0.49091378,-0.7616296,-0.49091378,-0.49151805,ECL::PatchTST
2018-12-31 03:00:00,-0.5576494,-0.8411745,-0.5576494,-0.55526006,ECL::PatchTST
2018-12-31 04:00:00,-0.608152,-0.9459336,-0.608152,-0.6404426,ECL::PatchTST
2018-12-31 05:00:00,-0.7560525,-0.7364514,-0.7560525,-0.5472672,ECL::PatchTST
2018-12-31 06:00:00,-0.8281991,-0.84639037,-0.8281991,-0.75103605,ECL::PatchTST
2018-12-31 07:00:00,-0.931008,-0.926384,-0.931008,-0.5739895,ECL::PatchTST
2018-12-31 08:00:00,-1.0698903,-0.9792905,-1.0698903,-0.5453929,ECL::PatchTST
2018-12-31 09:00:00,-0.7776965,-0.5641736,-0.7776965,-0.3925335,ECL::PatchTST
2018-12-31 10:00:00,-0.15002109,-0.34560165,-0.15002109,-0.21894854,ECL::PatchTST
2018-12-31 11:00:00,0.1638166,-0.043649405,0.1638166,0.03616321,ECL::PatchTST
2019-02-13 08:00:00,-0.47107345,-0.35086107,-0.47107345,-0.18311834,ECL::TimeXer
2019-02-13 09:00:00,-0.32858393,-0.24174261,-0.32858393,-0.05671221,ECL::TimeXer
2019-02-13 10:00:00,0.080848016,-0.072173,0.080848016,0.111772716,ECL::TimeXer
2019-02-13 11:00:00,0.17644227,0.20184892,0.17644227,0.46086875,ECL::TimeXer
2019-02-13 12:00:00,0.39468572,0.39570326,0.39468572,0.5855988,ECL::TimeXer
2019-02-13 13:00:00,0.73738205,0.79723865,0.73738205,0.8809457,ECL::TimeXer
2019-02-13 14:00:00,0.91414124,0.99490994,0.91414124,1.1203332,ECL::TimeXer
2019-02-13 15:00:00,0.7229527,1.3104718,0.7229527,1.372104,ECL::TimeXer
2019-02-13 16:00:00,1.3307878,1.3916382,1.3307878,1.4778244,ECL::TimeXer
2019-02-13 17:00:00,1.6193742,1.4936521,1.6193742,1.5422891,ECL::TimeXer
2019-02-13 18:00:00,1.1648506,1.7743812,1.1648506,1.7014898,ECL::TimeXer
2019-02-13 19:00:00,1.0945077,1.5501126,1.0945077,1.3161243,ECL::TimeXer
2019-02-13 20:00:00,1.2297826,1.3246913,1.2297826,1.2375318,ECL::TimeXer
2019-02-13 21:00:00,1.0097355,1.3396378,1.0097355,1.2175963,ECL::TimeXer
2019-02-13 22:00:00,1.190102,1.158016,1.190102,1.0017587,ECL::TimeXer
2019-02-13 23:00:00,1.103526,1.1170132,1.103526,0.9429299,ECL::TimeXer
2019-02-14 00:00:00,0.9411962,0.8914456,0.9411962,0.8499228,ECL::TimeXer
2019-02-14 01:00:00,0.5948925,0.7367176,0.5948925,0.6831703,ECL::TimeXer
2019-02-14 02:00:00,0.2053009,0.49383432,0.2053009,0.511088,ECL::TimeXer
2019-02-14 03:00:00,-0.12116245,0.3818047,-0.12116245,0.3381009,ECL::TimeXer
2019-02-14 04:00:00,-0.00212057,0.22272623,-0.00212057,0.23578048,ECL::TimeXer
2019-02-14 05:00:00,0.19447891,-0.011328161,0.19447891,0.013226926,ECL::TimeXer
2019-02-14 06:00:00,-0.061641514,-0.038576245,-0.061641514,-0.14399958,ECL::TimeXer
2019-02-14 07:00:00,-0.11935879,-0.3232113,-0.11935879,-0.16447139,ECL::TimeXer
2019-02-14 08:00:00,-0.37908655,-0.44726193,-0.37908655,-0.36360443,ECL::TimeXer
2019-02-14 09:00:00,-0.22938235,-0.6385453,-0.22938235,-0.5569649,ECL::TimeXer
2019-02-14 10:00:00,-0.17707607,-0.28493047,-0.17707607,-0.3947265,ECL::TimeXer
2019-02-14 11:00:00,-0.13378811,-0.03731501,-0.13378811,-0.29452455,ECL::TimeXer
2019-02-14 12:00:00,0.39648938,0.14934307,0.39648938,-0.0029833913,ECL::TimeXer
2019-02-14 13:00:00,0.66343176,0.34003198,0.66343176,0.2020061,ECL::TimeXer
2019-02-14 14:00:00,1.0079318,0.75826865,1.0079318,0.4133982,ECL::TimeXer
2019-02-14 15:00:00,1.119759,0.91557103,1.119759,0.56707144,ECL::TimeXer
2019-02-14 16:00:00,1.3830941,1.1267062,1.3830941,0.70767593,ECL::TimeXer
2019-02-14 17:00:00,1.5490313,1.2296677,1.5490313,0.7579888,ECL::TimeXer
2019-02-14 18:00:00,1.792526,1.4662213,1.792526,0.9357937,ECL::TimeXer
2019-02-14 19:00:00,1.6157669,1.4625413,1.6157669,0.9725752,ECL::TimeXer
2019-02-14 20:00:00,1.6716805,1.4684477,1.6716805,0.85205,ECL::TimeXer
2019-02-14 21:00:00,1.6392145,1.2026457,1.6392145,0.70041746,ECL::TimeXer
2019-02-14 22:00:00,1.4786884,1.1905912,1.4786884,0.62916815,ECL::TimeXer
2019-02-14 23:00:00,1.0638454,0.9546124,1.0638454,0.52758193,ECL::TimeXer
2019-02-15 00:00:00,0.91414124,0.9006751,0.91414124,0.46235755,ECL::TimeXer
2019-02-15 01:00:00,0.8582276,0.7584204,0.8582276,0.35741192,ECL::TimeXer
2019-02-15 02:00:00,0.45781398,0.5818882,0.45781398,0.2068137,ECL::TimeXer
2019-02-15 03:00:00,0.1692276,0.45461628,0.1692276,0.121400714,ECL::TimeXer
2019-02-15 04:00:00,0.22153388,0.28504503,0.22153388,0.017420411,ECL::TimeXer
2019-02-15 05:00:00,-0.11935879,0.06011176,-0.11935879,-0.14846694,ECL::TimeXer
2019-02-15 06:00:00,-0.30693993,-0.11604464,-0.30693993,-0.31712258,ECL::TimeXer
2019-02-15 07:00:00,-0.4079452,-0.25779402,-0.4079452,-0.55166054,ECL::TimeXer
2019-02-15 08:00:00,-0.7578562,-0.40335357,-0.7578562,-0.6871488,ECL::TimeXer
2019-02-15 09:00:00,-0.77408916,-0.58227193,-0.77408916,-0.8615278,ECL::TimeXer
2019-02-15 10:00:00,-0.46566245,-0.3448577,-0.46566245,-0.75005305,ECL::TimeXer
2019-02-15 11:00:00,-0.37367555,-0.14547431,-0.37367555,-0.6209159,ECL::TimeXer
2019-02-15 12:00:00,0.028541734,0.13845223,0.028541734,-0.47799528,ECL::TimeXer
2019-02-15 13:00:00,0.39829305,0.13375002,0.39829305,-0.39983046,ECL::TimeXer
2019-02-15 14:00:00,0.5768559,0.48203105,0.5768559,-0.28027177,ECL::TimeXer
2019-02-15 15:00:00,0.6724501,0.6242589,0.6724501,-0.23822773,ECL::TimeXer
2019-02-15 16:00:00,0.7932957,0.6929024,0.7932957,-0.072347045,ECL::TimeXer
2019-02-15 17:00:00,1.1395993,0.9882411,1.1395993,-0.007302046,ECL::TimeXer
2019-02-15 18:00:00,1.2550339,1.0246271,1.2550339,0.06440914,ECL::TimeXer
2019-02-15 19:00:00,1.173869,0.8497257,1.173869,-0.14423752,ECL::TimeXer
2019-02-15 20:00:00,0.8979082,0.7802967,0.8979082,-0.23514664,ECL::TimeXer
2019-02-15 21:00:00,0.71573806,0.57887506,0.71573806,-0.32088816,ECL::TimeXer
2019-02-15 22:00:00,0.69589776,0.53398657,0.69589776,-0.4140998,ECL::TimeXer
2019-02-15 23:00:00,0.37845272,0.30981797,0.37845272,-0.49181855,ECL::TimeXer
2019-02-16 00:00:00,0.120528646,0.2956617,0.120528646,-0.5099076,ECL::TimeXer
2019-02-16 01:00:00,-0.48730645,0.21055454,-0.48730645,-0.6336962,ECL::TimeXer
2019-02-16 02:00:00,0.035756394,0.14572018,0.035756394,-0.70725405,ECL::TimeXer
2019-02-16 03:00:00,-0.47648445,0.059848428,-0.47648445,-0.7321161,ECL::TimeXer
2019-02-16 04:00:00,-0.38449752,-0.01104176,-0.38449752,-0.7495843,ECL::TimeXer
2019-02-16 05:00:00,-0.56306034,-0.05540538,-0.56306034,-0.6650902,ECL::TimeXer
2019-02-16 06:00:00,-0.57388234,-0.16785645,-0.57388234,-0.6206933,ECL::TimeXer
2019-02-16 07:00:00,-0.5883117,-0.12295246,-0.5883117,-0.60750437,ECL::TimeXer
2019-02-16 08:00:00,-0.28168863,-0.09377289,-0.28168863,-0.51912737,ECL::TimeXer
2019-02-16 09:00:00,-0.101322144,-0.016438305,-0.101322144,-0.40057266,ECL::TimeXer
2019-02-16 10:00:00,0.28646582,0.085989654,0.28646582,-0.17756617,ECL::TimeXer
2019-02-16 11:00:00,0.8979082,0.43680936,0.8979082,0.0061837435,ECL::TimeXer
2019-02-16 12:00:00,1.141403,0.66705406,1.141403,0.31705284,ECL::TimeXer
2019-02-16 13:00:00,1.1053298,0.9064129,1.1053298,0.5839658,ECL::TimeXer
2019-02-16 14:00:00,1.8827093,1.211907,1.8827093,0.6975109,ECL::TimeXer
2019-02-16 15:00:00,2.4075758,1.5068456,2.4075758,0.8733587,ECL::TimeXer
2019-02-16 16:00:00,2.0360208,1.6590452,2.0360208,1.1234124,ECL::TimeXer
2019-02-16 17:00:00,2.3137853,1.9985235,2.3137853,1.2761649,ECL::TimeXer
2019-02-16 18:00:00,2.384128,1.9988269,2.384128,1.3420609,ECL::TimeXer
2019-02-16 19:00:00,2.3805208,1.8863304,2.3805208,1.1518084,ECL::TimeXer
2019-02-16 20:00:00,2.2037616,1.6335411,2.2037616,0.8813167,ECL::TimeXer
2019-02-16 21:00:00,1.6644658,1.5022336,1.6644658,0.7688666,ECL::TimeXer
2019-02-16 22:00:00,1.3830941,1.3126514,1.3830941,0.6220921,ECL::TimeXer
2019-02-16 23:00:00,1.3127512,1.1500021,1.3127512,0.48337185,ECL::TimeXer
2019-02-17 00:00:00,0.94299984,0.8222909,0.94299984,0.19867498,ECL::TimeXer
2019-02-17 01:00:00,0.7662407,0.5308671,0.7662407,-0.11895871,ECL::TimeXer
2019-02-17 02:00:00,0.09527734,0.47850385,0.09527734,-0.10067868,ECL::TimeXer
2019-02-17 03:00:00,-0.036390204,0.09256244,-0.036390204,-0.45566046,ECL::TimeXer
2019-02-17 04:00:00,0.21431923,-0.07715511,0.21431923,-0.54528725,ECL::TimeXer
2019-02-17 05:00:00,-0.09951848,-0.075036526,-0.09951848,-0.5328635,ECL::TimeXer
2019-02-17 06:00:00,-0.31776193,-0.24876189,-0.31776193,-0.60472727,ECL::TimeXer
2019-02-17 07:00:00,-0.37006822,-0.20042539,-0.37006822,-0.59185314,ECL::TimeXer
2019-05-17 15:00:00,-1.2340237,-1.2182624,-1.2340237,-1.3394449,ECL::iTransformer
2019-05-17 16:00:00,-1.1654844,-1.2607477,-1.1654844,-1.2701839,ECL::iTransformer
2019-05-17 17:00:00,-1.2448457,-1.1400795,-1.2448457,-1.2292211,ECL::iTransformer
2019-05-17 18:00:00,-1.3007593,-1.0835279,-1.3007593,-1.1561935,ECL::iTransformer
2019-05-17 19:00:00,-1.2791153,-1.0850537,-1.2791153,-1.2387338,ECL::iTransformer
2019-05-17 20:00:00,-1.1636808,-1.1518444,-1.1636808,-1.1706828,ECL::iTransformer
2019-05-17 21:00:00,-1.1997541,-1.2237705,-1.1997541,-1.3506896,ECL::iTransformer
2019-05-17 22:00:00,-1.345851,-1.3332717,-1.345851,-1.3936778,ECL::iTransformer
2019-05-17 23:00:00,-1.4558746,-1.4404448,-1.4558746,-1.5024971,ECL::iTransformer
2019-05-18 00:00:00,-1.4721075,-1.4604354,-1.4721075,-1.480015,ECL::iTransformer
2019-05-18 01:00:00,-1.4540708,-1.5247307,-1.4540708,-1.5684929,ECL::iTransformer
2019-05-18 02:00:00,-1.4883405,-1.5906596,-1.4883405,-1.7237494,ECL::iTransformer
2019-05-18 03:00:00,-1.4865369,-1.5754596,-1.4865369,-1.6422037,ECL::iTransformer
2019-05-18 04:00:00,-1.335029,-1.4691937,-1.335029,-1.6285808,ECL::iTransformer
2019-05-18 05:00:00,-1.582131,-1.5219278,-1.582131,-1.7948385,ECL::iTransformer
2019-05-18 06:00:00,-1.5749164,-1.4748843,-1.5749164,-1.8042718,ECL::iTransformer
2019-05-18 07:00:00,-1.4685001,-1.3309563,-1.4685001,-1.7890139,ECL::iTransformer
2019-05-18 08:00:00,-1.3548692,-1.2291396,-1.3548692,-1.6204177,ECL::iTransformer
2019-05-18 09:00:00,-1.1330185,-0.9996139,-1.1330185,-1.4946485,ECL::iTransformer
2019-05-18 10:00:00,-0.68210226,-0.674284,-0.68210226,-1.2366773,ECL::iTransformer
2019-05-18 11:00:00,-0.15002109,-0.35904056,-0.15002109,-1.000329,ECL::iTransformer
2019-05-18 12:00:00,-0.2113457,-0.16275486,-0.2113457,-0.97321415,ECL::iTransformer
2019-05-18 13:00:00,-0.02737188,-0.08061826,-0.02737188,-0.78956234,ECL::iTransformer
2019-05-18 14:00:00,0.075437024,0.06365079,0.075437024,-0.62149525,ECL::iTransformer
2019-05-18 15:00:00,-0.242008,0.03912407,-0.242008,-0.7047825,ECL::iTransformer
2019-05-18 16:00:00,0.021327075,0.108211696,0.021327075,-0.6021085,ECL::iTransformer
2019-05-18 17:00:00,0.1692276,0.1436764,0.1692276,-0.4668178,ECL::iTransformer
2019-05-18 18:00:00,0.1692276,0.1466415,0.1692276,-0.4983075,ECL::iTransformer
2019-05-18 19:00:00,0.38386372,0.0811016,0.38386372,-0.6084853,ECL::iTransformer
2019-05-18 20:00:00,0.45059934,-0.016311318,0.45059934,-0.684874,ECL::iTransformer
2019-05-18 21:00:00,-0.00212057,-0.21143875,-0.00212057,-0.76251686,ECL::iTransformer
2019-05-18 22:00:00,-0.29251063,-0.32775688,-0.29251063,-0.81547856,ECL::iTransformer
2019-05-18 23:00:00,-0.63520694,-0.4466736,-0.63520694,-0.87862575,ECL::iTransformer
2019-05-19 00:00:00,-0.79573315,-0.47754908,-0.79573315,-0.97940445,ECL::iTransformer
2019-05-19 01:00:00,-0.9724923,-0.61744165,-0.9724923,-1.0544767,ECL::iTransformer
2019-05-19 02:00:00,-1.0753012,-0.71584696,-1.0753012,-1.0998888,ECL::iTransformer
2019-05-19 03:00:00,-1.0680865,-0.8093054,-1.0680865,-1.2105405,ECL::iTransformer
2019-05-19 04:00:00,-0.91838235,-0.9033684,-0.91838235,-1.2872787,ECL::iTransformer
2019-05-19 05:00:00,-1.017584,-0.97928846,-1.017584,-1.3639407,ECL::iTransformer
2019-05-19 06:00:00,-1.1456442,-0.9813756,-1.1456442,-1.4505136,ECL::iTransformer
2019-05-19 07:00:00,-1.1528589,-1.0387933,-1.1528589,-1.4855723,ECL::iTransformer
2019-05-19 08:00:00,-1.1131781,-0.92123824,-1.1131781,-1.4129441,ECL::iTransformer
2019-05-19 09:00:00,-0.9779033,-0.73533285,-0.9779033,-1.1916453,ECL::iTransformer
2019-05-19 10:00:00,-0.66045827,-0.4928006,-0.66045827,-0.96732175,ECL::iTransformer
2019-05-19 11:00:00,-0.31235093,-0.20718119,-0.31235093,-0.6482813,ECL::iTransformer
2019-05-19 12:00:00,-0.03819387,0.038472474,-0.03819387,-0.50133836,ECL::iTransformer
2019-05-19 13:00:00,0.6724501,0.16804284,0.6724501,-0.37442684,ECL::iTransformer
2019-05-19 14:00:00,0.2359632,0.22502536,0.2359632,-0.25909197,ECL::iTransformer
2019-05-19 15:00:00,0.18185325,0.21314776,0.18185325,-0.24730441,ECL::iTransformer
2019-05-19 16:00:00,0.30991346,0.26202816,0.30991346,-0.2129938,ECL::iTransformer
2019-05-19 17:00:00,0.3243428,0.33387154,0.3243428,-0.052533507,ECL::iTransformer
2019-05-19 18:00:00,0.60210717,0.25543183,0.60210717,-0.051373035,ECL::iTransformer
2019-05-19 19:00:00,0.6688428,0.2768227,0.6688428,-0.07155824,ECL::iTransformer
2019-05-19 20:00:00,0.441581,0.11162102,0.441581,-0.18447492,ECL::iTransformer
2019-05-19 21:00:00,0.23415953,-0.059741646,0.23415953,-0.30830464,ECL::iTransformer
2019-05-19 22:00:00,-0.034586538,-0.17104855,-0.034586538,-0.44517186,ECL::iTransformer
2019-05-19 23:00:00,-0.49632475,-0.30115026,-0.49632475,-0.6160741,ECL::iTransformer
2019-05-20 00:00:00,-0.4891101,-0.40619168,-0.4891101,-0.6967227,ECL::iTransformer
2019-05-20 01:00:00,-0.69292426,-0.6215303,-0.69292426,-0.8632004,ECL::iTransformer
2019-05-20 02:00:00,-0.78310746,-0.6557946,-0.78310746,-0.967075,ECL::iTransformer
2019-05-20 03:00:00,-0.7271939,-0.7999661,-0.7271939,-1.0871048,ECL::iTransformer
2019-05-20 04:00:00,-0.4277855,-0.9109118,-0.4277855,-1.246703,ECL::iTransformer
2019-05-20 05:00:00,-0.60454464,-1.0003572,-0.60454464,-1.4285502,ECL::iTransformer
2019-05-20 06:00:00,-0.893131,-1.0707886,-0.893131,-1.3952525,ECL::iTransformer
2019-05-20 07:00:00,-0.9219897,-1.0908909,-0.9219897,-1.5142424,ECL::iTransformer
2019-05-20 08:00:00,-0.8841127,-1.0382344,-0.8841127,-1.4853988,ECL::iTransformer
2019-05-20 09:00:00,-0.75424886,-0.8015564,-0.75424886,-1.3202837,ECL::iTransformer
2019-05-20 10:00:00,-0.32136926,-0.45930302,-0.32136926,-0.9081272,ECL::iTransformer
2019-05-20 11:00:00,0.19808623,-0.20944816,0.19808623,-0.69688475,ECL::iTransformer
2019-05-20 12:00:00,0.23957053,-0.049455106,0.23957053,-0.49749592,ECL::iTransformer
2019-05-20 13:00:00,0.36943442,0.1779983,0.36943442,-0.4139085,ECL::iTransformer
2019-05-20 14:00:00,0.18004958,0.1982696,0.18004958,-0.17520541,ECL::iTransformer
2019-05-20 15:00:00,0.04477472,0.21862757,0.04477472,-0.12769827,ECL::iTransformer
2019-05-20 16:00:00,0.21792655,0.18729699,0.21792655,-0.17570546,ECL::iTransformer
2019-05-20 17:00:00,0.22874855,0.21480393,0.22874855,-0.041761428,ECL::iTransformer
2019-05-20 18:00:00,0.44879568,0.32230645,0.44879568,0.0007124543,ECL::iTransformer
2019-05-20 19:00:00,0.18546058,0.15891981,0.18546058,-0.12343058,ECL::iTransformer
2019-05-20 20:00:00,0.1638166,-0.0112122595,0.1638166,-0.2863508,ECL::iTransformer
2019-05-20 21:00:00,0.017719744,-0.09013635,0.017719744,-0.43024394,ECL::iTransformer
2019-05-20 22:00:00,-0.38990852,-0.29467088,-0.38990852,-0.5378581,ECL::iTransformer
2019-05-20 23:00:00,-0.45844778,-0.47984177,-0.45844778,-0.78125596,ECL::iTransformer
2019-05-21 00:00:00,-0.6388143,-0.51318645,-0.6388143,-0.82073605,ECL::iTransformer
2019-05-21 01:00:00,-0.68751323,-0.678391,-0.68751323,-0.8277631,ECL::iTransformer
2019-05-21 02:00:00,-0.73440856,-0.7418595,-0.73440856,-1.0083727,ECL::iTransformer
2019-05-21 03:00:00,-0.7993405,-0.7090243,-0.7993405,-1.0733194,ECL::iTransformer
2019-05-21 04:00:00,-0.5378091,-0.82505774,-0.5378091,-1.1060562,ECL::iTransformer
2019-05-21 05:00:00,-0.7578562,-0.8901428,-0.7578562,-1.3429061,ECL::iTransformer
2019-05-21 06:00:00,-0.9670813,-0.95398444,-0.9670813,-1.446411,ECL::iTransformer
2019-05-21 07:00:00,-0.8714871,-0.8786019,-0.8714871,-1.4026722,ECL::iTransformer
2019-05-21 08:00:00,-0.8191808,-0.82865524,-0.8191808,-1.3017101,ECL::iTransformer
2019-05-21 09:00:00,-0.613563,-0.6711229,-0.613563,-1.2513664,ECL::iTransformer
2019-05-21 10:00:00,-0.24922267,-0.3844537,-0.24922267,-0.9702215,ECL::iTransformer
2019-05-21 11:00:00,0.2936805,-0.058798015,0.2936805,-0.59254575,ECL::iTransformer
2019-05-21 12:00:00,0.21612288,0.064711094,0.21612288,-0.47360986,ECL::iTransformer
2019-05-21 13:00:00,0.4109187,0.15833694,0.4109187,-0.2961946,ECL::iTransformer
2019-05-21 14:00:00,0.45059934,0.26537532,0.45059934,-0.1842008,ECL::iTransformer
2017-12-01 15:00:00,-1.4142946,-1.393997,-1.4142946,-1.1977624,ETTh1::Autoformer
2017-12-01 16:00:00,-1.3989292,-1.4090056,-1.3989292,-1.1813556,ETTh1::Autoformer
2017-12-01 17:00:00,-1.3299487,-1.43084,-1.3299487,-1.1964507,ETTh1::Autoformer
2017-12-01 18:00:00,-1.3529422,-1.4696637,-1.3529422,-1.192863,ETTh1::Autoformer
2017-12-01 19:00:00,-1.3299487,-1.5017304,-1.3299487,-1.1842989,ETTh1::Autoformer
2017-12-01 20:00:00,-1.3222115,-1.5370831,-1.3222115,-1.1860592,ETTh1::Autoformer
2017-12-01 21:00:00,-1.4142946,-1.6320916,-1.4142946,-1.2006328,ETTh1::Autoformer
2017-12-01 22:00:00,-1.4525446,-1.7082582,-1.4525446,-1.260797,ETTh1::Autoformer
2017-12-01 23:00:00,-1.4065574,-1.6565117,-1.4065574,-1.1419994,ETTh1::Autoformer
2017-12-02 00:00:00,-1.4525446,-1.6100003,-1.4525446,-1.3013774,ETTh1::Autoformer
2017-12-02 01:00:00,-1.4525446,-1.6404276,-1.4525446,-1.3943659,ETTh1::Autoformer
2017-12-02 02:00:00,-1.4679098,-1.6291957,-1.4679098,-1.3259606,ETTh1::Autoformer
2017-12-02 03:00:00,-1.4679098,-1.6286696,-1.4679098,-1.3058124,ETTh1::Autoformer
2017-12-02 04:00:00,-1.4372882,-1.6222473,-1.4372882,-1.2461454,ETTh1::Autoformer
2017-12-02 05:00:00,-1.3835639,-1.614208,-1.3835639,-1.2043118,ETTh1::Autoformer
2017-12-02 06:00:00,-1.3989292,-1.5936146,-1.3989292,-1.1837078,ETTh1::Autoformer
2017-12-02 07:00:00,-1.3835639,-1.5709019,-1.3835639,-1.1904566,ETTh1::Autoformer
2017-12-02 08:00:00,-1.3989292,-1.5474951,-1.3989292,-1.2036684,ETTh1::Autoformer
2017-12-02 09:00:00,-1.3989292,-1.524167,-1.3989292,-1.2202404,ETTh1::Autoformer
2017-12-02 10:00:00,-1.3759357,-1.4459164,-1.3759357,-1.2129595,ETTh1::Autoformer
2017-12-02 11:00:00,-1.3299487,-1.3859462,-1.3299487,-1.2106947,ETTh1::Autoformer
2017-12-02 12:00:00,-1.2226092,-1.3567898,-1.2226092,-1.2081821,ETTh1::Autoformer
2017-12-02 13:00:00,-1.1382631,-1.341421,-1.1382631,-1.1879158,ETTh1::Autoformer
2017-12-02 14:00:00,-1.0769107,-1.3405938,-1.0769107,-1.179922,ETTh1::Autoformer
2017-12-02 15:00:00,-1.0999043,-1.3374494,-1.0999043,-1.165674,ETTh1::Autoformer
2017-12-02 16:00:00,-1.0769107,-1.340763,-1.0769107,-1.1065221,ETTh1::Autoformer
2017-12-02 17:00:00,-1.1152697,-1.3554593,-1.1152697,-1.0214683,ETTh1::Autoformer
2017-12-02 18:00:00,-1.176622,-1.3767477,-1.176622,-0.9491247,ETTh1::Autoformer
2017-12-02 19:00:00,-1.2072438,-1.404186,-1.2072438,-0.8858219,ETTh1::Autoformer
2017-12-02 20:00:00,-1.260968,-1.4629152,-1.260968,-0.8250549,ETTh1::Autoformer
2017-12-02 21:00:00,-1.2762244,-1.5603476,-1.2762244,-0.767954,ETTh1::Autoformer
2017-12-02 22:00:00,-1.2685962,-1.5480143,-1.2685962,-0.71909195,ETTh1::Autoformer
2017-12-02 23:00:00,-1.260968,-1.5091085,-1.260968,-0.6872773,ETTh1::Autoformer
2017-12-03 00:00:00,-1.2839615,-1.4912823,-1.2839615,-0.8209873,ETTh1::Autoformer
2017-12-03 01:00:00,-1.2685962,-1.4865403,-1.2685962,-0.7794981,ETTh1::Autoformer
2017-12-03 02:00:00,-1.2762244,-1.4820019,-1.2762244,-0.74848956,ETTh1::Autoformer
2017-12-03 03:00:00,-1.2915897,-1.4791929,-1.2915897,-0.7421267,ETTh1::Autoformer
2017-12-03 04:00:00,-1.3069551,-1.471159,-1.3069551,-0.7616058,ETTh1::Autoformer
2017-12-03 05:00:00,-1.3299487,-1.4454474,-1.3299487,-0.78692037,ETTh1::Autoformer
2017-12-03 06:00:00,-1.3989292,-1.4073787,-1.3989292,-0.7854117,ETTh1::Autoformer
2017-12-03 07:00:00,-1.3299487,-1.3687866,-1.3299487,-0.79285,ETTh1::Autoformer
2017-12-03 08:00:00,-1.3375769,-1.3288026,-1.3375769,-0.78771776,ETTh1::Autoformer
2017-12-03 09:00:00,-1.3759357,-1.2545422,-1.3759357,-0.78745574,ETTh1::Autoformer
2017-12-03 10:00:00,-1.3069551,-1.1703298,-1.3069551,-0.79012567,ETTh1::Autoformer
2017-12-03 11:00:00,-1.1152697,-1.1391058,-1.1152697,-0.80462795,ETTh1::Autoformer
2017-12-03 12:00:00,-1.1842502,-1.1127275,-1.1842502,-0.810949,ETTh1::Autoformer
2017-12-03 13:00:00,-1.1152697,-1.1099833,-1.1152697,-0.78506696,ETTh1::Autoformer
2017-12-03 14:00:00,-1.0616543,-1.116281,-1.0616543,-0.7442212,ETTh1::Autoformer
2017-12-03 15:00:00,-1.0539172,-1.1268252,-1.0539172,-0.69583386,ETTh1::Autoformer
2017-12-03 16:00:00,-1.0309236,-1.141422,-1.0309236,-0.6374387,ETTh1::Autoformer
2017-12-03 17:00:00,-1.0922761,-1.1699873,-1.0922761,-0.5797545,ETTh1::Autoformer
2017-12-03 18:00:00,-1.1688849,-1.2003963,-1.1688849,-0.5408655,ETTh1::Autoformer
2017-12-03 19:00:00,-1.176622,-1.2571273,-1.176622,-0.5163463,ETTh1::Autoformer
2017-12-03 20:00:00,-1.176622,-1.3603421,-1.176622,-0.5054394,ETTh1::Autoformer
2017-12-03 21:00:00,-1.1458913,-1.4226819,-1.1458913,-0.5079245,ETTh1::Autoformer
2017-12-03 22:00:00,-1.130635,-1.3912395,-1.130635,-0.51369286,ETTh1::Autoformer
2017-12-03 23:00:00,-1.2992179,-1.3614392,-1.2992179,-0.5337938,ETTh1::Autoformer
2017-12-04 00:00:00,-1.3375769,-1.3477888,-1.3375769,-0.5971085,ETTh1::Autoformer
2017-12-04 01:00:00,-1.260968,-1.3513755,-1.260968,-0.6257355,ETTh1::Autoformer
2017-12-04 02:00:00,-1.2302372,-1.3587782,-1.2302372,-0.65996736,ETTh1::Autoformer
2017-12-04 03:00:00,-1.2532309,-1.3595818,-1.2532309,-0.68995196,ETTh1::Autoformer
2017-12-04 04:00:00,-1.2839615,-1.3754239,-1.2839615,-0.716234,ETTh1::Autoformer
2017-12-04 05:00:00,-1.2532309,-1.3660221,-1.2532309,-0.7136332,ETTh1::Autoformer
2017-12-04 06:00:00,-1.1842502,-1.3404869,-1.1842502,-0.7184854,ETTh1::Autoformer
2017-12-04 07:00:00,-1.2915897,-1.3215826,-1.2915897,-0.73352146,ETTh1::Autoformer
2017-12-04 08:00:00,-1.3835639,-1.3058443,-1.3835639,-0.7516276,ETTh1::Autoformer
2017-12-04 09:00:00,-1.429551,-1.2153422,-1.429551,-0.77540344,ETTh1::Autoformer
2017-12-04 10:00:00,-1.3605703,-1.1348302,-1.3605703,-0.7923219,ETTh1::Autoformer
2017-12-04 11:00:00,-1.3222115,-1.1246961,-1.3222115,-0.80132514,ETTh1::Autoformer
2017-12-04 12:00:00,-1.2762244,-1.1333218,-1.2762244,-0.7838181,ETTh1::Autoformer
2017-12-04 13:00:00,-1.1996156,-1.1527576,-1.1996156,-0.7372638,ETTh1::Autoformer
2017-12-04 14:00:00,-1.2072438,-1.1706711,-1.2072438,-0.6856533,ETTh1::Autoformer
2017-12-04 15:00:00,-1.1918784,-1.1924155,-1.1918784,-0.6566415,ETTh1::Autoformer
2017-12-04 16:00:00,-1.2302372,-1.2131165,-1.2302372,-0.62109494,ETTh1::Autoformer
2017-12-04 17:00:00,-1.2302372,-1.245276,-1.2302372,-0.60020846,ETTh1::Autoformer
2017-12-04 18:00:00,-1.2915897,-1.2712252,-1.2915897,-0.6046668,ETTh1::Autoformer
2017-12-04 19:00:00,-1.3299487,-1.2870631,-1.3299487,-0.6271672,ETTh1::Autoformer
2017-12-04 20:00:00,-1.2532309,-1.3358029,-1.2532309,-0.66209984,ETTh1::Autoformer
2017-12-04 21:00:00,-1.4832752,-1.397563,-1.4832752,-0.6864848,ETTh1::Autoformer
2017-12-04 22:00:00,-1.5368905,-1.4134904,-1.5368905,-0.701791,ETTh1::Autoformer
2017-12-04 23:00:00,-1.5752493,-1.4262072,-1.5752493,-0.7107719,ETTh1::Autoformer
2017-12-05 00:00:00,-1.5828775,-1.426291,-1.5828775,-0.92771435,ETTh1::Autoformer
2017-12-05 01:00:00,-1.5292623,-1.4479424,-1.5292623,-0.9334674,ETTh1::Autoformer
2017-12-05 02:00:00,-1.5292623,-1.4602414,-1.5292623,-0.9492644,ETTh1::Autoformer
2017-12-05 03:00:00,-1.4602817,-1.4924533,-1.4602817,-0.9775319,ETTh1::Autoformer
2017-12-05 04:00:00,-1.4832752,-1.5141863,-1.4832752,-0.99279124,ETTh1::Autoformer
2017-12-05 05:00:00,-1.4832752,-1.521247,-1.4832752,-1.0068479,ETTh1::Autoformer
2017-12-05 06:00:00,-1.5522559,-1.5099885,-1.5522559,-1.0294759,ETTh1::Autoformer
2017-12-05 07:00:00,-1.5292623,-1.4716752,-1.5292623,-1.0409592,ETTh1::Autoformer
2017-12-05 08:00:00,-1.4909034,-1.4542298,-1.4909034,-1.0591526,ETTh1::Autoformer
2017-12-05 09:00:00,-1.5906147,-1.4073132,-1.5906147,-1.0823822,ETTh1::Autoformer
2017-12-05 10:00:00,-1.513897,-1.3108639,-1.513897,-1.1048247,ETTh1::Autoformer
2017-12-05 11:00:00,-1.3452051,-1.1717252,-1.3452051,-1.1015594,ETTh1::Autoformer
2017-12-05 12:00:00,-1.3835639,-1.2102841,-1.3835639,-1.0572222,ETTh1::Autoformer
2017-12-05 13:00:00,-1.3222115,-1.2615271,-1.3222115,-1.0450377,ETTh1::Autoformer
2017-12-05 14:00:00,-1.3375769,-1.3446704,-1.3375769,-1.3175087,ETTh1::Autoformer
2017-11-20 14:00:00,-1.2302372,-1.1016152,-1.2302372,-0.7284038,ETTh1::Crossformer
2017-11-20 15:00:00,-1.2992179,-1.1865973,-1.2992179,-0.71936977,ETTh1::Crossformer
2017-11-20 16:00:00,-1.2762244,-1.1362654,-1.2762244,-0.78005785,ETTh1::Crossformer
2017-11-20 17:00:00,-1.2532309,-1.0908911,-1.2532309,-0.66909397,ETTh1::Crossformer
2017-11-20 18:00:00,-1.2992179,-1.1823155,-1.2992179,-0.71161944,ETTh1::Crossformer
2017-11-20 19:00:00,-1.3375769,-1.1954472,-1.3375769,-0.7248676,ETTh1::Crossformer
2017-11-20 20:00:00,-1.3529422,-1.0662309,-1.3529422,-0.76140046,ETTh1::Crossformer
2017-11-20 21:00:00,-1.3069551,-1.0849625,-1.3069551,-0.74594796,ETTh1::Crossformer
2017-11-20 22:00:00,-1.3299487,-1.0126089,-1.3299487,-0.5372231,ETTh1::Crossformer
2017-11-20 23:00:00,-1.3145833,-1.1531363,-1.3145833,-0.8749762,ETTh1::Crossformer
2017-11-21 00:00:00,-1.3375769,-1.2114096,-1.3375769,-0.8211047,ETTh1::Crossformer
2017-11-21 01:00:00,-1.3222115,-1.0645194,-1.3222115,-0.86052537,ETTh1::Crossformer
2017-11-21 02:00:00,-1.3529422,-1.0959743,-1.3529422,-0.73244244,ETTh1::Crossformer
2017-11-21 03:00:00,-1.3375769,-1.294097,-1.3375769,-0.8166715,ETTh1::Crossformer
2017-11-21 04:00:00,-1.3759357,-1.2164816,-1.3759357,-0.9418529,ETTh1::Crossformer
2017-11-21 05:00:00,-1.3605703,-1.206533,-1.3605703,-0.83352584,ETTh1::Crossformer
2017-11-21 06:00:00,-1.3759357,-1.3735558,-1.3759357,-0.97470593,ETTh1::Crossformer
2017-11-21 07:00:00,-1.4142946,-1.2485912,-1.4142946,-0.86582726,ETTh1::Crossformer
2017-11-21 08:00:00,-1.3911921,-1.0227331,-1.3911921,-0.7718512,ETTh1::Crossformer
2017-11-21 09:00:00,-1.3989292,-1.1472454,-1.3989292,-0.819564,ETTh1::Crossformer
2017-11-21 10:00:00,-1.3911921,-1.1040976,-1.3911921,-0.62351364,ETTh1::Crossformer
2017-11-21 11:00:00,-1.3989292,-1.147327,-1.3989292,-0.91796154,ETTh1::Crossformer
2017-11-21 12:00:00,-1.3681985,-1.2012198,-1.3681985,-0.7835727,ETTh1::Crossformer
2017-11-21 13:00:00,-1.3375769,-1.0251844,-1.3375769,-0.73974824,ETTh1::Crossformer
2017-11-21 14:00:00,-1.3529422,-1.1246539,-1.3529422,-0.76782715,ETTh1::Crossformer
2017-11-21 15:00:00,-1.3529422,-1.2448891,-1.3529422,-0.7321957,ETTh1::Crossformer
2017-11-21 16:00:00,-1.3222115,-1.0590805,-1.3222115,-0.73569965,ETTh1::Crossformer
2017-11-21 17:00:00,-1.3145833,-1.3127595,-1.3145833,-0.8480869,ETTh1::Crossformer
2017-11-21 18:00:00,-1.3222115,-1.2132379,-1.3222115,-0.7391499,ETTh1::Crossformer
2017-11-21 19:00:00,-1.3069551,-1.205402,-1.3069551,-0.74256945,ETTh1::Crossformer
2017-11-21 20:00:00,-1.2915897,-1.2378423,-1.2915897,-0.90936846,ETTh1::Crossformer
2017-11-21 21:00:00,-1.214981,-1.262678,-1.214981,-0.90438354,ETTh1::Crossformer
2017-11-21 22:00:00,-1.2072438,-1.1402661,-1.2072438,-0.6372054,ETTh1::Crossformer
2017-11-21 23:00:00,-1.2072438,-1.2678461,-1.2072438,-0.9758165,ETTh1::Crossformer
2017-11-22 00:00:00,-1.214981,-1.3010153,-1.214981,-0.8747701,ETTh1::Crossformer
2017-11-22 01:00:00,-1.2532309,-1.2395499,-1.2532309,-0.9943732,ETTh1::Crossformer
2017-11-22 02:00:00,-1.2532309,-1.1247917,-1.2532309,-0.77785796,ETTh1::Crossformer
2017-11-22 03:00:00,-1.2302372,-1.2424533,-1.2302372,-0.7815451,ETTh1::Crossformer
2017-11-22 04:00:00,-1.2456027,-1.0891364,-1.2456027,-0.8744172,ETTh1::Crossformer
2017-11-22 05:00:00,-1.2685962,-1.1582158,-1.2685962,-0.8225285,ETTh1::Crossformer
2017-11-22 06:00:00,-1.2839615,-1.2711045,-1.2839615,-0.8827964,ETTh1::Crossformer
2017-11-22 07:00:00,-1.2915897,-1.3977003,-1.2915897,-1.01004,ETTh1::Crossformer
2017-11-22 08:00:00,-1.2992179,-1.2140718,-1.2992179,-0.9428834,ETTh1::Crossformer
2017-11-22 09:00:00,-1.2762244,-1.2247214,-1.2762244,-0.9099623,ETTh1::Crossformer
2017-11-22 10:00:00,-1.2915897,-1.228375,-1.2915897,-0.72860515,ETTh1::Crossformer
2017-11-22 11:00:00,-1.2456027,-1.1746476,-1.2456027,-0.8650215,ETTh1::Crossformer
2017-11-22 12:00:00,-1.2456027,-1.2222072,-1.2456027,-0.7547096,ETTh1::Crossformer
2017-11-22 13:00:00,-1.0692825,-0.843886,-1.0692825,-0.56112355,ETTh1::Crossformer
2017-11-22 14:00:00,-1.130635,-0.96236,-1.130635,-0.5702622,ETTh1::Crossformer
2017-11-22 15:00:00,-1.130635,-1.042597,-1.130635,-0.53449863,ETTh1::Crossformer
2017-11-22 16:00:00,-1.130635,-0.92670995,-1.130635,-0.6341562,ETTh1::Crossformer
2017-11-22 17:00:00,-1.1382631,-1.0408617,-1.1382631,-0.5854522,ETTh1::Crossformer
2017-11-22 18:00:00,-1.0692825,-1.1818366,-1.0692825,-0.74362844,ETTh1::Crossformer
2017-11-22 19:00:00,-1.1076415,-1.1494153,-1.1076415,-0.7119228,ETTh1::Crossformer
2017-11-22 20:00:00,-1.176622,-1.142922,-1.176622,-0.793985,ETTh1::Crossformer
2017-11-22 21:00:00,-1.1918784,-1.1663609,-1.1918784,-0.8136392,ETTh1::Crossformer
2017-11-22 22:00:00,-1.1996156,-1.200345,-1.1996156,-0.70031834,ETTh1::Crossformer
2017-11-22 23:00:00,-1.1918784,-1.3224145,-1.1918784,-1.0439816,ETTh1::Crossformer
2017-11-23 00:00:00,-1.2839615,-1.3609606,-1.2839615,-0.9631773,ETTh1::Crossformer
2017-11-23 01:00:00,-1.2839615,-1.3409297,-1.2839615,-1.1211625,ETTh1::Crossformer
2017-11-23 02:00:00,-1.2532309,-1.1136503,-1.2532309,-0.79806453,ETTh1::Crossformer
2017-11-23 03:00:00,-1.3145833,-1.2626646,-1.3145833,-0.79399073,ETTh1::Crossformer
2017-11-23 04:00:00,-1.3299487,-1.119006,-1.3299487,-0.88467014,ETTh1::Crossformer
2017-11-23 05:00:00,-1.2839615,-1.0447528,-1.2839615,-0.7015657,ETTh1::Crossformer
2017-11-23 06:00:00,-1.3835639,-1.1692352,-1.3835639,-0.7609144,ETTh1::Crossformer
2017-11-23 07:00:00,-1.3759357,-1.185392,-1.3759357,-0.79783463,ETTh1::Crossformer
2017-11-23 08:00:00,-1.3375769,-1.1205496,-1.3375769,-0.86732674,ETTh1::Crossformer
2017-11-23 09:00:00,-1.3452051,-1.1656702,-1.3452051,-0.86951417,ETTh1::Crossformer
2017-11-23 10:00:00,-1.3222115,-1.2155521,-1.3222115,-0.70231926,ETTh1::Crossformer
2017-11-23 11:00:00,-1.2456027,-1.184739,-1.2456027,-0.88632,ETTh1::Crossformer
2017-11-23 12:00:00,-1.260968,-1.2635669,-1.260968,-0.8160154,ETTh1::Crossformer
2017-11-23 13:00:00,-1.1152697,-0.9352621,-1.1152697,-0.66383255,ETTh1::Crossformer
2017-11-23 14:00:00,-1.0769107,-0.91458964,-1.0769107,-0.5452545,ETTh1::Crossformer
2017-11-23 15:00:00,-1.1458913,-0.96343374,-1.1458913,-0.43640447,ETTh1::Crossformer
2017-11-23 16:00:00,-1.0999043,-0.85489047,-1.0999043,-0.567142,ETTh1::Crossformer
2017-11-23 17:00:00,-1.0692825,-0.90802807,-1.0692825,-0.46129367,ETTh1::Crossformer
2017-11-23 18:00:00,-1.1152697,-1.0118128,-1.1152697,-0.58246595,ETTh1::Crossformer
2017-11-23 19:00:00,-1.1918784,-1.022615,-1.1918784,-0.56946516,ETTh1::Crossformer
2017-11-23 20:00:00,-1.1842502,-1.0599363,-1.1842502,-0.7621627,ETTh1::Crossformer
2017-11-23 21:00:00,-1.1842502,-1.1163263,-1.1842502,-0.7699182,ETTh1::Crossformer
2017-11-23 22:00:00,-1.2226092,-1.0775452,-1.2226092,-0.6068763,ETTh1::Crossformer
2017-11-23 23:00:00,-1.2226092,-1.1734381,-1.2226092,-0.9137362,ETTh1::Crossformer
2017-11-24 00:00:00,-1.2302372,-1.310307,-1.2302372,-0.8812026,ETTh1::Crossformer
2017-11-24 01:00:00,-1.2839615,-1.1856731,-1.2839615,-0.94369996,ETTh1::Crossformer
2017-11-24 02:00:00,-1.2226092,-1.0680652,-1.2226092,-0.7733724,ETTh1::Crossformer
2017-11-24 03:00:00,-1.214981,-1.1651254,-1.214981,-0.71987593,ETTh1::Crossformer
2017-11-24 04:00:00,-1.2839615,-1.0925636,-1.2839615,-0.8570536,ETTh1::Crossformer
2017-11-24 05:00:00,-1.2915897,-1.1410146,-1.2915897,-0.78649974,ETTh1::Crossformer
2017-11-24 06:00:00,-1.3222115,-1.136846,-1.3222115,-0.7550179,ETTh1::Crossformer
2017-11-24 07:00:00,-1.2226092,-1.1605206,-1.2226092,-0.7714871,ETTh1::Crossformer
2017-11-24 08:00:00,-1.2226092,-1.0106158,-1.2226092,-0.74789554,ETTh1::Crossformer
2017-11-24 09:00:00,-1.2839615,-1.0684795,-1.2839615,-0.7729049,ETTh1::Crossformer
2017-11-24 10:00:00,-1.2072438,-1.0280691,-1.2072438,-0.5335888,ETTh1::Crossformer
2017-11-24 11:00:00,-1.1842502,-0.98374546,-1.1842502,-0.6947442,ETTh1::Crossformer
2017-11-24 12:00:00,-1.0846479,-1.0815296,-1.0846479,-0.6210559,ETTh1::Crossformer
2017-11-24 13:00:00,-1.0155584,-0.8813977,-1.0155584,-0.56158555,ETTh1::Crossformer
2017-11-24 14:00:00,-0.99256474,-0.8052881,-0.99256474,-0.44531,ETTh1::Crossformer
2017-11-24 15:00:00,-0.93894947,-0.7976757,-0.93894947,-0.3277411,ETTh1::Crossformer
2017-11-24 16:00:00,-0.93894947,-0.77404904,-0.93894947,-0.48768678,ETTh1::Crossformer
2017-11-24 17:00:00,-1.00793,-0.85370857,-1.00793,-0.43623617,ETTh1::Crossformer
2017-11-24 18:00:00,-1.0539172,-0.8544955,-1.0539172,-0.41995287,ETTh1::Crossformer
2017-11-24 19:00:00,-1.0309236,-0.95132136,-1.0309236,-0.53805536,ETTh1::Crossformer
2017-11-24 20:00:00,-1.0692825,-0.9929954,-1.0692825,-0.7030345,ETTh1::Crossformer
2017-11-24 21:00:00,-1.1076415,-0.96244526,-1.1076415,-0.626213,ETTh1::Crossformer
2017-11-24 22:00:00,-1.1076415,-0.93599105,-1.1076415,-0.47011894,ETTh1::Crossformer
2017-11-24 23:00:00,-1.1076415,-1.0568795,-1.1076415,-0.80408514,ETTh1::Crossformer
2017-11-25 00:00:00,-1.1152697,-1.0624592,-1.1152697,-0.68213606,ETTh1::Crossformer
2017-11-25 01:00:00,-1.130635,-0.93035734,-1.130635,-0.72276247,ETTh1::Crossformer
2017-11-25 02:00:00,-1.130635,-0.8575441,-1.130635,-0.55221534,ETTh1::Crossformer
2017-11-25 03:00:00,-1.1458913,-0.9012797,-1.1458913,-0.50724506,ETTh1::Crossformer
2017-11-25 04:00:00,-1.1612567,-0.9051574,-1.1612567,-0.70839536,ETTh1::Crossformer
2017-11-25 05:00:00,-1.1536286,-0.9504156,-1.1536286,-0.6109712,ETTh1::Crossformer
2017-11-25 06:00:00,-1.2072438,-1.0262668,-1.2072438,-0.6545857,ETTh1::Crossformer
2017-11-25 07:00:00,-1.1612567,-1.0974283,-1.1612567,-0.73381567,ETTh1::Crossformer
2017-11-25 08:00:00,-1.1152697,-0.9545366,-1.1152697,-0.71716166,ETTh1::Crossformer
2017-11-25 09:00:00,-1.0999043,-1.0276072,-1.0999043,-0.76682454,ETTh1::Crossformer
2017-11-25 10:00:00,-1.130635,-1.0696025,-1.130635,-0.571045,ETTh1::Crossformer
2017-11-25 11:00:00,-1.1076415,-0.9927331,-1.1076415,-0.7161599,ETTh1::Crossformer
2017-11-25 12:00:00,-1.0922761,-1.0844826,-1.0922761,-0.6946777,ETTh1::Crossformer
2017-11-25 13:00:00,-1.046289,-0.87136614,-1.046289,-0.62835544,ETTh1::Crossformer
2017-11-25 14:00:00,-1.0309236,-0.9791552,-1.0309236,-0.6149239,ETTh1::Crossformer
2017-11-25 15:00:00,-0.9773084,-1.0120512,-0.9773084,-0.49509135,ETTh1::Crossformer
2017-11-25 16:00:00,-0.9773084,-0.9334176,-0.9773084,-0.6433457,ETTh1::Crossformer
2017-11-25 17:00:00,-1.0155584,-1.0238466,-1.0155584,-0.57405496,ETTh1::Crossformer
2017-11-25 18:00:00,-1.0386608,-1.0161278,-1.0386608,-0.60296553,ETTh1::Crossformer
2017-11-25 19:00:00,-1.0692825,-1.1513867,-1.0692825,-0.6996786,ETTh1::Crossformer
2017-11-25 20:00:00,-1.0539172,-1.0733225,-1.0539172,-0.75427496,ETTh1::Crossformer
2017-11-25 21:00:00,-1.0922761,-1.1118878,-1.0922761,-0.7519981,ETTh1::Crossformer
2017-11-25 22:00:00,-1.0539172,-1.0234979,-1.0539172,-0.52397156,ETTh1::Crossformer
2017-11-25 23:00:00,-1.0539172,-1.1060317,-1.0539172,-0.8386997,ETTh1::Crossformer
2017-11-26 00:00:00,-1.0769107,-1.2472439,-1.0769107,-0.81854296,ETTh1::Crossformer
2017-11-26 01:00:00,-1.0922761,-1.0445559,-1.0922761,-0.82045686,ETTh1::Crossformer
2017-11-26 02:00:00,-1.046289,-1.0371636,-1.046289,-0.7089067,ETTh1::Crossformer
2017-11-26 03:00:00,-1.1688849,-1.1369975,-1.1688849,-0.6922708,ETTh1::Crossformer
2017-11-26 04:00:00,-1.0309236,-1.0212045,-1.0309236,-0.7853813,ETTh1::Crossformer
2017-11-26 05:00:00,-1.1076415,-1.0227044,-1.1076415,-0.68102175,ETTh1::Crossformer
2017-11-26 06:00:00,-1.1458913,-1.1239464,-1.1458913,-0.7322073,ETTh1::Crossformer
2017-11-26 07:00:00,-1.1152697,-1.1466469,-1.1152697,-0.78334576,ETTh1::Crossformer
2017-11-26 08:00:00,-1.046289,-1.092224,-1.046289,-0.8027503,ETTh1::Crossformer
2017-11-26 09:00:00,-1.1076415,-1.0639907,-1.1076415,-0.7883468,ETTh1::Crossformer
2017-11-26 10:00:00,-1.0309236,-1.103707,-1.0309236,-0.5819561,ETTh1::Crossformer
2017-11-26 11:00:00,-1.1152697,-1.0665345,-1.1152697,-0.79111946,ETTh1::Crossformer
2017-11-26 12:00:00,-1.0155584,-1.171537,-1.0155584,-0.75535834,ETTh1::Crossformer
2017-11-26 13:00:00,-0.80098826,-1.008742,-0.80098826,-0.70529383,ETTh1::Crossformer
2017-11-26 14:00:00,-0.7779947,-0.90545964,-0.7779947,-0.53351045,ETTh1::Crossformer
2017-11-26 15:00:00,-0.80098826,-0.96422803,-0.80098826,-0.4621004,ETTh1::Crossformer
2017-11-26 16:00:00,-0.8393472,-0.88906115,-0.8393472,-0.58649784,ETTh1::Crossformer
2017-11-26 17:00:00,-0.94657767,-0.8906206,-0.94657767,-0.461497,ETTh1::Crossformer
2017-11-26 18:00:00,-1.0922761,-1.018871,-1.0922761,-0.56512445,ETTh1::Crossformer
2017-11-26 19:00:00,-1.176622,-1.0592127,-1.176622,-0.6199343,ETTh1::Crossformer
2017-11-26 20:00:00,-1.2456027,-1.1586468,-1.2456027,-0.8106691,ETTh1::Crossformer
2017-11-26 21:00:00,-1.2915897,-1.0472518,-1.2915897,-0.6820647,ETTh1::Crossformer
2017-11-26 22:00:00,-1.3299487,-1.0335515,-1.3299487,-0.5104121,ETTh1::Crossformer
2017-11-26 23:00:00,-1.3605703,-1.1144099,-1.3605703,-0.8184967,ETTh1::Crossformer
2017-11-27 00:00:00,-1.4065574,-1.2903428,-1.4065574,-0.8548949,ETTh1::Crossformer
2017-11-27 01:00:00,-1.4219228,-1.088324,-1.4219228,-0.86937314,ETTh1::Crossformer
2017-11-27 02:00:00,-1.4602817,-1.0647941,-1.4602817,-0.7674666,ETTh1::Crossformer
2017-11-27 03:00:00,-1.4602817,-1.1146092,-1.4602817,-0.6742852,ETTh1::Crossformer
2017-11-27 04:00:00,-1.4832752,-1.122211,-1.4832752,-0.9043537,ETTh1::Crossformer
2017-11-27 05:00:00,-1.5062687,-1.0895822,-1.5062687,-0.73753285,ETTh1::Crossformer
2017-11-27 06:00:00,-1.4909034,-1.1099191,-1.4909034,-0.73893046,ETTh1::Crossformer
2017-11-27 07:00:00,-1.4985316,-1.2223799,-1.4985316,-0.8107001,ETTh1::Crossformer
2017-11-27 08:00:00,-1.4602817,-0.95462525,-1.4602817,-0.67550015,ETTh1::Crossformer
2017-11-27 09:00:00,-1.429551,-1.0199716,-1.429551,-0.7341721,ETTh1::Crossformer
2017-11-27 10:00:00,-1.4065574,-1.081302,-1.4065574,-0.58705604,ETTh1::Crossformer
2017-11-27 11:00:00,-1.3375769,-1.0298698,-1.3375769,-0.74321175,ETTh1::Crossformer
2017-11-27 12:00:00,-1.3145833,-1.1382072,-1.3145833,-0.6995286,ETTh1::Crossformer
2017-11-27 13:00:00,-1.1458913,-0.8381728,-1.1458913,-0.60769033,ETTh1::Crossformer
2017-11-27 14:00:00,-1.1536286,-0.905572,-1.1536286,-0.5465435,ETTh1::Crossformer
2017-11-27 15:00:00,-1.1612567,-0.8735455,-1.1612567,-0.38945276,ETTh1::Crossformer
2017-11-27 16:00:00,-1.1536286,-0.81651545,-1.1536286,-0.51418674,ETTh1::Crossformer
2017-11-27 17:00:00,-1.0539172,-0.968763,-1.0539172,-0.5327044,ETTh1::Crossformer
2017-11-27 18:00:00,-1.1076415,-0.9964977,-1.1076415,-0.5558398,ETTh1::Crossformer
2017-11-27 19:00:00,-1.1382631,-1.1334994,-1.1382631,-0.6806879,ETTh1::Crossformer
2017-11-27 20:00:00,-1.1612567,-1.1431279,-1.1612567,-0.8181001,ETTh1::Crossformer
2017-11-27 21:00:00,-1.1842502,-1.1405896,-1.1842502,-0.7916688,ETTh1::Crossformer
2017-11-27 22:00:00,-1.1688849,-1.0865636,-1.1688849,-0.57545173,ETTh1::Crossformer
2017-11-27 23:00:00,-1.1612567,-1.2311467,-1.1612567,-0.93797654,ETTh1::Crossformer
2017-11-28 00:00:00,-1.1228979,-1.2513824,-1.1228979,-0.82346654,ETTh1::Crossformer
2017-11-28 01:00:00,-1.0616543,-1.0984429,-1.0616543,-0.9036135,ETTh1::Crossformer
2017-11-28 02:00:00,-1.0386608,-0.96896374,-1.0386608,-0.656455,ETTh1::Crossformer
2017-11-28 03:00:00,-1.0155584,-1.0381387,-1.0155584,-0.56833917,ETTh1::Crossformer
2017-11-28 04:00:00,-1.000302,-0.9677905,-1.000302,-0.7422107,ETTh1::Crossformer
2017-11-28 05:00:00,-1.0309236,-1.0818288,-1.0309236,-0.73153925,ETTh1::Crossformer
2017-11-28 06:00:00,-1.000302,-1.0414684,-1.000302,-0.6170558,ETTh1::Crossformer
2017-11-28 07:00:00,-0.96957123,-1.1333494,-0.96957123,-0.70672745,ETTh1::Crossformer
2017-11-28 08:00:00,-1.000302,-1.0901794,-1.000302,-0.8224443,ETTh1::Crossformer
2017-11-28 09:00:00,-1.0692825,-1.1233776,-1.0692825,-0.80954164,ETTh1::Crossformer
2017-11-28 10:00:00,-1.0999043,-1.1681339,-1.0999043,-0.6490061,ETTh1::Crossformer
2017-11-28 11:00:00,-1.046289,-1.1856468,-1.046289,-0.8806462,ETTh1::Crossformer
2017-11-28 12:00:00,-1.0539172,-1.2125797,-1.0539172,-0.74007463,ETTh1::Crossformer
2017-11-28 13:00:00,-1.0539172,-0.9814025,-1.0539172,-0.70337725,ETTh1::Crossformer
2017-11-21 11:00:00,-1.3989292,-1.2752074,-1.3989292,-1.3369927,ETTh1::PatchTST
2017-11-21 12:00:00,-1.3681985,-1.2415023,-1.3681985,-1.2363806,ETTh1::PatchTST
2017-11-21 13:00:00,-1.3375769,-1.2638186,-1.3375769,-1.2014704,ETTh1::PatchTST
2017-11-21 14:00:00,-1.3529422,-1.2719299,-1.3529422,-1.240993,ETTh1::PatchTST
2017-11-21 15:00:00,-1.3529422,-1.2933164,-1.3529422,-1.1510348,ETTh1::PatchTST
2017-11-21 16:00:00,-1.3222115,-1.2057645,-1.3222115,-1.2076436,ETTh1::PatchTST
2017-11-21 17:00:00,-1.3145833,-1.2769163,-1.3145833,-1.2665199,ETTh1::PatchTST
2017-11-21 18:00:00,-1.3222115,-1.2036974,-1.3222115,-1.2366055,ETTh1::PatchTST
2017-11-21 19:00:00,-1.3069551,-1.2509,-1.3069551,-1.3496325,ETTh1::PatchTST
2017-11-21 20:00:00,-1.2915897,-1.3326298,-1.2915897,-1.2636105,ETTh1::PatchTST
2017-11-21 21:00:00,-1.214981,-1.270485,-1.214981,-1.3430196,ETTh1::PatchTST
2017-11-21 22:00:00,-1.2072438,-1.3000079,-1.2072438,-1.4076234,ETTh1::PatchTST
2017-11-21 23:00:00,-1.2072438,-1.3830918,-1.2072438,-1.3015773,ETTh1::PatchTST
2017-11-22 00:00:00,-1.214981,-1.3684537,-1.214981,-1.35715,ETTh1::PatchTST
2017-11-22 01:00:00,-1.2532309,-1.4499291,-1.2532309,-1.3234607,ETTh1::PatchTST
2017-11-22 02:00:00,-1.2532309,-1.4287381,-1.2532309,-1.3669592,ETTh1::PatchTST
2017-11-22 03:00:00,-1.2302372,-1.382327,-1.2302372,-1.4505045,ETTh1::PatchTST
2017-11-22 04:00:00,-1.2456027,-1.3471117,-1.2456027,-1.4278618,ETTh1::PatchTST
2017-11-22 05:00:00,-1.2685962,-1.3560154,-1.2685962,-1.4525104,ETTh1::PatchTST
2017-11-22 06:00:00,-1.2839615,-1.4800559,-1.2839615,-1.3826048,ETTh1::PatchTST
2017-11-22 07:00:00,-1.2915897,-1.4372185,-1.2915897,-1.4707631,ETTh1::PatchTST
2017-11-22 08:00:00,-1.2992179,-1.4257536,-1.2992179,-1.4168974,ETTh1::PatchTST
2017-11-22 09:00:00,-1.2762244,-1.43,-1.2762244,-1.4340051,ETTh1::PatchTST
2017-11-22 10:00:00,-1.2915897,-1.3757038,-1.2915897,-1.4230813,ETTh1::PatchTST
2017-11-22 11:00:00,-1.2456027,-1.3777668,-1.2456027,-1.3656061,ETTh1::PatchTST
2017-11-22 12:00:00,-1.2456027,-1.372556,-1.2456027,-1.3548734,ETTh1::PatchTST
2017-11-22 13:00:00,-1.0692825,-1.2530164,-1.0692825,-1.3517989,ETTh1::PatchTST
2017-11-22 14:00:00,-1.130635,-1.2821817,-1.130635,-1.3240094,ETTh1::PatchTST
2017-11-22 15:00:00,-1.130635,-1.321598,-1.130635,-1.3661059,ETTh1::PatchTST
2017-11-22 16:00:00,-1.130635,-1.3191259,-1.130635,-1.3284118,ETTh1::PatchTST
2017-11-22 17:00:00,-1.1382631,-1.3015304,-1.1382631,-1.4513229,ETTh1::PatchTST
2017-11-22 18:00:00,-1.0692825,-1.3068058,-1.0692825,-1.4045247,ETTh1::PatchTST
2017-11-22 19:00:00,-1.1076415,-1.2765564,-1.1076415,-1.3387749,ETTh1::PatchTST
2017-11-22 20:00:00,-1.176622,-1.324653,-1.176622,-1.4472773,ETTh1::PatchTST
2017-11-22 21:00:00,-1.1918784,-1.337899,-1.1918784,-1.4606113,ETTh1::PatchTST
2017-11-22 22:00:00,-1.1996156,-1.4203538,-1.1996156,-1.5005232,ETTh1::PatchTST
2017-11-22 23:00:00,-1.1918784,-1.3766046,-1.1918784,-1.454413,ETTh1::PatchTST
2017-11-23 00:00:00,-1.2839615,-1.359285,-1.2839615,-1.4529617,ETTh1::PatchTST
2017-11-23 01:00:00,-1.2839615,-1.4228746,-1.2839615,-1.4633933,ETTh1::PatchTST
2017-11-23 02:00:00,-1.2532309,-1.4434899,-1.2532309,-1.5008755,ETTh1::PatchTST
2017-11-23 03:00:00,-1.3145833,-1.5027106,-1.3145833,-1.5154822,ETTh1::PatchTST
2017-11-23 04:00:00,-1.3299487,-1.4355036,-1.3299487,-1.5705628,ETTh1::PatchTST
2017-11-23 05:00:00,-1.2839615,-1.4686395,-1.2839615,-1.5588211,ETTh1::PatchTST
2017-11-23 06:00:00,-1.3835639,-1.5038323,-1.3835639,-1.5453745,ETTh1::PatchTST
2017-11-23 07:00:00,-1.3759357,-1.4771419,-1.3759357,-1.54141,ETTh1::PatchTST
2017-11-23 08:00:00,-1.3375769,-1.4776148,-1.3375769,-1.4427536,ETTh1::PatchTST
2017-11-23 09:00:00,-1.3452051,-1.4731224,-1.3452051,-1.5010518,ETTh1::PatchTST
2017-11-23 10:00:00,-1.3222115,-1.3447168,-1.3222115,-1.5553957,ETTh1::PatchTST
2017-11-23 11:00:00,-1.2456027,-1.326884,-1.2456027,-1.4449236,ETTh1::PatchTST
2017-11-23 12:00:00,-1.260968,-1.3764896,-1.260968,-1.4144925,ETTh1::PatchTST
2017-11-23 13:00:00,-1.1152697,-1.3845633,-1.1152697,-1.4021541,ETTh1::PatchTST
2017-11-23 14:00:00,-1.0769107,-1.3371654,-1.0769107,-1.409819,ETTh1::PatchTST
2017-11-23 15:00:00,-1.1458913,-1.3361447,-1.1458913,-1.4726577,ETTh1::PatchTST
2017-11-23 16:00:00,-1.0999043,-1.2851694,-1.0999043,-1.4747277,ETTh1::PatchTST
2017-11-23 17:00:00,-1.0692825,-1.2920741,-1.0692825,-1.5027981,ETTh1::PatchTST
2017-11-23 18:00:00,-1.1152697,-1.3585564,-1.1152697,-1.4996834,ETTh1::PatchTST
2017-11-23 19:00:00,-1.1918784,-1.3874512,-1.1918784,-1.543134,ETTh1::PatchTST
2017-11-23 20:00:00,-1.1842502,-1.369588,-1.1842502,-1.5812109,ETTh1::PatchTST
2017-11-23 21:00:00,-1.1842502,-1.3917601,-1.1842502,-1.5541548,ETTh1::PatchTST
2017-11-23 22:00:00,-1.2226092,-1.4899955,-1.2226092,-1.6561434,ETTh1::PatchTST
2017-11-23 23:00:00,-1.2226092,-1.3986673,-1.2226092,-1.5858287,ETTh1::PatchTST
2017-11-24 00:00:00,-1.2302372,-1.4778745,-1.2302372,-1.5479125,ETTh1::PatchTST
2017-11-24 01:00:00,-1.2839615,-1.4859955,-1.2839615,-1.5768105,ETTh1::PatchTST
2017-11-24 02:00:00,-1.2226092,-1.4739665,-1.2226092,-1.5843939,ETTh1::PatchTST
2017-11-24 03:00:00,-1.214981,-1.501715,-1.214981,-1.6162554,ETTh1::PatchTST
2017-11-24 04:00:00,-1.2839615,-1.488408,-1.2839615,-1.6978376,ETTh1::PatchTST
2017-11-24 05:00:00,-1.2915897,-1.4504884,-1.2915897,-1.6618314,ETTh1::PatchTST
2017-11-24 06:00:00,-1.3222115,-1.5546563,-1.3222115,-1.6131403,ETTh1::PatchTST
2017-11-24 07:00:00,-1.2226092,-1.4343418,-1.2226092,-1.6473639,ETTh1::PatchTST
2017-11-24 08:00:00,-1.2226092,-1.4062349,-1.2226092,-1.6568284,ETTh1::PatchTST
2017-11-24 09:00:00,-1.2839615,-1.4231156,-1.2839615,-1.571026,ETTh1::PatchTST
2017-11-24 10:00:00,-1.2072438,-1.3644879,-1.2072438,-1.6059091,ETTh1::PatchTST
2017-11-24 11:00:00,-1.1842502,-1.3602139,-1.1842502,-1.6424983,ETTh1::PatchTST
2017-11-24 12:00:00,-1.0846479,-1.3849748,-1.0846479,-1.5904174,ETTh1::PatchTST
2017-11-24 13:00:00,-1.0155584,-1.3431078,-1.0155584,-1.5275316,ETTh1::PatchTST
2017-11-24 14:00:00,-0.99256474,-1.3452111,-0.99256474,-1.5817885,ETTh1::PatchTST
2017-11-24 15:00:00,-0.93894947,-1.246517,-0.93894947,-1.6562612,ETTh1::PatchTST
2017-11-24 16:00:00,-0.93894947,-1.3295914,-0.93894947,-1.5865592,ETTh1::PatchTST
2017-11-24 17:00:00,-1.00793,-1.3435613,-1.00793,-1.6936765,ETTh1::PatchTST
2017-11-24 18:00:00,-1.0539172,-1.3374828,-1.0539172,-1.6646434,ETTh1::PatchTST
2017-11-24 19:00:00,-1.0309236,-1.3383722,-1.0309236,-1.661871,ETTh1::PatchTST
2017-11-24 20:00:00,-1.0692825,-1.3644516,-1.0692825,-1.6148876,ETTh1::PatchTST
2017-11-24 21:00:00,-1.1076415,-1.3318423,-1.1076415,-1.6809199,ETTh1::PatchTST
2017-11-24 22:00:00,-1.1076415,-1.3794179,-1.1076415,-1.7053616,ETTh1::PatchTST
2017-11-24 23:00:00,-1.1076415,-1.3720198,-1.1076415,-1.623438,ETTh1::PatchTST
2017-11-25 00:00:00,-1.1152697,-1.4191625,-1.1152697,-1.6936285,ETTh1::PatchTST
2017-11-25 01:00:00,-1.130635,-1.5284709,-1.130635,-1.67481,ETTh1::PatchTST
2017-11-25 02:00:00,-1.130635,-1.4226754,-1.130635,-1.698076,ETTh1::PatchTST
2017-11-25 03:00:00,-1.1458913,-1.4670392,-1.1458913,-1.7505059,ETTh1::PatchTST
2017-11-25 04:00:00,-1.1612567,-1.513996,-1.1612567,-1.7577555,ETTh1::PatchTST
2017-11-25 05:00:00,-1.1536286,-1.529041,-1.1536286,-1.7422094,ETTh1::PatchTST
2017-11-25 06:00:00,-1.2072438,-1.543016,-1.2072438,-1.7017509,ETTh1::PatchTST
2017-11-25 07:00:00,-1.1612567,-1.6015364,-1.1612567,-1.7261571,ETTh1::PatchTST
2017-11-25 08:00:00,-1.1152697,-1.5396854,-1.1152697,-1.7405056,ETTh1::PatchTST
2017-11-25 09:00:00,-1.0999043,-1.547412,-1.0999043,-1.6690085,ETTh1::PatchTST
2017-11-25 10:00:00,-1.130635,-1.505714,-1.130635,-1.6015599,ETTh1::PatchTST
2017-11-20 08:00:00,-1.4985316,-1.4943442,-1.4985316,-1.4996376,ETTh1::TimeXer
2017-11-20 09:00:00,-1.4219228,-1.4762636,-1.4219228,-1.4925854,ETTh1::TimeXer
2017-11-20 10:00:00,-1.4525446,-1.4364547,-1.4525446,-1.4597079,ETTh1::TimeXer
2017-11-20 11:00:00,-1.3375769,-1.3792307,-1.3375769,-1.4180031,ETTh1::TimeXer
2017-11-20 12:00:00,-1.2532309,-1.4375236,-1.2532309,-1.4487464,ETTh1::TimeXer
2017-11-20 13:00:00,-1.2762244,-1.3095403,-1.2762244,-1.3297017,ETTh1::TimeXer
2017-11-20 14:00:00,-1.2302372,-1.3445576,-1.2302372,-1.3614264,ETTh1::TimeXer
2017-11-20 15:00:00,-1.2992179,-1.3306246,-1.2992179,-1.3700043,ETTh1::TimeXer
2017-11-20 16:00:00,-1.2762244,-1.3414681,-1.2762244,-1.385072,ETTh1::TimeXer
2017-11-20 17:00:00,-1.2532309,-1.3391588,-1.2532309,-1.378802,ETTh1::TimeXer
2017-11-20 18:00:00,-1.2992179,-1.3314568,-1.2992179,-1.350415,ETTh1::TimeXer
2017-11-20 19:00:00,-1.3375769,-1.2953986,-1.3375769,-1.3321426,ETTh1::TimeXer
2017-11-20 20:00:00,-1.3529422,-1.3842587,-1.3529422,-1.4110512,ETTh1::TimeXer
2017-11-20 21:00:00,-1.3069551,-1.3305118,-1.3069551,-1.3528291,ETTh1::TimeXer
2017-11-20 22:00:00,-1.3299487,-1.3676404,-1.3299487,-1.3944383,ETTh1::TimeXer
2017-11-20 23:00:00,-1.3145833,-1.4239081,-1.3145833,-1.439898,ETTh1::TimeXer
2017-11-21 00:00:00,-1.3375769,-1.3987218,-1.3375769,-1.4158812,ETTh1::TimeXer
2017-11-21 01:00:00,-1.3222115,-1.4123193,-1.3222115,-1.420164,ETTh1::TimeXer
2017-11-21 02:00:00,-1.3529422,-1.4226415,-1.3529422,-1.4404621,ETTh1::TimeXer
2017-11-21 03:00:00,-1.3375769,-1.448075,-1.3375769,-1.474328,ETTh1::TimeXer
2017-11-21 04:00:00,-1.3759357,-1.3866258,-1.3759357,-1.3996329,ETTh1::TimeXer
2017-11-21 05:00:00,-1.3605703,-1.4017584,-1.3605703,-1.4378628,ETTh1::TimeXer
2017-11-21 06:00:00,-1.3759357,-1.3588598,-1.3759357,-1.4062316,ETTh1::TimeXer
2017-11-21 07:00:00,-1.4142946,-1.3630763,-1.4142946,-1.4202485,ETTh1::TimeXer
2017-11-21 08:00:00,-1.3911921,-1.3416878,-1.3911921,-1.4159045,ETTh1::TimeXer
2017-11-21 09:00:00,-1.3989292,-1.3762044,-1.3989292,-1.4239897,ETTh1::TimeXer
2017-11-21 10:00:00,-1.3911921,-1.2904716,-1.3911921,-1.3652242,ETTh1::TimeXer
2017-11-21 11:00:00,-1.3989292,-1.3107638,-1.3989292,-1.3874308,ETTh1::TimeXer
2017-11-21 12:00:00,-1.3681985,-1.2334714,-1.3681985,-1.3178287,ETTh1::TimeXer
2017-11-21 13:00:00,-1.3375769,-1.1995851,-1.3375769,-1.2886055,ETTh1::TimeXer
2017-11-21 14:00:00,-1.3529422,-1.2788877,-1.3529422,-1.3553255,ETTh1::TimeXer
2017-11-21 15:00:00,-1.3529422,-1.242068,-1.3529422,-1.3395492,ETTh1::TimeXer
2017-11-21 16:00:00,-1.3222115,-1.2485304,-1.3222115,-1.3321189,ETTh1::TimeXer
2017-11-21 17:00:00,-1.3145833,-1.3249696,-1.3145833,-1.3926691,ETTh1::TimeXer
2017-11-21 18:00:00,-1.3222115,-1.2642477,-1.3222115,-1.3469886,ETTh1::TimeXer
2017-11-21 19:00:00,-1.3069551,-1.2892206,-1.3069551,-1.3634595,ETTh1::TimeXer
2017-11-21 20:00:00,-1.2915897,-1.3052512,-1.2915897,-1.377005,ETTh1::TimeXer
2017-11-21 21:00:00,-1.214981,-1.2901473,-1.214981,-1.3662845,ETTh1::TimeXer
2017-11-21 22:00:00,-1.2072438,-1.3110764,-1.2072438,-1.3891023,ETTh1::TimeXer
2017-11-21 23:00:00,-1.2072438,-1.3690464,-1.2072438,-1.4203081,ETTh1::TimeXer
2017-11-22 00:00:00,-1.214981,-1.3559741,-1.214981,-1.4206052,ETTh1::TimeXer
2017-11-22 01:00:00,-1.2532309,-1.4134198,-1.2532309,-1.4660718,ETTh1::TimeXer
2017-11-22 02:00:00,-1.2532309,-1.4108645,-1.2532309,-1.4465708,ETTh1::TimeXer
2017-11-22 03:00:00,-1.2302372,-1.3197004,-1.2302372,-1.4082302,ETTh1::TimeXer
2017-11-22 04:00:00,-1.2456027,-1.4027297,-1.2456027,-1.4617556,ETTh1::TimeXer
2017-11-22 05:00:00,-1.2685962,-1.4183344,-1.2685962,-1.4876982,ETTh1::TimeXer
2017-11-22 06:00:00,-1.2839615,-1.355026,-1.2839615,-1.4156408,ETTh1::TimeXer
2017-11-22 07:00:00,-1.2915897,-1.4096957,-1.2915897,-1.501706,ETTh1::TimeXer
2017-11-22 08:00:00,-1.2992179,-1.3433667,-1.2992179,-1.429092,ETTh1::TimeXer
2017-11-22 09:00:00,-1.2762244,-1.3996277,-1.2762244,-1.5023342,ETTh1::TimeXer
2017-11-22 10:00:00,-1.2915897,-1.3217499,-1.2915897,-1.4532559,ETTh1::TimeXer
2017-11-22 11:00:00,-1.2456027,-1.380283,-1.2456027,-1.4968001,ETTh1::TimeXer
2017-11-22 12:00:00,-1.2456027,-1.317965,-1.2456027,-1.4396628,ETTh1::TimeXer
2017-11-22 13:00:00,-1.0692825,-1.3028837,-1.0692825,-1.4254607,ETTh1::TimeXer
2017-11-22 14:00:00,-1.130635,-1.2798827,-1.130635,-1.4366978,ETTh1::TimeXer
2017-11-22 15:00:00,-1.130635,-1.2705065,-1.130635,-1.3978705,ETTh1::TimeXer
2017-11-22 16:00:00,-1.130635,-1.2756103,-1.130635,-1.3989179,ETTh1::TimeXer
2017-11-22 17:00:00,-1.1382631,-1.2643232,-1.1382631,-1.3760152,ETTh1::TimeXer
2017-11-22 18:00:00,-1.0692825,-1.283919,-1.0692825,-1.3982164,ETTh1::TimeXer
2017-11-22 19:00:00,-1.1076415,-1.2107937,-1.1076415,-1.3217943,ETTh1::TimeXer
2017-11-22 20:00:00,-1.176622,-1.287192,-1.176622,-1.4082837,ETTh1::TimeXer
2017-11-22 21:00:00,-1.1918784,-1.2670801,-1.1918784,-1.3731434,ETTh1::TimeXer
2017-11-22 22:00:00,-1.1996156,-1.2744465,-1.1996156,-1.3978693,ETTh1::TimeXer
2017-11-22 23:00:00,-1.1918784,-1.3077371,-1.1918784,-1.4185014,ETTh1::TimeXer
2017-11-23 00:00:00,-1.2839615,-1.3386202,-1.2839615,-1.4150012,ETTh1::TimeXer
2017-11-23 01:00:00,-1.2839615,-1.4117401,-1.2839615,-1.4880172,ETTh1::TimeXer
2017-11-23 02:00:00,-1.2532309,-1.4058025,-1.2532309,-1.5097636,ETTh1::TimeXer
2017-11-23 03:00:00,-1.3145833,-1.2875395,-1.3145833,-1.4119899,ETTh1::TimeXer
2017-11-23 04:00:00,-1.3299487,-1.302729,-1.3299487,-1.4060162,ETTh1::TimeXer
2017-11-23 05:00:00,-1.2839615,-1.3335725,-1.2839615,-1.412943,ETTh1::TimeXer
2017-11-23 06:00:00,-1.3835639,-1.3125572,-1.3835639,-1.4235506,ETTh1::TimeXer
2017-11-23 07:00:00,-1.3759357,-1.3422446,-1.3759357,-1.4435897,ETTh1::TimeXer
2017-11-23 08:00:00,-1.3375769,-1.2963588,-1.3375769,-1.4204396,ETTh1::TimeXer
2017-11-23 09:00:00,-1.3452051,-1.2740674,-1.3452051,-1.3896207,ETTh1::TimeXer
2017-11-23 10:00:00,-1.3222115,-1.2249882,-1.3222115,-1.3706443,ETTh1::TimeXer
2017-11-23 11:00:00,-1.2456027,-1.2441126,-1.2456027,-1.3918822,ETTh1::TimeXer
2017-11-23 12:00:00,-1.260968,-1.1869365,-1.260968,-1.345737,ETTh1::TimeXer
2017-11-23 13:00:00,-1.1152697,-1.1386542,-1.1152697,-1.2755513,ETTh1::TimeXer
2017-11-23 14:00:00,-1.0769107,-1.1611341,-1.0769107,-1.3053029,ETTh1::TimeXer
2017-11-23 15:00:00,-1.1458913,-1.1283758,-1.1458913,-1.2759731,ETTh1::TimeXer
2017-11-23 16:00:00,-1.0999043,-1.150981,-1.0999043,-1.2904965,ETTh1::TimeXer
2017-11-23 17:00:00,-1.0692825,-1.1902415,-1.0692825,-1.3379334,ETTh1::TimeXer
2017-11-23 18:00:00,-1.1152697,-1.2089912,-1.1152697,-1.3531938,ETTh1::TimeXer
2017-11-23 19:00:00,-1.1918784,-1.1933953,-1.1918784,-1.3473871,ETTh1::TimeXer
2017-11-23 20:00:00,-1.1842502,-1.2598566,-1.1842502,-1.3567994,ETTh1::TimeXer
2017-11-23 21:00:00,-1.1842502,-1.2011747,-1.1842502,-1.3333583,ETTh1::TimeXer
2017-11-23 22:00:00,-1.2226092,-1.2314092,-1.2226092,-1.3319752,ETTh1::TimeXer
2017-11-23 23:00:00,-1.2226092,-1.2789017,-1.2226092,-1.3776689,ETTh1::TimeXer
2017-11-24 00:00:00,-1.2302372,-1.2837411,-1.2302372,-1.3744574,ETTh1::TimeXer
2017-11-24 01:00:00,-1.2839615,-1.3150115,-1.2839615,-1.4007957,ETTh1::TimeXer
2017-11-24 02:00:00,-1.2226092,-1.2753347,-1.2226092,-1.3733951,ETTh1::TimeXer
2017-11-24 03:00:00,-1.214981,-1.3111784,-1.214981,-1.4109508,ETTh1::TimeXer
2017-11-24 04:00:00,-1.2839615,-1.3794218,-1.2839615,-1.4654005,ETTh1::TimeXer
2017-11-24 05:00:00,-1.2915897,-1.3136399,-1.2915897,-1.3939097,ETTh1::TimeXer
2017-11-24 06:00:00,-1.3222115,-1.3338275,-1.3222115,-1.4229751,ETTh1::TimeXer
2017-11-24 07:00:00,-1.2226092,-1.3195972,-1.2226092,-1.4100637,ETTh1::TimeXer
2017-11-19 22:00:00,-1.429551,-1.4061904,-1.429551,-1.4650422,ETTh1::iTransformer
2017-11-19 23:00:00,-1.4065574,-1.4533958,-1.4065574,-1.5118383,ETTh1::iTransformer
2017-11-20 00:00:00,-1.4525446,-1.4456149,-1.4525446,-1.4829122,ETTh1::iTransformer
2017-11-20 01:00:00,-1.4602817,-1.4366386,-1.4602817,-1.4834399,ETTh1::iTransformer
2017-11-20 02:00:00,-1.3989292,-1.4389638,-1.3989292,-1.5128953,ETTh1::iTransformer
2017-11-20 03:00:00,-1.4602817,-1.457519,-1.4602817,-1.514299,ETTh1::iTransformer
2017-11-20 04:00:00,-1.5368905,-1.4936172,-1.5368905,-1.5454397,ETTh1::iTransformer
2017-11-20 05:00:00,-1.5598841,-1.5375078,-1.5598841,-1.6287438,ETTh1::iTransformer
2017-11-20 06:00:00,-1.5292623,-1.503671,-1.5292623,-1.6044347,ETTh1::iTransformer
2017-11-20 07:00:00,-1.5828775,-1.4624505,-1.5828775,-1.531527,ETTh1::iTransformer
2017-11-20 08:00:00,-1.4985316,-1.4603629,-1.4985316,-1.5463269,ETTh1::iTransformer
2017-11-20 09:00:00,-1.4219228,-1.4347332,-1.4219228,-1.5333502,ETTh1::iTransformer
2017-11-20 10:00:00,-1.4525446,-1.3424987,-1.4525446,-1.4369078,ETTh1::iTransformer
2017-11-20 11:00:00,-1.3375769,-1.3600599,-1.3375769,-1.4684595,ETTh1::iTransformer
2017-11-20 12:00:00,-1.2532309,-1.3136225,-1.2532309,-1.4169396,ETTh1::iTransformer
2017-11-20 13:00:00,-1.2762244,-1.3017652,-1.2762244,-1.3790983,ETTh1::iTransformer
2017-11-20 14:00:00,-1.2302372,-1.3007689,-1.2302372,-1.4107933,ETTh1::iTransformer
2017-11-20 15:00:00,-1.2992179,-1.239617,-1.2992179,-1.3267388,ETTh1::iTransformer
2017-11-20 16:00:00,-1.2762244,-1.2644985,-1.2762244,-1.4070896,ETTh1::iTransformer
2017-11-20 17:00:00,-1.2532309,-1.2657636,-1.2532309,-1.3843225,ETTh1::iTransformer
2017-11-20 18:00:00,-1.2992179,-1.3025893,-1.2992179,-1.4230686,ETTh1::iTransformer
2017-11-20 19:00:00,-1.3375769,-1.2904983,-1.3375769,-1.4168359,ETTh1::iTransformer
2017-11-20 20:00:00,-1.3529422,-1.338808,-1.3529422,-1.4609437,ETTh1::iTransformer
2017-11-20 21:00:00,-1.3069551,-1.2945733,-1.3069551,-1.440457,ETTh1::iTransformer
2017-11-20 22:00:00,-1.3299487,-1.3629338,-1.3299487,-1.5008687,ETTh1::iTransformer
2017-11-20 23:00:00,-1.3145833,-1.4187714,-1.3145833,-1.5525086,ETTh1::iTransformer
2017-11-21 00:00:00,-1.3375769,-1.4008328,-1.3375769,-1.5594313,ETTh1::iTransformer
2017-11-21 01:00:00,-1.3222115,-1.4363283,-1.3222115,-1.5645046,ETTh1::iTransformer
2017-11-21 02:00:00,-1.3529422,-1.4483907,-1.3529422,-1.5753412,ETTh1::iTransformer
2017-11-21 03:00:00,-1.3375769,-1.4483036,-1.3375769,-1.5850475,ETTh1::iTransformer
2017-11-21 04:00:00,-1.3759357,-1.4572031,-1.3759357,-1.5805829,ETTh1::iTransformer
2017-11-21 05:00:00,-1.3605703,-1.4606955,-1.3605703,-1.6053092,ETTh1::iTransformer
2017-11-21 06:00:00,-1.3759357,-1.4477816,-1.3759357,-1.5981506,ETTh1::iTransformer
2017-11-21 07:00:00,-1.4142946,-1.4412415,-1.4142946,-1.5591908,ETTh1::iTransformer
2017-11-21 08:00:00,-1.3911921,-1.384947,-1.3911921,-1.5219282,ETTh1::iTransformer
2017-11-21 09:00:00,-1.3989292,-1.4023083,-1.3989292,-1.5157812,ETTh1::iTransformer
2017-11-21 10:00:00,-1.3911921,-1.3450367,-1.3911921,-1.4614587,ETTh1::iTransformer
2017-11-21 11:00:00,-1.3989292,-1.3160752,-1.3989292,-1.4323,ETTh1::iTransformer
2017-11-21 12:00:00,-1.3681985,-1.2381567,-1.3681985,-1.353894,ETTh1::iTransformer
2017-11-21 13:00:00,-1.3375769,-1.2546537,-1.3375769,-1.3859934,ETTh1::iTransformer
2017-11-21 14:00:00,-1.3529422,-1.2733526,-1.3529422,-1.3864975,ETTh1::iTransformer
2017-11-21 15:00:00,-1.3529422,-1.2368269,-1.3529422,-1.3840624,ETTh1::iTransformer
2017-11-21 16:00:00,-1.3222115,-1.2521994,-1.3222115,-1.3983963,ETTh1::iTransformer
2017-11-21 17:00:00,-1.3145833,-1.2173777,-1.3145833,-1.3719788,ETTh1::iTransformer
2017-11-21 18:00:00,-1.3222115,-1.2617162,-1.3222115,-1.4007311,ETTh1::iTransformer
2017-11-21 19:00:00,-1.3069551,-1.2636817,-1.3069551,-1.415374,ETTh1::iTransformer
2017-11-21 20:00:00,-1.2915897,-1.2399379,-1.2915897,-1.3615224,ETTh1::iTransformer
2017-11-21 21:00:00,-1.214981,-1.2937313,-1.214981,-1.4516546,ETTh1::iTransformer
2017-11-21 22:00:00,-1.2072438,-1.298183,-1.2072438,-1.4574928,ETTh1::iTransformer
2017-11-21 23:00:00,-1.2072438,-1.3459203,-1.2072438,-1.4615012,ETTh1::iTransformer
2017-11-22 00:00:00,-1.214981,-1.4217365,-1.214981,-1.5470957,ETTh1::iTransformer
2017-11-22 01:00:00,-1.2532309,-1.3738285,-1.2532309,-1.5357299,ETTh1::iTransformer
2017-11-22 02:00:00,-1.2532309,-1.426804,-1.2532309,-1.5645102,ETTh1::iTransformer
2017-11-22 03:00:00,-1.2302372,-1.3677158,-1.2302372,-1.5275594,ETTh1::iTransformer
2017-11-22 04:00:00,-1.2456027,-1.3647466,-1.2456027,-1.506377,ETTh1::iTransformer
2017-11-22 05:00:00,-1.2685962,-1.3651173,-1.2685962,-1.4899802,ETTh1::iTransformer
2017-11-22 06:00:00,-1.2839615,-1.3754922,-1.2839615,-1.4521986,ETTh1::iTransformer
2017-11-22 07:00:00,-1.2915897,-1.3275774,-1.2915897,-1.4800351,ETTh1::iTransformer
2017-11-22 08:00:00,-1.2992179,-1.3074917,-1.2992179,-1.4323977,ETTh1::iTransformer
2017-11-22 09:00:00,-1.2762244,-1.3379712,-1.2762244,-1.4533237,ETTh1::iTransformer
2017-11-22 10:00:00,-1.2915897,-1.2307079,-1.2915897,-1.3595093,ETTh1::iTransformer
2017-11-22 11:00:00,-1.2456027,-1.2585164,-1.2456027,-1.3806624,ETTh1::iTransformer
2017-11-22 12:00:00,-1.2456027,-1.2078342,-1.2456027,-1.3230531,ETTh1::iTransformer
2017-11-22 13:00:00,-1.0692825,-1.1605425,-1.0692825,-1.2773874,ETTh1::iTransformer
2017-11-22 14:00:00,-1.130635,-1.1708515,-1.130635,-1.3231957,ETTh1::iTransformer
2017-11-22 15:00:00,-1.130635,-1.1900549,-1.130635,-1.3083866,ETTh1::iTransformer
2017-11-22 16:00:00,-1.130635,-1.1246325,-1.130635,-1.2430623,ETTh1::iTransformer
2017-11-22 17:00:00,-1.1382631,-1.1435982,-1.1382631,-1.2812006,ETTh1::iTransformer
2017-11-22 18:00:00,-1.0692825,-1.2003316,-1.0692825,-1.3369976,ETTh1::iTransformer
2017-11-22 19:00:00,-1.1076415,-1.1747303,-1.1076415,-1.3629528,ETTh1::iTransformer
2017-11-22 20:00:00,-1.176622,-1.2087226,-1.176622,-1.3526638,ETTh1::iTransformer
2017-11-22 21:00:00,-1.1918784,-1.2437,-1.1918784,-1.3844248,ETTh1::iTransformer
2017-11-22 22:00:00,-1.1996156,-1.2873156,-1.1996156,-1.4531194,ETTh1::iTransformer
2017-11-22 23:00:00,-1.1918784,-1.2760713,-1.1918784,-1.4204655,ETTh1::iTransformer
2017-11-23 00:00:00,-1.2839615,-1.3428245,-1.2839615,-1.4562062,ETTh1::iTransformer
2017-11-23 01:00:00,-1.2839615,-1.319755,-1.2839615,-1.4669355,ETTh1::iTransformer
2017-11-23 02:00:00,-1.2532309,-1.3481885,-1.2532309,-1.4861486,ETTh1::iTransformer
2017-11-23 03:00:00,-1.3145833,-1.3204918,-1.3145833,-1.4439185,ETTh1::iTransformer
2017-11-23 04:00:00,-1.3299487,-1.3511206,-1.3299487,-1.5045676,ETTh1::iTransformer
2017-11-23 05:00:00,-1.2839615,-1.336468,-1.2839615,-1.4606774,ETTh1::iTransformer
2017-11-23 06:00:00,-1.3835639,-1.3411527,-1.3835639,-1.4801186,ETTh1::iTransformer
2017-11-23 07:00:00,-1.3759357,-1.3239458,-1.3759357,-1.4349748,ETTh1::iTransformer
2017-11-23 08:00:00,-1.3375769,-1.2894903,-1.3375769,-1.3965987,ETTh1::iTransformer
2017-11-23 09:00:00,-1.3452051,-1.2457225,-1.3452051,-1.339246,ETTh1::iTransformer
2017-11-23 10:00:00,-1.3222115,-1.2588611,-1.3222115,-1.3740143,ETTh1::iTransformer
2017-11-23 11:00:00,-1.2456027,-1.178609,-1.2456027,-1.2823997,ETTh1::iTransformer
2017-11-23 12:00:00,-1.260968,-1.1566274,-1.260968,-1.2898549,ETTh1::iTransformer
2017-11-23 13:00:00,-1.1152697,-1.1551799,-1.1152697,-1.2829119,ETTh1::iTransformer
2017-11-23 14:00:00,-1.0769107,-1.11566,-1.0769107,-1.2275095,ETTh1::iTransformer
2017-11-23 15:00:00,-1.1458913,-1.1197294,-1.1458913,-1.2356428,ETTh1::iTransformer
2017-11-23 16:00:00,-1.0999043,-1.137973,-1.0999043,-1.2401149,ETTh1::iTransformer
2017-11-23 17:00:00,-1.0692825,-1.1410084,-1.0692825,-1.2482214,ETTh1::iTransformer
2017-11-23 18:00:00,-1.1152697,-1.14071,-1.1152697,-1.2751513,ETTh1::iTransformer
2017-11-23 19:00:00,-1.1918784,-1.1867518,-1.1918784,-1.3013655,ETTh1::iTransformer
2017-11-23 20:00:00,-1.1842502,-1.1669186,-1.1842502,-1.2829762,ETTh1::iTransformer
2017-11-23 21:00:00,-1.1842502,-1.2293261,-1.1842502,-1.3303685,ETTh1::iTransformer
2018-01-07 11:00:00,-1.5618008,-1.2521787,-1.5618008,-0.9188626,ETTh2::Autoformer
2018-01-07 12:00:00,-1.4858819,-1.2057549,-1.4858819,-0.8878838,ETTh2::Autoformer
2018-01-07 13:00:00,-1.4858819,-1.1819781,-1.4858819,-0.89932203,ETTh2::Autoformer
2018-01-07 14:00:00,-1.523863,-1.21309,-1.523863,-0.9952973,ETTh2::Autoformer
2018-01-07 15:00:00,-1.4858819,-1.23026,-1.4858819,-1.0574163,ETTh2::Autoformer
2018-01-07 16:00:00,-1.4858819,-1.2656648,-1.4858819,-1.1232718,ETTh2::Autoformer
2018-01-07 17:00:00,-1.4858819,-1.3744965,-1.4858819,-1.2716409,ETTh2::Autoformer
2018-01-07 18:00:00,-1.523863,-1.4881799,-1.523863,-1.4221528,ETTh2::Autoformer
2018-01-07 19:00:00,-1.5428103,-1.505267,-1.5428103,-1.5228596,ETTh2::Autoformer
2018-01-07 20:00:00,-1.5428103,-1.5861932,-1.5428103,-1.6427263,ETTh2::Autoformer
2018-01-07 21:00:00,-1.5617577,-1.631906,-1.5617577,-1.6935986,ETTh2::Autoformer
2018-01-07 22:00:00,-1.5617577,-1.6450895,-1.5617577,-1.6860621,ETTh2::Autoformer
2018-01-07 23:00:00,-1.5996956,-1.6748308,-1.5996956,-1.6711607,ETTh2::Autoformer
2018-01-08 00:00:00,-1.5996956,-1.8838952,-1.5996956,-1.8362708,ETTh2::Autoformer
2018-01-08 01:00:00,-1.6376334,-1.8971882,-1.6376334,-1.8208039,ETTh2::Autoformer
2018-01-08 02:00:00,-1.656624,-1.9023652,-1.656624,-1.8095945,ETTh2::Autoformer
2018-01-08 03:00:00,-1.7135093,-1.8926113,-1.7135093,-1.7948673,ETTh2::Autoformer
2018-01-08 04:00:00,-1.7514472,-1.8718883,-1.7514472,-1.7968593,ETTh2::Autoformer
2018-01-08 05:00:00,-1.7893851,-1.8402506,-1.7893851,-1.7832453,ETTh2::Autoformer
2018-01-08 06:00:00,-1.8083324,-1.8445227,-1.8083324,-1.7173231,ETTh2::Autoformer
2018-01-08 07:00:00,-1.8083324,-1.7906543,-1.8083324,-1.6204355,ETTh2::Autoformer
2018-01-08 08:00:00,-1.8272799,-1.6568881,-1.8272799,-1.5241027,ETTh2::Autoformer
2018-01-08 09:00:00,-1.8083324,-1.5571538,-1.8083324,-1.4609628,ETTh2::Autoformer
2018-01-08 10:00:00,-1.6945188,-1.5160785,-1.6945188,-1.4495004,ETTh2::Autoformer
2018-01-08 11:00:00,-1.5428103,-1.5111334,-1.5428103,-1.4921284,ETTh2::Autoformer
2018-01-08 12:00:00,-1.4669344,-1.5243549,-1.4669344,-1.5471268,ETTh2::Autoformer
2018-01-08 13:00:00,-1.4290397,-1.5267544,-1.4290397,-1.6017295,ETTh2::Autoformer
2018-01-08 14:00:00,-1.2772881,-1.506077,-1.2772881,-1.65564,ETTh2::Autoformer
2018-01-08 15:00:00,-1.2582976,-1.4931211,-1.2582976,-1.7240946,ETTh2::Autoformer
2018-01-08 16:00:00,-1.3341733,-1.5170925,-1.3341733,-1.8463459,ETTh2::Autoformer
2018-01-08 17:00:00,-1.4858819,-1.5215553,-1.4858819,-1.9888477,ETTh2::Autoformer
2018-01-08 18:00:00,-1.6376766,-1.5847414,-1.6376766,-2.0750082,ETTh2::Autoformer
2018-01-08 19:00:00,-1.7135093,-1.6522624,-1.7135093,-2.1038086,ETTh2::Autoformer
2018-01-08 20:00:00,-1.7324567,-1.6876708,-1.7324567,-2.0895326,ETTh2::Autoformer
2018-01-08 21:00:00,-1.7324567,-1.7053849,-1.7324567,-2.064565,ETTh2::Autoformer
2018-01-08 22:00:00,-1.7324567,-1.7241017,-1.7324567,-2.024234,ETTh2::Autoformer
2018-01-08 23:00:00,-1.7324567,-1.755201,-1.7324567,-1.9576718,ETTh2::Autoformer
2018-01-09 00:00:00,-1.7135093,-1.7863371,-1.7135093,-1.9980432,ETTh2::Autoformer
2018-01-09 01:00:00,-1.7135093,-1.8145113,-1.7135093,-1.9258937,ETTh2::Autoformer
2018-01-09 02:00:00,-1.7135093,-1.8397238,-1.7135093,-1.854403,ETTh2::Autoformer
2018-01-09 03:00:00,-1.7703946,-1.8895286,-1.7703946,-1.7318305,ETTh2::Autoformer
2018-01-09 04:00:00,-1.827323,-1.9280337,-1.827323,-1.6392248,ETTh2::Autoformer
2018-01-09 05:00:00,-1.8842083,-1.961308,-1.8842083,-1.5542979,ETTh2::Autoformer
2018-01-09 06:00:00,-1.9221462,-2.0261567,-1.9221462,-1.4685371,ETTh2::Autoformer
2018-01-09 07:00:00,-1.9600841,-2.115373,-1.9600841,-1.468094,ETTh2::Autoformer
2018-01-09 08:00:00,-1.9600841,-2.094061,-1.9600841,-1.4786893,ETTh2::Autoformer
2018-01-09 09:00:00,-1.7514472,-1.8291435,-1.7514472,-1.454041,ETTh2::Autoformer
2018-01-09 10:00:00,-1.485925,-1.559275,-1.485925,-1.4636682,ETTh2::Autoformer
2018-01-09 11:00:00,-1.2582976,-1.4511647,-1.2582976,-1.5089381,ETTh2::Autoformer
2018-01-09 12:00:00,-1.0307132,-1.3532572,-1.0307132,-1.5571196,ETTh2::Autoformer
2018-01-09 13:00:00,-0.97378486,-1.2756294,-0.97378486,-1.5518937,ETTh2::Autoformer
2018-01-09 14:00:00,-0.84102374,-1.1755408,-0.84102374,-1.7395366,ETTh2::Autoformer
2018-01-09 15:00:00,-0.87896156,-1.1251173,-0.87896156,-1.8494388,ETTh2::Autoformer
2018-01-09 16:00:00,-0.93589,-1.1312764,-0.93589,-1.9367204,ETTh2::Autoformer
2018-01-09 17:00:00,-1.0875986,-1.1805449,-1.0875986,-2.0185769,ETTh2::Autoformer
2018-01-09 18:00:00,-1.2203597,-1.2645284,-1.2203597,-2.0414205,ETTh2::Autoformer
2018-01-09 19:00:00,-1.2962354,-1.30906,-1.2962354,-1.9756726,ETTh2::Autoformer
2018-01-09 20:00:00,-1.3531208,-1.4351441,-1.3531208,-2.0048137,ETTh2::Autoformer
2018-01-09 21:00:00,-1.3721113,-1.5893209,-1.3721113,-1.9920825,ETTh2::Autoformer
2018-01-09 22:00:00,-1.410006,-1.6763241,-1.410006,-1.8946816,ETTh2::Autoformer
2018-01-09 23:00:00,-1.4289966,-1.7280662,-1.4289966,-1.8227953,ETTh2::Autoformer
2018-01-10 00:00:00,-1.4479871,-1.7576288,-1.4479871,-1.831907,ETTh2::Autoformer
2018-01-10 01:00:00,-1.4858819,-1.8126801,-1.4858819,-1.7237831,ETTh2::Autoformer
2018-01-10 02:00:00,-1.5048723,-1.8651228,-1.5048723,-1.5337737,ETTh2::Autoformer
2018-01-10 03:00:00,-1.5428103,-1.9267186,-1.5428103,-1.3665805,ETTh2::Autoformer
2018-01-10 04:00:00,-1.5997387,-1.9700706,-1.5997387,-1.327605,ETTh2::Autoformer
2018-01-10 05:00:00,-1.656624,-2.0021725,-1.656624,-1.3451338,ETTh2::Autoformer
2018-01-10 06:00:00,-1.694562,-2.0046415,-1.694562,-1.3921412,ETTh2::Autoformer
2018-01-10 07:00:00,-1.7324998,-1.9970695,-1.7324998,-1.4413266,ETTh2::Autoformer
2018-01-10 08:00:00,-1.7703946,-1.8655231,-1.7703946,-1.5511487,ETTh2::Autoformer
2018-01-10 09:00:00,-1.6756146,-1.6623417,-1.6756146,-1.4683007,ETTh2::Autoformer
2018-01-10 10:00:00,-1.4669344,-1.4715039,-1.4669344,-1.4858826,ETTh2::Autoformer
2018-01-10 11:00:00,-1.2014122,-1.3759412,-1.2014122,-1.6074824,ETTh2::Autoformer
2018-01-10 12:00:00,-0.93589,-1.3016814,-0.93589,-1.6500405,ETTh2::Autoformer
2018-01-10 13:00:00,-0.89790905,-1.1926975,-0.89790905,-1.627467,ETTh2::Autoformer
2018-01-10 14:00:00,-0.765148,-1.1066362,-0.765148,-1.6639131,ETTh2::Autoformer
2018-01-10 15:00:00,-0.8599711,-1.1102991,-0.8599711,-1.7037218,ETTh2::Autoformer
2018-01-10 16:00:00,-0.973828,-1.2147844,-0.973828,-1.6632388,ETTh2::Autoformer
2018-01-10 17:00:00,-1.1824648,-1.3154962,-1.1824648,-1.6547353,ETTh2::Autoformer
2018-01-10 18:00:00,-1.3151828,-1.3866593,-1.3151828,-1.644337,ETTh2::Autoformer
2018-01-10 19:00:00,-1.4289966,-1.4636399,-1.4289966,-1.6168281,ETTh2::Autoformer
2018-01-10 20:00:00,-1.4858819,-1.5923637,-1.4858819,-1.6160053,ETTh2::Autoformer
2018-01-10 21:00:00,-1.5428103,-1.6404573,-1.5428103,-1.6386178,ETTh2::Autoformer
2018-01-10 22:00:00,-1.5997387,-1.6656414,-1.5997387,-1.6335655,ETTh2::Autoformer
2018-01-10 23:00:00,-1.694562,-1.7070967,-1.694562,-1.6453179,ETTh2::Autoformer
2018-01-11 00:00:00,-1.7514472,-1.7225564,-1.7514472,-1.6334761,ETTh2::Autoformer
2018-01-11 01:00:00,-1.8083324,-1.7496201,-1.8083324,-1.6200242,ETTh2::Autoformer
2018-01-11 02:00:00,-1.8842083,-1.7665526,-1.8842083,-1.604113,ETTh2::Autoformer
2018-01-11 03:00:00,-1.9600841,-1.7870451,-1.9600841,-1.6036048,ETTh2::Autoformer
2018-01-11 04:00:00,-2.0170126,-1.795017,-2.0170126,-1.630668,ETTh2::Autoformer
2018-01-11 05:00:00,-2.0738978,-1.8124802,-2.0738978,-1.6687579,ETTh2::Autoformer
2018-01-11 06:00:00,-2.1117926,-1.8407032,-2.1117926,-1.7042426,ETTh2::Autoformer
2018-01-11 07:00:00,-2.130783,-1.8453298,-2.130783,-1.7388752,ETTh2::Autoformer
2018-01-11 08:00:00,-2.130783,-1.8299812,-2.130783,-1.7831106,ETTh2::Autoformer
2018-01-11 09:00:00,-1.9031557,-1.7289872,-1.9031557,-1.7671384,ETTh2::Autoformer
2018-01-11 10:00:00,-1.5996956,-1.5283823,-1.5996956,-1.5788319,ETTh2::Autoformer
2017-11-09 16:00:00,0.44873562,0.25986135,0.44873562,0.62626094,ETTh2::Crossformer
2017-11-09 17:00:00,0.27799356,0.1301325,0.27799356,0.5634322,ETTh2::Crossformer
2017-11-09 18:00:00,0.10729447,0.06663923,0.10729447,0.53566355,ETTh2::Crossformer
2017-11-09 19:00:00,-0.025466638,-0.025481492,-0.025466638,0.5286869,ETTh2::Crossformer
2017-11-09 20:00:00,-0.10129929,0.001023978,-0.10129929,0.35277432,ETTh2::Crossformer
2017-11-09 21:00:00,-0.15822774,-0.13645153,-0.15822774,0.29401106,ETTh2::Crossformer
2017-11-09 22:00:00,-0.19612242,-0.07592952,-0.19612242,0.28443688,ETTh2::Crossformer
2017-11-09 23:00:00,-0.23410353,-0.22080019,-0.23410353,-0.026756406,ETTh2::Crossformer
2017-11-10 00:00:00,-0.23410353,-0.19685343,-0.23410353,0.12027082,ETTh2::Crossformer
2017-11-10 01:00:00,-0.25305086,-0.30625886,-0.25305086,-0.013751596,ETTh2::Crossformer
2017-11-10 02:00:00,-0.29098886,-0.20064265,-0.29098886,-0.119449615,ETTh2::Crossformer
2017-11-10 03:00:00,-0.3479173,-0.34822452,-0.3479173,0.017215341,ETTh2::Crossformer
2017-11-10 04:00:00,-0.42374995,-0.4185901,-0.42374995,-0.10089594,ETTh2::Crossformer
2017-11-10 05:00:00,-0.49962574,-0.56541926,-0.49962574,-0.13615948,ETTh2::Crossformer
2017-11-10 06:00:00,-0.55651104,-0.6386444,-0.55651104,-0.28135887,ETTh2::Crossformer
2017-11-10 07:00:00,-0.59444886,-0.5181014,-0.59444886,-0.2551307,ETTh2::Crossformer
2017-11-10 08:00:00,-0.55651104,-0.40116042,-0.55651104,-0.025880776,ETTh2::Crossformer
2017-11-10 09:00:00,-0.44274044,-0.37312636,-0.44274044,-0.032053858,ETTh2::Crossformer
2017-11-10 10:00:00,-0.32892665,-0.21811843,-0.32892665,0.23008144,ETTh2::Crossformer
2017-11-10 11:00:00,-0.101342425,-0.124025434,-0.101342425,0.3046348,ETTh2::Crossformer
2017-11-10 12:00:00,0.12628494,0.057382762,0.12628494,0.4149253,ETTh2::Crossformer
2017-11-10 13:00:00,0.2021609,0.082924545,0.2021609,0.43711352,ETTh2::Crossformer
2017-11-10 14:00:00,0.22110824,0.14162478,0.22110824,0.5600569,ETTh2::Crossformer
2017-11-10 15:00:00,0.16422293,0.25246271,0.16422293,0.60448843,ETTh2::Crossformer
2017-11-10 16:00:00,0.08834713,0.081160575,0.08834713,0.51755524,ETTh2::Crossformer
2017-11-10 17:00:00,-0.006475997,0.037311763,-0.006475997,0.4142178,ETTh2::Crossformer
2017-11-10 18:00:00,-0.10129929,0.036043167,-0.10129929,0.42376718,ETTh2::Crossformer
2017-11-10 19:00:00,-0.15822774,-0.063461855,-0.15822774,0.42248702,ETTh2::Crossformer
2017-11-10 20:00:00,-0.19612242,-0.08448279,-0.19612242,0.22449277,ETTh2::Crossformer
2017-11-10 21:00:00,-0.21511306,-0.11308089,-0.21511306,0.16166842,ETTh2::Crossformer
2017-11-10 22:00:00,-0.23410353,-0.18048418,-0.23410353,0.21030465,ETTh2::Crossformer
2017-11-10 23:00:00,-0.2719982,-0.32244924,-0.2719982,-0.120850146,ETTh2::Crossformer
2017-11-11 00:00:00,-0.34787416,-0.26406455,-0.34787416,0.18615133,ETTh2::Crossformer
2017-11-11 01:00:00,-0.40480244,-0.3512232,-0.40480244,-0.06116435,ETTh2::Crossformer
2017-11-11 02:00:00,-0.49962574,-0.35791764,-0.49962574,-0.09866965,ETTh2::Crossformer
2017-11-11 03:00:00,-0.5375204,-0.45941907,-0.5375204,0.03923448,ETTh2::Crossformer
2017-11-11 04:00:00,-0.6133962,-0.496443,-0.6133962,-0.16335294,ETTh2::Crossformer
2017-11-11 05:00:00,-0.63238686,-0.57226783,-0.63238686,-0.14966501,ETTh2::Crossformer
2017-11-11 06:00:00,-0.6513773,-0.66961265,-0.6513773,-0.19914706,ETTh2::Crossformer
2017-11-11 07:00:00,-0.68927217,-0.6644142,-0.68927217,-0.21290863,ETTh2::Crossformer
2017-11-11 08:00:00,-0.68927217,-0.6217769,-0.68927217,-0.08969021,ETTh2::Crossformer
2017-11-11 09:00:00,-0.5185731,-0.49504602,-0.5185731,0.018475533,ETTh2::Crossformer
2017-11-11 10:00:00,-0.32892665,-0.317766,-0.32892665,0.2483173,ETTh2::Crossformer
2017-11-11 11:00:00,-0.10129929,-0.2576686,-0.10129929,0.31321722,ETTh2::Crossformer
2017-11-11 12:00:00,0.031461816,-0.05747366,0.031461816,0.48135567,ETTh2::Crossformer
2017-11-11 13:00:00,0.2021609,0.0040408075,0.2021609,0.46775997,ETTh2::Crossformer
2017-11-11 14:00:00,0.16422293,0.072392166,0.16422293,0.6187853,ETTh2::Crossformer
2017-11-11 15:00:00,0.012471341,0.12010944,0.012471341,0.63782805,ETTh2::Crossformer
2017-11-11 16:00:00,-0.06340445,0.078570455,-0.06340445,0.4759544,ETTh2::Crossformer
2017-11-11 17:00:00,-0.1392371,-0.07471001,-0.1392371,0.36790815,ETTh2::Crossformer
2017-11-11 18:00:00,-0.19612242,-0.18124461,-0.19612242,0.48406193,ETTh2::Crossformer
2017-11-11 19:00:00,-0.25305086,-0.22278085,-0.25305086,0.31772554,ETTh2::Crossformer
2017-11-11 20:00:00,-0.30997932,-0.1572304,-0.30997932,0.24068001,ETTh2::Crossformer
2017-11-11 21:00:00,-0.34787416,-0.307877,-0.34787416,0.18674731,ETTh2::Crossformer
2017-11-11 22:00:00,-0.3858551,-0.32925224,-0.3858551,0.13534048,ETTh2::Crossformer
2017-11-11 23:00:00,-0.40480244,-0.4173648,-0.40480244,-0.0074334145,ETTh2::Crossformer
2017-11-12 00:00:00,-0.42374995,-0.42644435,-0.42374995,0.032777816,ETTh2::Crossformer
2017-11-12 01:00:00,-0.4617309,-0.55217695,-0.4617309,-0.15187329,ETTh2::Crossformer
2017-11-12 02:00:00,-0.4617309,-0.41362718,-0.4617309,-0.19092366,ETTh2::Crossformer
2017-11-12 03:00:00,-0.4806784,-0.5411022,-0.4806784,-0.1521025,ETTh2::Crossformer
2017-11-12 04:00:00,-0.49962574,-0.5730998,-0.49962574,-0.20306942,ETTh2::Crossformer
2017-11-12 05:00:00,-0.5375204,-0.7046943,-0.5375204,-0.1831486,ETTh2::Crossformer
2017-11-12 06:00:00,-0.55651104,-0.6681061,-0.55651104,-0.2741528,ETTh2::Crossformer
2017-11-12 07:00:00,-0.6133962,-0.60731095,-0.6133962,-0.30618456,ETTh2::Crossformer
2017-11-12 08:00:00,-0.59444886,-0.46396786,-0.59444886,-0.1069209,ETTh2::Crossformer
2017-11-12 09:00:00,-0.4806784,-0.49277997,-0.4806784,-0.121968,ETTh2::Crossformer
2017-11-12 10:00:00,-0.32892665,-0.26919234,-0.32892665,0.07647534,ETTh2::Crossformer
2017-11-12 11:00:00,-0.1392371,-0.14008832,-0.1392371,0.10847342,ETTh2::Crossformer
2017-11-12 12:00:00,-0.0065192985,-0.030326188,-0.0065192985,0.35608542,ETTh2::Crossformer
2017-11-12 13:00:00,0.12628494,0.046179812,0.12628494,0.3507468,ETTh2::Crossformer
2017-11-12 14:00:00,0.14527558,0.14468345,0.14527558,0.5174571,ETTh2::Crossformer
2017-11-12 15:00:00,0.012471341,0.18310726,0.012471341,0.43948784,ETTh2::Crossformer
2017-11-12 16:00:00,-0.06340445,0.24450451,-0.06340445,0.37127256,ETTh2::Crossformer
2017-11-12 17:00:00,-0.10129929,0.05103755,-0.10129929,0.2284331,ETTh2::Crossformer
2017-11-12 18:00:00,-0.12024663,-0.07915054,-0.12024663,0.28301406,ETTh2::Crossformer
2017-11-12 19:00:00,-0.15822774,-0.13903102,-0.15822774,0.22232929,ETTh2::Crossformer
2017-11-12 20:00:00,-0.15822774,-0.10588985,-0.15822774,0.06649272,ETTh2::Crossformer
2017-11-12 21:00:00,-0.19612242,-0.26847526,-0.19612242,0.015096545,ETTh2::Crossformer
2017-11-12 22:00:00,-0.23410353,-0.32271764,-0.23410353,0.049470007,ETTh2::Crossformer
2017-11-12 23:00:00,-0.23410353,-0.3969002,-0.23410353,-0.13386619,ETTh2::Crossformer
2017-11-13 00:00:00,-0.29098886,-0.3528358,-0.29098886,-0.0758494,ETTh2::Crossformer
2017-11-13 01:00:00,-0.30997932,-0.4340265,-0.30997932,-0.19488716,ETTh2::Crossformer
2017-11-13 02:00:00,-0.30997932,-0.40491027,-0.30997932,-0.24438164,ETTh2::Crossformer
2017-11-13 03:00:00,-0.32892665,-0.46153474,-0.32892665,-0.20708114,ETTh2::Crossformer
2017-11-13 04:00:00,-0.34787416,-0.6153041,-0.34787416,-0.2585562,ETTh2::Crossformer
2017-11-13 05:00:00,-0.34787416,-0.53952384,-0.34787416,-0.28523466,ETTh2::Crossformer
2017-11-13 06:00:00,-0.3858551,-0.54411495,-0.3858551,-0.2970475,ETTh2::Crossformer
2017-11-13 07:00:00,-0.3858551,-0.58580554,-0.3858551,-0.22508532,ETTh2::Crossformer
2017-11-13 08:00:00,-0.3858551,-0.43323636,-0.3858551,-0.15543096,ETTh2::Crossformer
2017-11-13 09:00:00,-0.34787416,-0.4103054,-0.34787416,-0.11826122,ETTh2::Crossformer
2017-11-13 10:00:00,-0.2719982,-0.17769155,-0.2719982,0.03801398,ETTh2::Crossformer
2017-11-13 11:00:00,-0.23410353,-0.10419783,-0.23410353,0.082060695,ETTh2::Crossformer
2017-11-13 12:00:00,-0.17717507,0.054977417,-0.17717507,0.27828684,ETTh2::Crossformer
2017-11-13 13:00:00,-0.10129929,0.052837014,-0.10129929,0.28551975,ETTh2::Crossformer
2017-11-13 14:00:00,-0.10129929,0.16959678,-0.10129929,0.38722956,ETTh2::Crossformer
2017-11-13 15:00:00,-0.12024663,0.18282801,-0.12024663,0.4788086,ETTh2::Crossformer
2017-11-20 09:00:00,-0.97378486,-1.0794677,-0.97378486,-1.09232,ETTh2::PatchTST
2017-11-20 10:00:00,-0.72721,-0.9478776,-0.72721,-0.9707161,ETTh2::PatchTST
2017-11-20 11:00:00,-0.5186162,-0.8861437,-0.5186162,-0.90945494,ETTh2::PatchTST
2017-11-20 12:00:00,-0.5754584,-0.8096287,-0.5754584,-0.86807364,ETTh2::PatchTST
2017-11-20 13:00:00,-0.63238686,-0.7112941,-0.63238686,-0.73673016,ETTh2::PatchTST
2017-11-20 14:00:00,-0.6703247,-0.6879859,-0.6703247,-0.766354,ETTh2::PatchTST
2017-11-20 15:00:00,-0.6703247,-0.78107226,-0.6703247,-0.8252968,ETTh2::PatchTST
2017-11-20 16:00:00,-0.63238686,-0.75276315,-0.63238686,-0.8073714,ETTh2::PatchTST
2017-11-20 17:00:00,-0.7082626,-0.6891626,-0.7082626,-0.73067695,ETTh2::PatchTST
2017-11-20 18:00:00,-0.84102374,-0.72087765,-0.84102374,-0.7323994,ETTh2::PatchTST
2017-11-20 19:00:00,-0.9547943,-0.92988974,-0.9547943,-0.9155826,ETTh2::PatchTST
2017-11-20 20:00:00,-1.0496607,-0.88896513,-1.0496607,-0.88390106,ETTh2::PatchTST
2017-11-20 21:00:00,-1.1065459,-0.9076797,-1.1065459,-0.8824285,ETTh2::PatchTST
2017-11-20 22:00:00,-1.1255364,-0.9507123,-1.1255364,-0.92291594,ETTh2::PatchTST
2017-11-20 23:00:00,-1.1634743,-0.9818243,-1.1634743,-0.9339065,ETTh2::PatchTST
2017-11-21 00:00:00,-1.2014122,-1.0885935,-1.2014122,-0.9863584,ETTh2::PatchTST
2017-11-21 01:00:00,-1.2393502,-1.0840418,-1.2393502,-1.0314004,ETTh2::PatchTST
2017-11-21 02:00:00,-1.2772881,-1.0766708,-1.2772881,-0.98982495,ETTh2::PatchTST
2017-11-21 03:00:00,-1.3341733,-1.126951,-1.3341733,-1.0165887,ETTh2::PatchTST
2017-11-21 04:00:00,-1.3721113,-1.0949779,-1.3721113,-0.9891162,ETTh2::PatchTST
2017-11-21 05:00:00,-1.410006,-1.1900327,-1.410006,-1.0638634,ETTh2::PatchTST
2017-11-21 06:00:00,-1.3910587,-1.0359286,-1.3910587,-0.9584965,ETTh2::PatchTST
2017-11-21 07:00:00,-1.3721113,-0.95510757,-1.3721113,-0.85773534,ETTh2::PatchTST
2017-11-21 08:00:00,-1.315226,-0.99695826,-1.315226,-0.8971833,ETTh2::PatchTST
2017-11-21 09:00:00,-1.1444838,-0.92984074,-1.1444838,-0.88767207,ETTh2::PatchTST
2017-11-21 10:00:00,-0.9927322,-0.8287736,-0.9927322,-0.8002315,ETTh2::PatchTST
2017-11-21 11:00:00,-0.87896156,-0.7944487,-0.87896156,-0.78089833,ETTh2::PatchTST
2017-11-21 12:00:00,-0.8410669,-0.666934,-0.8410669,-0.66220134,ETTh2::PatchTST
2017-11-21 13:00:00,-0.82207644,-0.6376724,-0.82207644,-0.6452755,ETTh2::PatchTST
2017-11-21 14:00:00,-0.8031289,-0.58015853,-0.8031289,-0.6211452,ETTh2::PatchTST
2017-11-21 15:00:00,-0.8031289,-0.44425195,-0.8031289,-0.4830379,ETTh2::PatchTST
2017-11-21 16:00:00,-0.82207644,-0.61978984,-0.82207644,-0.6603493,ETTh2::PatchTST
2017-11-21 17:00:00,-0.82207644,-0.5794538,-0.82207644,-0.5943207,ETTh2::PatchTST
2017-11-21 18:00:00,-0.8600142,-0.5337486,-0.8600142,-0.5926106,ETTh2::PatchTST
2017-11-21 19:00:00,-0.8600142,-0.6915707,-0.8600142,-0.68159974,ETTh2::PatchTST
2017-11-21 20:00:00,-0.8600142,-0.6851181,-0.8600142,-0.71814364,ETTh2::PatchTST
2017-11-21 21:00:00,-0.8979522,-0.69790447,-0.8979522,-0.7266259,ETTh2::PatchTST
2017-11-21 22:00:00,-0.91689956,-0.71858656,-0.91689956,-0.7152104,ETTh2::PatchTST
2017-11-21 23:00:00,-0.91689956,-0.7637716,-0.91689956,-0.74058825,ETTh2::PatchTST
2017-11-22 00:00:00,-0.91689956,-0.85312015,-0.91689956,-0.76485854,ETTh2::PatchTST
2017-11-22 01:00:00,-0.91689956,-0.8864014,-0.91689956,-0.79871583,ETTh2::PatchTST
2017-11-22 02:00:00,-0.91689956,-0.90164274,-0.91689956,-0.8103539,ETTh2::PatchTST
2017-11-22 03:00:00,-0.93584687,-0.8688889,-0.93584687,-0.7625052,ETTh2::PatchTST
2017-11-22 04:00:00,-0.9547943,-0.76209414,-0.9547943,-0.6890838,ETTh2::PatchTST
2017-11-22 05:00:00,-0.9927753,-0.8004008,-0.9927753,-0.71822274,ETTh2::PatchTST
2017-11-22 06:00:00,-1.03067,-0.933658,-1.03067,-0.80058736,ETTh2::PatchTST
2017-11-22 07:00:00,-1.0686512,-0.7927638,-1.0686512,-0.7129234,ETTh2::PatchTST
2017-11-22 08:00:00,-1.0686512,-0.6805819,-1.0686512,-0.6371636,ETTh2::PatchTST
2017-11-22 09:00:00,-0.8979522,-0.53717077,-0.8979522,-0.4941685,ETTh2::PatchTST
2017-11-22 10:00:00,-0.6703247,-0.55468464,-0.6703247,-0.5548898,ETTh2::PatchTST
2017-11-22 11:00:00,-0.40475932,-0.3925785,-0.40475932,-0.3977594,ETTh2::PatchTST
2017-11-22 12:00:00,-0.21511306,-0.47404987,-0.21511306,-0.506523,ETTh2::PatchTST
2017-11-22 13:00:00,-0.08235195,-0.4193414,-0.08235195,-0.49609947,ETTh2::PatchTST
2017-11-22 14:00:00,-0.006475997,-0.3284899,-0.006475997,-0.37460777,ETTh2::PatchTST
2017-11-22 15:00:00,-0.15822774,-0.36791772,-0.15822774,-0.3836224,ETTh2::PatchTST
2017-11-22 16:00:00,-0.25305086,-0.3663762,-0.25305086,-0.38609427,ETTh2::PatchTST
2017-11-22 17:00:00,-0.36686465,-0.48545545,-0.36686465,-0.4698372,ETTh2::PatchTST
2017-11-22 18:00:00,-0.4617309,-0.38280824,-0.4617309,-0.39969963,ETTh2::PatchTST
2017-11-22 19:00:00,-0.5375204,-0.5143521,-0.5375204,-0.5071806,ETTh2::PatchTST
2017-11-22 20:00:00,-0.59444886,-0.46028593,-0.59444886,-0.47362036,ETTh2::PatchTST
2017-11-22 21:00:00,-0.6513773,-0.6143939,-0.6513773,-0.60827804,ETTh2::PatchTST
2017-11-22 22:00:00,-0.68927217,-0.51309377,-0.68927217,-0.5320632,ETTh2::PatchTST
2017-11-22 23:00:00,-0.72725314,-0.61471194,-0.72725314,-0.6378143,ETTh2::PatchTST
2017-11-23 00:00:00,-0.765148,-0.726349,-0.765148,-0.66283095,ETTh2::PatchTST
2017-11-23 01:00:00,-0.8031289,-0.6516026,-0.8031289,-0.62647796,ETTh2::PatchTST
2017-11-23 02:00:00,-0.84102374,-0.66715956,-0.84102374,-0.6111606,ETTh2::PatchTST
2017-11-23 03:00:00,-0.93584687,-0.70991796,-0.93584687,-0.6704143,ETTh2::PatchTST
2017-11-23 04:00:00,-1.0496607,-0.75052494,-1.0496607,-0.6805839,ETTh2::PatchTST
2017-11-23 05:00:00,-1.144527,-0.8160008,-1.144527,-0.7264494,ETTh2::PatchTST
2017-11-23 06:00:00,-1.2204028,-0.79215765,-1.2204028,-0.72099745,ETTh2::PatchTST
2017-11-23 07:00:00,-1.2772881,-0.6863394,-1.2772881,-0.6193898,ETTh2::PatchTST
2017-11-23 08:00:00,-1.2772881,-0.6598846,-1.2772881,-0.6078887,ETTh2::PatchTST
2017-11-23 09:00:00,-1.1065891,-0.5585247,-1.1065891,-0.52554226,ETTh2::PatchTST
2017-11-23 10:00:00,-0.8030858,-0.5329288,-0.8030858,-0.5178751,ETTh2::PatchTST
2017-11-23 11:00:00,-0.5185731,-0.32644504,-0.5185731,-0.31522518,ETTh2::PatchTST
2017-11-23 12:00:00,-0.38581198,-0.29478437,-0.38581198,-0.29171115,ETTh2::PatchTST
2017-11-23 13:00:00,-0.23410353,-0.33186698,-0.23410353,-0.3336238,ETTh2::PatchTST
2017-11-23 14:00:00,-0.101342425,-0.25865167,-0.101342425,-0.23933852,ETTh2::PatchTST
2017-11-23 15:00:00,-0.101342425,-0.23734242,-0.101342425,-0.24485755,ETTh2::PatchTST
2017-11-23 16:00:00,-0.23410353,-0.3525278,-0.23410353,-0.35145128,ETTh2::PatchTST
2017-11-23 17:00:00,-0.4237931,-0.26933384,-0.4237931,-0.28530914,ETTh2::PatchTST
2017-11-23 18:00:00,-0.6133962,-0.353846,-0.6133962,-0.3404683,ETTh2::PatchTST
2017-11-23 19:00:00,-0.78413844,-0.42930856,-0.78413844,-0.4194214,ETTh2::PatchTST
2017-11-23 20:00:00,-0.91689956,-0.63283646,-0.91689956,-0.6046005,ETTh2::PatchTST
2017-11-23 21:00:00,-1.0496607,-0.56276155,-1.0496607,-0.51901275,ETTh2::PatchTST
2017-11-23 22:00:00,-1.144527,-0.6619123,-1.144527,-0.55339265,ETTh2::PatchTST
2017-11-23 23:00:00,-1.2014122,-0.74941695,-1.2014122,-0.68406284,ETTh2::PatchTST
2017-11-24 00:00:00,-1.2582976,-0.7843963,-1.2582976,-0.6798758,ETTh2::PatchTST
2017-11-24 01:00:00,-1.315226,-0.8425884,-1.315226,-0.7174585,ETTh2::PatchTST
2017-11-24 02:00:00,-1.3910587,-0.8344207,-1.3910587,-0.69326174,ETTh2::PatchTST
2017-11-24 03:00:00,-1.4289966,-0.85224277,-1.4289966,-0.7214132,ETTh2::PatchTST
2017-11-24 04:00:00,-1.4669344,-0.81219107,-1.4669344,-0.7251556,ETTh2::PatchTST
2017-11-24 05:00:00,-1.5428103,-0.90318286,-1.5428103,-0.77559376,ETTh2::PatchTST
2017-11-24 06:00:00,-1.5807482,-0.84175485,-1.5807482,-0.70914966,ETTh2::PatchTST
2017-11-24 07:00:00,-1.5807482,-0.8803097,-1.5807482,-0.7386372,ETTh2::PatchTST
2017-11-24 08:00:00,-1.5617577,-0.79886305,-1.5617577,-0.656719,ETTh2::PatchTST
2018-02-07 17:00:00,-1.0875986,-1.2154086,-1.0875986,-1.2396588,ETTh2::TimeXer
2018-02-07 18:00:00,-1.2014122,-1.3018107,-1.2014122,-1.347789,ETTh2::TimeXer
2018-02-07 19:00:00,-1.315226,-1.3739271,-1.315226,-1.4233724,ETTh2::TimeXer
2018-02-07 20:00:00,-1.4289966,-1.4888641,-1.4289966,-1.5074571,ETTh2::TimeXer
2018-02-07 21:00:00,-1.5048723,-1.560741,-1.5048723,-1.6090881,ETTh2::TimeXer
2018-02-07 22:00:00,-1.6186861,-1.5832127,-1.6186861,-1.6985743,ETTh2::TimeXer
2018-02-07 23:00:00,-1.694562,-1.6190126,-1.694562,-1.7395281,ETTh2::TimeXer
2018-02-08 00:00:00,-1.7324998,-1.6270968,-1.7324998,-1.7491814,ETTh2::TimeXer
2018-02-08 01:00:00,-1.7703946,-1.6771197,-1.7703946,-1.748178,ETTh2::TimeXer
2018-02-08 02:00:00,-1.8462704,-1.7127155,-1.8462704,-1.8305584,ETTh2::TimeXer
2018-02-08 03:00:00,-1.8842083,-1.7131715,-1.8842083,-1.9672415,ETTh2::TimeXer
2018-02-08 04:00:00,-1.9411367,-1.7491149,-1.9411367,-1.9615564,ETTh2::TimeXer
2018-02-08 05:00:00,-1.998022,-1.7829239,-1.998022,-2.1367145,ETTh2::TimeXer
2018-02-08 06:00:00,-2.0549073,-1.8490783,-2.0549073,-2.105277,ETTh2::TimeXer
2018-02-08 07:00:00,-2.1117926,-1.8738953,-2.1117926,-2.120812,ETTh2::TimeXer
2018-02-08 08:00:00,-2.130783,-1.8585426,-2.130783,-2.0688863,ETTh2::TimeXer
2018-02-08 09:00:00,-1.9790314,-1.7499115,-1.9790314,-1.9358795,ETTh2::TimeXer
2018-02-08 10:00:00,-1.7135093,-1.6012088,-1.7135093,-1.7141343,ETTh2::TimeXer
2018-02-08 11:00:00,-1.4289966,-1.4384147,-1.4289966,-1.6844804,ETTh2::TimeXer
2018-02-08 12:00:00,-1.1255364,-1.326601,-1.1255364,-1.4147143,ETTh2::TimeXer
2018-02-08 13:00:00,-1.0307132,-1.176487,-1.0307132,-1.2026945,ETTh2::TimeXer
2018-02-08 14:00:00,-0.84102374,-1.0797352,-0.84102374,-1.0604689,ETTh2::TimeXer
2018-02-08 15:00:00,-0.74620044,-1.083612,-0.74620044,-1.115438,ETTh2::TimeXer
2018-02-08 16:00:00,-0.765148,-1.1389396,-0.765148,-1.1906765,ETTh2::TimeXer
2018-02-08 17:00:00,-0.91689956,-1.1773007,-0.91689956,-1.1556721,ETTh2::TimeXer
2018-02-08 18:00:00,-1.068608,-1.2508253,-1.068608,-1.3172164,ETTh2::TimeXer
2018-02-08 19:00:00,-1.2203597,-1.360923,-1.2203597,-1.4126751,ETTh2::TimeXer
2018-02-08 20:00:00,-1.3531208,-1.4318696,-1.3531208,-1.4872112,ETTh2::TimeXer
2018-02-08 21:00:00,-1.4669344,-1.4814339,-1.4669344,-1.5951073,ETTh2::TimeXer
2018-02-08 22:00:00,-1.523863,-1.5556066,-1.523863,-1.6847582,ETTh2::TimeXer
2018-02-08 23:00:00,-1.5617577,-1.5415634,-1.5617577,-1.752299,ETTh2::TimeXer
2018-02-09 00:00:00,-1.5997387,-1.5637358,-1.5997387,-1.7418795,ETTh2::TimeXer
2018-02-09 01:00:00,-1.656624,-1.5875373,-1.656624,-1.8401191,ETTh2::TimeXer
2018-02-09 02:00:00,-1.694562,-1.5688887,-1.694562,-1.920425,ETTh2::TimeXer
2018-02-09 03:00:00,-1.694562,-1.6450311,-1.694562,-1.9707475,ETTh2::TimeXer
2018-02-09 04:00:00,-1.694562,-1.676072,-1.694562,-1.9153694,ETTh2::TimeXer
2018-02-09 05:00:00,-1.694562,-1.7156472,-1.694562,-1.9938506,ETTh2::TimeXer
2018-02-09 06:00:00,-1.694562,-1.7573556,-1.694562,-2.1338482,ETTh2::TimeXer
2018-02-09 07:00:00,-1.6756146,-1.7868042,-1.6756146,-2.200481,ETTh2::TimeXer
2018-02-09 08:00:00,-1.656624,-1.7927562,-1.656624,-2.0812886,ETTh2::TimeXer
2018-02-09 09:00:00,-1.5996956,-1.6777312,-1.5996956,-1.9497024,ETTh2::TimeXer
2018-02-09 10:00:00,-1.5048723,-1.5593616,-1.5048723,-1.8229699,ETTh2::TimeXer
2018-02-09 11:00:00,-1.3910587,-1.3929812,-1.3910587,-1.6167601,ETTh2::TimeXer
2018-02-09 12:00:00,-1.2393502,-1.2321573,-1.2393502,-1.4637246,ETTh2::TimeXer
2018-02-09 13:00:00,-1.0875986,-1.1339974,-1.0875986,-1.3219764,ETTh2::TimeXer
2018-02-09 14:00:00,-0.87896156,-1.0530028,-0.87896156,-1.2849579,ETTh2::TimeXer
2018-02-09 15:00:00,-0.82207644,-1.0255501,-0.82207644,-1.1592762,ETTh2::TimeXer
2018-02-09 16:00:00,-0.8030858,-1.1051328,-0.8030858,-1.2859416,ETTh2::TimeXer
2018-02-09 17:00:00,-0.8600142,-1.1546153,-0.8600142,-1.3511966,ETTh2::TimeXer
2018-02-09 18:00:00,-0.8979522,-1.2550164,-0.8979522,-1.4842832,ETTh2::TimeXer
2018-02-09 19:00:00,-0.97378486,-1.3801355,-0.97378486,-1.6194572,ETTh2::TimeXer
2018-02-09 20:00:00,-1.03067,-1.3999784,-1.03067,-1.6912531,ETTh2::TimeXer
2018-02-09 21:00:00,-1.0875986,-1.5121908,-1.0875986,-1.776524,ETTh2::TimeXer
2018-02-09 22:00:00,-1.1255364,-1.5349672,-1.1255364,-1.8562444,ETTh2::TimeXer
2018-02-09 23:00:00,-1.1634743,-1.5433998,-1.1634743,-1.8525004,ETTh2::TimeXer
2018-02-10 00:00:00,-1.2014122,-1.5747902,-1.2014122,-1.9213253,ETTh2::TimeXer
2018-02-10 01:00:00,-1.2204028,-1.5719606,-1.2204028,-1.9339058,ETTh2::TimeXer
2018-02-10 02:00:00,-1.2393502,-1.6071112,-1.2393502,-2.015361,ETTh2::TimeXer
2018-02-10 03:00:00,-1.2772881,-1.642539,-1.2772881,-2.0048053,ETTh2::TimeXer
2018-02-10 04:00:00,-1.315226,-1.6985621,-1.315226,-2.1444778,ETTh2::TimeXer
2018-02-10 05:00:00,-1.315226,-1.7244713,-1.315226,-2.1455684,ETTh2::TimeXer
2018-02-10 06:00:00,-1.3341733,-1.797098,-1.3341733,-2.2021697,ETTh2::TimeXer
2018-02-10 07:00:00,-1.3341733,-1.8365809,-1.3341733,-2.1917562,ETTh2::TimeXer
2018-02-10 08:00:00,-1.372068,-1.7915608,-1.372068,-2.0855558,ETTh2::TimeXer
2018-02-10 09:00:00,-1.4100492,-1.7045324,-1.4100492,-2.043553,ETTh2::TimeXer
2018-02-10 10:00:00,-1.3910587,-1.5844575,-1.3910587,-1.9573107,ETTh2::TimeXer
2018-02-10 11:00:00,-1.3341733,-1.4283992,-1.3341733,-1.777825,ETTh2::TimeXer
2018-02-10 12:00:00,-1.2014122,-1.2706995,-1.2014122,-1.6913248,ETTh2::TimeXer
2018-02-10 13:00:00,-1.068608,-1.1181002,-1.068608,-1.4320374,ETTh2::TimeXer
2018-02-10 14:00:00,-1.0117228,-1.0545332,-1.0117228,-1.4042801,ETTh2::TimeXer
2018-02-10 15:00:00,-1.03067,-1.055774,-1.03067,-1.3157647,ETTh2::TimeXer
2018-02-10 16:00:00,-1.03067,-1.0598733,-1.03067,-1.4152856,ETTh2::TimeXer
2018-02-10 17:00:00,-1.0686512,-1.1708436,-1.0686512,-1.5108173,ETTh2::TimeXer
2018-02-10 18:00:00,-1.1255364,-1.2380123,-1.1255364,-1.6192356,ETTh2::TimeXer
2018-02-10 19:00:00,-1.2393502,-1.3607152,-1.2393502,-1.7193067,ETTh2::TimeXer
2018-02-10 20:00:00,-1.315226,-1.4113286,-1.315226,-1.7897465,ETTh2::TimeXer
2018-02-10 21:00:00,-1.4100492,-1.4489133,-1.4100492,-1.857285,ETTh2::TimeXer
2018-02-10 22:00:00,-1.5048723,-1.4838192,-1.5048723,-1.8353252,ETTh2::TimeXer
2018-02-10 23:00:00,-1.5807482,-1.5272058,-1.5807482,-1.8485562,ETTh2::TimeXer
2018-02-11 00:00:00,-1.6186861,-1.5491018,-1.6186861,-1.918274,ETTh2::TimeXer
2018-02-11 01:00:00,-1.656624,-1.5671406,-1.656624,-1.9608227,ETTh2::TimeXer
2018-02-11 02:00:00,-1.7324998,-1.6139467,-1.7324998,-2.027949,ETTh2::TimeXer
2018-02-11 03:00:00,-1.7893851,-1.5945764,-1.7893851,-2.088674,ETTh2::TimeXer
2018-02-11 04:00:00,-1.865261,-1.7063849,-1.865261,-2.1415486,ETTh2::TimeXer
2018-02-11 05:00:00,-1.9221462,-1.768763,-1.9221462,-2.152819,ETTh2::TimeXer
2018-02-11 06:00:00,-1.9790314,-1.7834941,-1.9790314,-2.2668443,ETTh2::TimeXer
2018-02-11 07:00:00,-2.0170126,-1.7970339,-2.0170126,-2.2567973,ETTh2::TimeXer
2018-02-11 08:00:00,-2.03596,-1.767474,-2.03596,-2.1808505,ETTh2::TimeXer
2018-02-11 09:00:00,-1.8842083,-1.6745245,-1.8842083,-2.08997,ETTh2::TimeXer
2018-02-11 10:00:00,-1.6186861,-1.5638342,-1.6186861,-2.0729876,ETTh2::TimeXer
2018-02-11 11:00:00,-1.3531638,-1.3996614,-1.3531638,-1.7940793,ETTh2::TimeXer
2018-02-11 12:00:00,-1.0875986,-1.2138104,-1.0875986,-1.533845,ETTh2::TimeXer
2018-02-11 13:00:00,-0.91689956,-1.1575253,-0.91689956,-1.5306902,ETTh2::TimeXer
2018-02-11 14:00:00,-0.78413844,-1.0681851,-0.78413844,-1.4529546,ETTh2::TimeXer
2018-02-11 15:00:00,-0.72721,-1.0492296,-0.72721,-1.3619275,ETTh2::TimeXer
2018-02-11 16:00:00,-0.765148,-1.0847826,-0.765148,-1.4546143,ETTh2::TimeXer
2018-01-17 02:00:00,-1.1065891,-1.0478325,-1.1065891,-0.8799979,ETTh2::iTransformer
2018-01-17 03:00:00,-1.144527,-1.0262536,-1.144527,-0.80461305,ETTh2::iTransformer
2018-01-17 04:00:00,-1.1824218,-1.1744356,-1.1824218,-0.9581198,ETTh2::iTransformer
2018-01-17 05:00:00,-1.2204028,-1.2591242,-1.2204028,-0.96503717,ETTh2::iTransformer
2018-01-17 06:00:00,-1.2393502,-1.1502136,-1.2393502,-0.87132215,ETTh2::iTransformer
2018-01-17 07:00:00,-1.2393502,-1.2484516,-1.2393502,-0.96605366,ETTh2::iTransformer
2018-01-17 08:00:00,-1.2393502,-1.3234417,-1.2393502,-1.0798073,ETTh2::iTransformer
2018-01-17 09:00:00,-1.2204028,-1.2285019,-1.2204028,-0.9668499,ETTh2::iTransformer
2018-01-17 10:00:00,-1.1065459,-1.1727659,-1.1065459,-0.9241828,ETTh2::iTransformer
2018-01-17 11:00:00,-0.87896156,-0.9902277,-0.87896156,-0.72887313,ETTh2::iTransformer
2018-01-17 12:00:00,-0.72721,-0.79122126,-0.72721,-0.52337295,ETTh2::iTransformer
2018-01-17 13:00:00,-0.65133417,-0.7370622,-0.65133417,-0.47288668,ETTh2::iTransformer
2018-01-17 14:00:00,-0.5754584,-0.7123945,-0.5754584,-0.46911007,ETTh2::iTransformer
2018-01-17 15:00:00,-0.59444886,-0.81429917,-0.59444886,-0.5977943,ETTh2::iTransformer
2018-01-17 16:00:00,-0.6513773,-0.73781025,-0.6513773,-0.5353968,ETTh2::iTransformer
2018-01-17 17:00:00,-0.72725314,-0.89199334,-0.72725314,-0.66632384,ETTh2::iTransformer
2018-01-17 18:00:00,-0.8600142,-0.9057553,-0.8600142,-0.70197666,ETTh2::iTransformer
2018-01-17 19:00:00,-0.97378486,-1.0724064,-0.97378486,-0.7210387,ETTh2::iTransformer
2018-01-17 20:00:00,-1.0875986,-1.1290568,-1.0875986,-0.89378774,ETTh2::iTransformer
2018-01-17 21:00:00,-1.1634743,-1.080206,-1.1634743,-0.7296902,ETTh2::iTransformer
2018-01-17 22:00:00,-1.2393502,-1.1469195,-1.2393502,-0.8518231,ETTh2::iTransformer
2018-01-17 23:00:00,-1.2772881,-1.1795002,-1.2772881,-0.8851425,ETTh2::iTransformer
2018-01-18 00:00:00,-1.3531208,-1.121978,-1.3531208,-0.9022045,ETTh2::iTransformer
2018-01-18 01:00:00,-1.3910587,-1.0703709,-1.3910587,-0.78028715,ETTh2::iTransformer
2018-01-18 02:00:00,-1.4289966,-1.091122,-1.4289966,-0.80186236,ETTh2::iTransformer
2018-01-18 03:00:00,-1.4669344,-1.0654039,-1.4669344,-0.7630802,ETTh2::iTransformer
2018-01-18 04:00:00,-1.5048723,-1.1674318,-1.5048723,-0.8141488,ETTh2::iTransformer
2018-01-18 05:00:00,-1.523863,-1.23239,-1.523863,-0.85293305,ETTh2::iTransformer
2018-01-18 06:00:00,-1.5428103,-1.1809629,-1.5428103,-0.8290547,ETTh2::iTransformer
2018-01-18 07:00:00,-1.5428103,-1.2408007,-1.5428103,-0.8723351,ETTh2::iTransformer
2018-01-18 08:00:00,-1.5048723,-1.2275407,-1.5048723,-0.87271297,ETTh2::iTransformer
2018-01-18 09:00:00,-1.3721113,-1.1322963,-1.3721113,-0.8512046,ETTh2::iTransformer
2018-01-18 10:00:00,-1.2014122,-1.0023022,-1.2014122,-0.6654379,ETTh2::iTransformer
2018-01-18 11:00:00,-1.1255364,-0.86337733,-1.1255364,-0.5819937,ETTh2::iTransformer
2018-01-18 12:00:00,-1.0496607,-0.80643684,-1.0496607,-0.49025643,ETTh2::iTransformer
2018-01-18 13:00:00,-0.97378486,-0.72808444,-0.97378486,-0.39960665,ETTh2::iTransformer
2018-01-18 14:00:00,-0.87896156,-0.6863565,-0.87896156,-0.44119865,ETTh2::iTransformer
2018-01-18 15:00:00,-0.8410669,-0.6592634,-0.8410669,-0.3770548,ETTh2::iTransformer
2018-01-18 16:00:00,-0.8600142,-0.8122909,-0.8600142,-0.5279181,ETTh2::iTransformer
2018-01-18 17:00:00,-0.8979522,-0.78665155,-0.8979522,-0.51251614,ETTh2::iTransformer
2018-01-18 18:00:00,-0.93584687,-0.9270279,-0.93584687,-0.652248,ETTh2::iTransformer
2018-01-18 19:00:00,-0.93584687,-1.0946615,-0.93584687,-0.8000567,ETTh2::iTransformer
2018-01-18 20:00:00,-0.93584687,-1.133942,-0.93584687,-0.79168403,ETTh2::iTransformer
2018-01-18 21:00:00,-0.93584687,-1.0686253,-0.93584687,-0.82822144,ETTh2::iTransformer
2018-01-18 22:00:00,-0.93584687,-1.1022483,-0.93584687,-0.77249944,ETTh2::iTransformer
2018-01-18 23:00:00,-0.9547943,-1.0884552,-0.9547943,-0.7749903,ETTh2::iTransformer
2018-01-19 00:00:00,-0.9547943,-1.187237,-0.9547943,-0.8627157,ETTh2::iTransformer
2018-01-19 01:00:00,-0.97378486,-1.121355,-0.97378486,-0.8400507,ETTh2::iTransformer
2018-01-19 02:00:00,-0.9927753,-1.2111202,-0.9927753,-0.8725817,ETTh2::iTransformer
2018-01-19 03:00:00,-1.0117228,-1.1973614,-1.0117228,-0.85782695,ETTh2::iTransformer
2018-01-19 04:00:00,-1.0496607,-1.2120717,-1.0496607,-0.87865543,ETTh2::iTransformer
2018-01-19 05:00:00,-1.0875986,-1.2283866,-1.0875986,-0.92033815,ETTh2::iTransformer
2018-01-19 06:00:00,-1.1824218,-1.23618,-1.1824218,-0.8401105,ETTh2::iTransformer
2018-01-19 07:00:00,-1.2393502,-1.1719792,-1.2393502,-0.85602295,ETTh2::iTransformer
2018-01-19 08:00:00,-1.2772881,-1.2827067,-1.2772881,-0.9643345,ETTh2::iTransformer
2018-01-19 09:00:00,-1.2772881,-1.1093113,-1.2772881,-0.79778683,ETTh2::iTransformer
2018-01-19 10:00:00,-1.2772881,-0.90806127,-1.2772881,-0.5907814,ETTh2::iTransformer
2018-01-19 11:00:00,-1.2393502,-0.70142543,-1.2393502,-0.42644787,ETTh2::iTransformer
2018-01-19 12:00:00,-1.1824648,-0.7832041,-1.1824648,-0.53384113,ETTh2::iTransformer
2018-01-19 13:00:00,-1.1255364,-0.59931415,-1.1255364,-0.3482576,ETTh2::iTransformer
2018-01-19 14:00:00,-1.1065459,-0.5115268,-1.1065459,-0.26412034,ETTh2::iTransformer
2018-01-19 15:00:00,-1.0686512,-0.40841746,-1.0686512,-0.19448489,ETTh2::iTransformer
2018-01-19 16:00:00,-1.0496607,-0.49138469,-1.0496607,-0.2861907,ETTh2::iTransformer
2018-01-19 17:00:00,-1.03067,-0.6098574,-1.03067,-0.40409994,ETTh2::iTransformer
2018-01-19 18:00:00,-1.03067,-0.8549386,-1.03067,-0.58464843,ETTh2::iTransformer
2018-01-19 19:00:00,-1.03067,-0.83589,-1.03067,-0.5955592,ETTh2::iTransformer
2018-01-19 20:00:00,-1.03067,-0.98205876,-1.03067,-0.68172157,ETTh2::iTransformer
2018-01-19 21:00:00,-1.0496607,-1.036167,-1.0496607,-0.78610593,ETTh2::iTransformer
2018-01-19 22:00:00,-1.0496607,-1.0254718,-1.0496607,-0.7201899,ETTh2::iTransformer
2018-01-19 23:00:00,-1.0875986,-1.0917258,-1.0875986,-0.8519345,ETTh2::iTransformer
2018-01-20 00:00:00,-1.0875986,-1.0920141,-1.0875986,-0.8127435,ETTh2::iTransformer
2018-01-20 01:00:00,-1.1255364,-1.0555422,-1.1255364,-0.7514601,ETTh2::iTransformer
2018-01-20 02:00:00,-1.1255364,-1.1665219,-1.1255364,-0.8376747,ETTh2::iTransformer
2018-01-20 03:00:00,-1.2014122,-1.1275156,-1.2014122,-0.8368443,ETTh2::iTransformer
2018-01-20 04:00:00,-1.2393502,-1.1177566,-1.2393502,-0.8328506,ETTh2::iTransformer
2018-01-20 05:00:00,-1.2772881,-1.1760647,-1.2772881,-0.81923413,ETTh2::iTransformer
2018-01-20 06:00:00,-1.2772881,-1.1198591,-1.2772881,-0.73770404,ETTh2::iTransformer
2018-01-20 07:00:00,-1.315226,-1.1353866,-1.315226,-0.84437466,ETTh2::iTransformer
2018-01-20 08:00:00,-1.315226,-1.15429,-1.315226,-0.8330159,ETTh2::iTransformer
2018-01-20 09:00:00,-1.2772881,-1.0629377,-1.2772881,-0.7195021,ETTh2::iTransformer
2018-01-20 10:00:00,-1.2014122,-0.937945,-1.2014122,-0.6324474,ETTh2::iTransformer
2018-01-20 11:00:00,-1.068608,-0.921023,-1.068608,-0.58992994,ETTh2::iTransformer
2018-01-20 12:00:00,-0.9927322,-0.6749048,-0.9927322,-0.35729825,ETTh2::iTransformer
2018-01-20 13:00:00,-0.95483744,-0.6363399,-0.95483744,-0.38228244,ETTh2::iTransformer
2018-01-20 14:00:00,-0.8979522,-0.58003443,-0.8979522,-0.36126286,ETTh2::iTransformer
2018-01-20 15:00:00,-0.87896156,-0.49506456,-0.87896156,-0.26741183,ETTh2::iTransformer
2018-01-20 16:00:00,-0.8600142,-0.620017,-0.8600142,-0.4120136,ETTh2::iTransformer
2018-01-20 17:00:00,-0.8600142,-0.78336763,-0.8600142,-0.54573333,ETTh2::iTransformer
2018-01-20 18:00:00,-0.8600142,-0.7598146,-0.8600142,-0.5205948,ETTh2::iTransformer
2018-01-20 19:00:00,-0.8979522,-0.99750865,-0.8979522,-0.7957137,ETTh2::iTransformer
2018-01-20 20:00:00,-0.91689956,-1.1000001,-0.91689956,-0.8118385,ETTh2::iTransformer
2018-01-20 21:00:00,-0.93584687,-1.1155682,-0.93584687,-0.8620192,ETTh2::iTransformer
2018-01-20 22:00:00,-0.9547943,-1.1937195,-0.9547943,-0.94101995,ETTh2::iTransformer
2018-01-20 23:00:00,-0.9927753,-1.1556492,-0.9927753,-0.88630825,ETTh2::iTransformer
2018-01-21 00:00:00,-0.9927753,-1.1183925,-0.9927753,-0.8252313,ETTh2::iTransformer
2018-01-21 01:00:00,-1.0496607,-1.1143098,-1.0496607,-0.8855337,ETTh2::iTransformer
2018-01-10 06:45:00,-1.598484,-1.616296,-1.598484,-1.6410533,ETTm1::Autoformer
2018-01-10 07:00:00,-1.590853,-1.6711744,-1.590853,-1.6423385,ETTm1::Autoformer
2018-01-10 07:15:00,-1.6061151,-1.6581601,-1.6061151,-1.5944886,ETTm1::Autoformer
2018-01-10 07:30:00,-1.6214862,-1.6529883,-1.6214862,-1.580848,ETTm1::Autoformer
2018-01-10 07:45:00,-1.5524796,-1.6619049,-1.5524796,-1.6067384,ETTm1::Autoformer
2018-01-10 08:00:00,-1.6751217,-1.6509084,-1.6751217,-1.6213728,ETTm1::Autoformer
2018-01-10 08:15:00,-1.6828618,-1.6518793,-1.6828618,-1.6545697,ETTm1::Autoformer
2018-01-10 08:30:00,-1.6981239,-1.6240383,-1.6981239,-1.6546593,ETTm1::Autoformer
2018-01-10 08:45:00,-1.7211261,-1.616792,-1.7211261,-1.6821232,ETTm1::Autoformer
2018-01-10 09:00:00,-1.6904929,-1.6186455,-1.6904929,-1.7165847,ETTm1::Autoformer
2018-01-10 09:15:00,-1.6598595,-1.6095676,-1.6598595,-1.7593775,ETTm1::Autoformer
2018-01-10 09:30:00,-1.6598595,-1.597676,-1.6598595,-1.8101134,ETTm1::Autoformer
2018-01-10 09:45:00,-1.5754818,-1.5974706,-1.5754818,-1.8514032,ETTm1::Autoformer
2018-01-10 10:00:00,-1.5524796,-1.5725362,-1.5524796,-1.8457673,ETTm1::Autoformer
2018-01-10 10:15:00,-1.5447395,-1.5666652,-1.5447395,-1.8460253,ETTm1::Autoformer
2018-01-10 10:30:00,-1.4757329,-1.562972,-1.4757329,-1.8403717,ETTm1::Autoformer
2018-01-10 10:45:00,-1.3913552,-1.5594798,-1.3913552,-1.8306537,ETTm1::Autoformer
2018-01-10 11:00:00,-1.4450997,-1.5730126,-1.4450997,-1.817638,ETTm1::Autoformer
2018-01-10 11:15:00,-1.4911041,-1.5934271,-1.4911041,-1.7971835,ETTm1::Autoformer
2018-01-10 11:30:00,-1.4911041,-1.606467,-1.4911041,-1.773755,ETTm1::Autoformer
2018-01-10 11:45:00,-1.4987351,-1.6103686,-1.4987351,-1.74331,ETTm1::Autoformer
2018-01-10 12:00:00,-1.5524796,-1.6053282,-1.5524796,-1.71196,ETTm1::Autoformer
2018-01-10 12:15:00,-1.5677418,-1.5931467,-1.5677418,-1.6959844,ETTm1::Autoformer
2018-01-10 12:30:00,-1.590853,-1.5715929,-1.590853,-1.7104224,ETTm1::Autoformer
2018-01-10 12:45:00,-1.590853,-1.5556502,-1.590853,-1.7412672,ETTm1::Autoformer
2018-01-10 13:00:00,-1.5831128,-1.5371102,-1.5831128,-1.7805766,ETTm1::Autoformer
2018-01-10 13:15:00,-1.5064752,-1.5195006,-1.5064752,-1.8192523,ETTm1::Autoformer
2018-01-10 13:30:00,-1.4987351,-1.5092791,-1.4987351,-1.8623778,ETTm1::Autoformer
2018-01-10 13:45:00,-1.5064752,-1.5076346,-1.5064752,-1.9103993,ETTm1::Autoformer
2018-01-10 14:00:00,-1.598484,-1.5143152,-1.598484,-1.9559002,ETTm1::Autoformer
2018-01-10 14:15:00,-1.5524796,-1.5282491,-1.5524796,-1.9906439,ETTm1::Autoformer
2018-01-10 14:30:00,-1.5677418,-1.5413016,-1.5677418,-2.0111368,ETTm1::Autoformer
2018-01-10 14:45:00,-1.5754818,-1.5498255,-1.5754818,-2.0160644,ETTm1::Autoformer
2018-01-10 15:00:00,-1.5524796,-1.5530018,-1.5524796,-2.0107157,ETTm1::Autoformer
2018-01-10 15:15:00,-1.5294774,-1.5510374,-1.5294774,-2.0007305,ETTm1::Autoformer
2018-01-10 15:30:00,-1.5447395,-1.5549,-1.5447395,-1.9870664,ETTm1::Autoformer
2018-01-10 15:45:00,-1.5371084,-1.5571537,-1.5371084,-1.9704782,ETTm1::Autoformer
2018-01-10 16:00:00,-1.5677418,-1.5590404,-1.5677418,-1.9493937,ETTm1::Autoformer
2018-01-10 16:15:00,-1.5754818,-1.5592202,-1.5754818,-1.9254801,ETTm1::Autoformer
2018-01-10 16:30:00,-1.5831128,-1.5558953,-1.5831128,-1.8962085,ETTm1::Autoformer
2018-01-10 16:45:00,-1.5677418,-1.5499591,-1.5677418,-1.874315,ETTm1::Autoformer
2018-01-10 17:00:00,-1.6214862,-1.5406462,-1.6214862,-1.865837,ETTm1::Autoformer
2018-01-10 17:15:00,-1.6444885,-1.5240229,-1.6444885,-1.8643869,ETTm1::Autoformer
2018-01-10 17:30:00,-1.6444885,-1.5022883,-1.6444885,-1.866336,ETTm1::Autoformer
2018-01-10 17:45:00,-1.6061151,-1.4936496,-1.6061151,-1.8751383,ETTm1::Autoformer
2018-01-10 18:00:00,-1.5294774,-1.501626,-1.5294774,-1.8975573,ETTm1::Autoformer
2018-01-10 18:15:00,-1.5294774,-1.5172142,-1.5294774,-1.9392803,ETTm1::Autoformer
2018-01-10 18:30:00,-1.5524796,-1.5306773,-1.5524796,-1.995117,ETTm1::Autoformer
2018-01-10 18:45:00,-1.5754818,-1.5447421,-1.5754818,-2.041678,ETTm1::Autoformer
2018-01-10 19:00:00,-1.5677418,-1.558115,-1.5677418,-2.0724568,ETTm1::Autoformer
2018-01-10 19:15:00,-1.6138551,-1.5699414,-1.6138551,-2.0910022,ETTm1::Autoformer
2018-01-10 19:30:00,-1.5677418,-1.5827029,-1.5677418,-2.096539,ETTm1::Autoformer
2018-01-10 19:45:00,-1.5371084,-1.5920454,-1.5371084,-2.0898604,ETTm1::Autoformer
2018-01-10 20:00:00,-1.4987351,-1.6014853,-1.4987351,-2.0839396,ETTm1::Autoformer
2018-01-10 20:15:00,-1.5064752,-1.6118084,-1.5064752,-2.090338,ETTm1::Autoformer
2018-01-10 20:30:00,-1.5217373,-1.6245289,-1.5217373,-2.1045196,ETTm1::Autoformer
2018-01-10 20:45:00,-1.5064752,-1.6153449,-1.5064752,-2.0843632,ETTm1::Autoformer
2018-01-10 21:00:00,-1.5371084,-1.6178111,-1.5371084,-2.0569928,ETTm1::Autoformer
2018-01-10 21:15:00,-1.5371084,-1.6030364,-1.5371084,-2.0112927,ETTm1::Autoformer
2018-01-10 21:30:00,-1.5447395,-1.5949899,-1.5447395,-1.9882945,ETTm1::Autoformer
2018-01-10 21:45:00,-1.5141063,-1.597481,-1.5141063,-1.9870411,ETTm1::Autoformer
2018-01-10 22:00:00,-1.5141063,-1.6053612,-1.5141063,-1.9970874,ETTm1::Autoformer
2018-01-10 22:15:00,-1.4987351,-1.6049031,-1.4987351,-2.0035887,ETTm1::Autoformer
2018-01-10 22:30:00,-1.4834731,-1.6034118,-1.4834731,-2.006556,ETTm1::Autoformer
2018-01-10 22:45:00,-1.4681019,-1.6085242,-1.4681019,-2.0097363,ETTm1::Autoformer
2018-01-10 23:00:00,-1.4757329,-1.6176069,-1.4757329,-2.0181077,ETTm1::Autoformer
2018-01-10 23:15:00,-1.5064752,-1.6181405,-1.5064752,-2.0442061,ETTm1::Autoformer
2018-01-10 23:30:00,-1.5141063,-1.6140406,-1.5141063,-2.0855453,ETTm1::Autoformer
2018-01-10 23:45:00,-1.5294774,-1.6311051,-1.5294774,-2.1239357,ETTm1::Autoformer
2018-01-11 00:00:00,-1.5217373,-1.5947239,-1.5217373,-2.1235461,ETTm1::Autoformer
2018-01-11 00:15:00,-1.5371084,-1.601687,-1.5371084,-2.1428666,ETTm1::Autoformer
2018-01-11 00:30:00,-1.5371084,-1.5924356,-1.5371084,-2.136327,ETTm1::Autoformer
2018-01-11 00:45:00,-1.5447395,-1.5769299,-1.5447395,-2.1127272,ETTm1::Autoformer
2018-01-11 01:00:00,-1.5217373,-1.5605491,-1.5217373,-2.0837877,ETTm1::Autoformer
2018-01-11 01:15:00,-1.5371084,-1.5385795,-1.5371084,-2.0536149,ETTm1::Autoformer
2018-01-11 01:30:00,-1.5064752,-1.5119675,-1.5064752,-2.0339546,ETTm1::Autoformer
2018-01-11 01:45:00,-1.5447395,-1.4992931,-1.5447395,-2.0169103,ETTm1::Autoformer
2018-01-11 02:00:00,-1.5754818,-1.5115013,-1.5754818,-1.9807094,ETTm1::Autoformer
2018-01-11 02:15:00,-1.5294774,-1.5122925,-1.5294774,-1.9355091,ETTm1::Autoformer
2018-01-11 02:30:00,-1.5524796,-1.4992595,-1.5524796,-1.9024472,ETTm1::Autoformer
2018-01-11 02:45:00,-1.4987351,-1.4844955,-1.4987351,-1.8745869,ETTm1::Autoformer
2018-01-11 03:00:00,-1.4681019,-1.4994336,-1.4681019,-1.876556,ETTm1::Autoformer
2018-01-11 03:15:00,-1.4374686,-1.5165633,-1.4374686,-1.8763046,ETTm1::Autoformer
2018-01-11 03:30:00,-1.5217373,-1.5454197,-1.5217373,-1.8857837,ETTm1::Autoformer
2018-01-11 03:45:00,-1.5601107,-1.5351744,-1.5601107,-1.8833519,ETTm1::Autoformer
2018-01-11 04:00:00,-1.5141063,-1.5038669,-1.5141063,-1.8862009,ETTm1::Autoformer
2018-01-11 04:15:00,-1.4681019,-1.4724514,-1.4681019,-1.8858186,ETTm1::Autoformer
2018-01-11 04:30:00,-1.4757329,-1.4511049,-1.4757329,-1.8937197,ETTm1::Autoformer
2018-01-11 04:45:00,-1.4527308,-1.4389158,-1.4527308,-1.8994696,ETTm1::Autoformer
2018-01-11 05:00:00,-1.4987351,-1.4255002,-1.4987351,-1.9006158,ETTm1::Autoformer
2018-01-11 05:15:00,-1.5371084,-1.4144098,-1.5371084,-1.8881681,ETTm1::Autoformer
2018-01-11 05:30:00,-1.5294774,-1.3836712,-1.5294774,-1.866638,ETTm1::Autoformer
2018-01-11 05:45:00,-1.5064752,-1.3414444,-1.5064752,-1.8258629,ETTm1::Autoformer
2018-01-11 06:00:00,-1.4834731,-1.3086563,-1.4834731,-1.7833412,ETTm1::Autoformer
2018-01-11 06:15:00,-1.4911041,-1.3183098,-1.4911041,-1.7306799,ETTm1::Autoformer
2018-01-11 06:30:00,-1.4604708,-1.307228,-1.4604708,-1.7375568,ETTm1::Autoformer
2018-02-03 02:45:00,-1.8668793,-1.8978925,-1.8668793,-1.6579084,ETTm1::Crossformer
2018-02-03 03:00:00,-1.7902417,-1.9456035,-1.7902417,-1.7167792,ETTm1::Crossformer
2018-02-03 03:15:00,-1.7288661,-1.6892059,-1.7288661,-1.5051457,ETTm1::Crossformer
2018-02-03 03:30:00,-1.7364972,-1.9179604,-1.7364972,-1.6544497,ETTm1::Crossformer
2018-02-03 03:45:00,-1.7364972,-1.8177391,-1.7364972,-1.525221,ETTm1::Crossformer
2018-02-03 04:00:00,-1.7211261,-1.7779894,-1.7211261,-1.5341067,ETTm1::Crossformer
2018-02-03 04:15:00,-1.7211261,-1.9050863,-1.7211261,-1.5734569,ETTm1::Crossformer
2018-02-03 04:30:00,-1.7364972,-1.905054,-1.7364972,-1.6171694,ETTm1::Crossformer
2018-02-03 04:45:00,-1.7825016,-1.7755897,-1.7825016,-1.5323389,ETTm1::Crossformer
2018-02-03 05:00:00,-1.7825016,-1.7299857,-1.7825016,-1.488013,ETTm1::Crossformer
2018-02-03 05:15:00,-1.7518684,-1.8346223,-1.7518684,-1.5565779,ETTm1::Crossformer
2018-02-03 05:30:00,-1.7748705,-1.7836726,-1.7748705,-1.4767826,ETTm1::Crossformer
2018-02-03 05:45:00,-1.8055038,-1.8768234,-1.8055038,-1.5841981,ETTm1::Crossformer
2018-02-03 06:00:00,-1.8668793,-1.8983293,-1.8668793,-1.6257641,ETTm1::Crossformer
2018-02-03 06:15:00,-1.8132439,-1.7653666,-1.8132439,-1.5514445,ETTm1::Crossformer
2018-02-03 06:30:00,-1.8668793,-1.8773031,-1.8668793,-1.6071172,ETTm1::Crossformer
2018-02-03 06:45:00,-1.8668793,-1.8422772,-1.8668793,-1.5756737,ETTm1::Crossformer
2018-02-03 07:00:00,-1.8668793,-1.8824477,-1.8668793,-1.5576439,ETTm1::Crossformer
2018-02-03 07:15:00,-1.8668793,-1.7969995,-1.8668793,-1.4814689,ETTm1::Crossformer
2018-02-03 07:30:00,-1.8668793,-1.8095661,-1.8668793,-1.516342,ETTm1::Crossformer
2018-02-03 07:45:00,-1.8668793,-1.620323,-1.8668793,-1.3425035,ETTm1::Crossformer
2018-02-03 08:00:00,-1.8668793,-1.6307839,-1.8668793,-1.3587968,ETTm1::Crossformer
2018-02-03 08:15:00,-1.7978728,-1.6811355,-1.7978728,-1.404282,ETTm1::Crossformer
2018-02-03 08:30:00,-1.7671305,-1.6581916,-1.7671305,-1.3117532,ETTm1::Crossformer
2018-02-03 08:45:00,-1.7441282,-1.6543179,-1.7441282,-1.4303719,ETTm1::Crossformer
2018-02-03 09:00:00,-1.7825016,-1.7137077,-1.7825016,-1.5211377,ETTm1::Crossformer
2018-02-03 09:15:00,-1.7518684,-1.6546702,-1.7518684,-1.520293,ETTm1::Crossformer
2018-02-03 09:30:00,-1.7441282,-1.6890857,-1.7441282,-1.4816408,ETTm1::Crossformer
2018-02-03 09:45:00,-1.7364972,-1.5672885,-1.7364972,-1.3501203,ETTm1::Crossformer
2018-02-03 10:00:00,-1.713495,-1.6424046,-1.713495,-1.4074917,ETTm1::Crossformer
2018-02-03 10:15:00,-1.713495,-1.6508045,-1.713495,-1.4322263,ETTm1::Crossformer
2018-02-03 10:30:00,-1.705864,-1.6860769,-1.705864,-1.4623367,ETTm1::Crossformer
2018-02-03 10:45:00,-1.6981239,-1.6025221,-1.6981239,-1.4020216,ETTm1::Crossformer
2018-02-03 11:00:00,-1.6444885,-1.5965879,-1.6444885,-1.385622,ETTm1::Crossformer
2018-02-03 11:15:00,-1.6904929,-1.6008376,-1.6904929,-1.3773577,ETTm1::Crossformer
2018-02-03 11:30:00,-1.7518684,-1.5591141,-1.7518684,-1.2677774,ETTm1::Crossformer
2018-02-03 11:45:00,-1.7211261,-1.6883373,-1.7211261,-1.4593492,ETTm1::Crossformer
2018-02-03 12:00:00,-1.7288661,-1.7321136,-1.7288661,-1.4885516,ETTm1::Crossformer
2018-02-03 12:15:00,-1.7211261,-1.5960783,-1.7211261,-1.4114777,ETTm1::Crossformer
2018-02-03 12:30:00,-1.7288661,-1.606688,-1.7288661,-1.3522642,ETTm1::Crossformer
2018-02-03 12:45:00,-1.713495,-1.474233,-1.713495,-1.2857158,ETTm1::Crossformer
2018-02-03 13:00:00,-1.6521195,-1.597153,-1.6521195,-1.369037,ETTm1::Crossformer
2018-02-03 13:15:00,-1.6444885,-1.6532788,-1.6444885,-1.400149,ETTm1::Crossformer
2018-02-03 13:30:00,-1.5754818,-1.6360375,-1.5754818,-1.4061434,ETTm1::Crossformer
2018-02-03 13:45:00,-1.4757329,-1.4169517,-1.4757329,-1.1908085,ETTm1::Crossformer
2018-02-03 14:00:00,-1.4911041,-1.3880564,-1.4911041,-1.1754398,ETTm1::Crossformer
2018-02-03 14:15:00,-1.4604708,-1.43769,-1.4604708,-1.1867689,ETTm1::Crossformer
2018-02-03 14:30:00,-1.4757329,-1.3387555,-1.4757329,-1.1055202,ETTm1::Crossformer
2018-02-03 14:45:00,-1.4757329,-1.5266669,-1.4757329,-1.2963376,ETTm1::Crossformer
2018-02-03 15:00:00,-1.4911041,-1.5717205,-1.4911041,-1.3465347,ETTm1::Crossformer
2018-02-03 15:15:00,-1.4987351,-1.4302958,-1.4987351,-1.2629418,ETTm1::Crossformer
2018-02-03 15:30:00,-1.4834731,-1.6542314,-1.4834731,-1.364916,ETTm1::Crossformer
2018-02-03 15:45:00,-1.4681019,-1.4939266,-1.4681019,-1.2648947,ETTm1::Crossformer
2018-02-03 16:00:00,-1.4681019,-1.4405926,-1.4681019,-1.2302061,ETTm1::Crossformer
2018-02-03 16:15:00,-1.5294774,-1.6489285,-1.5294774,-1.374639,ETTm1::Crossformer
2018-02-03 16:30:00,-1.5217373,-1.6040242,-1.5217373,-1.371589,ETTm1::Crossformer
2018-02-03 16:45:00,-1.5371084,-1.4858189,-1.5371084,-1.2763397,ETTm1::Crossformer
2018-02-03 17:00:00,-1.5141063,-1.4966631,-1.5141063,-1.2503515,ETTm1::Crossformer
2018-02-03 17:15:00,-1.5524796,-1.4985626,-1.5524796,-1.2673696,ETTm1::Crossformer
2018-02-03 17:30:00,-1.5601107,-1.4370427,-1.5601107,-1.1994282,ETTm1::Crossformer
2018-02-03 17:45:00,-1.5601107,-1.6035597,-1.5601107,-1.3593904,ETTm1::Crossformer
2018-02-03 18:00:00,-1.598484,-1.595214,-1.598484,-1.3939013,ETTm1::Crossformer
2018-02-03 18:15:00,-1.6291173,-1.4569283,-1.6291173,-1.2668297,ETTm1::Crossformer
2018-02-03 18:30:00,-1.598484,-1.6156569,-1.598484,-1.35398,ETTm1::Crossformer
2018-02-03 18:45:00,-1.6061151,-1.5798258,-1.6061151,-1.3326347,ETTm1::Crossformer
2018-02-03 19:00:00,-1.6061151,-1.6208272,-1.6061151,-1.3667352,ETTm1::Crossformer
2018-02-03 19:15:00,-1.6291173,-1.6611896,-1.6291173,-1.3737481,ETTm1::Crossformer
2018-02-03 19:30:00,-1.6368574,-1.6583782,-1.6368574,-1.3804373,ETTm1::Crossformer
2018-02-03 19:45:00,-1.6751217,-1.5335094,-1.6751217,-1.3339318,ETTm1::Crossformer
2018-02-03 20:00:00,-1.6828618,-1.6069217,-1.6828618,-1.3632296,ETTm1::Crossformer
2018-02-03 20:15:00,-1.6904929,-1.609441,-1.6904929,-1.3698392,ETTm1::Crossformer
2018-02-03 20:30:00,-1.7211261,-1.6757897,-1.7211261,-1.3881727,ETTm1::Crossformer
2018-02-03 20:45:00,-1.705864,-1.6502502,-1.705864,-1.3771659,ETTm1::Crossformer
2018-02-03 21:00:00,-1.7288661,-1.6824011,-1.7288661,-1.4726712,ETTm1::Crossformer
2018-02-03 21:15:00,-1.7594994,-1.6097656,-1.7594994,-1.3792816,ETTm1::Crossformer
2018-02-03 21:30:00,-1.713495,-1.6949842,-1.713495,-1.4220977,ETTm1::Crossformer
2018-02-03 21:45:00,-1.6598595,-1.6272874,-1.6598595,-1.3134826,ETTm1::Crossformer
2018-02-03 22:00:00,-1.6291173,-1.6074871,-1.6291173,-1.3321105,ETTm1::Crossformer
2018-02-03 22:15:00,-1.6444885,-1.5758578,-1.6444885,-1.3004103,ETTm1::Crossformer
2018-02-03 22:30:00,-1.7211261,-1.6497979,-1.7211261,-1.4017154,ETTm1::Crossformer
2018-02-03 22:45:00,-1.7748705,-1.4613984,-1.7748705,-1.2147007,ETTm1::Crossformer
2018-02-03 23:00:00,-1.7825016,-1.5742654,-1.7825016,-1.319276,ETTm1::Crossformer
2018-02-03 23:15:00,-1.7671305,-1.5884051,-1.7671305,-1.3307955,ETTm1::Crossformer
2018-02-03 23:30:00,-1.7211261,-1.6142204,-1.7211261,-1.2787087,ETTm1::Crossformer
2018-02-03 23:45:00,-1.6828618,-1.6259326,-1.6828618,-1.3432497,ETTm1::Crossformer
2018-02-04 00:00:00,-1.6598595,-1.7199252,-1.6598595,-1.4741182,ETTm1::Crossformer
2018-02-04 00:15:00,-1.6674906,-1.6060344,-1.6674906,-1.3509674,ETTm1::Crossformer
2018-02-04 00:30:00,-1.6674906,-1.7215014,-1.6674906,-1.3963857,ETTm1::Crossformer
2018-02-04 00:45:00,-1.6751217,-1.7098006,-1.6751217,-1.3701367,ETTm1::Crossformer
2018-02-04 01:00:00,-1.6674906,-1.6874526,-1.6674906,-1.3723516,ETTm1::Crossformer
2018-02-04 01:15:00,-1.6444885,-1.673723,-1.6444885,-1.3442535,ETTm1::Crossformer
2018-02-04 01:30:00,-1.6214862,-1.6588383,-1.6214862,-1.3830789,ETTm1::Crossformer
2018-02-04 01:45:00,-1.598484,-1.5140884,-1.598484,-1.2298558,ETTm1::Crossformer
2018-02-04 02:00:00,-1.6214862,-1.5548668,-1.6214862,-1.2428536,ETTm1::Crossformer
2018-02-04 02:15:00,-1.6444885,-1.5697584,-1.6444885,-1.2882547,ETTm1::Crossformer
2018-02-04 02:30:00,-1.6291173,-1.5288364,-1.6291173,-1.2443407,ETTm1::Crossformer
2017-12-30 14:45:00,-1.5217373,-1.4988585,-1.5217373,-1.4989271,ETTm1::PatchTST
2017-12-30 15:00:00,-1.5754818,-1.493314,-1.5754818,-1.505383,ETTm1::PatchTST
2017-12-30 15:15:00,-1.5064752,-1.5006146,-1.5064752,-1.5038996,ETTm1::PatchTST
2017-12-30 15:30:00,-1.4911041,-1.479549,-1.4911041,-1.4881258,ETTm1::PatchTST
2017-12-30 15:45:00,-1.4144664,-1.4749295,-1.4144664,-1.4834545,ETTm1::PatchTST
2017-12-30 16:00:00,-1.5064752,-1.4655551,-1.5064752,-1.4796259,ETTm1::PatchTST
2017-12-30 16:15:00,-1.5524796,-1.4488969,-1.5524796,-1.4687369,ETTm1::PatchTST
2017-12-30 16:30:00,-1.4911041,-1.4498599,-1.4911041,-1.4582348,ETTm1::PatchTST
2017-12-30 16:45:00,-1.4604708,-1.4671668,-1.4604708,-1.4724133,ETTm1::PatchTST
2017-12-30 17:00:00,-1.4374686,-1.4534513,-1.4374686,-1.4647466,ETTm1::PatchTST
2017-12-30 17:15:00,-1.3990953,-1.4495227,-1.3990953,-1.4650488,ETTm1::PatchTST
2017-12-30 17:30:00,-1.3990953,-1.4480436,-1.3990953,-1.4592897,ETTm1::PatchTST
2017-12-30 17:45:00,-1.376093,-1.4452455,-1.376093,-1.4640789,ETTm1::PatchTST
2017-12-30 18:00:00,-1.3530909,-1.464255,-1.3530909,-1.4677052,ETTm1::PatchTST
2017-12-30 18:15:00,-1.3530909,-1.4375883,-1.3530909,-1.4520748,ETTm1::PatchTST
2017-12-30 18:30:00,-1.3837241,-1.4269226,-1.3837241,-1.4435786,ETTm1::PatchTST
2017-12-30 18:45:00,-1.3913552,-1.4380529,-1.3913552,-1.4546342,ETTm1::PatchTST
2017-12-30 19:00:00,-1.4144664,-1.4436923,-1.4144664,-1.4643996,ETTm1::PatchTST
2017-12-30 19:15:00,-1.4144664,-1.426579,-1.4144664,-1.4544002,ETTm1::PatchTST
2017-12-30 19:30:00,-1.3990953,-1.428087,-1.3990953,-1.4518614,ETTm1::PatchTST
2017-12-30 19:45:00,-1.4220974,-1.4387969,-1.4220974,-1.4515182,ETTm1::PatchTST
2017-12-30 20:00:00,-1.4067264,-1.4289497,-1.4067264,-1.4553703,ETTm1::PatchTST
2017-12-30 20:15:00,-1.3990953,-1.4167802,-1.3990953,-1.452306,ETTm1::PatchTST
2017-12-30 20:30:00,-1.3837241,-1.422806,-1.3837241,-1.4502625,ETTm1::PatchTST
2017-12-30 20:45:00,-1.3913552,-1.4033273,-1.3913552,-1.4358057,ETTm1::PatchTST
2017-12-30 21:00:00,-1.3990953,-1.426282,-1.3990953,-1.4532825,ETTm1::PatchTST
2017-12-30 21:15:00,-1.376093,-1.4276768,-1.376093,-1.4541527,ETTm1::PatchTST
2017-12-30 21:30:00,-1.376093,-1.404853,-1.376093,-1.4465841,ETTm1::PatchTST
2017-12-30 21:45:00,-1.376093,-1.4291992,-1.376093,-1.4635804,ETTm1::PatchTST
2017-12-30 22:00:00,-1.3990953,-1.4298654,-1.3990953,-1.4747695,ETTm1::PatchTST
2017-12-30 22:15:00,-1.376093,-1.4332753,-1.376093,-1.4739069,ETTm1::PatchTST
2017-12-30 22:30:00,-1.360722,-1.4110665,-1.360722,-1.4644451,ETTm1::PatchTST
2017-12-30 22:45:00,-1.376093,-1.394721,-1.376093,-1.440315,ETTm1::PatchTST
2017-12-30 23:00:00,-1.3837241,-1.4083462,-1.3837241,-1.4614391,ETTm1::PatchTST
2017-12-30 23:15:00,-1.4144664,-1.4129573,-1.4144664,-1.4627237,ETTm1::PatchTST
2017-12-30 23:30:00,-1.4067264,-1.4085795,-1.4067264,-1.4523877,ETTm1::PatchTST
2017-12-30 23:45:00,-1.4067264,-1.4220259,-1.4067264,-1.4713607,ETTm1::PatchTST
2017-12-31 00:00:00,-1.4067264,-1.416945,-1.4067264,-1.4613042,ETTm1::PatchTST
2017-12-31 00:15:00,-1.4067264,-1.4255536,-1.4067264,-1.4776902,ETTm1::PatchTST
2017-12-31 00:30:00,-1.4067264,-1.4170347,-1.4067264,-1.4801972,ETTm1::PatchTST
2017-12-31 00:45:00,-1.4067264,-1.4222614,-1.4067264,-1.4774177,ETTm1::PatchTST
2017-12-31 01:00:00,-1.4067264,-1.4114665,-1.4067264,-1.4691792,ETTm1::PatchTST
2017-12-31 01:15:00,-1.4067264,-1.426762,-1.4067264,-1.483133,ETTm1::PatchTST
2017-12-31 01:30:00,-1.4067264,-1.4237655,-1.4067264,-1.482084,ETTm1::PatchTST
2017-12-31 01:45:00,-1.4067264,-1.4042702,-1.4067264,-1.4710804,ETTm1::PatchTST
2017-12-31 02:00:00,-1.4067264,-1.4101719,-1.4067264,-1.465573,ETTm1::PatchTST
2017-12-31 02:15:00,-1.4067264,-1.3983412,-1.4067264,-1.4633809,ETTm1::PatchTST
2017-12-31 02:30:00,-1.4067264,-1.4196973,-1.4067264,-1.4865488,ETTm1::PatchTST
2017-12-31 02:45:00,-1.4067264,-1.3974867,-1.4067264,-1.4753987,ETTm1::PatchTST
2017-12-31 03:00:00,-1.4067264,-1.3984361,-1.4067264,-1.4685228,ETTm1::PatchTST
2017-12-31 03:15:00,-1.4067264,-1.4069173,-1.4067264,-1.4943457,ETTm1::PatchTST
2017-12-31 03:30:00,-1.4067264,-1.4055566,-1.4067264,-1.479524,ETTm1::PatchTST
2017-12-31 03:45:00,-1.4067264,-1.4122409,-1.4067264,-1.493766,ETTm1::PatchTST
2017-12-31 04:00:00,-1.4067264,-1.412671,-1.4067264,-1.484864,ETTm1::PatchTST
2017-12-31 04:15:00,-1.4067264,-1.4003835,-1.4067264,-1.4733332,ETTm1::PatchTST
2017-12-31 04:30:00,-1.4067264,-1.426903,-1.4067264,-1.496361,ETTm1::PatchTST
2017-12-31 04:45:00,-1.4067264,-1.3947861,-1.4067264,-1.4766849,ETTm1::PatchTST
2017-12-31 05:00:00,-1.4067264,-1.3991071,-1.4067264,-1.4757934,ETTm1::PatchTST
2017-12-31 05:15:00,-1.4067264,-1.3937216,-1.4067264,-1.4593165,ETTm1::PatchTST
2017-12-31 05:30:00,-1.4067264,-1.4130688,-1.4067264,-1.4857045,ETTm1::PatchTST
2017-12-31 05:45:00,-1.4067264,-1.4112638,-1.4067264,-1.4741802,ETTm1::PatchTST
2017-12-31 06:00:00,-1.4067264,-1.4162352,-1.4067264,-1.4840593,ETTm1::PatchTST
2017-12-31 06:15:00,-1.4067264,-1.4023176,-1.4067264,-1.4687825,ETTm1::PatchTST
2017-12-31 06:30:00,-1.4067264,-1.4060751,-1.4067264,-1.4770259,ETTm1::PatchTST
2017-12-31 06:45:00,-1.4067264,-1.4199228,-1.4067264,-1.4918443,ETTm1::PatchTST
2017-12-31 07:00:00,-1.4067264,-1.4172925,-1.4067264,-1.479081,ETTm1::PatchTST
2017-12-31 07:15:00,-1.4067264,-1.412193,-1.4067264,-1.4681628,ETTm1::PatchTST
2017-12-31 07:30:00,-1.4067264,-1.4083489,-1.4067264,-1.4655333,ETTm1::PatchTST
2017-12-31 07:45:00,-1.4067264,-1.414899,-1.4067264,-1.474809,ETTm1::PatchTST
2017-12-31 08:00:00,-1.4067264,-1.4035219,-1.4067264,-1.4593078,ETTm1::PatchTST
2017-12-31 08:15:00,-1.4067264,-1.4262141,-1.4067264,-1.4662995,ETTm1::PatchTST
2017-12-31 08:30:00,-1.4067264,-1.3837187,-1.4067264,-1.4452947,ETTm1::PatchTST
2017-12-31 08:45:00,-1.4067264,-1.4120513,-1.4067264,-1.4524374,ETTm1::PatchTST
2017-12-31 09:00:00,-1.4067264,-1.4151977,-1.4067264,-1.4515862,ETTm1::PatchTST
2017-12-31 09:15:00,-1.4067264,-1.3927749,-1.4067264,-1.4343823,ETTm1::PatchTST
2017-12-31 09:30:00,-1.4067264,-1.4047029,-1.4067264,-1.445286,ETTm1::PatchTST
2017-12-31 09:45:00,-1.4067264,-1.4138434,-1.4067264,-1.4502075,ETTm1::PatchTST
2017-12-31 10:00:00,-1.4067264,-1.4002773,-1.4067264,-1.4419662,ETTm1::PatchTST
2017-12-31 10:15:00,-1.4067264,-1.4290129,-1.4067264,-1.4547042,ETTm1::PatchTST
2017-12-31 10:30:00,-1.4067264,-1.3924482,-1.4067264,-1.4294991,ETTm1::PatchTST
2017-12-31 10:45:00,-1.4067264,-1.3905811,-1.4067264,-1.4269133,ETTm1::PatchTST
2017-12-31 11:00:00,-1.4067264,-1.4024018,-1.4067264,-1.439212,ETTm1::PatchTST
2017-12-31 11:15:00,-1.4067264,-1.4051317,-1.4067264,-1.4365603,ETTm1::PatchTST
2017-12-31 11:30:00,-1.4067264,-1.4177766,-1.4067264,-1.4498104,ETTm1::PatchTST
2017-12-31 11:45:00,-1.4067264,-1.4147468,-1.4067264,-1.4506594,ETTm1::PatchTST
2017-12-31 12:00:00,-1.4067264,-1.3812407,-1.4067264,-1.4178058,ETTm1::PatchTST
2017-12-31 12:15:00,-1.4067264,-1.4048297,-1.4067264,-1.4270808,ETTm1::PatchTST
2017-12-31 12:30:00,-1.4067264,-1.397577,-1.4067264,-1.4356202,ETTm1::PatchTST
2017-12-31 12:45:00,-1.4067264,-1.389878,-1.4067264,-1.43093,ETTm1::PatchTST
2017-12-31 13:00:00,-1.4067264,-1.3939981,-1.4067264,-1.4323537,ETTm1::PatchTST
2017-12-31 13:15:00,-1.4067264,-1.4141941,-1.4067264,-1.4435232,ETTm1::PatchTST
2017-12-31 13:30:00,-1.4067264,-1.4093463,-1.4067264,-1.4372057,ETTm1::PatchTST
2017-12-31 13:45:00,-1.4067264,-1.4137341,-1.4067264,-1.4401077,ETTm1::PatchTST
2017-12-31 14:00:00,-1.4067264,-1.4130629,-1.4067264,-1.4442769,ETTm1::PatchTST
2017-12-31 14:15:00,-1.4067264,-1.4283315,-1.4067264,-1.4561945,ETTm1::PatchTST
2017-12-31 14:30:00,-1.4067264,-1.4006895,-1.4067264,-1.4283905,ETTm1::PatchTST
2018-01-14 19:30:00,-1.245711,-1.1843168,-1.245711,-1.1718948,ETTm1::TimeXer
2018-01-14 19:45:00,-1.2840842,-1.2129126,-1.2840842,-1.2157924,ETTm1::TimeXer
2018-01-14 20:00:00,-1.245711,-1.2264111,-1.245711,-1.2494125,ETTm1::TimeXer
2018-01-14 20:15:00,-1.2840842,-1.2435949,-1.2840842,-1.2610742,ETTm1::TimeXer
2018-01-14 20:30:00,-1.2840842,-1.2535577,-1.2840842,-1.2776788,ETTm1::TimeXer
2018-01-14 20:45:00,-1.2917153,-1.2477186,-1.2917153,-1.2732167,ETTm1::TimeXer
2018-01-14 21:00:00,-1.2380799,-1.2775835,-1.2380799,-1.3109056,ETTm1::TimeXer
2018-01-14 21:15:00,-1.245711,-1.2508612,-1.245711,-1.2834319,ETTm1::TimeXer
2018-01-14 21:30:00,-1.253342,-1.28144,-1.253342,-1.311017,ETTm1::TimeXer
2018-01-14 21:45:00,-1.2303398,-1.291474,-1.2303398,-1.3285705,ETTm1::TimeXer
2018-01-14 22:00:00,-1.2150776,-1.2826431,-1.2150776,-1.3291454,ETTm1::TimeXer
2018-01-14 22:15:00,-1.2380799,-1.2966557,-1.2380799,-1.3344705,ETTm1::TimeXer
2018-01-14 22:30:00,-1.2380799,-1.2820854,-1.2380799,-1.3325087,ETTm1::TimeXer
2018-01-14 22:45:00,-1.2303398,-1.2819985,-1.2303398,-1.3332382,ETTm1::TimeXer
2018-01-14 23:00:00,-1.2380799,-1.2827933,-1.2380799,-1.3438894,ETTm1::TimeXer
2018-01-14 23:15:00,-1.253342,-1.2899536,-1.253342,-1.3473914,ETTm1::TimeXer
2018-01-14 23:30:00,-1.2150776,-1.2953976,-1.2150776,-1.3799608,ETTm1::TimeXer
2018-01-14 23:45:00,-1.2073376,-1.2941426,-1.2073376,-1.3761468,ETTm1::TimeXer
2018-01-15 00:00:00,-1.2227087,-1.2793204,-1.2227087,-1.3664713,ETTm1::TimeXer
2018-01-15 00:15:00,-1.2150776,-1.3074039,-1.2150776,-1.4019889,ETTm1::TimeXer
2018-01-15 00:30:00,-1.2073376,-1.3067244,-1.2073376,-1.3923246,ETTm1::TimeXer
2018-01-15 00:45:00,-1.2227087,-1.2959363,-1.2227087,-1.3914145,ETTm1::TimeXer
2018-01-15 01:00:00,-1.2073376,-1.2995358,-1.2073376,-1.3984268,ETTm1::TimeXer
2018-01-15 01:15:00,-1.2227087,-1.318309,-1.2227087,-1.4128327,ETTm1::TimeXer
2018-01-15 01:30:00,-1.2227087,-1.3276305,-1.2227087,-1.4266851,ETTm1::TimeXer
2018-01-15 01:45:00,-1.2303398,-1.3012648,-1.2303398,-1.4196396,ETTm1::TimeXer
2018-01-15 02:00:00,-1.2150776,-1.317825,-1.2150776,-1.4419514,ETTm1::TimeXer
2018-01-15 02:15:00,-1.2150776,-1.3226972,-1.2150776,-1.4377741,ETTm1::TimeXer
2018-01-15 02:30:00,-1.2303398,-1.3356534,-1.2303398,-1.4471453,ETTm1::TimeXer
2018-01-15 02:45:00,-1.2227087,-1.3212854,-1.2227087,-1.4362582,ETTm1::TimeXer
2018-01-15 03:00:00,-1.2227087,-1.3314464,-1.2227087,-1.4466141,ETTm1::TimeXer
2018-01-15 03:15:00,-1.2150776,-1.3308351,-1.2150776,-1.4563531,ETTm1::TimeXer
2018-01-15 03:30:00,-1.2303398,-1.3371711,-1.2303398,-1.4641447,ETTm1::TimeXer
2018-01-15 03:45:00,-1.245711,-1.3005486,-1.245711,-1.41688,ETTm1::TimeXer
2018-01-15 04:00:00,-1.2303398,-1.3240687,-1.2303398,-1.4589431,ETTm1::TimeXer
2018-01-15 04:15:00,-1.2380799,-1.3051825,-1.2380799,-1.4532633,ETTm1::TimeXer
2018-01-15 04:30:00,-1.2227087,-1.350465,-1.2227087,-1.4883289,ETTm1::TimeXer
2018-01-15 04:45:00,-1.2150776,-1.3449636,-1.2150776,-1.4875655,ETTm1::TimeXer
2018-01-15 05:00:00,-1.2380799,-1.3355638,-1.2380799,-1.4832485,ETTm1::TimeXer
2018-01-15 05:15:00,-1.3070865,-1.3444874,-1.3070865,-1.4939489,ETTm1::TimeXer
2018-01-15 05:30:00,-1.3223486,-1.3551457,-1.3223486,-1.5036561,ETTm1::TimeXer
2018-01-15 05:45:00,-1.3300887,-1.3485895,-1.3300887,-1.5005851,ETTm1::TimeXer
2018-01-15 06:00:00,-1.360722,-1.3548355,-1.360722,-1.4997156,ETTm1::TimeXer
2018-01-15 06:15:00,-1.368353,-1.332624,-1.368353,-1.4775811,ETTm1::TimeXer
2018-01-15 06:30:00,-1.376093,-1.3342516,-1.376093,-1.4758714,ETTm1::TimeXer
2018-01-15 06:45:00,-1.3913552,-1.3518662,-1.3913552,-1.4827913,ETTm1::TimeXer
2018-01-15 07:00:00,-1.4297285,-1.3513533,-1.4297285,-1.4865493,ETTm1::TimeXer
2018-01-15 07:15:00,-1.4450997,-1.3289249,-1.4450997,-1.4682776,ETTm1::TimeXer
2018-01-15 07:30:00,-1.4144664,-1.3421669,-1.4144664,-1.4787201,ETTm1::TimeXer
2018-01-15 07:45:00,-1.3837241,-1.3503146,-1.3837241,-1.483476,ETTm1::TimeXer
2018-01-15 08:00:00,-1.3913552,-1.343329,-1.3913552,-1.4785872,ETTm1::TimeXer
2018-01-15 08:15:00,-1.360722,-1.3578132,-1.360722,-1.4983791,ETTm1::TimeXer
2018-01-15 08:30:00,-1.3837241,-1.3460363,-1.3837241,-1.4865053,ETTm1::TimeXer
2018-01-15 08:45:00,-1.376093,-1.3440503,-1.376093,-1.4845092,ETTm1::TimeXer
2018-01-15 09:00:00,-1.4450997,-1.3480003,-1.4450997,-1.4900199,ETTm1::TimeXer
2018-01-15 09:15:00,-1.4220974,-1.3285998,-1.4220974,-1.4803429,ETTm1::TimeXer
2018-01-15 09:30:00,-1.3223486,-1.348714,-1.3223486,-1.4845816,ETTm1::TimeXer
2018-01-15 09:45:00,-1.3223486,-1.3233924,-1.3223486,-1.4672203,ETTm1::TimeXer
2018-01-15 10:00:00,-1.3377197,-1.3127886,-1.3377197,-1.4461629,ETTm1::TimeXer
2018-01-15 10:15:00,-1.3147175,-1.3012038,-1.3147175,-1.4617871,ETTm1::TimeXer
2018-01-15 10:30:00,-1.261082,-1.3196478,-1.261082,-1.464796,ETTm1::TimeXer
2018-01-15 10:45:00,-1.1919664,-1.303216,-1.1919664,-1.4433584,ETTm1::TimeXer
2018-01-15 11:00:00,-1.1997066,-1.2874253,-1.1997066,-1.4254384,ETTm1::TimeXer
2018-01-15 11:15:00,-1.2150776,-1.2795507,-1.2150776,-1.4200989,ETTm1::TimeXer
2018-01-15 11:30:00,-1.2380799,-1.2802681,-1.2380799,-1.4158349,ETTm1::TimeXer
2018-01-15 11:45:00,-1.245711,-1.2668877,-1.245711,-1.4060727,ETTm1::TimeXer
2018-01-15 12:00:00,-1.253342,-1.272652,-1.253342,-1.4088154,ETTm1::TimeXer
2018-01-15 12:15:00,-1.2763442,-1.2525082,-1.2763442,-1.3947731,ETTm1::TimeXer
2018-01-15 12:30:00,-1.253342,-1.2610384,-1.253342,-1.4039377,ETTm1::TimeXer
2018-01-15 12:45:00,-1.2303398,-1.2561287,-1.2303398,-1.3996267,ETTm1::TimeXer
2018-01-15 13:00:00,-1.1919664,-1.219899,-1.1919664,-1.3602657,ETTm1::TimeXer
2018-01-15 13:15:00,-1.0923265,-1.243399,-1.0923265,-1.3716406,ETTm1::TimeXer
2018-01-15 13:30:00,-1.0693244,-1.2235527,-1.0693244,-1.361337,ETTm1::TimeXer
2018-01-15 13:45:00,-1.1153288,-1.2166654,-1.1153288,-1.3467687,ETTm1::TimeXer
2018-01-15 14:00:00,-1.0923265,-1.2202812,-1.0923265,-1.3583854,ETTm1::TimeXer
2018-01-15 14:15:00,-1.1153288,-1.2289385,-1.1153288,-1.3472884,ETTm1::TimeXer
2018-01-15 14:30:00,-1.145962,-1.2301594,-1.145962,-1.3513806,ETTm1::TimeXer
2018-01-15 14:45:00,-1.1537021,-1.2195157,-1.1537021,-1.3294358,ETTm1::TimeXer
2018-01-15 15:00:00,-1.2150776,-1.2004863,-1.2150776,-1.3209411,ETTm1::TimeXer
2018-01-15 15:15:00,-1.2150776,-1.2227248,-1.2150776,-1.3438014,ETTm1::TimeXer
2018-01-15 15:30:00,-1.2073376,-1.1975404,-1.2073376,-1.3227162,ETTm1::TimeXer
2018-01-15 15:45:00,-1.1767043,-1.2347957,-1.1767043,-1.342845,ETTm1::TimeXer
2018-01-15 16:00:00,-1.2150776,-1.2194515,-1.2150776,-1.3373252,ETTm1::TimeXer
2018-01-15 16:15:00,-1.1843354,-1.1913426,-1.1843354,-1.3046592,ETTm1::TimeXer
2018-01-15 16:30:00,-1.1843354,-1.1855814,-1.1843354,-1.2966177,ETTm1::TimeXer
2018-01-15 16:45:00,-1.1767043,-1.1979325,-1.1767043,-1.3075765,ETTm1::TimeXer
2018-01-15 17:00:00,-1.1767043,-1.2093673,-1.1767043,-1.3077679,ETTm1::TimeXer
2018-01-15 17:15:00,-1.145962,-1.1951449,-1.145962,-1.3071707,ETTm1::TimeXer
2018-01-15 17:30:00,-1.145962,-1.2441984,-1.145962,-1.35711,ETTm1::TimeXer
2018-01-15 17:45:00,-1.1767043,-1.2319297,-1.1767043,-1.3400049,ETTm1::TimeXer
2018-01-15 18:00:00,-1.1843354,-1.2591679,-1.1843354,-1.3620337,ETTm1::TimeXer
2018-01-15 18:15:00,-1.1689643,-1.2590226,-1.1689643,-1.3683414,ETTm1::TimeXer
2018-01-15 18:30:00,-1.1537021,-1.2863986,-1.1537021,-1.3890346,ETTm1::TimeXer
2018-01-15 18:45:00,-1.1613332,-1.283701,-1.1613332,-1.3801368,ETTm1::TimeXer
2018-01-15 19:00:00,-1.145962,-1.2755586,-1.145962,-1.3944315,ETTm1::TimeXer
2018-01-15 19:15:00,-1.1076977,-1.30938,-1.1076977,-1.4224583,ETTm1::TimeXer
2017-11-18 03:45:00,-1.590853,-1.6177386,-1.590853,-1.8060508,ETTm1::iTransformer
2017-11-18 04:00:00,-1.598484,-1.567948,-1.598484,-1.8088894,ETTm1::iTransformer
2017-11-18 04:15:00,-1.598484,-1.6141988,-1.598484,-1.799901,ETTm1::iTransformer
2017-11-18 04:30:00,-1.6138551,-1.5984415,-1.6138551,-1.8074436,ETTm1::iTransformer
2017-11-18 04:45:00,-1.5754818,-1.6273689,-1.5754818,-1.8035052,ETTm1::iTransformer
2017-11-18 05:00:00,-1.590853,-1.5809947,-1.590853,-1.8362589,ETTm1::iTransformer
2017-11-18 05:15:00,-1.590853,-1.61559,-1.590853,-1.8227956,ETTm1::iTransformer
2017-11-18 05:30:00,-1.598484,-1.6467383,-1.598484,-1.8572786,ETTm1::iTransformer
2017-11-18 05:45:00,-1.5601107,-1.6033838,-1.5601107,-1.8373437,ETTm1::iTransformer
2017-11-18 06:00:00,-1.5831128,-1.6244583,-1.5831128,-1.8389492,ETTm1::iTransformer
2017-11-18 06:15:00,-1.5754818,-1.6065636,-1.5754818,-1.8362606,ETTm1::iTransformer
2017-11-18 06:30:00,-1.5754818,-1.5876967,-1.5754818,-1.841531,ETTm1::iTransformer
2017-11-18 06:45:00,-1.5524796,-1.5748183,-1.5524796,-1.8757968,ETTm1::iTransformer
2017-11-18 07:00:00,-1.5217373,-1.5765285,-1.5217373,-1.8445923,ETTm1::iTransformer
2017-11-18 07:15:00,-1.5524796,-1.5663061,-1.5524796,-1.8701346,ETTm1::iTransformer
2017-11-18 07:30:00,-1.5371084,-1.5633683,-1.5371084,-1.8851938,ETTm1::iTransformer
2017-11-18 07:45:00,-1.5371084,-1.5870419,-1.5371084,-1.8678058,ETTm1::iTransformer
2017-11-18 08:00:00,-1.5524796,-1.5781443,-1.5524796,-1.8638784,ETTm1::iTransformer
2017-11-18 08:15:00,-1.5677418,-1.5870794,-1.5677418,-1.8532486,ETTm1::iTransformer
2017-11-18 08:30:00,-1.5524796,-1.5222337,-1.5524796,-1.8953872,ETTm1::iTransformer
2017-11-18 08:45:00,-1.4911041,-1.5323162,-1.4911041,-1.9115381,ETTm1::iTransformer
2017-11-18 09:00:00,-1.5141063,-1.5388279,-1.5141063,-1.8639603,ETTm1::iTransformer
2017-11-18 09:15:00,-1.4757329,-1.5070962,-1.4757329,-1.8284004,ETTm1::iTransformer
2017-11-18 09:30:00,-1.5141063,-1.5158954,-1.5141063,-1.8222175,ETTm1::iTransformer
2017-11-18 09:45:00,-1.4987351,-1.4953797,-1.4987351,-1.8244233,ETTm1::iTransformer
2017-11-18 10:00:00,-1.5141063,-1.4662467,-1.5141063,-1.8021772,ETTm1::iTransformer
2017-11-18 10:15:00,-1.5217373,-1.4722602,-1.5217373,-1.8049736,ETTm1::iTransformer
2017-11-18 10:30:00,-1.4757329,-1.4373213,-1.4757329,-1.7758305,ETTm1::iTransformer
2017-11-18 10:45:00,-1.4681019,-1.4521267,-1.4681019,-1.7649559,ETTm1::iTransformer
2017-11-18 11:00:00,-1.4911041,-1.4329228,-1.4911041,-1.7301517,ETTm1::iTransformer
2017-11-18 11:15:00,-1.4604708,-1.4474986,-1.4604708,-1.7622185,ETTm1::iTransformer
2017-11-18 11:30:00,-1.3990953,-1.4209936,-1.3990953,-1.769463,ETTm1::iTransformer
2017-11-18 11:45:00,-1.4067264,-1.4232703,-1.4067264,-1.7285984,ETTm1::iTransformer
2017-11-18 12:00:00,-1.4067264,-1.4186072,-1.4067264,-1.6966174,ETTm1::iTransformer
2017-11-18 12:15:00,-1.3990953,-1.4266846,-1.3990953,-1.720541,ETTm1::iTransformer
2017-11-18 12:30:00,-1.4297285,-1.3792446,-1.4297285,-1.7116284,ETTm1::iTransformer
2017-11-18 12:45:00,-1.4220974,-1.396517,-1.4220974,-1.668517,ETTm1::iTransformer
2017-11-18 13:00:00,-1.368353,-1.3717573,-1.368353,-1.6718651,ETTm1::iTransformer
2017-11-18 13:15:00,-1.3837241,-1.3898668,-1.3837241,-1.6578721,ETTm1::iTransformer
2017-11-18 13:30:00,-1.3377197,-1.392265,-1.3377197,-1.637812,ETTm1::iTransformer
2017-11-18 13:45:00,-1.3377197,-1.3761665,-1.3377197,-1.6241661,ETTm1::iTransformer
2017-11-18 14:00:00,-1.3453507,-1.417759,-1.3453507,-1.6746571,ETTm1::iTransformer
2017-11-18 14:15:00,-1.376093,-1.3761476,-1.376093,-1.6359673,ETTm1::iTransformer
2017-11-18 14:30:00,-1.3837241,-1.3878787,-1.3837241,-1.7087042,ETTm1::iTransformer
2017-11-18 14:45:00,-1.3990953,-1.3968196,-1.3990953,-1.6654694,ETTm1::iTransformer
2017-11-18 15:00:00,-1.376093,-1.3740672,-1.376093,-1.6692041,ETTm1::iTransformer
2017-11-18 15:15:00,-1.3837241,-1.3871189,-1.3837241,-1.688758,ETTm1::iTransformer
2017-11-18 15:30:00,-1.4220974,-1.4055637,-1.4220974,-1.6667678,ETTm1::iTransformer
2017-11-18 15:45:00,-1.3453507,-1.3666092,-1.3453507,-1.6538548,ETTm1::iTransformer
2017-11-18 16:00:00,-1.3837241,-1.3592204,-1.3837241,-1.6740559,ETTm1::iTransformer
2017-11-18 16:15:00,-1.3990953,-1.3551371,-1.3990953,-1.6532035,ETTm1::iTransformer
2017-11-18 16:30:00,-1.4374686,-1.37897,-1.4374686,-1.6623495,ETTm1::iTransformer
2017-11-18 16:45:00,-1.4067264,-1.3655164,-1.4067264,-1.6462287,ETTm1::iTransformer
2017-11-18 17:00:00,-1.3990953,-1.3819181,-1.3990953,-1.6311073,ETTm1::iTransformer
2017-11-18 17:15:00,-1.4067264,-1.3854088,-1.4067264,-1.6761415,ETTm1::iTransformer
2017-11-18 17:30:00,-1.4067264,-1.4185368,-1.4067264,-1.6261169,ETTm1::iTransformer
2017-11-18 17:45:00,-1.3913552,-1.3946465,-1.3913552,-1.6270978,ETTm1::iTransformer
2017-11-18 18:00:00,-1.3837241,-1.4053094,-1.3837241,-1.6331921,ETTm1::iTransformer
2017-11-18 18:15:00,-1.4297285,-1.3986826,-1.4297285,-1.6398325,ETTm1::iTransformer
2017-11-18 18:30:00,-1.4297285,-1.4218303,-1.4297285,-1.6570535,ETTm1::iTransformer
2017-11-18 18:45:00,-1.4297285,-1.4413788,-1.4297285,-1.6177316,ETTm1::iTransformer
2017-11-18 19:00:00,-1.4604708,-1.404865,-1.4604708,-1.6266433,ETTm1::iTransformer
2017-11-18 19:15:00,-1.4834731,-1.4789826,-1.4834731,-1.6572831,ETTm1::iTransformer
2017-11-18 19:30:00,-1.4527308,-1.45855,-1.4527308,-1.66178,ETTm1::iTransformer
2017-11-18 19:45:00,-1.4911041,-1.4672402,-1.4911041,-1.6525695,ETTm1::iTransformer
2017-11-18 20:00:00,-1.5064752,-1.4605603,-1.5064752,-1.6582801,ETTm1::iTransformer
2017-11-18 20:15:00,-1.5141063,-1.4851428,-1.5141063,-1.6877649,ETTm1::iTransformer
2017-11-18 20:30:00,-1.5141063,-1.4650749,-1.5141063,-1.6885384,ETTm1::iTransformer
2017-11-18 20:45:00,-1.5294774,-1.465924,-1.5294774,-1.7086798,ETTm1::iTransformer
2017-11-18 21:00:00,-1.590853,-1.5140806,-1.590853,-1.7268703,ETTm1::iTransformer
2017-11-18 21:15:00,-1.6138551,-1.488224,-1.6138551,-1.7032585,ETTm1::iTransformer
2017-11-18 21:30:00,-1.6061151,-1.5366943,-1.6061151,-1.734591,ETTm1::iTransformer
2017-11-18 21:45:00,-1.6061151,-1.5501447,-1.6061151,-1.7398703,ETTm1::iTransformer
2017-11-18 22:00:00,-1.6214862,-1.5612037,-1.6214862,-1.7816591,ETTm1::iTransformer
2017-11-18 22:15:00,-1.590853,-1.5550938,-1.590853,-1.8236715,ETTm1::iTransformer
2017-11-18 22:30:00,-1.5524796,-1.5827452,-1.5524796,-1.8297886,ETTm1::iTransformer
2017-11-18 22:45:00,-1.5447395,-1.5334549,-1.5447395,-1.8309531,ETTm1::iTransformer
2017-11-18 23:00:00,-1.5447395,-1.6004808,-1.5447395,-1.8160498,ETTm1::iTransformer
2017-11-18 23:15:00,-1.590853,-1.5934063,-1.590853,-1.8843114,ETTm1::iTransformer
2017-11-18 23:30:00,-1.590853,-1.5806991,-1.590853,-1.8344061,ETTm1::iTransformer
2017-11-18 23:45:00,-1.5754818,-1.6421098,-1.5754818,-1.856176,ETTm1::iTransformer
2017-11-19 00:00:00,-1.5677418,-1.6136129,-1.5677418,-1.8249936,ETTm1::iTransformer
2017-11-19 00:15:00,-1.5677418,-1.6240505,-1.5677418,-1.8434999,ETTm1::iTransformer
2017-11-19 00:30:00,-1.5524796,-1.5951785,-1.5524796,-1.854975,ETTm1::iTransformer
2017-11-19 00:45:00,-1.5524796,-1.5756632,-1.5524796,-1.8646865,ETTm1::iTransformer
2017-11-19 01:00:00,-1.5677418,-1.6380169,-1.5677418,-1.8646662,ETTm1::iTransformer
2017-11-19 01:15:00,-1.5754818,-1.5522275,-1.5754818,-1.8537121,ETTm1::iTransformer
2017-11-19 01:30:00,-1.5524796,-1.5992306,-1.5524796,-1.8397332,ETTm1::iTransformer
2017-11-19 01:45:00,-1.5217373,-1.5689517,-1.5217373,-1.8780595,ETTm1::iTransformer
2017-11-19 02:00:00,-1.5064752,-1.5657779,-1.5064752,-1.833014,ETTm1::iTransformer
2017-11-19 02:15:00,-1.5217373,-1.5701809,-1.5217373,-1.8074116,ETTm1::iTransformer
2017-11-19 02:30:00,-1.5064752,-1.5577047,-1.5064752,-1.8053739,ETTm1::iTransformer
2017-11-19 02:45:00,-1.5217373,-1.5756367,-1.5217373,-1.8346148,ETTm1::iTransformer
2017-11-19 03:00:00,-1.5524796,-1.5561366,-1.5524796,-1.8505744,ETTm1::iTransformer
2017-11-19 03:15:00,-1.5371084,-1.5630766,-1.5371084,-1.8432789,ETTm1::iTransformer
2017-11-19 03:30:00,-1.5141063,-1.5823686,-1.5141063,-1.8509648,ETTm1::iTransformer
2018-02-18 19:00:00,-1.4105245,-1.1676444,-1.4105245,-0.8549781,ETTm2::Autoformer
2018-02-18 19:15:00,-1.4105245,-1.2591571,-1.4105245,-0.9092746,ETTm2::Autoformer
2018-02-18 19:30:00,-1.4105245,-1.2744869,-1.4105245,-0.797658,ETTm2::Autoformer
2018-02-18 19:45:00,-1.4105245,-1.295329,-1.4105245,-0.750391,ETTm2::Autoformer
2018-02-18 20:00:00,-1.4105245,-1.2644954,-1.4105245,-0.7189222,ETTm2::Autoformer
2018-02-18 20:15:00,-1.4105245,-1.2715939,-1.4105245,-0.755258,ETTm2::Autoformer
2018-02-18 20:30:00,-1.4105245,-1.282139,-1.4105245,-0.81156826,ETTm2::Autoformer
2018-02-18 20:45:00,-1.4105245,-1.2974352,-1.4105245,-0.8528709,ETTm2::Autoformer
2018-02-18 21:00:00,-1.4105245,-1.3359526,-1.4105245,-0.89414865,ETTm2::Autoformer
2018-02-18 21:15:00,-1.4105245,-1.3583559,-1.4105245,-0.9251083,ETTm2::Autoformer
2018-02-18 21:30:00,-1.4105245,-1.3940789,-1.4105245,-0.9284597,ETTm2::Autoformer
2018-02-18 21:45:00,-1.4105245,-1.4041446,-1.4105245,-0.89066136,ETTm2::Autoformer
2018-02-18 22:00:00,-1.4105245,-1.4290924,-1.4105245,-0.89537823,ETTm2::Autoformer
2018-02-18 22:15:00,-1.4105245,-1.446185,-1.4105245,-0.916649,ETTm2::Autoformer
2018-02-18 22:30:00,-1.4295216,-1.4643276,-1.4295216,-0.94059825,ETTm2::Autoformer
2018-02-18 22:45:00,-1.4295216,-1.4961154,-1.4295216,-0.94971573,ETTm2::Autoformer
2018-02-18 23:00:00,-1.4295216,-1.4776008,-1.4295216,-0.91983104,ETTm2::Autoformer
2018-02-18 23:15:00,-1.4295216,-1.4394237,-1.4295216,-0.8658224,ETTm2::Autoformer
2018-02-18 23:30:00,-1.4295216,-1.4135,-1.4295216,-0.8284869,ETTm2::Autoformer
2018-02-18 23:45:00,-1.4295216,-1.4243867,-1.4295216,-0.8389759,ETTm2::Autoformer
2018-02-19 00:00:00,-1.4295216,-1.3917128,-1.4295216,-0.84286433,ETTm2::Autoformer
2018-02-19 00:15:00,-1.4295216,-1.4104881,-1.4295216,-0.95072913,ETTm2::Autoformer
2018-02-19 00:30:00,-1.4295216,-1.4122577,-1.4295216,-1.0718759,ETTm2::Autoformer
2018-02-19 00:45:00,-1.4295216,-1.4156731,-1.4295216,-1.1480062,ETTm2::Autoformer
2018-02-19 01:00:00,-1.4295216,-1.4114188,-1.4295216,-1.217357,ETTm2::Autoformer
2018-02-19 01:15:00,-1.4295216,-1.3793919,-1.4295216,-1.2456686,ETTm2::Autoformer
2018-02-19 01:30:00,-1.4295216,-1.3640485,-1.4295216,-1.2670192,ETTm2::Autoformer
2018-02-19 01:45:00,-1.4295216,-1.3906659,-1.4295216,-1.3092022,ETTm2::Autoformer
2018-02-19 02:00:00,-1.4295216,-1.4146653,-1.4295216,-1.3571566,ETTm2::Autoformer
2018-02-19 02:15:00,-1.4295216,-1.4216264,-1.4295216,-1.3860024,ETTm2::Autoformer
2018-02-19 02:30:00,-1.4295216,-1.4305031,-1.4295216,-1.375094,ETTm2::Autoformer
2018-02-19 02:45:00,-1.4295216,-1.4252363,-1.4295216,-1.3204336,ETTm2::Autoformer
2018-02-19 03:00:00,-1.4295216,-1.4354161,-1.4295216,-1.30446,ETTm2::Autoformer
2018-02-19 03:15:00,-1.4295216,-1.4361299,-1.4295216,-1.267746,ETTm2::Autoformer
2018-02-19 03:30:00,-1.4295216,-1.4697585,-1.4295216,-1.2487366,ETTm2::Autoformer
2018-02-19 03:45:00,-1.4295216,-1.4688625,-1.4295216,-1.2510779,ETTm2::Autoformer
2018-02-19 04:00:00,-1.4295216,-1.4544266,-1.4295216,-1.2896392,ETTm2::Autoformer
2018-02-19 04:15:00,-1.4295216,-1.4846389,-1.4295216,-1.3369564,ETTm2::Autoformer
2018-02-19 04:30:00,-1.4295216,-1.5109324,-1.4295216,-1.3867294,ETTm2::Autoformer
2018-02-19 04:45:00,-1.4674726,-1.4994246,-1.4674726,-1.4657004,ETTm2::Autoformer
2018-02-19 05:00:00,-1.4674726,-1.48898,-1.4674726,-1.5286171,ETTm2::Autoformer
2018-02-19 05:15:00,-1.4674726,-1.5567704,-1.4674726,-1.5184679,ETTm2::Autoformer
2018-02-19 05:30:00,-1.4674726,-1.60564,-1.4674726,-1.5374668,ETTm2::Autoformer
2018-02-19 05:45:00,-1.4674726,-1.6128097,-1.4674726,-1.5955604,ETTm2::Autoformer
2018-02-19 06:00:00,-1.4674726,-1.6166373,-1.4674726,-1.6509796,ETTm2::Autoformer
2018-02-19 06:15:00,-1.4674726,-1.6052822,-1.4674726,-1.6412872,ETTm2::Autoformer
2018-02-19 06:30:00,-1.4484755,-1.5907577,-1.4484755,-1.5852258,ETTm2::Autoformer
2018-02-19 06:45:00,-1.4484755,-1.5675565,-1.4484755,-1.5202215,ETTm2::Autoformer
2018-02-19 07:00:00,-1.4295216,-1.534946,-1.4295216,-1.4431671,ETTm2::Autoformer
2018-02-19 07:15:00,-1.4295216,-1.493183,-1.4295216,-1.4024757,ETTm2::Autoformer
2018-02-19 07:30:00,-1.4295216,-1.4791735,-1.4295216,-1.3648686,ETTm2::Autoformer
2018-02-19 07:45:00,-1.4295216,-1.4887578,-1.4295216,-1.3284076,ETTm2::Autoformer
2018-02-19 08:00:00,-1.4295216,-1.4938031,-1.4295216,-1.3356125,ETTm2::Autoformer
2018-02-19 08:15:00,-1.4295216,-1.4812154,-1.4295216,-1.4402406,ETTm2::Autoformer
2018-02-19 08:30:00,-1.4295216,-1.4631666,-1.4295216,-1.4402884,ETTm2::Autoformer
2018-02-19 08:45:00,-1.4484755,-1.4771563,-1.4484755,-1.360867,ETTm2::Autoformer
2018-02-19 09:00:00,-1.4674726,-1.4909086,-1.4674726,-1.2791408,ETTm2::Autoformer
2018-02-19 09:15:00,-1.4674726,-1.455296,-1.4674726,-1.2398789,ETTm2::Autoformer
2018-02-19 09:30:00,-1.4674726,-1.4263713,-1.4674726,-1.2488021,ETTm2::Autoformer
2018-02-19 09:45:00,-1.5054234,-1.4185772,-1.5054234,-1.2634826,ETTm2::Autoformer
2018-02-19 10:00:00,-1.5054234,-1.4277419,-1.5054234,-1.2372782,ETTm2::Autoformer
2018-02-19 10:15:00,-1.5054234,-1.4550657,-1.5054234,-1.2093616,ETTm2::Autoformer
2018-02-19 10:30:00,-1.5054234,-1.4733028,-1.5054234,-1.2660218,ETTm2::Autoformer
2018-02-19 10:45:00,-1.5054234,-1.4811804,-1.5054234,-1.3833284,ETTm2::Autoformer
2018-02-19 11:00:00,-1.5054234,-1.476637,-1.5054234,-1.4039196,ETTm2::Autoformer
2018-02-19 11:15:00,-1.5054234,-1.4409792,-1.5054234,-1.2980047,ETTm2::Autoformer
2018-02-19 11:30:00,-1.5054234,-1.4225682,-1.5054234,-1.2220205,ETTm2::Autoformer
2018-02-19 11:45:00,-1.5054234,-1.4594641,-1.5054234,-1.2526237,ETTm2::Autoformer
2018-02-19 12:00:00,-1.5054234,-1.4681427,-1.5054234,-1.2927725,ETTm2::Autoformer
2018-02-19 12:15:00,-1.5054234,-1.4807644,-1.5054234,-1.3034008,ETTm2::Autoformer
2018-02-19 12:30:00,-1.5054234,-1.5021757,-1.5054234,-1.2721499,ETTm2::Autoformer
2018-02-19 12:45:00,-1.5054234,-1.5243704,-1.5054234,-1.2236962,ETTm2::Autoformer
2018-02-19 13:00:00,-1.5054234,-1.5485398,-1.5054234,-1.2444533,ETTm2::Autoformer
2018-02-19 13:15:00,-1.5054234,-1.5451505,-1.5054234,-1.3184384,ETTm2::Autoformer
2018-02-19 13:30:00,-1.5054234,-1.5100158,-1.5054234,-1.3727136,ETTm2::Autoformer
2018-02-19 13:45:00,-1.4864696,-1.5260786,-1.4864696,-1.3544046,ETTm2::Autoformer
2018-02-19 14:00:00,-1.4674726,-1.5108277,-1.4674726,-1.2813257,ETTm2::Autoformer
2018-02-19 14:15:00,-1.4674726,-1.4821665,-1.4674726,-1.2480623,ETTm2::Autoformer
2018-02-19 14:30:00,-1.4674726,-1.4870741,-1.4674726,-1.1833464,ETTm2::Autoformer
2018-02-19 14:45:00,-1.4484755,-1.4886245,-1.4484755,-1.189922,ETTm2::Autoformer
2018-02-19 15:00:00,-1.4295216,-1.4528657,-1.4295216,-1.2683417,ETTm2::Autoformer
2018-02-19 15:15:00,-1.4295216,-1.4803854,-1.4295216,-1.2887485,ETTm2::Autoformer
2018-02-19 15:30:00,-1.4295216,-1.4910985,-1.4295216,-1.3019418,ETTm2::Autoformer
2018-02-19 15:45:00,-1.3915707,-1.4683822,-1.3915707,-1.3330133,ETTm2::Autoformer
2018-02-19 16:00:00,-1.3915707,-1.4549448,-1.3915707,-1.3252622,ETTm2::Autoformer
2018-02-19 16:15:00,-1.3915707,-1.4377071,-1.3915707,-1.2317003,ETTm2::Autoformer
2018-02-19 16:30:00,-1.3725736,-1.4102538,-1.3725736,-1.1356947,ETTm2::Autoformer
2018-02-19 16:45:00,-1.3725736,-1.4675143,-1.3725736,-1.1479679,ETTm2::Autoformer
2018-02-19 17:00:00,-1.3536198,-1.475418,-1.3536198,-1.1438149,ETTm2::Autoformer
2018-02-19 17:15:00,-1.3536198,-1.4855627,-1.3536198,-1.1060635,ETTm2::Autoformer
2018-02-19 17:30:00,-1.3536198,-1.47506,-1.3536198,-1.0765816,ETTm2::Autoformer
2018-02-19 17:45:00,-1.3536198,-1.4698584,-1.3536198,-1.0720556,ETTm2::Autoformer
2018-02-19 18:00:00,-1.3346659,-1.4644262,-1.3346659,-1.0649556,ETTm2::Autoformer
2018-02-19 18:15:00,-1.3346659,-1.4542563,-1.3346659,-0.97220016,ETTm2::Autoformer
2018-02-19 18:30:00,-1.3346659,-1.4092108,-1.3346659,-0.97532266,ETTm2::Autoformer
2018-02-19 18:45:00,-1.3346659,-1.195268,-1.3346659,-1.0130807,ETTm2::Autoformer
2018-02-15 15:15:00,-1.0690094,-1.2186412,-1.0690094,-0.8550644,ETTm2::Crossformer
2018-02-15 15:30:00,-1.0690094,-1.235028,-1.0690094,-0.9290757,ETTm2::Crossformer
2018-02-15 15:45:00,-1.0880065,-1.2212679,-1.0880065,-0.84158957,ETTm2::Crossformer
2018-02-15 16:00:00,-1.0880065,-1.2499809,-1.0880065,-0.94248843,ETTm2::Crossformer
2018-02-15 16:15:00,-1.0880065,-1.2981393,-1.0880065,-0.89794135,ETTm2::Crossformer
2018-02-15 16:30:00,-1.1259574,-1.2920628,-1.1259574,-0.7574854,ETTm2::Crossformer
2018-02-15 16:45:00,-1.1449544,-1.2531203,-1.1449544,-0.8294636,ETTm2::Crossformer
2018-02-15 17:00:00,-1.1639084,-1.2458526,-1.1639084,-0.79546934,ETTm2::Crossformer
2018-02-15 17:15:00,-1.1828623,-1.2322766,-1.1828623,-0.81800765,ETTm2::Crossformer
2018-02-15 17:30:00,-1.2018592,-1.2127534,-1.2018592,-0.7602325,ETTm2::Crossformer
2018-02-15 17:45:00,-1.2208563,-1.1751633,-1.2208563,-0.79973614,ETTm2::Crossformer
2018-02-15 18:00:00,-1.2398102,-1.1556071,-1.2398102,-0.6673428,ETTm2::Crossformer
2018-02-15 18:15:00,-1.2398102,-1.2616117,-1.2398102,-0.77452326,ETTm2::Crossformer
2018-02-15 18:30:00,-1.2398102,-1.2036245,-1.2398102,-0.73237807,ETTm2::Crossformer
2018-02-15 18:45:00,-1.2398102,-1.2064712,-1.2398102,-0.70257753,ETTm2::Crossformer
2018-02-15 19:00:00,-1.2398102,-1.2718496,-1.2398102,-0.74802494,ETTm2::Crossformer
2018-02-15 19:15:00,-1.2398102,-1.2460191,-1.2398102,-0.74542445,ETTm2::Crossformer
2018-02-15 19:30:00,-1.2398102,-1.2552736,-1.2398102,-0.7903971,ETTm2::Crossformer
2018-02-15 19:45:00,-1.2398102,-1.2178227,-1.2398102,-0.7248776,ETTm2::Crossformer
2018-02-15 20:00:00,-1.2588072,-1.2186031,-1.2588072,-0.66993797,ETTm2::Crossformer
2018-02-15 20:15:00,-1.2777611,-1.2632333,-1.2777611,-0.66171354,ETTm2::Crossformer
2018-02-15 20:30:00,-1.2777611,-1.2580591,-1.2777611,-0.6815204,ETTm2::Crossformer
2018-02-15 20:45:00,-1.2777611,-1.2920451,-1.2777611,-0.7086301,ETTm2::Crossformer
2018-02-15 21:00:00,-1.2967149,-1.1763135,-1.2967149,-0.5882292,ETTm2::Crossformer
2018-02-15 21:15:00,-1.315712,-1.3703237,-1.315712,-0.6004251,ETTm2::Crossformer
2018-02-15 21:30:00,-1.315712,-1.4144402,-1.315712,-0.6380576,ETTm2::Crossformer
2018-02-15 21:45:00,-1.315712,-1.341465,-1.315712,-0.682873,ETTm2::Crossformer
2018-02-15 22:00:00,-1.315712,-1.3733108,-1.315712,-0.60549587,ETTm2::Crossformer
2018-02-15 22:15:00,-1.315712,-1.3334262,-1.315712,-0.6024303,ETTm2::Crossformer
2018-02-15 22:30:00,-1.315712,-1.3333766,-1.315712,-0.62584823,ETTm2::Crossformer
2018-02-15 22:45:00,-1.315712,-1.3727478,-1.315712,-0.71166563,ETTm2::Crossformer
2018-02-15 23:00:00,-1.315712,-1.3983499,-1.315712,-0.6696105,ETTm2::Crossformer
2018-02-15 23:15:00,-1.315712,-1.3248155,-1.315712,-0.6011381,ETTm2::Crossformer
2018-02-15 23:30:00,-1.315712,-1.2987552,-1.315712,-0.67173785,ETTm2::Crossformer
2018-02-15 23:45:00,-1.315712,-1.265398,-1.315712,-0.5961349,ETTm2::Crossformer
2018-02-16 00:00:00,-1.315712,-1.2690887,-1.315712,-0.5595063,ETTm2::Crossformer
2018-02-16 00:15:00,-1.3536198,-1.3522667,-1.3536198,-0.6295501,ETTm2::Crossformer
2018-02-16 00:30:00,-1.3536198,-1.3938043,-1.3536198,-0.7006475,ETTm2::Crossformer
2018-02-16 00:45:00,-1.3915707,-1.3989986,-1.3915707,-0.7052893,ETTm2::Crossformer
2018-02-16 01:00:00,-1.3915707,-1.393628,-1.3915707,-0.60894233,ETTm2::Crossformer
2018-02-16 01:15:00,-1.3915707,-1.4994328,-1.3915707,-0.6506104,ETTm2::Crossformer
2018-02-16 01:30:00,-1.3915707,-1.4010885,-1.3915707,-0.6598598,ETTm2::Crossformer
2018-02-16 01:45:00,-1.3915707,-1.4254385,-1.3915707,-0.6729763,ETTm2::Crossformer
2018-02-16 02:00:00,-1.3915707,-1.4527568,-1.3915707,-0.67193526,ETTm2::Crossformer
2018-02-16 02:15:00,-1.3915707,-1.4277084,-1.3915707,-0.5610284,ETTm2::Crossformer
2018-02-16 02:30:00,-1.3915707,-1.429553,-1.3915707,-0.58374196,ETTm2::Crossformer
2018-02-16 02:45:00,-1.3915707,-1.4824774,-1.3915707,-0.6103106,ETTm2::Crossformer
2018-02-16 03:00:00,-1.3915707,-1.4014368,-1.3915707,-0.48455012,ETTm2::Crossformer
2018-02-16 03:15:00,-1.3915707,-1.4296939,-1.3915707,-0.58600336,ETTm2::Crossformer
2018-02-16 03:30:00,-1.3915707,-1.456921,-1.3915707,-0.7268721,ETTm2::Crossformer
2018-02-16 03:45:00,-1.3915707,-1.4218867,-1.3915707,-0.6288298,ETTm2::Crossformer
2018-02-16 04:00:00,-1.3915707,-1.4988382,-1.3915707,-0.7202351,ETTm2::Crossformer
2018-02-16 04:15:00,-1.4105245,-1.5019898,-1.4105245,-0.68163824,ETTm2::Crossformer
2018-02-16 04:30:00,-1.4295216,-1.5069913,-1.4295216,-0.66959953,ETTm2::Crossformer
2018-02-16 04:45:00,-1.4485186,-1.475555,-1.4485186,-0.8248843,ETTm2::Crossformer
2018-02-16 05:00:00,-1.4674726,-1.4854143,-1.4674726,-0.70247376,ETTm2::Crossformer
2018-02-16 05:15:00,-1.4674726,-1.4553477,-1.4674726,-0.84600914,ETTm2::Crossformer
2018-02-16 05:30:00,-1.4674726,-1.4787846,-1.4674726,-0.7181781,ETTm2::Crossformer
2018-02-16 05:45:00,-1.4674726,-1.3921077,-1.4674726,-0.66839784,ETTm2::Crossformer
2018-02-16 06:00:00,-1.4674726,-1.4778285,-1.4674726,-0.5627566,ETTm2::Crossformer
2018-02-16 06:15:00,-1.4674726,-1.5653222,-1.4674726,-0.7537197,ETTm2::Crossformer
2018-02-16 06:30:00,-1.4674726,-1.5747117,-1.4674726,-0.7350922,ETTm2::Crossformer
2018-02-16 06:45:00,-1.4674726,-1.5746812,-1.4674726,-0.728637,ETTm2::Crossformer
2018-02-16 07:00:00,-1.4674726,-1.5449097,-1.4674726,-0.75456476,ETTm2::Crossformer
2018-02-16 07:15:00,-1.4674726,-1.5679107,-1.4674726,-0.7832624,ETTm2::Crossformer
2018-02-16 07:30:00,-1.4674726,-1.5736449,-1.4674726,-0.7432914,ETTm2::Crossformer
2018-02-16 07:45:00,-1.4674726,-1.6286122,-1.4674726,-0.76954556,ETTm2::Crossformer
2018-02-16 08:00:00,-1.4484755,-1.4489447,-1.4484755,-0.72278976,ETTm2::Crossformer
2018-02-16 08:15:00,-1.4484755,-1.5690682,-1.4484755,-0.7248205,ETTm2::Crossformer
2018-02-16 08:30:00,-1.4484755,-1.5243026,-1.4484755,-0.7716535,ETTm2::Crossformer
2018-02-16 08:45:00,-1.4484755,-1.6131966,-1.4484755,-0.7028102,ETTm2::Crossformer
2018-02-16 09:00:00,-1.4295216,-1.5122788,-1.4295216,-0.7238367,ETTm2::Crossformer
2018-02-16 09:15:00,-1.4105678,-1.4559431,-1.4105678,-0.76713145,ETTm2::Crossformer
2018-02-16 09:30:00,-1.4105678,-1.5055089,-1.4105678,-0.743822,ETTm2::Crossformer
2018-02-16 09:45:00,-1.3915707,-1.4415678,-1.3915707,-0.7295133,ETTm2::Crossformer
2018-02-16 10:00:00,-1.3915707,-1.4190927,-1.3915707,-0.7280627,ETTm2::Crossformer
2018-02-16 10:15:00,-1.3725736,-1.483158,-1.3725736,-0.74315226,ETTm2::Crossformer
2018-02-16 10:30:00,-1.3725736,-1.415695,-1.3725736,-0.66656446,ETTm2::Crossformer
2018-02-16 10:45:00,-1.3346659,-1.4026693,-1.3346659,-0.672554,ETTm2::Crossformer
2018-02-16 11:00:00,-1.315712,-1.3813382,-1.315712,-0.67063504,ETTm2::Crossformer
2018-02-16 11:15:00,-1.315712,-1.3306038,-1.315712,-0.5413395,ETTm2::Crossformer
2018-02-16 11:30:00,-1.2967582,-1.2677741,-1.2967582,-0.70561564,ETTm2::Crossformer
2018-02-16 11:45:00,-1.2777611,-1.3243253,-1.2777611,-0.53706926,ETTm2::Crossformer
2018-02-16 12:00:00,-1.2777611,-1.3139181,-1.2777611,-0.5876614,ETTm2::Crossformer
2018-02-16 12:15:00,-1.258764,-1.0544318,-1.258764,-0.5806505,ETTm2::Crossformer
2018-02-16 12:30:00,-1.258764,-1.0106262,-1.258764,-0.5756427,ETTm2::Crossformer
2018-02-16 12:45:00,-1.258764,-0.9803572,-1.258764,-0.6036822,ETTm2::Crossformer
2018-02-16 13:00:00,-1.2208563,-1.0786822,-1.2208563,-0.609728,ETTm2::Crossformer
2018-02-16 13:15:00,-1.2208563,-1.1454325,-1.2208563,-0.6628043,ETTm2::Crossformer
2018-02-16 13:30:00,-1.2208563,-1.0700281,-1.2208563,-0.54053813,ETTm2::Crossformer
2018-02-16 13:45:00,-1.1828623,-1.0943906,-1.1828623,-0.60155904,ETTm2::Crossformer
2018-02-16 14:00:00,-1.1828623,-1.1231608,-1.1828623,-0.5402619,ETTm2::Crossformer
2018-02-16 14:15:00,-1.1828623,-1.2297201,-1.1828623,-0.4896011,ETTm2::Crossformer
2018-02-16 14:30:00,-1.1828623,-1.1094298,-1.1828623,-0.5174162,ETTm2::Crossformer
2018-02-16 14:45:00,-1.1639084,-1.0274088,-1.1639084,-0.42755833,ETTm2::Crossformer
2018-02-16 15:00:00,-1.1639084,-0.9970076,-1.1639084,-0.35533702,ETTm2::Crossformer
2018-01-27 14:45:00,-2.093598,-2.0848796,-2.093598,-2.087433,ETTm2::PatchTST
2018-01-27 15:00:00,-2.074601,-2.0754704,-2.074601,-2.0744233,ETTm2::PatchTST
2018-01-27 15:15:00,-2.074601,-2.0688028,-2.074601,-2.0766227,ETTm2::PatchTST
2018-01-27 15:30:00,-2.036693,-2.0612094,-2.036693,-2.0694578,ETTm2::PatchTST
2018-01-27 15:45:00,-2.036693,-2.0439663,-2.036693,-2.0491352,ETTm2::PatchTST
2018-01-27 16:00:00,-2.036693,-2.0423448,-2.036693,-2.057039,ETTm2::PatchTST
2018-01-27 16:15:00,-2.036693,-2.0236993,-2.036693,-2.0447433,ETTm2::PatchTST
2018-01-27 16:30:00,-2.036693,-2.0059304,-2.036693,-2.019117,ETTm2::PatchTST
2018-01-27 16:45:00,-2.036693,-2.0049727,-2.036693,-2.0194893,ETTm2::PatchTST
2018-01-27 17:00:00,-2.036693,-1.9978889,-2.036693,-2.0200646,ETTm2::PatchTST
2018-01-27 17:15:00,-1.9987422,-1.9894698,-1.9987422,-2.011775,ETTm2::PatchTST
2018-01-27 17:30:00,-1.9987422,-1.96866,-1.9987422,-1.9944139,ETTm2::PatchTST
2018-01-27 17:45:00,-1.9987422,-1.9884835,-1.9987422,-2.0174627,ETTm2::PatchTST
2018-01-27 18:00:00,-1.9797453,-1.9676533,-1.9797453,-2.0014246,ETTm2::PatchTST
2018-01-27 18:15:00,-1.9797453,-1.9660716,-1.9797453,-2.0110607,ETTm2::PatchTST
2018-01-27 18:30:00,-1.9797453,-1.9875041,-1.9797453,-2.0246089,ETTm2::PatchTST
2018-01-27 18:45:00,-1.9797453,-1.9670774,-1.9797453,-2.0186627,ETTm2::PatchTST
2018-01-27 19:00:00,-1.9797453,-1.971728,-1.9797453,-2.021421,ETTm2::PatchTST
2018-01-27 19:15:00,-1.9797453,-1.9678632,-1.9797453,-2.0149724,ETTm2::PatchTST
2018-01-27 19:30:00,-1.9797453,-1.9788861,-1.9797453,-2.0279431,ETTm2::PatchTST
2018-01-27 19:45:00,-1.9797453,-1.9749823,-1.9797453,-2.0329013,ETTm2::PatchTST
2018-01-27 20:00:00,-1.9797453,-1.9735868,-1.9797453,-2.030431,ETTm2::PatchTST
2018-01-27 20:15:00,-1.9797453,-1.9807616,-1.9797453,-2.0330884,ETTm2::PatchTST
2018-01-27 20:30:00,-1.9797453,-1.9940313,-1.9797453,-2.0579803,ETTm2::PatchTST
2018-01-27 20:45:00,-1.9797453,-1.9829693,-1.9797453,-2.048364,ETTm2::PatchTST
2018-01-27 21:00:00,-1.9797453,-1.9928617,-1.9797453,-2.0680256,ETTm2::PatchTST
2018-01-27 21:15:00,-1.9797453,-2.0073261,-1.9797453,-2.0798752,ETTm2::PatchTST
2018-01-27 21:30:00,-1.9797453,-1.9993035,-1.9797453,-2.0748792,ETTm2::PatchTST
2018-01-27 21:45:00,-1.9797453,-2.0130174,-1.9797453,-2.0822186,ETTm2::PatchTST
2018-01-27 22:00:00,-1.9797453,-2.0288363,-1.9797453,-2.107149,ETTm2::PatchTST
2018-01-27 22:15:00,-1.9797453,-2.0103252,-1.9797453,-2.081609,ETTm2::PatchTST
2018-01-27 22:30:00,-1.9418374,-2.0157716,-1.9418374,-2.111304,ETTm2::PatchTST
2018-01-27 22:45:00,-1.9418374,-2.0241246,-1.9418374,-2.1067643,ETTm2::PatchTST
2018-01-27 23:00:00,-1.9418374,-2.0278401,-1.9418374,-2.095745,ETTm2::PatchTST
2018-01-27 23:15:00,-1.9418374,-2.030061,-1.9418374,-2.1054723,ETTm2::PatchTST
2018-01-27 23:30:00,-1.9418374,-2.026667,-1.9418374,-2.1149173,ETTm2::PatchTST
2018-01-27 23:45:00,-1.9418374,-2.0543656,-1.9418374,-2.1394267,ETTm2::PatchTST
2018-01-28 00:00:00,-1.9418374,-2.037353,-1.9418374,-2.1212473,ETTm2::PatchTST
2018-01-28 00:15:00,-1.9418374,-2.0468464,-1.9418374,-2.134075,ETTm2::PatchTST
2018-01-28 00:30:00,-1.9418374,-2.040189,-1.9418374,-2.135368,ETTm2::PatchTST
2018-01-28 00:45:00,-1.9607913,-2.0376322,-1.9607913,-2.1393754,ETTm2::PatchTST
2018-01-28 01:00:00,-1.9607913,-2.0531282,-1.9607913,-2.1402726,ETTm2::PatchTST
2018-01-28 01:15:00,-1.9797453,-2.0403283,-1.9797453,-2.1310072,ETTm2::PatchTST
2018-01-28 01:30:00,-1.9797453,-2.0450218,-1.9797453,-2.148686,ETTm2::PatchTST
2018-01-28 01:45:00,-1.9987422,-2.041848,-1.9987422,-2.1403852,ETTm2::PatchTST
2018-01-28 02:00:00,-1.9987422,-2.0397182,-1.9987422,-2.1353583,ETTm2::PatchTST
2018-01-28 02:15:00,-1.9987422,-2.0408669,-1.9987422,-2.144573,ETTm2::PatchTST
2018-01-28 02:30:00,-1.9987422,-2.0453334,-1.9987422,-2.1532242,ETTm2::PatchTST
2018-01-28 02:45:00,-2.0177393,-2.052359,-2.0177393,-2.161939,ETTm2::PatchTST
2018-01-28 03:00:00,-2.0177393,-2.042238,-2.0177393,-2.1416895,ETTm2::PatchTST
2018-01-28 03:15:00,-2.0177393,-2.0410123,-2.0177393,-2.1396427,ETTm2::PatchTST
2018-01-28 03:30:00,-2.0177393,-2.0376463,-2.0177393,-2.1351817,ETTm2::PatchTST
2018-01-28 03:45:00,-2.0177393,-2.055663,-2.0177393,-2.160264,ETTm2::PatchTST
2018-01-28 04:00:00,-2.0177393,-2.059311,-2.0177393,-2.152795,ETTm2::PatchTST
2018-01-28 04:15:00,-2.0177393,-2.061155,-2.0177393,-2.162389,ETTm2::PatchTST
2018-01-28 04:30:00,-2.0177393,-2.0479574,-2.0177393,-2.1546986,ETTm2::PatchTST
2018-01-28 04:45:00,-2.036693,-2.0703692,-2.036693,-2.1654212,ETTm2::PatchTST
2018-01-28 05:00:00,-2.036693,-2.0629501,-2.036693,-2.1572015,ETTm2::PatchTST
2018-01-28 05:15:00,-2.036693,-2.0576096,-2.036693,-2.160526,ETTm2::PatchTST
2018-01-28 05:30:00,-2.036693,-2.0549908,-2.036693,-2.1418438,ETTm2::PatchTST
2018-01-28 05:45:00,-2.036693,-2.0508864,-2.036693,-2.1435773,ETTm2::PatchTST
2018-01-28 06:00:00,-2.036693,-2.074849,-2.036693,-2.173346,ETTm2::PatchTST
2018-01-28 06:15:00,-2.036693,-2.058993,-2.036693,-2.1496367,ETTm2::PatchTST
2018-01-28 06:30:00,-2.036693,-2.0580313,-2.036693,-2.1370525,ETTm2::PatchTST
2018-01-28 06:45:00,-2.036693,-2.0623536,-2.036693,-2.145272,ETTm2::PatchTST
2018-01-28 07:00:00,-2.036693,-2.0653355,-2.036693,-2.1466959,ETTm2::PatchTST
2018-01-28 07:15:00,-2.036693,-2.0679016,-2.036693,-2.144831,ETTm2::PatchTST
2018-01-28 07:30:00,-2.036693,-2.0689669,-2.036693,-2.1339307,ETTm2::PatchTST
2018-01-28 07:45:00,-2.0556471,-2.0732934,-2.0556471,-2.150607,ETTm2::PatchTST
2018-01-28 08:00:00,-2.0556471,-2.071102,-2.0556471,-2.1479955,ETTm2::PatchTST
2018-01-28 08:15:00,-2.074644,-2.1107748,-2.074644,-2.1821983,ETTm2::PatchTST
2018-01-28 08:30:00,-2.074644,-2.0823207,-2.074644,-2.143958,ETTm2::PatchTST
2018-01-28 08:45:00,-2.074644,-2.1009924,-2.074644,-2.164918,ETTm2::PatchTST
2018-01-28 09:00:00,-2.074644,-2.0923765,-2.074644,-2.1572533,ETTm2::PatchTST
2018-01-28 09:15:00,-2.074644,-2.0972562,-2.074644,-2.148838,ETTm2::PatchTST
2018-01-28 09:30:00,-2.074644,-2.1013715,-2.074644,-2.1531067,ETTm2::PatchTST
2018-01-28 09:45:00,-2.074644,-2.1112142,-2.074644,-2.1607802,ETTm2::PatchTST
2018-01-28 10:00:00,-2.074644,-2.0825062,-2.074644,-2.1332717,ETTm2::PatchTST
2018-01-28 10:15:00,-2.0556471,-2.1002145,-2.0556471,-2.145326,ETTm2::PatchTST
2018-01-28 10:30:00,-2.0556471,-2.1020427,-2.0556471,-2.1496112,ETTm2::PatchTST
2018-01-28 10:45:00,-2.0556471,-2.070392,-2.0556471,-2.1137588,ETTm2::PatchTST
2018-01-28 11:00:00,-2.036693,-2.0601048,-2.036693,-2.1020622,ETTm2::PatchTST
2018-01-28 11:15:00,-2.036693,-2.077137,-2.036693,-2.1200984,ETTm2::PatchTST
2018-01-28 11:30:00,-2.036693,-2.0545962,-2.036693,-2.0996284,ETTm2::PatchTST
2018-01-28 11:45:00,-2.036693,-2.0477595,-2.036693,-2.0815306,ETTm2::PatchTST
2018-01-28 12:00:00,-2.0177393,-2.0306034,-2.0177393,-2.0660076,ETTm2::PatchTST
2018-01-28 12:15:00,-1.9987422,-2.0169926,-1.9987422,-2.046158,ETTm2::PatchTST
2018-01-28 12:30:00,-1.9987422,-2.0110216,-1.9987422,-2.0421057,ETTm2::PatchTST
2018-01-28 12:45:00,-1.9987422,-2.0075252,-1.9987422,-2.0349286,ETTm2::PatchTST
2018-01-28 13:00:00,-1.9987422,-1.9605646,-1.9987422,-1.9974055,ETTm2::PatchTST
2018-01-28 13:15:00,-1.9987422,-1.9715925,-1.9987422,-1.9995334,ETTm2::PatchTST
2018-01-28 13:30:00,-1.9987422,-1.9565798,-1.9987422,-1.9902562,ETTm2::PatchTST
2018-01-28 13:45:00,-1.9987422,-1.9443679,-1.9987422,-1.9809991,ETTm2::PatchTST
2018-01-28 14:00:00,-1.9797453,-1.9324142,-1.9797453,-1.9754597,ETTm2::PatchTST
2018-01-28 14:15:00,-1.9797453,-1.9209527,-1.9797453,-1.9549446,ETTm2::PatchTST
2018-01-28 14:30:00,-1.9607913,-1.8909956,-1.9607913,-1.9294689,ETTm2::PatchTST
2018-02-09 06:00:00,-1.695178,-1.7087722,-1.695178,-1.7029102,ETTm2::TimeXer
2018-02-09 06:15:00,-1.695178,-1.7034222,-1.695178,-1.6954037,ETTm2::TimeXer
2018-02-09 06:30:00,-1.695178,-1.722795,-1.695178,-1.708975,ETTm2::TimeXer
2018-02-09 06:45:00,-1.6762242,-1.7237482,-1.6762242,-1.7268901,ETTm2::TimeXer
2018-02-09 07:00:00,-1.6762242,-1.7501414,-1.6762242,-1.7267807,ETTm2::TimeXer
2018-02-09 07:15:00,-1.6762242,-1.7320111,-1.6762242,-1.7245767,ETTm2::TimeXer
2018-02-09 07:30:00,-1.6572272,-1.7437469,-1.6572272,-1.7359935,ETTm2::TimeXer
2018-02-09 07:45:00,-1.6572272,-1.7384286,-1.6572272,-1.7390637,ETTm2::TimeXer
2018-02-09 08:00:00,-1.6572272,-1.7427591,-1.6572272,-1.7205676,ETTm2::TimeXer
2018-02-09 08:15:00,-1.6382732,-1.72726,-1.6382732,-1.7145934,ETTm2::TimeXer
2018-02-09 08:30:00,-1.6192763,-1.7097583,-1.6192763,-1.7112643,ETTm2::TimeXer
2018-02-09 08:45:00,-1.6192763,-1.7090882,-1.6192763,-1.6990963,ETTm2::TimeXer
2018-02-09 09:00:00,-1.6002792,-1.6574999,-1.6002792,-1.6576763,ETTm2::TimeXer
2018-02-09 09:15:00,-1.6002792,-1.6310761,-1.6002792,-1.6602341,ETTm2::TimeXer
2018-02-09 09:30:00,-1.5623714,-1.6100129,-1.5623714,-1.6312166,ETTm2::TimeXer
2018-02-09 09:45:00,-1.5243773,-1.6074991,-1.5243773,-1.6223906,ETTm2::TimeXer
2018-02-09 10:00:00,-1.5054234,-1.5735365,-1.5054234,-1.5780432,ETTm2::TimeXer
2018-02-09 10:15:00,-1.4674726,-1.504474,-1.4674726,-1.5508593,ETTm2::TimeXer
2018-02-09 10:30:00,-1.4295216,-1.4863832,-1.4295216,-1.5320795,ETTm2::TimeXer
2018-02-09 10:45:00,-1.4295216,-1.417098,-1.4295216,-1.4797403,ETTm2::TimeXer
2018-02-09 11:00:00,-1.3915707,-1.3790659,-1.3915707,-1.4434403,ETTm2::TimeXer
2018-02-09 11:15:00,-1.3536198,-1.3324307,-1.3536198,-1.400533,ETTm2::TimeXer
2018-02-09 11:30:00,-1.315712,-1.3165727,-1.315712,-1.3876748,ETTm2::TimeXer
2018-02-09 11:45:00,-1.2967582,-1.2584281,-1.2967582,-1.34461,ETTm2::TimeXer
2018-02-09 12:00:00,-1.2398102,-1.1970998,-1.2398102,-1.3182421,ETTm2::TimeXer
2018-02-09 12:15:00,-1.2018592,-1.1714606,-1.2018592,-1.3104075,ETTm2::TimeXer
2018-02-09 12:30:00,-1.1259574,-1.149507,-1.1259574,-1.2908578,ETTm2::TimeXer
2018-02-09 12:45:00,-1.0880065,-1.1086698,-1.0880065,-1.2792082,ETTm2::TimeXer
2018-02-09 13:00:00,-1.0880065,-1.0777206,-1.0880065,-1.2483194,ETTm2::TimeXer
2018-02-09 13:15:00,-1.0121046,-1.0424374,-1.0121046,-1.2503216,ETTm2::TimeXer
2018-02-09 13:30:00,-0.97415376,-1.0017865,-0.97415376,-1.2335899,ETTm2::TimeXer
2018-02-09 13:45:00,-0.93620276,-0.9895166,-0.93620276,-1.2257458,ETTm2::TimeXer
2018-02-09 14:00:00,-0.8792979,-0.9871969,-0.8792979,-1.2299105,ETTm2::TimeXer
2018-02-09 14:15:00,-0.8792979,-0.9495576,-0.8792979,-1.2246548,ETTm2::TimeXer
2018-02-09 14:30:00,-0.84139025,-0.9417905,-0.84139025,-1.2202022,ETTm2::TimeXer
2018-02-09 14:45:00,-0.82239324,-0.9121083,-0.82239324,-1.2113652,ETTm2::TimeXer
2018-02-09 15:00:00,-0.82239324,-0.8851172,-0.82239324,-1.1865792,ETTm2::TimeXer
2018-02-09 15:15:00,-0.8033961,-0.86706036,-0.8033961,-1.1913425,ETTm2::TimeXer
2018-02-09 15:30:00,-0.8033961,-0.8587948,-0.8033961,-1.2108488,ETTm2::TimeXer
2018-02-09 15:45:00,-0.8033961,-0.85436505,-0.8033961,-1.2024559,ETTm2::TimeXer
2018-02-09 16:00:00,-0.8033961,-0.8648989,-0.8033961,-1.2228981,ETTm2::TimeXer
2018-02-09 16:15:00,-0.8033961,-0.8476418,-0.8033961,-1.2384728,ETTm2::TimeXer
2018-02-09 16:30:00,-0.82239324,-0.8654587,-0.82239324,-1.2397844,ETTm2::TimeXer
2018-02-09 16:45:00,-0.82239324,-0.8876494,-0.82239324,-1.2697657,ETTm2::TimeXer
2018-02-09 17:00:00,-0.8603441,-0.8771009,-0.8603441,-1.2612813,ETTm2::TimeXer
2018-02-09 17:15:00,-0.8603441,-0.9100775,-0.8603441,-1.3154672,ETTm2::TimeXer
2018-02-09 17:30:00,-0.8603441,-0.9085213,-0.8603441,-1.3255668,ETTm2::TimeXer
2018-02-09 17:45:00,-0.8982951,-0.918984,-0.8982951,-1.3527782,ETTm2::TimeXer
2018-02-09 18:00:00,-0.8982951,-0.9474056,-0.8982951,-1.3688225,ETTm2::TimeXer
2018-02-09 18:15:00,-0.93620276,-0.98031914,-0.93620276,-1.4118402,ETTm2::TimeXer
2018-02-09 18:30:00,-0.93620276,-0.98605204,-0.93620276,-1.4390765,ETTm2::TimeXer
2018-02-09 18:45:00,-0.97415376,-1.0101149,-0.97415376,-1.4463173,ETTm2::TimeXer
2018-02-09 19:00:00,-0.97415376,-1.007067,-0.97415376,-1.4569159,ETTm2::TimeXer
2018-02-09 19:15:00,-0.9931508,-1.0419767,-0.9931508,-1.4974152,ETTm2::TimeXer
2018-02-09 19:30:00,-1.0121046,-1.0512844,-1.0121046,-1.5039684,ETTm2::TimeXer
2018-02-09 19:45:00,-1.0121046,-1.0393817,-1.0121046,-1.5069075,ETTm2::TimeXer
2018-02-09 20:00:00,-1.0310585,-1.0640209,-1.0310585,-1.5222878,ETTm2::TimeXer
2018-02-09 20:15:00,-1.0500556,-1.0732477,-1.0500556,-1.5589665,ETTm2::TimeXer
2018-02-09 20:30:00,-1.0500556,-1.0737412,-1.0500556,-1.5721343,ETTm2::TimeXer
2018-02-09 20:45:00,-1.0690527,-1.1227787,-1.0690527,-1.5941242,ETTm2::TimeXer
2018-02-09 21:00:00,-1.0880065,-1.1092341,-1.0880065,-1.6176076,ETTm2::TimeXer
2018-02-09 21:15:00,-1.0880065,-1.1116363,-1.0880065,-1.6156694,ETTm2::TimeXer
2018-02-09 21:30:00,-1.1259574,-1.1346434,-1.1259574,-1.6447533,ETTm2::TimeXer
2018-02-09 21:45:00,-1.1259574,-1.1221542,-1.1259574,-1.6554912,ETTm2::TimeXer
2018-02-09 22:00:00,-1.1259574,-1.139562,-1.1259574,-1.6599138,ETTm2::TimeXer
2018-02-09 22:15:00,-1.1259574,-1.1350204,-1.1259574,-1.6556174,ETTm2::TimeXer
2018-02-09 22:30:00,-1.1639084,-1.1358509,-1.1639084,-1.6843746,ETTm2::TimeXer
2018-02-09 22:45:00,-1.1639084,-1.1563513,-1.1639084,-1.6956341,ETTm2::TimeXer
2018-02-09 23:00:00,-1.1639084,-1.1697598,-1.1639084,-1.6999826,ETTm2::TimeXer
2018-02-09 23:15:00,-1.1639084,-1.154569,-1.1639084,-1.6999636,ETTm2::TimeXer
2018-02-09 23:30:00,-1.1828623,-1.1830888,-1.1828623,-1.7195528,ETTm2::TimeXer
2018-02-09 23:45:00,-1.2018592,-1.1903701,-1.2018592,-1.7338406,ETTm2::TimeXer
2018-02-10 00:00:00,-1.2018592,-1.1792417,-1.2018592,-1.7149786,ETTm2::TimeXer
2018-02-10 00:15:00,-1.2018592,-1.173809,-1.2018592,-1.7341619,ETTm2::TimeXer
2018-02-10 00:30:00,-1.2018592,-1.1966777,-1.2018592,-1.7359054,ETTm2::TimeXer
2018-02-10 00:45:00,-1.2018592,-1.1647143,-1.2018592,-1.739151,ETTm2::TimeXer
2018-02-10 01:00:00,-1.2208563,-1.2068372,-1.2208563,-1.7612183,ETTm2::TimeXer
2018-02-10 01:15:00,-1.2398102,-1.2117338,-1.2398102,-1.7564609,ETTm2::TimeXer
2018-02-10 01:30:00,-1.2398102,-1.2250884,-1.2398102,-1.7641821,ETTm2::TimeXer
2018-02-10 01:45:00,-1.2398102,-1.2521567,-1.2398102,-1.7790518,ETTm2::TimeXer
2018-02-10 02:00:00,-1.2398102,-1.2186805,-1.2398102,-1.7760923,ETTm2::TimeXer
2018-02-10 02:15:00,-1.2777611,-1.2800877,-1.2777611,-1.7873499,ETTm2::TimeXer
2018-02-10 02:30:00,-1.2777611,-1.261939,-1.2777611,-1.7803367,ETTm2::TimeXer
2018-02-10 02:45:00,-1.2777611,-1.2607045,-1.2777611,-1.7890792,ETTm2::TimeXer
2018-02-10 03:00:00,-1.2777611,-1.2821183,-1.2777611,-1.8009197,ETTm2::TimeXer
2018-02-10 03:15:00,-1.2777611,-1.2997189,-1.2777611,-1.8031743,ETTm2::TimeXer
2018-02-10 03:30:00,-1.2967582,-1.2926006,-1.2967582,-1.8009917,ETTm2::TimeXer
2018-02-10 03:45:00,-1.315712,-1.311444,-1.315712,-1.8250167,ETTm2::TimeXer
2018-02-10 04:00:00,-1.315712,-1.3395916,-1.315712,-1.8248092,ETTm2::TimeXer
2018-02-10 04:15:00,-1.315712,-1.3285698,-1.315712,-1.8134186,ETTm2::TimeXer
2018-02-10 04:30:00,-1.315712,-1.3577995,-1.315712,-1.8109479,ETTm2::TimeXer
2018-02-10 04:45:00,-1.315712,-1.3712441,-1.315712,-1.8166969,ETTm2::TimeXer
2018-02-10 05:00:00,-1.315712,-1.3733592,-1.315712,-1.7963345,ETTm2::TimeXer
2018-02-10 05:15:00,-1.315712,-1.4073479,-1.315712,-1.8294892,ETTm2::TimeXer
2018-02-10 05:30:00,-1.315712,-1.405965,-1.315712,-1.8396826,ETTm2::TimeXer
2018-02-10 05:45:00,-1.3346659,-1.4240216,-1.3346659,-1.8040394,ETTm2::TimeXer
2018-02-07 05:30:00,-2.0556471,-2.096297,-2.0556471,-2.0517662,ETTm2::iTransformer
2018-02-07 05:45:00,-2.074644,-2.0960236,-2.074644,-2.0027478,ETTm2::iTransformer
2018-02-07 06:00:00,-2.074644,-2.1016166,-2.074644,-2.0353363,ETTm2::iTransformer
2018-02-07 06:15:00,-2.074644,-2.1215649,-2.074644,-2.0400631,ETTm2::iTransformer
2018-02-07 06:30:00,-2.093598,-2.077932,-2.093598,-2.031549,ETTm2::iTransformer
2018-02-07 06:45:00,-2.093598,-2.0967312,-2.093598,-2.0399742,ETTm2::iTransformer
2018-02-07 07:00:00,-2.093598,-2.0703268,-2.093598,-2.0222595,ETTm2::iTransformer
2018-02-07 07:15:00,-2.093598,-2.0484028,-2.093598,-2.0133703,ETTm2::iTransformer
2018-02-07 07:30:00,-2.093598,-2.056282,-2.093598,-2.009061,ETTm2::iTransformer
2018-02-07 07:45:00,-2.074644,-2.0578487,-2.074644,-2.0263085,ETTm2::iTransformer
2018-02-07 08:00:00,-2.0556903,-2.022178,-2.0556903,-2.0032053,ETTm2::iTransformer
2018-02-07 08:15:00,-2.036693,-2.0001767,-2.036693,-1.992592,ETTm2::iTransformer
2018-02-07 08:30:00,-1.9987422,-1.9880712,-1.9987422,-1.9701416,ETTm2::iTransformer
2018-02-07 08:45:00,-1.9607913,-1.9307804,-1.9607913,-1.945734,ETTm2::iTransformer
2018-02-07 09:00:00,-1.9417943,-1.9133441,-1.9417943,-1.949261,ETTm2::iTransformer
2018-02-07 09:15:00,-1.9038866,-1.8766203,-1.9038866,-1.9340835,ETTm2::iTransformer
2018-02-07 09:30:00,-1.8658925,-1.8075666,-1.8658925,-1.9274006,ETTm2::iTransformer
2018-02-07 09:45:00,-1.8279847,-1.7677995,-1.8279847,-1.8838216,ETTm2::iTransformer
2018-02-07 10:00:00,-1.7710367,-1.7296363,-1.7710367,-1.8403907,ETTm2::iTransformer
2018-02-07 10:15:00,-1.7141751,-1.6475524,-1.7141751,-1.7997347,ETTm2::iTransformer
2018-02-07 10:30:00,-1.6761811,-1.6304488,-1.6761811,-1.8254551,ETTm2::iTransformer
2018-02-07 10:45:00,-1.6002792,-1.5604621,-1.6002792,-1.7784367,ETTm2::iTransformer
2018-02-07 11:00:00,-1.5433744,-1.5327854,-1.5433744,-1.7434828,ETTm2::iTransformer
2018-02-07 11:15:00,-1.4674726,-1.4597105,-1.4674726,-1.7653317,ETTm2::iTransformer
2018-02-07 11:30:00,-1.3915707,-1.4164929,-1.3915707,-1.716705,ETTm2::iTransformer
2018-02-07 11:45:00,-1.3156688,-1.3609458,-1.3156688,-1.6822076,ETTm2::iTransformer
2018-02-07 12:00:00,-1.258764,-1.3225311,-1.258764,-1.6998649,ETTm2::iTransformer
2018-02-07 12:15:00,-1.2208563,-1.2916845,-1.2208563,-1.6582692,ETTm2::iTransformer
2018-02-07 12:30:00,-1.2018592,-1.2481091,-1.2018592,-1.6589253,ETTm2::iTransformer
2018-02-07 12:45:00,-1.1639084,-1.2048786,-1.1639084,-1.6508471,ETTm2::iTransformer
2018-02-07 13:00:00,-1.1639084,-1.152538,-1.1639084,-1.626874,ETTm2::iTransformer
2018-02-07 13:15:00,-1.1259574,-1.1317067,-1.1259574,-1.6258701,ETTm2::iTransformer
2018-02-07 13:30:00,-1.0690094,-1.1065607,-1.0690094,-1.6243186,ETTm2::iTransformer
2018-02-07 13:45:00,-1.0311017,-1.0513463,-1.0311017,-1.6061555,ETTm2::iTransformer
2018-02-07 14:00:00,-0.9931076,-1.006388,-0.9931076,-1.5846015,ETTm2::iTransformer
2018-02-07 14:15:00,-0.9931076,-1.0219005,-0.9931076,-1.6272186,ETTm2::iTransformer
2018-02-07 14:30:00,-0.97415376,-0.9860135,-0.97415376,-1.5779389,ETTm2::iTransformer
2018-02-07 14:45:00,-0.97415376,-0.9701941,-0.97415376,-1.6021547,ETTm2::iTransformer
2018-02-07 15:00:00,-0.97415376,-0.9457039,-0.97415376,-1.6016289,ETTm2::iTransformer
2018-02-07 15:15:00,-0.97415376,-0.9847023,-0.97415376,-1.5682826,ETTm2::iTransformer
2018-02-07 15:30:00,-0.97415376,-0.97935873,-0.97415376,-1.5696414,ETTm2::iTransformer
2018-02-07 15:45:00,-0.9931076,-0.99828804,-0.9931076,-1.5862302,ETTm2::iTransformer
2018-02-07 16:00:00,-0.9931076,-0.9967239,-0.9931076,-1.5740494,ETTm2::iTransformer
2018-02-07 16:15:00,-1.0311017,-1.0251822,-1.0311017,-1.6252669,ETTm2::iTransformer
2018-02-07 16:30:00,-1.0500556,-1.0516614,-1.0500556,-1.6051866,ETTm2::iTransformer
2018-02-07 16:45:00,-1.0880065,-1.0527745,-1.0880065,-1.617337,ETTm2::iTransformer
2018-02-07 17:00:00,-1.0880065,-1.086298,-1.0880065,-1.6555384,ETTm2::iTransformer
2018-02-07 17:15:00,-1.1259574,-1.1107017,-1.1259574,-1.6799343,ETTm2::iTransformer
2018-02-07 17:30:00,-1.1449544,-1.1387317,-1.1449544,-1.688545,ETTm2::iTransformer
2018-02-07 17:45:00,-1.1639084,-1.1854182,-1.1639084,-1.7332255,ETTm2::iTransformer
2018-02-07 18:00:00,-1.2018592,-1.221062,-1.2018592,-1.7344987,ETTm2::iTransformer
2018-02-07 18:15:00,-1.2398102,-1.2473392,-1.2398102,-1.7390589,ETTm2::iTransformer
2018-02-07 18:30:00,-1.258764,-1.2889268,-1.258764,-1.7447011,ETTm2::iTransformer
2018-02-07 18:45:00,-1.2777611,-1.3052168,-1.2777611,-1.7827138,ETTm2::iTransformer
2018-02-07 19:00:00,-1.315712,-1.3454591,-1.315712,-1.7579484,ETTm2::iTransformer
2018-02-07 19:15:00,-1.3536198,-1.3698201,-1.3536198,-1.7806247,ETTm2::iTransformer
2018-02-07 19:30:00,-1.3536198,-1.40011,-1.3536198,-1.7915846,ETTm2::iTransformer
2018-02-07 19:45:00,-1.3915707,-1.4519686,-1.3915707,-1.84849,ETTm2::iTransformer
2018-02-07 20:00:00,-1.4295216,-1.4563843,-1.4295216,-1.8248925,ETTm2::iTransformer
2018-02-07 20:15:00,-1.4295216,-1.4914137,-1.4295216,-1.8301244,ETTm2::iTransformer
2018-02-07 20:30:00,-1.4674726,-1.5228573,-1.4674726,-1.8771986,ETTm2::iTransformer
2018-02-07 20:45:00,-1.5054234,-1.5533413,-1.5054234,-1.8848294,ETTm2::iTransformer
2018-02-07 21:00:00,-1.5054234,-1.5767018,-1.5054234,-1.9033597,ETTm2::iTransformer
2018-02-07 21:15:00,-1.5433744,-1.6212686,-1.5433744,-1.9106722,ETTm2::iTransformer
2018-02-07 21:30:00,-1.5813253,-1.6254901,-1.5813253,-1.8773441,ETTm2::iTransformer
2018-02-07 21:45:00,-1.5813253,-1.618832,-1.5813253,-1.9018971,ETTm2::iTransformer
2018-02-07 22:00:00,-1.6192763,-1.6551814,-1.6192763,-1.9160604,ETTm2::iTransformer
2018-02-07 22:15:00,-1.6382301,-1.6503822,-1.6382301,-1.9063587,ETTm2::iTransformer
2018-02-07 22:30:00,-1.6572272,-1.6852145,-1.6572272,-1.919128,ETTm2::iTransformer
2018-02-07 22:45:00,-1.6762242,-1.6971323,-1.6762242,-1.9200295,ETTm2::iTransformer
2018-02-07 23:00:00,-1.695178,-1.7167366,-1.695178,-1.9422351,ETTm2::iTransformer
2018-02-07 23:15:00,-1.695178,-1.7288196,-1.695178,-1.9323167,ETTm2::iTransformer
2018-02-07 23:30:00,-1.714132,-1.7392671,-1.714132,-1.952598,ETTm2::iTransformer
2018-02-07 23:45:00,-1.733129,-1.7296824,-1.733129,-1.9634827,ETTm2::iTransformer
2018-02-08 00:00:00,-1.733129,-1.7554988,-1.733129,-1.970793,ETTm2::iTransformer
2018-02-08 00:15:00,-1.752083,-1.7783942,-1.752083,-1.9824201,ETTm2::iTransformer
2018-02-08 00:30:00,-1.7710367,-1.7808348,-1.7710367,-1.976979,ETTm2::iTransformer
2018-02-08 00:45:00,-1.7710367,-1.8197464,-1.7710367,-2.0109224,ETTm2::iTransformer
2018-02-08 01:00:00,-1.7710367,-1.8154824,-1.7710367,-2.0015619,ETTm2::iTransformer
2018-02-08 01:15:00,-1.7900338,-1.8418264,-1.7900338,-2.0142,ETTm2::iTransformer
2018-02-08 01:30:00,-1.8089877,-1.8195118,-1.8089877,-2.0291796,ETTm2::iTransformer
2018-02-08 01:45:00,-1.8279415,-1.8497841,-1.8279415,-2.0234823,ETTm2::iTransformer
2018-02-08 02:00:00,-1.8469386,-1.8698238,-1.8469386,-2.0200105,ETTm2::iTransformer
2018-02-08 02:15:00,-1.8659356,-1.8958212,-1.8659356,-2.0485995,ETTm2::iTransformer
2018-02-08 02:30:00,-1.8848895,-1.890278,-1.8848895,-2.0695755,ETTm2::iTransformer
2018-02-08 02:45:00,-1.8848895,-1.9051647,-1.8848895,-2.05205,ETTm2::iTransformer
2018-02-08 03:00:00,-1.8848895,-1.8907472,-1.8848895,-2.0474124,ETTm2::iTransformer
2018-02-08 03:15:00,-1.8848895,-1.9245341,-1.8848895,-2.0494924,ETTm2::iTransformer
2018-02-08 03:30:00,-1.9228405,-1.9449688,-1.9228405,-2.0810084,ETTm2::iTransformer
2018-02-08 03:45:00,-1.9228405,-1.9599075,-1.9228405,-2.0904875,ETTm2::iTransformer
2018-02-08 04:00:00,-1.9418374,-1.9443301,-1.9418374,-2.069736,ETTm2::iTransformer
2018-02-08 04:15:00,-1.9607913,-1.966379,-1.9607913,-2.1188033,ETTm2::iTransformer
2018-02-08 04:30:00,-1.9607913,-1.9866953,-1.9607913,-2.1131659,ETTm2::iTransformer
2018-02-08 04:45:00,-1.9797453,-1.9881868,-1.9797453,-2.1062918,ETTm2::iTransformer
2018-02-08 05:00:00,-1.9987422,-2.0059907,-1.9987422,-2.12436,ETTm2::iTransformer
2018-02-08 05:15:00,-2.0177393,-2.0184689,-2.0177393,-2.1453674,ETTm2::iTransformer
2018-03-25 07:00:00,-0.81499875,-0.37824297,-0.81499875,-0.42091867,Traffic::Autoformer
2018-03-25 08:00:00,-0.2956365,0.29347527,-0.2956365,0.21710101,Traffic::Autoformer
2018-03-25 09:00:00,0.25796938,0.618251,0.25796938,0.47604036,Traffic::Autoformer
2018-03-25 10:00:00,0.6232351,0.7979524,0.6232351,0.6185338,Traffic::Autoformer
2018-03-25 11:00:00,0.98279357,1.0046676,0.98279357,0.82172406,Traffic::Autoformer
2018-03-25 12:00:00,1.2053775,1.2734256,1.2053775,1.2011588,Traffic::Autoformer
2018-03-25 13:00:00,1.690496,1.4197338,1.690496,1.4367248,Traffic::Autoformer
2018-03-25 14:00:00,1.6334232,1.4570954,1.6334232,1.4024384,Traffic::Autoformer
2018-03-25 15:00:00,1.7818124,1.4450212,1.7818124,1.2822373,Traffic::Autoformer
2018-03-25 16:00:00,1.6391305,1.3904467,1.6391305,1.1419535,Traffic::Autoformer
2018-03-25 17:00:00,1.7761052,1.3282666,1.7761052,1.0349932,Traffic::Autoformer
2018-03-25 18:00:00,1.5706432,1.2144909,1.5706432,0.9076476,Traffic::Autoformer
2018-03-25 19:00:00,1.1825483,0.94045377,1.1825483,0.7093318,Traffic::Autoformer
2018-03-25 20:00:00,0.805868,0.59646887,0.805868,0.5209923,Traffic::Autoformer
2018-03-25 21:00:00,0.46913865,0.32011712,0.46913865,0.33357015,Traffic::Autoformer
2018-03-25 22:00:00,0.18377478,0.030667685,0.18377478,0.037744313,Traffic::Autoformer
2018-03-25 23:00:00,-0.20432006,-0.2742009,-0.20432006,-0.3519534,Traffic::Autoformer
2018-03-26 00:00:00,-0.5182203,-0.51209724,-0.5182203,-0.7668059,Traffic::Autoformer
2018-03-26 01:00:00,-0.92914426,-0.88786554,-0.92914426,-0.8377033,Traffic::Autoformer
2018-03-26 02:00:00,-1.1802645,-1.2303851,-1.1802645,-0.9512358,Traffic::Autoformer
2018-03-26 03:00:00,-1.3229464,-1.423062,-1.3229464,-1.1051959,Traffic::Autoformer
2018-03-26 04:00:00,-1.3800192,-1.455272,-1.3800192,-1.2338295,Traffic::Autoformer
2018-03-26 05:00:00,-1.4770429,-1.4146807,-1.4770429,-1.2705563,Traffic::Autoformer
2018-03-26 06:00:00,-1.4256774,-1.2897263,-1.4256774,-1.2224407,Traffic::Autoformer
2018-03-26 07:00:00,-1.2259227,-1.0950717,-1.2259227,-1.1169971,Traffic::Autoformer
2018-03-26 08:00:00,-0.83212054,-0.9083703,-0.83212054,-1.0191737,Traffic::Autoformer
2018-03-26 09:00:00,-0.43831843,-0.6030179,-0.43831843,-1.031727,Traffic::Autoformer
2018-03-26 10:00:00,0.063921966,-0.041492015,0.063921966,-0.87818646,Traffic::Autoformer
2018-03-26 11:00:00,0.36640766,0.4008646,0.36640766,-0.20345993,Traffic::Autoformer
2018-03-26 12:00:00,0.7316734,0.7695689,0.7316734,0.46214932,Traffic::Autoformer
2018-03-26 13:00:00,0.9371354,0.91948044,0.9371354,0.66745484,Traffic::Autoformer
2018-03-26 14:00:00,1.176841,0.97511166,1.176841,0.7067018,Traffic::Autoformer
2018-03-26 15:00:00,0.98279357,0.9596502,0.98279357,0.69027734,Traffic::Autoformer
2018-03-26 16:00:00,0.98279357,0.9095973,0.98279357,0.6896873,Traffic::Autoformer
2018-03-26 17:00:00,0.86864805,0.8228807,0.86864805,0.6860315,Traffic::Autoformer
2018-03-26 18:00:00,1.0569882,0.72891027,1.0569882,0.60195094,Traffic::Autoformer
2018-03-26 19:00:00,0.8229898,0.5402254,0.8229898,0.427715,Traffic::Autoformer
2018-03-26 20:00:00,0.57757694,0.2841969,0.57757694,0.24693748,Traffic::Autoformer
2018-03-26 21:00:00,0.19518934,0.06337012,0.19518934,0.07837665,Traffic::Autoformer
2018-03-26 22:00:00,-0.47826937,-0.22194368,-0.47826937,-0.22015953,Traffic::Autoformer
2018-03-26 23:00:00,-0.8264133,-0.5572663,-0.8264133,-0.6583805,Traffic::Autoformer
2018-03-27 00:00:00,-1.088948,-0.9054751,-1.088948,-0.94038296,Traffic::Autoformer
2018-03-27 01:00:00,-1.2829955,-1.248085,-1.2829955,-1.0638182,Traffic::Autoformer
2018-03-27 02:00:00,-1.4256774,-1.4616258,-1.4256774,-1.0938883,Traffic::Autoformer
2018-03-27 03:00:00,-1.4313847,-1.5005554,-1.4313847,-1.1390204,Traffic::Autoformer
2018-03-27 04:00:00,-1.3686047,-1.4104066,-1.3686047,-1.1754595,Traffic::Autoformer
2018-03-27 05:00:00,-1.1460208,-1.2265804,-1.1460208,-1.1181095,Traffic::Autoformer
2018-03-27 06:00:00,-0.68943864,-0.8852036,-0.68943864,-0.923035,Traffic::Autoformer
2018-03-27 07:00:00,0.10387291,-0.36394772,0.10387291,-0.57583666,Traffic::Autoformer
2018-03-27 08:00:00,0.7316734,0.32214954,0.7316734,-0.1441803,Traffic::Autoformer
2018-03-27 09:00:00,1.256743,0.7563927,1.256743,0.28834176,Traffic::Autoformer
2018-03-27 10:00:00,0.8515262,0.7588917,0.8515262,0.66389877,Traffic::Autoformer
2018-03-27 11:00:00,0.72025883,0.9077816,0.72025883,0.8902321,Traffic::Autoformer
2018-03-27 12:00:00,1.256743,1.1674063,1.256743,1.1189005,Traffic::Autoformer
2018-03-27 13:00:00,1.507863,1.356755,1.507863,1.2465044,Traffic::Autoformer
2018-03-27 14:00:00,1.6676669,1.4338131,1.6676669,1.2358606,Traffic::Autoformer
2018-03-27 15:00:00,1.9016652,1.4762466,1.9016652,1.2011857,Traffic::Autoformer
2018-03-27 16:00:00,2.575124,1.5002533,2.575124,1.2082138,Traffic::Autoformer
2018-03-27 17:00:00,1.9416162,1.4414314,1.9416162,1.2172784,Traffic::Autoformer
2018-03-27 18:00:00,2.2726383,1.3110799,2.2726383,1.148229,Traffic::Autoformer
2018-03-27 19:00:00,1.8674215,1.100699,1.8674215,1.0043937,Traffic::Autoformer
2018-03-27 20:00:00,1.2681575,0.8162533,1.2681575,0.8359145,Traffic::Autoformer
2018-03-27 21:00:00,0.17236024,0.540719,0.17236024,0.6007564,Traffic::Autoformer
2018-03-27 22:00:00,-0.10729635,0.07880923,-0.10729635,0.16210356,Traffic::Autoformer
2018-03-27 23:00:00,-0.75221866,-0.3805248,-0.75221866,-0.39529544,Traffic::Autoformer
2018-03-28 00:00:00,-1.1117772,-0.7770928,-1.1117772,-0.73733544,Traffic::Autoformer
2018-03-28 01:00:00,-1.23163,-1.034682,-1.23163,-0.8333271,Traffic::Autoformer
2018-03-28 02:00:00,-1.3800192,-1.1965327,-1.3800192,-0.835634,Traffic::Autoformer
2018-03-28 03:00:00,-1.3914337,-1.2205539,-1.3914337,-0.8418446,Traffic::Autoformer
2018-03-28 04:00:00,-1.35719,-1.1394521,-1.35719,-0.84417933,Traffic::Autoformer
2018-03-28 05:00:00,-1.151728,-0.97263694,-1.151728,-0.7660723,Traffic::Autoformer
2018-03-28 06:00:00,-0.5981222,-0.59830403,-0.5981222,-0.5412552,Traffic::Autoformer
2018-03-28 07:00:00,0.22943301,0.09506002,0.22943301,-0.14638591,Traffic::Autoformer
2018-03-28 08:00:00,0.8401117,0.93988717,0.8401117,0.3520742,Traffic::Autoformer
2018-03-28 09:00:00,1.239621,1.1746705,1.239621,0.84070516,Traffic::Autoformer
2018-03-28 10:00:00,0.7316734,1.0616815,0.7316734,1.0383904,Traffic::Autoformer
2018-03-28 11:00:00,0.8515262,1.1420319,0.8515262,1.0889176,Traffic::Autoformer
2018-03-28 12:00:00,1.1483046,1.3577316,1.1483046,1.2098899,Traffic::Autoformer
2018-03-28 13:00:00,1.5820577,1.5420865,1.5820577,1.276401,Traffic::Autoformer
2018-03-28 14:00:00,1.507863,1.644594,1.507863,1.2527815,Traffic::Autoformer
2018-03-28 15:00:00,1.9302016,1.7167304,1.9302016,1.2444446,Traffic::Autoformer
2018-03-28 16:00:00,2.4838076,1.7507434,2.4838076,1.2874184,Traffic::Autoformer
2018-03-28 17:00:00,2.2212727,1.6509106,2.2212727,1.3170445,Traffic::Autoformer
2018-03-28 18:00:00,2.3468328,1.6665394,2.3468328,1.4309074,Traffic::Autoformer
2018-03-28 19:00:00,2.021518,1.5212121,2.021518,1.4586537,Traffic::Autoformer
2018-03-28 20:00:00,1.4165467,1.2148352,1.4165467,1.3365737,Traffic::Autoformer
2018-03-28 21:00:00,0.6803079,0.8035263,0.6803079,0.99436307,Traffic::Autoformer
2018-03-28 22:00:00,0.13811657,0.18644507,0.13811657,0.4675402,Traffic::Autoformer
2018-03-28 23:00:00,-0.5581713,-0.32075647,-0.5581713,-0.008490264,Traffic::Autoformer
2018-03-29 00:00:00,-0.9120224,-0.76040983,-0.9120224,-0.40174872,Traffic::Autoformer
2018-03-29 01:00:00,-1.16885,-0.9904762,-1.16885,-0.52572787,Traffic::Autoformer
2018-03-29 02:00:00,-1.3800192,-1.1755781,-1.3800192,-0.5892781,Traffic::Autoformer
2018-03-29 03:00:00,-1.4542137,-1.2509333,-1.4542137,-0.6135654,Traffic::Autoformer
2018-03-29 04:00:00,-1.3001173,-1.1112728,-1.3001173,-0.57995987,Traffic::Autoformer
2018-03-29 05:00:00,-1.1631427,-0.7429833,-1.1631427,-0.400185,Traffic::Autoformer
2018-03-29 06:00:00,-0.61524403,-0.13288651,-0.61524403,-0.42430094,Traffic::Autoformer
2018-04-04 06:00:00,-0.65519494,-0.80241877,-0.65519494,-0.6959762,Traffic::TimeXer
2018-04-04 07:00:00,0.10958019,-0.013363272,0.10958019,0.11997652,Traffic::TimeXer
2018-04-04 08:00:00,0.6118206,0.72994125,0.6118206,0.8086419,Traffic::TimeXer
2018-04-04 09:00:00,0.99420816,1.0158076,0.99420816,1.2121718,Traffic::TimeXer
2018-04-04 10:00:00,0.64035696,0.9000779,0.64035696,1.0416627,Traffic::TimeXer
2018-04-04 11:00:00,0.69172245,0.9717581,0.69172245,1.145658,Traffic::TimeXer
2018-04-04 12:00:00,0.908599,1.3251805,0.908599,1.4879434,Traffic::TimeXer
2018-04-04 13:00:00,1.4907413,1.501538,1.4907413,1.6711504,Traffic::TimeXer
2018-04-04 14:00:00,1.627716,1.8089128,1.627716,1.9528549,Traffic::TimeXer
2018-04-04 15:00:00,2.1185417,1.8609908,2.1185417,1.9826972,Traffic::TimeXer
2018-04-04 16:00:00,2.4666858,2.0646453,2.4666858,2.209703,Traffic::TimeXer
2018-04-04 17:00:00,2.4039056,2.2350724,2.4039056,2.3695378,Traffic::TimeXer
2018-04-04 18:00:00,2.4438565,2.2369492,2.4438565,2.2941082,Traffic::TimeXer
2018-04-04 19:00:00,1.713325,1.8242593,1.713325,1.9063919,Traffic::TimeXer
2018-04-04 20:00:00,1.3252302,1.4352441,1.3252302,1.5259247,Traffic::TimeXer
2018-04-04 21:00:00,0.6460642,0.831954,0.6460642,0.8751614,Traffic::TimeXer
2018-04-04 22:00:00,0.10387291,0.22700198,0.10387291,0.2983021,Traffic::TimeXer
2018-04-04 23:00:00,-0.56387854,-0.3684243,-0.56387854,-0.2626034,Traffic::TimeXer
2018-04-05 00:00:00,-0.9748025,-0.8994164,-0.9748025,-0.80936307,Traffic::TimeXer
2018-04-05 01:00:00,-1.2145082,-1.1873889,-1.2145082,-1.1065025,Traffic::TimeXer
2018-04-05 02:00:00,-1.4085555,-1.4409525,-1.4085555,-1.4436202,Traffic::TimeXer
2018-04-05 03:00:00,-1.4256774,-1.5033145,-1.4256774,-1.3821275,Traffic::TimeXer
2018-04-05 04:00:00,-1.334361,-1.4260583,-1.334361,-1.3608441,Traffic::TimeXer
2018-04-05 05:00:00,-1.1060698,-1.2088077,-1.1060698,-1.0818744,Traffic::TimeXer
2018-04-05 06:00:00,-0.63807315,-0.6155582,-0.63807315,-0.46606725,Traffic::TimeXer
2018-04-05 07:00:00,0.2066039,0.12238285,0.2066039,0.34047496,Traffic::TimeXer
2018-04-05 08:00:00,0.54904056,0.7263477,0.54904056,1.0006499,Traffic::TimeXer
2018-04-05 09:00:00,1.2966938,0.97778416,1.2966938,1.3104266,Traffic::TimeXer
2018-04-05 10:00:00,0.8115753,0.9470879,0.8115753,1.2956004,Traffic::TimeXer
2018-04-05 11:00:00,0.6803079,0.98144823,0.6803079,1.3298025,Traffic::TimeXer
2018-04-05 12:00:00,1.0569882,1.276091,1.0569882,1.5500813,Traffic::TimeXer
2018-04-05 13:00:00,1.4622049,1.5702884,1.4622049,1.7261188,Traffic::TimeXer
2018-04-05 14:00:00,1.8731289,1.7444873,1.8731289,1.8808596,Traffic::TimeXer
2018-04-05 15:00:00,1.8046415,1.9325831,1.8046415,2.066244,Traffic::TimeXer
2018-04-05 16:00:00,2.1699073,2.015858,2.1699073,2.2152483,Traffic::TimeXer
2018-04-05 17:00:00,2.0158107,2.1032968,2.0158107,2.2693708,Traffic::TimeXer
2018-04-05 18:00:00,2.409613,1.9781661,2.409613,2.1465662,Traffic::TimeXer
2018-04-05 19:00:00,1.8845434,1.7634802,1.8845434,1.895931,Traffic::TimeXer
2018-04-05 20:00:00,1.382303,1.3130362,1.382303,1.4833188,Traffic::TimeXer
2018-04-05 21:00:00,0.7773316,0.75696933,0.7773316,0.8794366,Traffic::TimeXer
2018-04-05 22:00:00,0.12099474,0.15544273,0.12099474,0.32000083,Traffic::TimeXer
2018-04-05 23:00:00,-0.56387854,-0.4095841,-0.56387854,-0.28892606,Traffic::TimeXer
2018-04-06 00:00:00,-0.9919243,-0.86031765,-0.9919243,-0.77118,Traffic::TimeXer
2018-04-06 01:00:00,-1.191679,-1.2286909,-1.191679,-1.1606948,Traffic::TimeXer
2018-04-06 02:00:00,-1.3743119,-1.4141445,-1.3743119,-1.3826246,Traffic::TimeXer
2018-04-06 03:00:00,-1.4427992,-1.464453,-1.4427992,-1.4828165,Traffic::TimeXer
2018-04-06 04:00:00,-1.3686047,-1.3641603,-1.3686047,-1.3952448,Traffic::TimeXer
2018-04-06 05:00:00,-1.1802645,-1.0453119,-1.1802645,-1.0493581,Traffic::TimeXer
2018-04-06 06:00:00,-0.51251304,-0.44524312,-0.51251304,-0.38575315,Traffic::TimeXer
2018-04-06 07:00:00,0.10958019,0.37850645,0.10958019,0.45454544,Traffic::TimeXer
2018-04-06 08:00:00,0.5604551,0.9175645,0.5604551,1.0403502,Traffic::TimeXer
2018-04-06 09:00:00,1.2110847,1.1500839,1.2110847,1.315909,Traffic::TimeXer
2018-04-06 10:00:00,0.9656718,1.0731868,0.9656718,1.2071611,Traffic::TimeXer
2018-04-06 11:00:00,0.9371354,1.2266414,0.9371354,1.3335031,Traffic::TimeXer
2018-04-06 12:00:00,1.0855246,1.5665152,1.0855246,1.6803069,Traffic::TimeXer
2018-04-06 13:00:00,1.6790814,1.8255894,1.6790814,1.969063,Traffic::TimeXer
2018-04-06 14:00:00,1.6334232,2.0560138,1.6334232,2.2075016,Traffic::TimeXer
2018-04-06 15:00:00,2.2155654,2.2391882,2.2155654,2.3529484,Traffic::TimeXer
2018-04-06 16:00:00,2.1984437,2.3432457,2.1984437,2.3964524,Traffic::TimeXer
2018-04-06 17:00:00,2.3753693,2.3263264,2.3753693,2.4387312,Traffic::TimeXer
2018-04-06 18:00:00,2.4666858,2.1773386,2.4666858,2.2574792,Traffic::TimeXer
2018-04-06 19:00:00,1.9701525,1.846725,1.9701525,1.9298613,Traffic::TimeXer
2018-04-06 20:00:00,1.359474,1.2990808,1.359474,1.3965697,Traffic::TimeXer
2018-04-06 21:00:00,0.7887462,0.6634413,0.7887462,0.76204,Traffic::TimeXer
2018-04-06 22:00:00,0.21801846,0.117985964,0.21801846,0.257932,Traffic::TimeXer
2018-04-06 23:00:00,-0.5410494,-0.44124663,-0.5410494,-0.34041888,Traffic::TimeXer
2018-04-07 00:00:00,-0.88348603,-0.8822914,-0.88348603,-0.74238354,Traffic::TimeXer
2018-04-07 01:00:00,-1.1631427,-1.1681986,-1.1631427,-0.99078125,Traffic::TimeXer
2018-04-07 02:00:00,-1.4028482,-1.420224,-1.4028482,-1.2947533,Traffic::TimeXer
2018-04-07 03:00:00,-1.4028482,-1.433878,-1.4028482,-1.3443849,Traffic::TimeXer
2018-04-07 04:00:00,-1.334361,-1.340605,-1.334361,-1.3193069,Traffic::TimeXer
2018-04-07 05:00:00,-1.0946553,-0.99286896,-1.0946553,-0.99270016,Traffic::TimeXer
2018-04-07 06:00:00,-0.70085317,-0.49426162,-0.70085317,-0.4380638,Traffic::TimeXer
2018-04-07 07:00:00,0.046800137,0.2348752,0.046800137,0.29777724,Traffic::TimeXer
2018-04-07 08:00:00,0.44630954,0.8814224,0.44630954,0.9407949,Traffic::TimeXer
2018-04-07 09:00:00,0.79445344,1.1205716,0.79445344,1.2387345,Traffic::TimeXer
2018-04-07 10:00:00,0.7316734,1.0912818,0.7316734,1.1760931,Traffic::TimeXer
2018-04-07 11:00:00,0.8401117,1.3681662,0.8401117,1.4549251,Traffic::TimeXer
2018-04-07 12:00:00,1.3480593,1.6678953,1.3480593,1.7368414,Traffic::TimeXer
2018-04-07 13:00:00,1.5421067,1.8806281,1.5421067,2.0319877,Traffic::TimeXer
2018-04-07 14:00:00,2.0272253,2.0914814,2.0272253,2.1974592,Traffic::TimeXer
2018-04-07 15:00:00,2.3011746,2.4072196,2.3011746,2.4754865,Traffic::TimeXer
2018-04-07 16:00:00,2.4781003,2.5083518,2.4781003,2.5609245,Traffic::TimeXer
2018-04-07 17:00:00,2.5637095,2.494813,2.5637095,2.578435,Traffic::TimeXer
2018-04-07 18:00:00,2.4039056,2.299353,2.4039056,2.3142345,Traffic::TimeXer
2018-04-07 19:00:00,1.9302016,2.019476,1.9302016,1.9890823,Traffic::TimeXer
2018-04-07 20:00:00,1.4622049,1.5187862,1.4622049,1.4906721,Traffic::TimeXer
2018-04-07 21:00:00,0.61752784,0.9799058,0.61752784,0.99202484,Traffic::TimeXer
2018-04-07 22:00:00,0.32645673,0.45230764,0.32645673,0.4648376,Traffic::TimeXer
2018-04-07 23:00:00,-0.10158907,-0.10559669,-0.10158907,-0.09929547,Traffic::TimeXer
2018-04-08 00:00:00,-0.6323658,-0.51202565,-0.6323658,-0.46849298,Traffic::TimeXer
2018-04-08 01:00:00,-0.9405588,-0.78124005,-0.9405588,-0.74492544,Traffic::TimeXer
2018-04-08 02:00:00,-1.2373372,-1.0612075,-1.2373372,-1.0343273,Traffic::TimeXer
2018-04-08 03:00:00,-1.3400682,-1.2109845,-1.3400682,-1.2096496,Traffic::TimeXer
2018-04-08 04:00:00,-1.3800192,-1.3902571,-1.3800192,-1.3305156,Traffic::TimeXer
2018-04-08 05:00:00,-1.35719,-1.381942,-1.35719,-1.3772049,Traffic::TimeXer
2018-05-26 11:00:00,0.34928584,0.3202381,0.34928584,0.16201243,Traffic::iTransformer
2018-05-26 12:00:00,0.7088443,0.7114005,0.7088443,0.5568503,Traffic::iTransformer
2018-05-26 13:00:00,1.1254755,1.259138,1.1254755,1.0783904,Traffic::iTransformer
2018-05-26 14:00:00,1.4907413,1.382968,1.4907413,1.3647689,Traffic::iTransformer
2018-05-26 15:00:00,1.4564976,1.5295494,1.4564976,1.4331093,Traffic::iTransformer
2018-05-26 16:00:00,1.5535213,1.5744048,1.5535213,1.4674845,Traffic::iTransformer
2018-05-26 17:00:00,1.6790814,1.4731312,1.6790814,1.3957511,Traffic::iTransformer
2018-05-26 18:00:00,1.7190324,1.5344081,1.7190324,1.3879018,Traffic::iTransformer
2018-05-26 19:00:00,1.3765957,1.3615376,1.3765957,1.2431208,Traffic::iTransformer
2018-05-26 20:00:00,1.239621,1.1680787,1.239621,0.9480648,Traffic::iTransformer
2018-05-26 21:00:00,0.5319187,0.7448021,0.5319187,0.57181245,Traffic::iTransformer
2018-05-26 22:00:00,0.1552384,0.36643726,0.1552384,0.13501579,Traffic::iTransformer
2018-05-26 23:00:00,-0.0045653568,-0.27654287,-0.0045653568,-0.40129146,Traffic::iTransformer
2018-05-27 00:00:00,-0.46114755,-0.73190105,-0.46114755,-0.8109791,Traffic::iTransformer
2018-05-27 01:00:00,-0.7579259,-0.9464536,-0.7579259,-1.1868647,Traffic::iTransformer
2018-05-27 02:00:00,-1.0204607,-1.2301404,-1.0204607,-1.4359444,Traffic::iTransformer
2018-05-27 03:00:00,-1.3172392,-1.5224307,-1.3172392,-1.5794201,Traffic::iTransformer
2018-05-27 04:00:00,-1.3457755,-1.7884781,-1.3457755,-1.6495485,Traffic::iTransformer
2018-05-27 05:00:00,-1.397141,-1.7725925,-1.397141,-1.5549102,Traffic::iTransformer
2018-05-27 06:00:00,-1.4199702,-1.6179817,-1.4199702,-1.2803118,Traffic::iTransformer
2018-05-27 07:00:00,-1.3172392,-1.265581,-1.3172392,-0.7444005,Traffic::iTransformer
2018-05-27 08:00:00,-1.1117772,-0.58693457,-1.1117772,-0.02305767,Traffic::iTransformer
2018-05-27 09:00:00,-0.7350968,-0.18234983,-0.7350968,0.5561388,Traffic::iTransformer
2018-05-27 10:00:00,-0.3926602,0.08260402,-0.3926602,0.7335937,Traffic::iTransformer
2018-05-27 11:00:00,0.09245835,0.3738546,0.09245835,0.8818301,Traffic::iTransformer
2018-05-27 12:00:00,0.5033823,0.4857528,0.5033823,1.0025184,Traffic::iTransformer
2018-05-27 13:00:00,0.92001355,1.0603797,0.92001355,1.475377,Traffic::iTransformer
2018-05-27 14:00:00,1.0969391,1.2760386,1.0969391,1.815643,Traffic::iTransformer
2018-05-27 15:00:00,1.3024011,1.4586008,1.3024011,1.9222847,Traffic::iTransformer
2018-05-27 16:00:00,1.1254755,1.5554879,1.1254755,2.0066047,Traffic::iTransformer
2018-05-27 17:00:00,1.3651812,1.7436409,1.3651812,2.1658413,Traffic::iTransformer
2018-05-27 18:00:00,1.4108394,1.7300147,1.4108394,2.209466,Traffic::iTransformer
2018-05-27 19:00:00,1.3994248,1.5444248,1.3994248,2.1271007,Traffic::iTransformer
2018-05-27 20:00:00,0.8401117,1.2647982,0.8401117,1.7396945,Traffic::iTransformer
2018-05-27 21:00:00,0.42348042,0.8925472,0.42348042,1.2963527,Traffic::iTransformer
2018-05-27 22:00:00,-0.09588179,0.31315947,-0.09588179,0.68443406,Traffic::iTransformer
2018-05-27 23:00:00,-0.30134377,-0.2806069,-0.30134377,0.037232846,Traffic::iTransformer
2018-05-28 00:00:00,-0.41548932,-0.68270326,-0.41548932,-0.45897087,Traffic::iTransformer
2018-05-28 01:00:00,-0.71226776,-1.0771848,-0.71226776,-0.962384,Traffic::iTransformer
2018-05-28 02:00:00,-1.0033388,-1.3314826,-1.0033388,-1.249168,Traffic::iTransformer
2018-05-28 03:00:00,-1.254459,-1.594147,-1.254459,-1.5381246,Traffic::iTransformer
2018-05-28 04:00:00,-1.35719,-1.7264516,-1.35719,-1.6524749,Traffic::iTransformer
2018-05-28 05:00:00,-1.4427992,-1.923527,-1.4427992,-1.613296,Traffic::iTransformer
2018-05-28 06:00:00,-1.4656283,-1.6783392,-1.4656283,-1.348572,Traffic::iTransformer
2018-05-28 07:00:00,-1.3286537,-1.1697956,-1.3286537,-0.76738834,Traffic::iTransformer
2018-05-28 08:00:00,-1.151728,-0.4764385,-1.151728,0.00457716,Traffic::iTransformer
2018-05-28 09:00:00,-0.8949006,0.039371938,-0.8949006,0.6567278,Traffic::iTransformer
2018-05-28 10:00:00,-0.5810003,0.3502186,-0.5810003,0.8808968,Traffic::iTransformer
2018-05-28 11:00:00,-0.03880902,0.38829404,-0.03880902,0.8895459,Traffic::iTransformer
2018-05-28 12:00:00,0.32074943,0.5574265,0.32074943,1.0050284,Traffic::iTransformer
2018-05-28 13:00:00,0.69172245,1.0912361,0.69172245,1.4627068,Traffic::iTransformer
2018-05-28 14:00:00,1.1311828,1.443024,1.1311828,1.7922426,Traffic::iTransformer
2018-05-28 15:00:00,1.2053775,1.6274902,1.2053775,1.9674317,Traffic::iTransformer
2018-05-28 16:00:00,1.1597192,1.7894574,1.1597192,2.0945737,Traffic::iTransformer
2018-05-28 17:00:00,1.1197683,1.8971907,1.1197683,2.2671645,Traffic::iTransformer
2018-05-28 18:00:00,1.1597192,1.9464812,1.1597192,2.2843678,Traffic::iTransformer
2018-05-28 19:00:00,1.0855246,1.8183925,1.0855246,2.1813948,Traffic::iTransformer
2018-05-28 20:00:00,0.70313704,1.5074316,0.70313704,1.8445865,Traffic::iTransformer
2018-05-28 21:00:00,0.30933487,1.1829408,0.30933487,1.4008856,Traffic::iTransformer
2018-05-28 22:00:00,-0.22714917,0.63140965,-0.22714917,0.7802056,Traffic::iTransformer
2018-05-28 23:00:00,-0.5182203,0.0015859902,-0.5182203,0.17566329,Traffic::iTransformer
2018-05-29 00:00:00,-0.88348603,-0.72937715,-0.88348603,-0.4991671,Traffic::iTransformer
2018-05-29 01:00:00,-1.1346062,-0.99932444,-1.1346062,-0.90528035,Traffic::iTransformer
2018-05-29 02:00:00,-1.3229464,-1.3167382,-1.3229464,-1.2530954,Traffic::iTransformer
2018-05-29 03:00:00,-1.437092,-1.4639457,-1.437092,-1.4317623,Traffic::iTransformer
2018-05-29 04:00:00,-1.4770429,-1.6642084,-1.4770429,-1.5807135,Traffic::iTransformer
2018-05-29 05:00:00,-1.4028482,-1.6137757,-1.4028482,-1.5090219,Traffic::iTransformer
2018-05-29 06:00:00,-1.1346062,-1.1561965,-1.1346062,-1.1267042,Traffic::iTransformer
2018-05-29 07:00:00,-0.5810003,-0.6181607,-0.5810003,-0.6606759,Traffic::iTransformer
2018-05-29 08:00:00,0.05821469,0.22397275,0.05821469,0.14547059,Traffic::iTransformer
2018-05-29 09:00:00,0.89147717,0.8502784,0.89147717,0.8431978,Traffic::iTransformer
2018-05-29 10:00:00,1.1939628,0.99502134,1.1939628,1.0531178,Traffic::iTransformer
2018-05-29 11:00:00,0.71455157,0.8601526,0.71455157,0.9261451,Traffic::iTransformer
2018-05-29 12:00:00,0.7487952,1.1004854,0.7487952,1.1754715,Traffic::iTransformer
2018-05-29 13:00:00,1.2053775,1.3880647,1.2053775,1.520688,Traffic::iTransformer
2018-05-29 14:00:00,1.3880103,1.9445052,1.3880103,1.9746003,Traffic::iTransformer
2018-05-29 15:00:00,1.713325,1.968228,1.713325,2.0503948,Traffic::iTransformer
2018-05-29 16:00:00,2.2612238,2.2684407,2.2612238,2.264863,Traffic::iTransformer
2018-05-29 17:00:00,2.432442,2.3489144,2.432442,2.3259695,Traffic::iTransformer
2018-05-29 18:00:00,2.660733,2.4042768,2.660733,2.3821375,Traffic::iTransformer
2018-05-29 19:00:00,3.0259988,2.2733414,3.0259988,2.3181767,Traffic::iTransformer
2018-05-29 20:00:00,2.2783456,1.8540776,2.2783456,1.9490776,Traffic::iTransformer
2018-05-29 21:00:00,1.1996701,1.4169064,1.1996701,1.4932328,Traffic::iTransformer
2018-05-29 22:00:00,0.21801846,0.7796725,0.21801846,0.88427854,Traffic::iTransformer
2018-05-29 23:00:00,-0.24997827,0.024113268,-0.24997827,0.19923002,Traffic::iTransformer
2018-05-30 00:00:00,-0.72938955,-0.53536415,-0.72938955,-0.47902796,Traffic::iTransformer
2018-05-30 01:00:00,-1.1003625,-1.0436697,-1.1003625,-0.99099255,Traffic::iTransformer
2018-05-30 02:00:00,-1.1973863,-1.3515172,-1.1973863,-1.292377,Traffic::iTransformer
2018-05-30 03:00:00,-1.4256774,-1.437123,-1.4256774,-1.4454746,Traffic::iTransformer
2018-05-30 04:00:00,-1.4542137,-1.622719,-1.4542137,-1.6079526,Traffic::iTransformer
2018-05-30 05:00:00,-1.3743119,-1.5033991,-1.3743119,-1.4907415,Traffic::iTransformer
2018-05-30 06:00:00,-1.1403135,-1.1055964,-1.1403135,-1.1066531,Traffic::iTransformer
2018-05-30 07:00:00,-0.68943864,-0.5880225,-0.68943864,-0.6304227,Traffic::iTransformer
2018-05-30 08:00:00,0.063921966,0.3899238,0.063921966,0.34276974,Traffic::iTransformer
2018-05-30 09:00:00,0.70313704,0.8670918,0.70313704,0.9305271,Traffic::iTransformer
2018-05-30 10:00:00,1.1026465,1.068777,1.1026465,1.1086102,Traffic::iTransformer
2020-11-29 02:30:00,0.03970667,0.116205074,0.03970667,0.33632207,Weather::Autoformer
2020-11-29 02:40:00,0.035539538,0.12831983,0.035539538,0.3548212,Weather::Autoformer
2020-11-29 02:50:00,0.035539538,0.12360426,0.035539538,0.37343836,Weather::Autoformer
2020-11-29 03:00:00,0.034758203,0.11916888,0.034758203,0.38610396,Weather::Autoformer
2020-11-29 03:10:00,0.037102215,0.11621651,0.037102215,0.39629114,Weather::Autoformer
2020-11-29 03:20:00,0.04960361,0.11099616,0.04960361,0.41335735,Weather::Autoformer
2020-11-29 03:30:00,0.04960361,0.102304906,0.04960361,0.44475186,Weather::Autoformer
2020-11-29 03:40:00,0.058458768,0.09420154,0.058458768,0.51641995,Weather::Autoformer
2020-11-29 03:50:00,0.06496991,0.090778604,0.06496991,0.44134706,Weather::Autoformer
2020-11-29 04:00:00,0.062105007,0.09623774,0.062105007,0.4096647,Weather::Autoformer
2020-11-29 04:10:00,0.0626259,0.09725376,0.0626259,0.41198194,Weather::Autoformer
2020-11-29 04:20:00,0.059760995,0.09318164,0.059760995,0.41322047,Weather::Autoformer
2020-11-29 04:30:00,0.06184456,0.086392224,0.06184456,0.4111278,Weather::Autoformer
2020-11-29 04:40:00,0.058979657,0.079117745,0.058979657,0.40403003,Weather::Autoformer
2020-11-29 04:50:00,0.062365454,0.07800217,0.062365454,0.4069135,Weather::Autoformer
2020-11-29 05:00:00,0.06444902,0.08814288,0.06444902,0.43692502,Weather::Autoformer
2020-11-29 05:10:00,0.067053474,0.08554693,0.067053474,0.48606324,Weather::Autoformer
2020-11-29 05:20:00,0.07122061,0.08157622,0.07122061,0.5146628,Weather::Autoformer
2020-11-29 05:30:00,0.070960164,0.07456516,0.070960164,0.51234317,Weather::Autoformer
2020-11-29 05:40:00,0.06418857,0.074910715,0.06418857,0.49850994,Weather::Autoformer
2020-11-29 05:50:00,0.084242895,0.07660788,0.084242895,0.53916305,Weather::Autoformer
2020-11-29 06:00:00,0.07851309,0.08802442,0.07851309,0.61008984,Weather::Autoformer
2020-11-29 06:10:00,0.08294067,0.08435364,0.08294067,0.6322181,Weather::Autoformer
2020-11-29 06:20:00,0.078773536,0.08371418,0.078773536,0.6022708,Weather::Autoformer
2020-11-29 06:30:00,0.08215933,0.08421104,0.08215933,0.5654741,Weather::Autoformer
2020-11-29 06:40:00,0.07773175,0.08400387,0.07773175,0.5538902,Weather::Autoformer
2020-11-29 06:50:00,0.07721086,0.082675606,0.07721086,0.49203917,Weather::Autoformer
2020-11-29 07:00:00,0.08033621,0.08464736,0.08033621,0.4652643,Weather::Autoformer
2020-11-29 07:10:00,0.08215933,0.082866155,0.08215933,0.4453869,Weather::Autoformer
2020-11-29 07:20:00,0.083722,0.10265125,0.083722,0.42821458,Weather::Autoformer
2020-11-29 07:30:00,0.086326465,0.10007891,0.086326465,0.4463433,Weather::Autoformer
2020-11-29 07:40:00,0.084242895,0.095725,0.084242895,0.503839,Weather::Autoformer
2020-11-29 07:50:00,0.08320112,0.09134897,0.08320112,0.53119844,Weather::Autoformer
2020-11-29 08:00:00,0.07825264,0.08495638,0.07825264,0.5230197,Weather::Autoformer
2020-11-29 08:10:00,0.08476379,0.0789396,0.08476379,0.5037465,Weather::Autoformer
2020-11-29 08:20:00,0.08580557,0.07393199,0.08580557,0.49399757,Weather::Autoformer
2020-11-29 08:30:00,0.09023315,0.06136451,0.09023315,0.51252216,Weather::Autoformer
2020-11-29 08:40:00,0.09231672,0.06001705,0.09231672,0.5371272,Weather::Autoformer
2020-11-29 08:50:00,0.09283761,0.06655473,0.09283761,0.5588802,Weather::Autoformer
2020-11-29 09:00:00,0.08945181,0.08181386,0.08945181,0.5968377,Weather::Autoformer
2020-11-29 09:10:00,0.08502424,0.052938383,0.08502424,0.6258778,Weather::Autoformer
2020-11-29 09:20:00,0.08111755,0.02832882,0.08111755,0.6349145,Weather::Autoformer
2020-11-29 09:30:00,0.075127296,0.02140862,0.075127296,0.5945779,Weather::Autoformer
2020-11-29 09:40:00,0.07955487,0.021420905,0.07955487,0.5331216,Weather::Autoformer
2020-11-29 09:50:00,0.08320112,0.026057402,0.08320112,0.48360834,Weather::Autoformer
2020-11-29 10:00:00,0.09309805,0.030635508,0.09309805,0.47757596,Weather::Autoformer
2020-11-29 10:10:00,0.08867048,0.034542024,0.08867048,0.4740275,Weather::Autoformer
2020-11-29 10:20:00,0.08033621,0.036671016,0.08033621,0.4705735,Weather::Autoformer
2020-11-29 10:30:00,0.07148106,0.050914504,0.07148106,0.49313986,Weather::Autoformer
2020-11-29 10:40:00,0.07668997,0.08755514,0.07668997,0.53319967,Weather::Autoformer
2020-11-29 10:50:00,0.0746064,0.06417422,0.0746064,0.5580089,Weather::Autoformer
2020-11-29 11:00:00,0.076950416,0.036193997,0.076950416,0.5798495,Weather::Autoformer
2020-11-29 11:10:00,0.07122061,0.020652398,0.07122061,0.61012864,Weather::Autoformer
2020-11-29 11:20:00,0.07017883,0.015893223,0.07017883,0.6595542,Weather::Autoformer
2020-11-29 11:30:00,0.065490805,0.018516429,0.065490805,0.6462332,Weather::Autoformer
2020-11-29 11:40:00,0.062105007,0.02566281,0.062105007,0.6074215,Weather::Autoformer
2020-11-29 11:50:00,0.0626259,0.036048267,0.0626259,0.6042451,Weather::Autoformer
2020-11-29 12:00:00,0.05142673,0.0494822,0.05142673,0.60017157,Weather::Autoformer
2020-11-29 12:10:00,0.04543648,0.08014333,0.04543648,0.62259513,Weather::Autoformer
2020-11-29 12:20:00,0.043352913,0.15154347,0.043352913,0.62901086,Weather::Autoformer
2020-11-29 12:30:00,0.038404442,0.12568292,0.038404442,0.60046625,Weather::Autoformer
2020-11-29 12:40:00,0.03423731,0.07916625,0.03423731,0.544623,Weather::Autoformer
2020-11-29 12:50:00,0.03606043,0.057706453,0.03606043,0.48647118,Weather::Autoformer
2020-11-29 13:00:00,0.034497757,0.04863917,0.034497757,0.45253888,Weather::Autoformer
2020-11-29 13:10:00,0.033976864,0.043576136,0.033976864,0.41053835,Weather::Autoformer
2020-11-29 13:20:00,0.032674637,0.048113883,0.032674637,0.4194847,Weather::Autoformer
2020-11-29 13:30:00,0.03788355,0.05944868,0.03788355,0.38167512,Weather::Autoformer
2020-11-29 13:40:00,0.036581323,0.07704566,0.036581323,0.3551006,Weather::Autoformer
2020-11-29 13:50:00,0.036320876,0.10985003,0.036320876,0.37230825,Weather::Autoformer
2020-11-29 14:00:00,0.03423731,0.15227906,0.03423731,0.39052716,Weather::Autoformer
2020-11-29 14:10:00,0.034497757,0.10150111,0.034497757,0.3870762,Weather::Autoformer
2020-11-29 14:20:00,0.03319553,0.06968293,0.03319553,0.36968562,Weather::Autoformer
2020-11-29 14:30:00,0.03319553,0.0603014,0.03319553,0.33756056,Weather::Autoformer
2020-11-29 14:40:00,0.032935083,0.06839647,0.032935083,0.29310197,Weather::Autoformer
2020-11-29 14:50:00,0.03345597,0.08606616,0.03345597,0.2875237,Weather::Autoformer
2020-11-29 15:00:00,0.03059107,0.105379894,0.03059107,0.24091916,Weather::Autoformer
2020-11-29 15:10:00,0.030330624,0.1226694,0.030330624,0.17607002,Weather::Autoformer
2020-11-29 15:20:00,0.03059107,0.1292507,0.03059107,0.15179521,Weather::Autoformer
2020-11-29 15:30:00,0.031111961,0.09515949,0.031111961,0.1551286,Weather::Autoformer
2020-11-29 15:40:00,0.029288841,0.07432956,0.029288841,0.12479433,Weather::Autoformer
2020-11-29 15:50:00,0.03319553,0.076184414,0.03319553,0.10813983,Weather::Autoformer
2020-11-29 16:00:00,0.03163285,0.0927698,0.03163285,0.11411684,Weather::Autoformer
2020-11-29 16:10:00,0.032674637,0.11019184,0.032674637,0.07174445,Weather::Autoformer
2020-11-29 16:20:00,0.03970667,0.116450295,0.03970667,0.063071,Weather::Autoformer
2020-11-29 16:30:00,0.03501865,0.10807103,0.03501865,0.05951865,Weather::Autoformer
2020-11-29 16:40:00,0.040227562,0.0884208,0.040227562,0.056739327,Weather::Autoformer
2020-11-29 16:50:00,0.03970667,0.073540606,0.03970667,0.06687232,Weather::Autoformer
2020-11-29 17:00:00,0.035799984,0.07665129,0.035799984,0.04582156,Weather::Autoformer
2020-11-29 17:10:00,0.057156537,0.09498407,0.057156537,0.056315433,Weather::Autoformer
2020-11-29 17:20:00,0.051947623,0.121853106,0.051947623,0.047132004,Weather::Autoformer
2020-11-29 17:30:00,0.04908272,0.1397888,0.04908272,0.026046302,Weather::Autoformer
2020-11-29 17:40:00,0.049343165,0.148044,0.049343165,0.0096858675,Weather::Autoformer
2020-11-29 17:50:00,0.048822273,0.1523828,0.048822273,0.0020951964,Weather::Autoformer
2020-11-29 18:00:00,0.049864057,0.14966027,0.049864057,-0.00092938077,Weather::Autoformer
2020-11-29 18:10:00,0.070960164,0.13747638,0.070960164,-0.007010081,Weather::Autoformer
2020-11-29 18:20:00,0.075127296,0.121262185,0.075127296,-0.00872329,Weather::Autoformer
2020-11-29 18:30:00,0.063667685,0.108057365,0.063667685,-0.002750136,Weather::Autoformer
2020-11-29 18:40:00,0.062105007,0.10038602,0.062105007,0.005496576,Weather::Autoformer
2020-11-29 18:50:00,0.058979657,0.100060225,0.058979657,0.0010754662,Weather::Autoformer
2020-11-29 19:00:00,0.051687177,0.09894604,0.051687177,0.008066775,Weather::Autoformer
2020-11-29 19:10:00,0.043352913,0.07471881,0.043352913,0.020393707,Weather::Autoformer
2020-11-29 19:20:00,0.03970667,0.056600675,0.03970667,0.01949579,Weather::Autoformer
2020-11-29 19:30:00,0.04048801,0.06967766,0.04048801,0.019956047,Weather::Autoformer
2020-11-29 19:40:00,0.038925335,0.07999692,0.038925335,0.02236278,Weather::Autoformer
2020-11-29 19:50:00,0.04465514,0.096147954,0.04465514,0.03450098,Weather::Autoformer
2020-11-29 20:00:00,0.04283202,0.11443936,0.04283202,0.017689645,Weather::Autoformer
2020-11-29 20:10:00,0.037623104,0.12545578,0.037623104,0.03953839,Weather::Autoformer
2020-11-29 20:20:00,0.06627214,0.12958209,0.06627214,0.04002312,Weather::Autoformer
2020-11-29 20:30:00,0.057416983,0.13290586,0.057416983,0.013512506,Weather::Autoformer
2020-11-29 20:40:00,0.056635648,0.12544742,0.056635648,0.017012611,Weather::Autoformer
2020-11-29 20:50:00,0.06288634,0.109824926,0.06288634,0.051253743,Weather::Autoformer
2020-11-29 21:00:00,0.06991838,0.114563614,0.06991838,0.06656393,Weather::Autoformer
2020-11-29 21:10:00,0.07564819,0.122782186,0.07564819,0.057474826,Weather::Autoformer
2020-11-29 21:20:00,0.07981532,0.14642821,0.07981532,0.08286894,Weather::Autoformer
2020-11-29 21:30:00,0.06809526,0.17365068,0.06809526,0.10813623,Weather::Autoformer
2020-11-29 21:40:00,0.07955487,0.201738,0.07955487,0.12387902,Weather::Autoformer
2020-11-29 21:50:00,0.062365454,0.19363043,0.062365454,0.097874045,Weather::Autoformer
2020-11-29 22:00:00,0.050384946,0.15598781,0.050384946,0.075493306,Weather::Autoformer
2020-11-29 22:10:00,0.057416983,0.14105786,0.057416983,0.12719375,Weather::Autoformer
2020-11-29 22:20:00,0.06288634,0.14414111,0.06288634,0.12503017,Weather::Autoformer
2020-11-29 22:30:00,0.06132367,0.16573206,0.06132367,0.12666985,Weather::Autoformer
2020-11-29 22:40:00,0.057416983,0.20280725,0.057416983,0.15200655,Weather::Autoformer
2020-11-29 22:50:00,0.07122061,0.21379253,0.07122061,0.15593953,Weather::Autoformer
2020-11-29 23:00:00,0.08320112,0.2028895,0.08320112,0.15263131,Weather::Autoformer
2020-11-29 23:10:00,0.08346156,0.17685252,0.08346156,0.15739149,Weather::Autoformer
2020-11-29 23:20:00,0.080596656,0.14871593,0.080596656,0.16629611,Weather::Autoformer
2020-11-29 23:30:00,0.070699714,0.13206643,0.070699714,0.17744537,Weather::Autoformer
2020-11-29 23:40:00,0.07043927,0.13571492,0.07043927,0.18973835,Weather::Autoformer
2020-11-29 23:50:00,0.07981532,0.14963566,0.07981532,0.20537293,Weather::Autoformer
2020-11-30 00:00:00,0.068876594,0.15553646,0.068876594,0.16222568,Weather::Autoformer
2020-11-30 00:10:00,0.059760995,0.16325292,0.059760995,0.16713059,Weather::Autoformer
2020-11-30 00:20:00,0.06575125,0.16229832,0.06575125,0.171652,Weather::Autoformer
2020-11-30 00:30:00,0.06132367,0.16735256,0.06132367,0.17821714,Weather::Autoformer
2020-11-30 00:40:00,0.05507297,0.17366776,0.05507297,0.18446441,Weather::Autoformer
2020-11-30 00:50:00,0.041529793,0.18075351,0.041529793,0.18818015,Weather::Autoformer
2020-11-30 01:00:00,0.04778049,0.19598116,0.04778049,0.20045666,Weather::Autoformer
2020-11-30 01:10:00,0.048040938,0.20315161,0.048040938,0.20293249,Weather::Autoformer
2020-11-30 01:20:00,0.047520045,0.21379973,0.047520045,0.21821693,Weather::Autoformer
2020-11-30 01:30:00,0.06418857,0.23641275,0.06418857,0.34379274,Weather::Autoformer
2020-11-30 01:40:00,0.06783482,0.24298425,0.06783482,0.2307975,Weather::Autoformer
2020-11-30 01:50:00,0.08215933,0.1966516,0.08215933,0.17226952,Weather::Autoformer
2020-11-30 02:00:00,0.08502424,0.18774948,0.08502424,0.17162901,Weather::Autoformer
2020-11-30 02:10:00,0.089712255,0.22305545,0.089712255,0.21466318,Weather::Autoformer
2020-11-30 02:20:00,0.089972705,0.21591961,0.089972705,0.20592198,Weather::Autoformer
2020-11-30 02:30:00,0.0933585,0.20756073,0.0933585,0.19862208,Weather::Autoformer
2020-11-30 02:40:00,0.0660117,0.20152198,0.0660117,0.19313592,Weather::Autoformer
2020-11-30 02:50:00,0.06679303,0.19892047,0.06679303,0.19241852,Weather::Autoformer
2020-11-30 03:00:00,0.09075404,0.18694416,0.09075404,0.17759326,Weather::Autoformer
2020-11-30 03:10:00,0.10039053,0.1857922,0.10039053,0.18054208,Weather::Autoformer
2020-11-30 03:20:00,0.10013009,0.18821253,0.10013009,0.18338618,Weather::Autoformer
2020-11-30 03:30:00,0.093618944,0.16787319,0.093618944,0.14830199,Weather::Autoformer
2020-11-30 03:40:00,0.09283761,0.16051778,0.09283761,0.13787487,Weather::Autoformer
2020-11-30 03:50:00,0.10039053,0.15530407,0.10039053,0.13041952,Weather::Autoformer
2020-11-30 04:00:00,0.10403678,0.15935245,0.10403678,0.13608488,Weather::Autoformer
2020-11-30 04:10:00,0.10481811,0.15066107,0.10481811,0.12229141,Weather::Autoformer
2020-11-30 04:20:00,0.10039053,0.14555906,0.10039053,0.115803905,Weather::Autoformer
2020-11-30 04:30:00,0.09648385,0.13986008,0.09648385,0.11201093,Weather::Autoformer
2020-11-30 04:40:00,0.09882786,0.13709989,0.09882786,0.10856231,Weather::Autoformer
2020-11-30 04:50:00,0.11523594,0.13581373,0.11523594,0.109232664,Weather::Autoformer
2020-11-30 05:00:00,0.107162125,0.149916,0.107162125,0.14830092,Weather::Autoformer
2020-11-30 05:10:00,0.11054792,0.14834638,0.11054792,0.1467985,Weather::Autoformer
2020-11-30 05:20:00,0.10924569,0.14480591,0.10924569,0.13822974,Weather::Autoformer
2020-11-30 05:30:00,0.110808365,0.13315804,0.110808365,0.13344043,Weather::Autoformer
2020-11-30 05:40:00,0.11237104,0.13135298,0.11237104,0.12965277,Weather::Autoformer
2020-11-30 05:50:00,0.11185015,0.1319799,0.11185015,0.12804031,Weather::Autoformer
2020-11-30 06:00:00,0.11341282,0.14432448,0.11341282,0.12724744,Weather::Autoformer
2020-11-30 06:10:00,0.11393371,0.13888788,0.11393371,0.12436206,Weather::Autoformer
2020-11-30 06:20:00,0.107162125,0.13566926,0.107162125,0.12253611,Weather::Autoformer
2020-11-30 06:30:00,0.108985245,0.13507664,0.108985245,0.10487126,Weather::Autoformer
2020-11-30 06:40:00,0.10742257,0.13789175,0.10742257,0.10037047,Weather::Autoformer
2020-11-30 06:50:00,0.09205627,0.13908733,0.09205627,0.10151302,Weather::Autoformer
2020-11-30 07:00:00,0.070960164,0.14169702,0.070960164,0.09260448,Weather::Autoformer
2020-11-30 07:10:00,0.0563752,0.13827139,0.0563752,0.088310935,Weather::Autoformer
2020-11-30 07:20:00,0.057156537,0.15210904,0.057156537,0.08454879,Weather::Autoformer
2020-11-30 07:30:00,0.05090584,0.16395769,0.05090584,0.083751045,Weather::Autoformer
2020-11-30 07:40:00,0.05819832,0.16245207,0.05819832,0.08282086,Weather::Autoformer
2020-11-30 07:50:00,0.06575125,0.16077632,0.06575125,0.085225515,Weather::Autoformer
2020-11-30 08:00:00,0.07616908,0.15606868,0.07616908,0.088561,Weather::Autoformer
2020-11-30 08:10:00,0.09205627,0.15257162,0.09205627,0.08746062,Weather::Autoformer
2020-11-30 08:20:00,0.089972705,0.14610411,0.089972705,0.10016787,Weather::Autoformer
2020-11-30 08:30:00,0.07590863,0.13670033,0.07590863,0.11264007,Weather::Autoformer
2020-11-30 08:40:00,0.0779922,0.11899834,0.0779922,0.09357853,Weather::Autoformer
2020-11-30 08:50:00,0.09309805,0.11675307,0.09309805,0.08602795,Weather::Autoformer
2020-11-30 09:00:00,0.10377633,0.122244634,0.10377633,0.0841379,Weather::Autoformer
2020-11-30 09:10:00,0.11862174,0.11612126,0.11862174,0.082240894,Weather::Autoformer
2020-11-30 09:20:00,0.11731951,0.07515393,0.11731951,0.08416466,Weather::Autoformer
2020-11-30 09:30:00,0.116538174,0.06120097,0.116538174,0.08599338,Weather::Autoformer
2020-11-30 09:40:00,0.12252843,0.055256102,0.12252843,0.084369935,Weather::Autoformer
2020-11-30 09:50:00,0.11888219,0.051740013,0.11888219,0.08474017,Weather::Autoformer
2020-11-30 10:00:00,0.10950614,0.05440589,0.10950614,0.10355313,Weather::Autoformer
2020-11-30 10:10:00,0.105339006,0.04992237,0.105339006,0.11149485,Weather::Autoformer
2020-11-30 10:20:00,0.10742257,0.051836986,0.10742257,0.08198318,Weather::Autoformer
2020-11-30 10:30:00,0.10794346,0.047180504,0.10794346,0.075256556,Weather::Autoformer
2020-11-30 10:40:00,0.10273454,0.06189781,0.10273454,0.07354578,Weather::Autoformer
2020-11-30 10:50:00,0.099869646,0.071612366,0.099869646,0.075313404,Weather::Autoformer
2020-11-30 11:00:00,0.09309805,0.033798046,0.09309805,0.077967785,Weather::Autoformer
2020-11-30 11:10:00,0.08893092,0.008299684,0.08893092,0.07450928,Weather::Autoformer
2020-11-30 11:20:00,0.09023315,-0.005726762,0.09023315,0.0739245,Weather::Autoformer
2020-11-30 11:30:00,0.08658691,-0.009157711,0.08658691,0.077481784,Weather::Autoformer
2020-11-30 11:40:00,0.07955487,-0.0049154796,0.07955487,0.08845107,Weather::Autoformer
2020-11-30 11:50:00,0.06184456,0.001706074,0.06184456,0.10535081,Weather::Autoformer
2020-11-30 12:00:00,0.03788355,0.008093094,0.03788355,0.08209174,Weather::Autoformer
2020-11-30 12:10:00,0.031111961,0.022879675,0.031111961,0.06868935,Weather::Autoformer
2020-11-30 12:20:00,0.030330624,0.06384548,0.030330624,0.06760686,Weather::Autoformer
2020-11-30 12:30:00,0.030070178,0.10776353,0.030070178,0.06485799,Weather::Autoformer
2020-11-30 12:40:00,0.030330624,0.050730824,0.030330624,0.06698192,Weather::Autoformer
2020-11-30 12:50:00,0.03319553,0.02667086,0.03319553,0.07367372,Weather::Autoformer
2020-11-30 13:00:00,0.035279095,0.019155366,0.035279095,0.07672643,Weather::Autoformer
2020-11-30 13:10:00,0.03501865,0.014550971,0.03501865,0.08861913,Weather::Autoformer
2020-11-30 13:20:00,0.036581323,0.01909748,0.036581323,0.101615526,Weather::Autoformer
2020-11-30 13:30:00,0.037102215,0.02881981,0.037102215,0.08838417,Weather::Autoformer
2020-11-30 13:40:00,0.03788355,0.040748198,0.03788355,0.07899158,Weather::Autoformer
2020-11-30 13:50:00,0.038143996,0.06091682,0.038143996,0.075330265,Weather::Autoformer
2020-11-30 14:00:00,0.035799984,0.10729087,0.035799984,0.07420852,Weather::Autoformer
2020-11-30 14:10:00,0.03501865,0.097914994,0.03501865,0.07932197,Weather::Autoformer
2020-11-30 14:20:00,0.03606043,0.05569421,0.03606043,0.07904415,Weather::Autoformer
2020-11-30 14:30:00,0.03684177,0.043140694,0.03684177,0.075295396,Weather::Autoformer
2020-11-30 14:40:00,0.03788355,0.049162447,0.03788355,0.064590305,Weather::Autoformer
2020-11-30 14:50:00,0.03918578,0.06272106,0.03918578,0.06728133,Weather::Autoformer
2020-11-30 15:00:00,0.039446227,0.07896941,0.039446227,0.07193003,Weather::Autoformer
2020-11-30 15:10:00,0.043352913,0.09915121,0.043352913,0.054844096,Weather::Autoformer
2020-11-30 15:20:00,0.04048801,0.11390163,0.04048801,0.049349573,Weather::Autoformer
2020-11-30 15:30:00,0.04361336,0.09673898,0.04361336,0.056294337,Weather::Autoformer
2020-11-30 15:40:00,0.0410089,0.07062834,0.0410089,0.060520045,Weather::Autoformer
2020-11-30 15:50:00,0.032935083,0.06324628,0.032935083,0.06915768,Weather::Autoformer
2020-11-30 16:00:00,0.031893298,0.07066143,0.031893298,0.08382308,Weather::Autoformer
2020-11-30 16:10:00,0.035799984,0.084691525,0.035799984,0.065816894,Weather::Autoformer
2020-11-30 16:20:00,0.03684177,0.099210724,0.03684177,0.06638101,Weather::Autoformer
2020-11-30 16:30:00,0.044915587,0.09568797,0.044915587,0.06961052,Weather::Autoformer
2020-11-30 16:40:00,0.04778049,0.07853472,0.04778049,0.06834698,Weather::Autoformer
2020-11-30 16:50:00,0.040227562,0.062387496,0.040227562,0.07445977,Weather::Autoformer
2020-11-30 17:00:00,0.042571574,0.056441676,0.042571574,0.074209295,Weather::Autoformer
2020-11-30 17:10:00,0.039967116,0.063760795,0.039967116,0.075924024,Weather::Autoformer
2020-11-30 17:20:00,0.040748455,0.087356985,0.040748455,0.06838716,Weather::Autoformer
2020-11-30 17:30:00,0.044134248,0.104272276,0.044134248,0.052936234,Weather::Autoformer
2020-11-30 17:40:00,0.043352913,0.11668399,0.043352913,0.04319766,Weather::Autoformer
2020-11-30 17:50:00,0.046217814,0.12470792,0.046217814,0.040932924,Weather::Autoformer
2020-11-30 18:00:00,0.0472596,0.12661108,0.0472596,0.040996056,Weather::Autoformer
2020-11-30 18:10:00,0.05090584,0.122589454,0.05090584,0.036094975,Weather::Autoformer
2020-11-30 18:20:00,0.048561826,0.10566954,0.048561826,0.03611064,Weather::Autoformer
2020-11-30 18:30:00,0.04647826,0.0895268,0.04647826,0.044159256,Weather::Autoformer
2020-11-30 18:40:00,0.05142673,0.0788921,0.05142673,0.056161813,Weather::Autoformer
2020-11-30 18:50:00,0.056114756,0.076984584,0.056114756,0.053703476,Weather::Autoformer
2020-11-30 19:00:00,0.05689609,0.078527726,0.05689609,0.061036818,Weather::Autoformer
2020-11-30 19:10:00,0.053770743,0.06554864,0.053770743,0.07167817,Weather::Autoformer
2020-11-30 19:20:00,0.052989405,0.02563116,0.052989405,0.06947245,Weather::Autoformer
2020-11-30 19:30:00,0.051947623,0.03651645,0.051947623,0.06794725,Weather::Autoformer
2020-11-30 19:40:00,0.048040938,0.051344074,0.048040938,0.06784572,Weather::Autoformer
2020-11-30 19:50:00,0.048822273,0.06499053,0.048822273,0.07753898,Weather::Autoformer
2020-11-30 20:00:00,0.050124504,0.087905616,0.050124504,0.059055846,Weather::Autoformer
2020-11-30 20:10:00,0.0563752,0.102012955,0.0563752,0.07796177,Weather::Autoformer
2020-11-30 20:20:00,0.06002144,0.10928817,0.06002144,0.07655168,Weather::Autoformer
2020-11-30 20:30:00,0.061063223,0.10703394,0.061063223,0.04885703,Weather::Autoformer
2020-11-30 20:40:00,0.063407235,0.10414459,0.063407235,0.048946008,Weather::Autoformer
2020-11-30 20:50:00,0.065490805,0.09336734,0.065490805,0.07586121,Weather::Autoformer
2020-11-30 21:00:00,0.0626259,0.09493384,0.0626259,0.08081032,Weather::Autoformer
2020-11-30 21:10:00,0.063667685,0.09805368,0.063667685,0.0667814,Weather::Autoformer
2020-11-30 21:20:00,0.065490805,0.11714425,0.065490805,0.091250576,Weather::Autoformer
2020-11-30 21:30:00,0.06861615,0.13617823,0.06861615,0.114106216,Weather::Autoformer
2020-11-30 21:40:00,0.06653258,0.15520006,0.06653258,0.12472684,Weather::Autoformer
2020-11-30 21:50:00,0.06392813,0.12884682,0.06392813,0.077687524,Weather::Autoformer
2020-11-30 22:00:00,0.062365454,0.103629336,0.062365454,0.03748122,Weather::Autoformer
2020-11-30 22:10:00,0.06288634,0.06538312,0.06288634,0.06711295,Weather::Autoformer
2020-11-30 22:20:00,0.063667685,0.051570207,0.063667685,0.06221213,Weather::Autoformer
2020-11-30 22:30:00,0.06314679,0.08860247,0.06314679,0.07073219,Weather::Autoformer
2020-11-30 22:40:00,0.06392813,0.12257385,0.06392813,0.09085283,Weather::Autoformer
2020-11-30 22:50:00,0.06470946,0.13793328,0.06470946,0.1000925,Weather::Autoformer
2020-11-30 23:00:00,0.06470946,0.1443086,0.06470946,0.102639526,Weather::Autoformer
2020-11-30 23:10:00,0.06496991,0.13340296,0.06496991,0.11151101,Weather::Autoformer
2020-11-30 23:20:00,0.063667685,0.11704788,0.063667685,0.12404154,Weather::Autoformer
2020-11-30 23:30:00,0.063407235,0.103548594,0.063407235,0.13793442,Weather::Autoformer
2020-11-30 23:40:00,0.06314679,0.10466219,0.06314679,0.15228713,Weather::Autoformer
2020-11-30 23:50:00,0.06080278,0.12106807,0.06080278,0.1692705,Weather::Autoformer
2020-12-01 00:00:00,0.061584115,0.1308272,0.061584115,0.13045171,Weather::Autoformer
2020-12-01 00:10:00,0.06444902,0.12649283,0.06444902,0.12739764,Weather::Autoformer
2020-12-01 00:20:00,0.062365454,0.12717018,0.062365454,0.12467115,Weather::Autoformer
2020-12-01 00:30:00,0.06132367,0.12345529,0.06132367,0.124608696,Weather::Autoformer
2020-12-01 00:40:00,0.06184456,0.12223418,0.06184456,0.12408075,Weather::Autoformer
2020-12-01 00:50:00,0.063407235,0.11884839,0.063407235,0.12087591,Weather::Autoformer
2020-12-01 01:00:00,0.06653258,0.12362454,0.06653258,0.12364851,Weather::Autoformer
2020-12-01 01:10:00,0.06809526,0.11755689,0.06809526,0.11449087,Weather::Autoformer
2020-12-01 01:20:00,0.068876594,0.11210884,0.068876594,0.10578756,Weather::Autoformer
2020-12-01 01:30:00,0.06861615,0.09856519,0.06861615,0.10461474,Weather::Autoformer
2020-12-01 01:40:00,0.06757437,0.09232926,0.06757437,0.10460623,Weather::Autoformer
2020-12-01 01:50:00,0.06679303,0.104790755,0.06679303,0.09330192,Weather::Autoformer
2020-12-01 02:00:00,0.065230355,0.13762966,0.065230355,0.12796,Weather::Autoformer
2020-12-01 02:10:00,0.06392813,0.1777684,0.06392813,0.17661192,Weather::Autoformer
2020-12-01 02:20:00,0.063667685,0.17026617,0.063667685,0.16811997,Weather::Autoformer
2020-12-01 02:30:00,0.063407235,0.16178873,0.063407235,0.16058518,Weather::Autoformer
2020-12-01 02:40:00,0.062365454,0.15379624,0.062365454,0.15421154,Weather::Autoformer
2020-12-01 02:50:00,0.062365454,0.14907573,0.062365454,0.15071146,Weather::Autoformer
2020-12-01 03:00:00,0.065230355,0.14259025,0.065230355,0.13929483,Weather::Autoformer
2020-12-01 03:10:00,0.0660117,0.1383472,0.0660117,0.13689846,Weather::Autoformer
2020-12-01 03:20:00,0.06861615,0.13265987,0.06861615,0.12903945,Weather::Autoformer
2020-12-01 03:30:00,0.07043927,0.12571828,0.07043927,0.10669331,Weather::Autoformer
2020-12-01 03:40:00,0.07200195,0.12104288,0.07200195,0.09750315,Weather::Autoformer
2020-12-01 03:50:00,0.07408551,0.116490684,0.07408551,0.09027597,Weather::Autoformer
2020-12-01 04:00:00,0.075127296,0.11728167,0.075127296,0.09107043,Weather::Autoformer
2020-12-01 04:10:00,0.07590863,0.11131217,0.07590863,0.08096578,Weather::Autoformer
2020-12-01 04:20:00,0.07642952,0.108759195,0.07642952,0.077508934,Weather::Autoformer
2020-12-01 04:30:00,0.07408551,0.10507378,0.07408551,0.075843155,Weather::Autoformer
2020-12-01 04:40:00,0.07434596,0.10344914,0.07434596,0.073674515,Weather::Autoformer
2020-12-01 04:50:00,0.07382507,0.102943465,0.07382507,0.074863315,Weather::Autoformer
2020-12-01 05:00:00,0.075127296,0.117532104,0.075127296,0.11423997,Weather::Autoformer
2020-12-01 05:10:00,0.07590863,0.11599016,0.07590863,0.11324492,Weather::Autoformer
2020-12-01 05:20:00,0.07616908,0.11150931,0.07616908,0.104941286,Weather::Autoformer
2020-12-01 05:30:00,0.0746064,0.100316025,0.0746064,0.10021549,Weather::Autoformer
2020-12-01 05:40:00,0.07616908,0.09954667,0.07616908,0.096587755,Weather::Autoformer
2020-12-01 05:50:00,0.07825264,0.10078804,0.07825264,0.094990544,Weather::Autoformer
2020-12-01 06:00:00,0.0779922,0.11178679,0.0779922,0.094195694,Weather::Autoformer
2020-12-01 06:10:00,0.07903398,0.107368946,0.07903398,0.0913526,Weather::Autoformer
2020-12-01 06:20:00,0.08137799,0.10652435,0.08137799,0.08953747,Weather::Autoformer
2020-12-01 06:30:00,0.08476379,0.10805161,0.08476379,0.07188656,Weather::Autoformer
2020-12-01 06:40:00,0.086326465,0.108816594,0.086326465,0.067364216,Weather::Autoformer
2020-12-01 06:50:00,0.08528468,0.10851733,0.08528468,0.068533,Weather::Autoformer
2020-12-01 07:00:00,0.08554512,0.11016651,0.08554512,0.059611775,Weather::Autoformer
2020-12-01 07:10:00,0.09127493,0.10838453,0.09127493,0.055290673,Weather::Autoformer
2020-12-01 07:20:00,0.089712255,0.12966722,0.089712255,0.051474623,Weather::Autoformer
2020-12-01 07:30:00,0.09413984,0.13187377,0.09413984,0.050730355,Weather::Autoformer
2020-12-01 07:40:00,0.093618944,0.12980077,0.093618944,0.049858484,Weather::Autoformer
2020-12-01 07:50:00,0.09127493,0.12740257,0.09127493,0.05220566,Weather::Autoformer
2020-12-01 08:00:00,0.09674429,0.12296351,0.09674429,0.055577755,Weather::Autoformer
2020-12-01 08:10:00,0.09778608,0.1185314,0.09778608,0.05442921,Weather::Autoformer
2020-12-01 08:20:00,0.099088304,0.11171116,0.099088304,0.06713405,Weather::Autoformer
2020-12-01 08:30:00,0.09700474,0.092964634,0.09700474,0.07962172,Weather::Autoformer
2020-12-01 08:40:00,0.10065098,0.086349964,0.10065098,0.06054943,Weather::Autoformer
2020-12-01 08:50:00,0.09778608,0.08833572,0.09778608,0.05303296,Weather::Autoformer
2020-12-01 09:00:00,0.099609196,0.10036409,0.099609196,0.051168032,Weather::Autoformer
2020-12-01 09:10:00,0.1024741,0.063874975,0.1024741,0.04915875,Weather::Autoformer
2020-12-01 09:20:00,0.099609196,0.033275314,0.099609196,0.051151514,Weather::Autoformer
2020-12-01 09:30:00,0.09882786,0.02179196,0.09882786,0.052913144,Weather::Autoformer
2020-12-01 09:40:00,0.09413984,0.017148286,0.09413984,0.051371418,Weather::Autoformer
2020-12-01 09:50:00,0.08945181,0.01676364,0.08945181,0.051738195,Weather::Autoformer
2020-12-01 10:00:00,0.0933585,0.016251246,0.0933585,0.070471436,Weather::Autoformer
2020-12-01 10:10:00,0.08736825,0.015197789,0.08736825,0.078435406,Weather::Autoformer
2020-12-01 10:20:00,0.08580557,0.012287486,0.08580557,0.04893022,Weather::Autoformer
2020-12-01 10:30:00,0.087889135,0.021675121,0.087889135,0.0422552,Weather::Autoformer
2020-12-01 10:40:00,0.080857106,0.052087218,0.080857106,0.04047994,Weather::Autoformer
2020-12-01 10:50:00,0.08007576,0.02462849,0.08007576,0.042255055,Weather::Autoformer
2020-12-01 11:00:00,0.07825264,-0.008805117,0.07825264,0.044963676,Weather::Autoformer
2020-12-01 11:10:00,0.0717415,-0.029913485,0.0717415,0.04146489,Weather::Autoformer
2020-12-01 11:20:00,0.07043927,-0.040178128,0.07043927,0.0409254,Weather::Autoformer
2020-12-01 11:30:00,0.06939749,-0.04004284,0.06939749,0.04448717,Weather::Autoformer
2020-12-01 11:40:00,0.0717415,-0.031929422,0.0717415,0.0554599,Weather::Autoformer
2020-12-01 11:50:00,0.06991838,-0.020902172,0.06991838,0.072369345,Weather::Autoformer
2020-12-01 12:00:00,0.06783482,-0.007540675,0.06783482,0.049105562,Weather::Autoformer
2020-12-01 12:10:00,0.06809526,0.022706605,0.06809526,0.035659824,Weather::Autoformer
2020-12-01 12:20:00,0.06679303,0.09417898,0.06679303,0.034515448,Weather::Autoformer
2020-12-01 12:30:00,0.06627214,0.06986913,0.06627214,0.03183976,Weather::Autoformer
2020-12-01 12:40:00,0.0660117,0.028320229,0.0660117,0.034049183,Weather::Autoformer
2020-12-01 12:50:00,0.06444902,0.01108082,0.06444902,0.040611867,Weather::Autoformer
2020-12-01 13:00:00,0.0660117,0.00634175,0.0660117,0.043663185,Weather::Autoformer
2020-12-01 13:10:00,0.06314679,0.004777981,0.06314679,0.05562366,Weather::Autoformer
2020-12-01 13:20:00,0.063407235,0.012731612,0.063407235,0.0685919,Weather::Autoformer
2020-12-01 13:30:00,0.063667685,0.027298396,0.063667685,0.05533471,Weather::Autoformer
2020-12-01 13:40:00,0.062105007,0.04753772,0.062105007,0.046017278,Weather::Autoformer
2020-12-01 13:50:00,0.062105007,0.08369863,0.062105007,0.042263262,Weather::Autoformer
2020-12-01 14:00:00,0.062105007,0.13023406,0.062105007,0.041176256,Weather::Autoformer
2020-12-01 14:10:00,0.06184456,0.08035445,0.06184456,0.04630138,Weather::Autoformer
2020-12-01 14:20:00,0.06392813,0.05029714,0.06392813,0.04599371,Weather::Autoformer
2020-12-01 14:30:00,0.062365454,0.043578126,0.062365454,0.042244256,Weather::Autoformer
2020-12-01 14:40:00,0.061584115,0.054273702,0.061584115,0.031564586,Weather::Autoformer
2020-12-01 14:50:00,0.06288634,0.07530721,0.06288634,0.034207582,Weather::Autoformer
2020-12-01 15:00:00,0.065490805,0.09797581,0.065490805,0.038931184,Weather::Autoformer
2020-12-01 15:10:00,0.06392813,0.11891023,0.06392813,0.021885565,Weather::Autoformer
2020-12-01 15:20:00,0.063667685,0.12904449,0.063667685,0.016339036,Weather::Autoformer
2020-12-01 15:30:00,0.06627214,0.099354126,0.06627214,0.023262974,Weather::Autoformer
2020-12-01 15:40:00,0.067053474,0.078269966,0.067053474,0.027517349,Weather::Autoformer
2020-12-01 15:50:00,0.06783482,0.07637881,0.06783482,0.03610974,Weather::Autoformer
2020-12-01 16:00:00,0.06444902,0.0900514,0.06444902,0.05078907,Weather::Autoformer
2020-12-01 16:10:00,0.06627214,0.10512541,0.06627214,0.0327873,Weather::Autoformer
2020-12-01 16:20:00,0.06783482,0.109308206,0.06783482,0.033389293,Weather::Autoformer
2020-12-01 16:30:00,0.068876594,0.099205814,0.068876594,0.036650512,Weather::Autoformer
2020-12-01 16:40:00,0.07122061,0.07854506,0.07122061,0.035324078,Weather::Autoformer
2020-12-01 16:50:00,0.07642952,0.0630407,0.07642952,0.041528374,Weather::Autoformer
2020-12-01 17:00:00,0.08215933,0.06592353,0.08215933,0.04149972,Weather::Autoformer
2020-12-01 17:10:00,0.08346156,0.08407236,0.08346156,0.043278508,Weather::Autoformer
2020-12-01 17:20:00,0.08189888,0.11100621,0.08189888,0.035569467,Weather::Autoformer
2020-12-01 17:30:00,0.08163844,0.12949075,0.08163844,0.020234108,Weather::Autoformer
2020-12-01 17:40:00,0.07825264,0.13850081,0.07825264,0.010330596,Weather::Autoformer
2020-12-01 17:50:00,0.07851309,0.14333889,0.07851309,0.008224267,Weather::Autoformer
2020-12-01 18:00:00,0.07747131,0.14115456,0.07747131,0.008228424,Weather::Autoformer
2020-12-01 18:10:00,0.076950416,0.12951332,0.076950416,0.003349726,Weather::Autoformer
2020-12-01 18:20:00,0.076950416,0.11341981,0.076950416,0.0034535928,Weather::Autoformer
2020-12-01 18:30:00,0.0779922,0.10045646,0.0779922,0.011286861,Weather::Autoformer
2020-12-01 18:40:00,0.082680225,0.09322431,0.082680225,0.022828378,Weather::Autoformer
2020-12-01 18:50:00,0.08528468,0.09305487,0.08528468,0.02001325,Weather::Autoformer
2020-12-01 19:00:00,0.088149585,0.09226928,0.088149585,0.026997099,Weather::Autoformer
2020-12-01 19:10:00,0.08919137,0.06792615,0.08919137,0.037146755,Weather::Autoformer
2020-12-01 19:20:00,0.080857106,0.050207615,0.080857106,0.034917977,Weather::Autoformer
2020-12-01 19:30:00,0.07903398,0.0630296,0.07903398,0.033596452,Weather::Autoformer
2020-12-01 19:40:00,0.07747131,0.07326661,0.07747131,0.03406846,Weather::Autoformer
2020-12-01 19:50:00,0.07747131,0.08920565,0.07747131,0.044187717,Weather::Autoformer
2020-12-01 20:00:00,0.07851309,0.10676479,0.07851309,0.025043674,Weather::Autoformer
2020-12-01 20:10:00,0.07851309,0.11732864,0.07851309,0.04380232,Weather::Autoformer
2020-12-01 20:20:00,0.078773536,0.12120467,0.078773536,0.04184366,Weather::Autoformer
2020-12-01 20:30:00,0.07851309,0.1240506,0.07851309,0.012019287,Weather::Autoformer
2020-12-01 20:40:00,0.07929443,0.11650379,0.07929443,0.012174523,Weather::Autoformer
2020-12-01 20:50:00,0.08137799,0.09949621,0.08137799,0.040721767,Weather::Autoformer
2020-12-01 21:00:00,0.08163844,0.10207879,0.08163844,0.0489777,Weather::Autoformer
2020-12-01 21:10:00,0.08163844,0.10768465,0.08163844,0.03465897,Weather::Autoformer
2020-12-01 21:20:00,0.08580557,0.12800059,0.08580557,0.05696445,Weather::Autoformer
2020-12-01 21:30:00,0.087889135,0.15150899,0.087889135,0.07673356,Weather::Autoformer
2020-12-01 21:40:00,0.084242895,0.17713378,0.084242895,0.08701995,Weather::Autoformer
2020-12-01 21:50:00,0.088149585,0.17020412,0.088149585,0.060639605,Weather::Autoformer
2020-12-01 22:00:00,0.08893092,0.14852375,0.08893092,0.05290511,Weather::Autoformer
2020-12-01 22:10:00,0.087889135,0.12593463,0.087889135,0.10226832,Weather::Autoformer
2020-12-01 22:20:00,0.086066015,0.123380266,0.086066015,0.09803718,Weather::Autoformer
2020-12-01 22:30:00,0.08684736,0.13968009,0.08684736,0.09327337,Weather::Autoformer
2020-12-01 22:40:00,0.08867048,0.17245573,0.08867048,0.11535765,Weather::Autoformer
2020-12-01 22:50:00,0.091795824,0.18109992,0.091795824,0.11361057,Weather::Autoformer
2020-12-01 23:00:00,0.09413984,0.16876322,0.09413984,0.10721609,Weather::Autoformer
2020-12-01 23:10:00,0.09440028,0.13827658,0.09440028,0.10975136,Weather::Autoformer
2020-12-01 23:20:00,0.097265184,0.10603431,0.097265184,0.116333276,Weather::Autoformer
2020-12-01 23:30:00,0.09804653,0.085963614,0.09804653,0.12470781,Weather::Autoformer
2020-12-01 23:40:00,0.099609196,0.086253375,0.099609196,0.13392505,Weather::Autoformer
2020-12-01 23:50:00,0.099088304,0.09598533,0.099088304,0.14579774,Weather::Autoformer
2020-12-02 00:00:00,0.101692766,0.09451784,0.101692766,0.103808396,Weather::Autoformer
2020-12-02 00:10:00,0.11028747,0.10495174,0.11028747,0.10917126,Weather::Autoformer
2020-12-02 00:20:00,0.1087248,0.10503449,0.1087248,0.114220314,Weather::Autoformer
2020-12-02 00:30:00,0.10612034,0.10987726,0.10612034,0.12149431,Weather::Autoformer
2020-12-02 00:40:00,0.107162125,0.115586445,0.107162125,0.12884928,Weather::Autoformer
2020-12-02 00:50:00,0.10664123,0.12247999,0.10664123,0.13437513,Weather::Autoformer
2020-12-02 01:00:00,0.10403678,0.13749972,0.10403678,0.14723971,Weather::Autoformer
2020-12-02 01:10:00,0.10377633,0.14652021,0.10377633,0.15357402,Weather::Autoformer
2020-12-02 01:20:00,0.103255436,0.1603307,0.103255436,0.1761686,Weather::Autoformer
2020-12-02 01:30:00,0.10117187,0.18800645,0.10117187,0.35661754,Weather::Autoformer
2020-12-02 01:40:00,0.10091142,0.20466785,0.10091142,0.20621827,Weather::Autoformer
2020-12-02 01:50:00,0.099088304,0.15520227,0.099088304,0.14413981,Weather::Autoformer
2020-12-02 02:00:00,0.10013009,0.14114818,0.10013009,0.13978346,Weather::Autoformer
2020-12-02 02:10:00,0.09934875,0.16017695,0.09934875,0.16613594,Weather::Autoformer
2020-12-02 02:20:00,0.10091142,0.15741332,0.10091142,0.15941092,Weather::Autoformer
2020-12-02 02:30:00,0.10013009,0.15339035,0.10013009,0.15389326,Weather::Autoformer
2020-12-02 02:40:00,0.097265184,0.15149319,0.097265184,0.15050438,Weather::Autoformer
2020-12-02 02:50:00,0.095702514,0.15303025,0.095702514,0.15322335,Weather::Autoformer
2020-12-02 03:00:00,0.0933585,0.14074251,0.0933585,0.13591973,Weather::Autoformer
2020-12-02 03:10:00,0.09153538,0.14111993,0.09153538,0.13975677,Weather::Autoformer
2020-12-02 03:20:00,0.09153538,0.14400798,0.09153538,0.1375473,Weather::Autoformer
2020-12-02 03:30:00,0.09413984,0.12288081,0.09413984,0.102959685,Weather::Autoformer
2020-12-02 03:40:00,0.09231672,0.11626874,0.09231672,0.09348569,Weather::Autoformer
2020-12-02 03:50:00,0.09309805,0.11205479,0.09309805,0.08727069,Weather::Autoformer
2020-12-02 04:00:00,0.11367327,0.117497556,0.11367327,0.09081182,Weather::Autoformer
2020-12-02 04:10:00,0.11237104,0.10832585,0.11237104,0.08093211,Weather::Autoformer
2020-12-02 04:20:00,0.1024741,0.10350517,0.1024741,0.07720854,Weather::Autoformer
2020-12-02 04:30:00,0.11054792,0.09838324,0.11054792,0.07455634,Weather::Autoformer
2020-12-02 04:40:00,0.11914263,0.096058324,0.11914263,0.0713671,Weather::Autoformer
2020-12-02 04:50:00,0.123830654,0.09512003,0.123830654,0.07531881,Weather::Autoformer
2020-12-02 05:00:00,0.12304932,0.10905957,0.12304932,0.124936156,Weather::Autoformer
2020-12-02 05:10:00,0.120184414,0.107220635,0.120184414,0.110842,Weather::Autoformer
2020-12-02 05:20:00,0.1212262,0.10247779,0.1212262,0.10365461,Weather::Autoformer
2020-12-02 05:30:00,0.11237104,0.091702156,0.11237104,0.09968646,Weather::Autoformer
2020-12-02 05:40:00,0.11002703,0.09117835,0.11002703,0.09627174,Weather::Autoformer
2020-12-02 05:50:00,0.112631485,0.092513606,0.112631485,0.09574629,Weather::Autoformer
2020-12-02 06:00:00,0.11523594,0.10336086,0.11523594,0.09321283,Weather::Autoformer
2020-12-02 06:10:00,0.10221366,0.09922376,0.10221366,0.09110151,Weather::Autoformer
2020-12-02 06:20:00,0.11028747,0.09874288,0.11028747,0.073407724,Weather::Autoformer
2020-12-02 06:30:00,0.112891935,0.1004127,0.112891935,0.06850713,Weather::Autoformer
2020-12-02 06:40:00,0.11106881,0.10122267,0.11106881,0.08635328,Weather::Autoformer
2020-12-02 06:50:00,0.10950614,0.10072146,0.10950614,0.06026027,Weather::Autoformer
2020-12-02 07:00:00,0.112631485,0.1021146,0.112631485,0.050696827,Weather::Autoformer
2020-12-02 07:10:00,0.11341282,0.10033545,0.11341282,0.04606941,Weather::Autoformer
2020-12-02 07:20:00,0.114715055,0.122365914,0.114715055,0.045227457,Weather::Autoformer
2020-12-02 07:30:00,0.11601728,0.123982936,0.11601728,0.043915402,Weather::Autoformer
2020-12-02 07:40:00,0.11862174,0.121983185,0.11862174,0.047146864,Weather::Autoformer
2020-12-02 07:50:00,0.11523594,0.119311005,0.11523594,0.048673633,Weather::Autoformer
2020-12-02 08:00:00,0.11679862,0.11452267,0.11679862,0.05362625,Weather::Autoformer
2020-12-02 08:10:00,0.124091096,0.110003956,0.124091096,0.05829528,Weather::Autoformer
2020-12-02 08:20:00,0.14075963,0.10286917,0.14075963,0.079652116,Weather::Autoformer
2020-12-02 08:30:00,0.13763428,0.08374757,0.13763428,0.07315129,Weather::Autoformer
2020-12-02 08:40:00,0.13659249,0.07707642,0.13659249,0.055687845,Weather::Autoformer
2020-12-02 08:50:00,0.13581116,0.07923759,0.13581116,0.04776525,Weather::Autoformer
2020-12-02 09:00:00,0.1543028,0.092539266,0.1543028,0.047439106,Weather::Autoformer
2020-12-02 09:10:00,0.16211618,0.055421695,0.16211618,0.04729663,Weather::Autoformer
2020-12-02 09:20:00,0.19441146,0.02411744,0.19441146,0.04985602,Weather::Autoformer
2020-12-02 09:30:00,0.18920255,0.012448862,0.18920255,0.050139926,Weather::Autoformer
2020-12-02 09:40:00,0.1639393,0.007912898,0.1639393,0.052561067,Weather::Autoformer
2020-12-02 09:50:00,0.15638638,0.008035688,0.15638638,0.06516531,Weather::Autoformer
2020-12-02 10:00:00,0.14180142,0.007984261,0.14180142,0.11271155,Weather::Autoformer
2020-12-02 10:10:00,0.14310364,0.0073575927,0.14310364,0.07157105,Weather::Autoformer
2020-12-02 10:20:00,0.14674988,0.0047530215,0.14674988,0.047766007,Weather::Autoformer
2020-12-02 10:30:00,0.14727077,0.015245516,0.14727077,0.041797854,Weather::Autoformer
2020-12-02 10:40:00,0.15300058,0.04827883,0.15300058,0.041511968,Weather::Autoformer
2020-12-02 10:50:00,0.15091701,0.018973857,0.15091701,0.044147518,Weather::Autoformer
2020-12-02 11:00:00,0.1543028,-0.016166408,0.1543028,0.046623897,Weather::Autoformer
2020-12-02 11:10:00,0.1605535,-0.037964106,0.1605535,0.044674788,Weather::Autoformer
2020-12-02 11:20:00,0.16706465,-0.048454773,0.16706465,0.048629098,Weather::Autoformer
2020-12-02 11:30:00,0.16654375,-0.04803065,0.16654375,0.057006206,Weather::Autoformer
2020-12-02 11:40:00,0.16029306,-0.03962814,0.16029306,0.08036537,Weather::Autoformer
2020-12-02 11:50:00,0.15899083,-0.028372455,0.15899083,0.075571746,Weather::Autoformer
2020-12-02 12:00:00,0.15820949,-0.014422066,0.15820949,0.044825137,Weather::Autoformer
2020-12-02 12:10:00,0.15586548,0.01725778,0.15586548,0.033893377,Weather::Autoformer
2020-12-02 12:20:00,0.15352146,0.09229517,0.15352146,0.03144088,Weather::Autoformer
2020-12-02 12:30:00,0.1524797,0.0677004,0.1524797,0.034232892,Weather::Autoformer
2020-12-02 12:40:00,0.14753121,0.02421306,0.14753121,0.033502914,Weather::Autoformer
2020-12-02 12:50:00,0.14596854,0.006208105,0.14596854,0.04690907,Weather::Autoformer
2020-12-02 13:00:00,0.1423223,0.0009969529,0.1423223,0.053175464,Weather::Autoformer
2020-12-02 13:10:00,0.14102007,-0.0005553495,0.14102007,0.07747687,Weather::Autoformer
2020-12-02 13:20:00,0.13919695,0.0075384825,0.13919695,0.08310568,Weather::Autoformer
2020-12-02 13:30:00,0.13919695,0.022783138,0.13919695,0.06580816,Weather::Autoformer
2020-12-02 13:40:00,0.13763428,0.04457467,0.13763428,0.05694014,Weather::Autoformer
2020-12-02 13:50:00,0.13138358,0.08249043,0.13138358,0.051220324,Weather::Autoformer
2020-12-02 14:00:00,0.13268581,0.13018145,0.13268581,0.05887537,Weather::Autoformer
2020-12-02 14:10:00,0.13164403,0.077858984,0.13164403,0.060318265,Weather::Autoformer
2020-12-02 14:20:00,0.13008136,0.04646362,0.13008136,0.06066275,Weather::Autoformer
2020-12-02 14:30:00,0.13424848,0.039380528,0.13424848,0.048319176,Weather::Autoformer
2020-12-02 14:40:00,0.12930001,0.050725795,0.12930001,0.03988932,Weather::Autoformer
2020-12-02 14:50:00,0.13164403,0.07274373,0.13164403,0.038885303,Weather::Autoformer
2020-12-02 15:00:00,0.13502982,0.09682639,0.13502982,0.03991621,Weather::Autoformer
2020-12-02 15:10:00,0.1337276,0.11901343,0.1337276,0.023700405,Weather::Autoformer
2020-12-02 15:20:00,0.12982091,0.13032338,0.12982091,0.02590327,Weather::Autoformer
2020-12-02 15:30:00,0.13294625,0.09959701,0.13294625,0.03134858,Weather::Autoformer
2020-12-02 15:40:00,0.13424848,0.07805087,0.13424848,0.042263616,Weather::Autoformer
2020-12-02 15:50:00,0.14388497,0.07637121,0.14388497,0.052442115,Weather::Autoformer
2020-12-02 16:00:00,0.14258274,0.090588845,0.14258274,0.05244606,Weather::Autoformer
2020-12-02 16:10:00,0.14674988,0.106405236,0.14674988,0.047638983,Weather::Autoformer
2020-12-02 16:20:00,0.15039612,0.11102375,0.15039612,0.045014836,Weather::Autoformer
2020-12-02 16:30:00,0.14753121,0.10032447,0.14753121,0.048297886,Weather::Autoformer
2020-12-02 16:40:00,0.14596854,0.07780859,0.14596854,0.05495117,Weather::Autoformer
2020-12-02 16:50:00,0.14388497,0.06152951,0.14388497,0.06350885,Weather::Autoformer
2020-12-02 17:00:00,0.14935434,0.06409445,0.14935434,0.06533492,Weather::Autoformer
2020-12-02 17:10:00,0.15925127,0.08348799,0.15925127,0.065684676,Weather::Autoformer
2020-12-02 17:20:00,0.16758554,0.11191717,0.16758554,0.044520542,Weather::Autoformer
2020-12-02 17:30:00,0.15820949,0.1317712,0.15820949,0.032601934,Weather::Autoformer
2020-12-02 17:40:00,0.15716772,0.14141437,0.15716772,0.025651451,Weather::Autoformer
2020-12-02 17:50:00,0.13138358,0.14653093,0.13138358,0.017366428,Weather::Autoformer
2020-12-02 18:00:00,0.11862174,0.14395028,0.11862174,0.016749602,Weather::Autoformer
2020-12-02 18:10:00,0.10195321,0.13197798,0.10195321,0.011114853,Weather::Autoformer
2020-12-02 18:20:00,0.07668997,0.11521089,0.07668997,0.022589572,Weather::Autoformer
2020-12-02 18:30:00,0.075127296,0.10171117,0.075127296,0.03441966,Weather::Autoformer
2020-12-02 18:40:00,0.07721086,0.09423582,0.07721086,0.029025048,Weather::Autoformer
2020-12-02 18:50:00,0.07434596,0.09474622,0.07434596,0.038997184,Weather::Autoformer
2020-12-02 19:00:00,0.07252284,0.09474078,0.07252284,0.049436398,Weather::Autoformer
2020-12-02 19:10:00,0.06861615,0.070953086,0.06861615,0.056061767,Weather::Autoformer
2020-12-02 19:20:00,0.06939749,0.05326584,0.06939749,0.0567811,Weather::Autoformer
2020-12-02 19:30:00,0.074866846,0.066496424,0.074866846,0.05855265,Weather::Autoformer
2020-12-02 19:40:00,0.06939749,0.07650743,0.06939749,0.06797229,Weather::Autoformer
2020-12-02 19:50:00,0.06809526,0.09274822,0.06809526,0.05653813,Weather::Autoformer
2020-12-02 20:00:00,0.065490805,0.110753566,0.065490805,0.053830042,Weather::Autoformer
2020-12-02 20:10:00,0.07148106,0.12155236,0.07148106,0.089363605,Weather::Autoformer
2020-12-02 20:20:00,0.06939749,0.12540281,0.06939749,0.050910473,Weather::Autoformer
2020-12-02 20:30:00,0.065230355,0.1281615,0.065230355,0.03030499,Weather::Autoformer
2020-12-02 20:40:00,0.06080278,0.11949651,0.06080278,0.041299444,Weather::Autoformer
2020-12-02 20:50:00,0.061063223,0.101579145,0.061063223,0.052461546,Weather::Autoformer
2020-12-02 21:00:00,0.06184456,0.10414198,0.06184456,0.053547766,Weather::Autoformer
2020-12-02 21:10:00,0.06132367,0.109280095,0.06132367,0.056133747,Weather::Autoformer
2020-12-02 21:20:00,0.059760995,0.12921256,0.059760995,0.07409317,Weather::Autoformer
2020-12-02 21:30:00,0.058979657,0.15258466,0.058979657,0.08704307,Weather::Autoformer
2020-12-02 21:40:00,0.057416983,0.17882955,0.057416983,0.09130767,Weather::Autoformer
2020-12-02 21:50:00,0.06002144,0.17264603,0.06002144,0.0705859,Weather::Autoformer
2020-12-02 22:00:00,0.06288634,0.14871676,0.06288634,0.06947218,Weather::Autoformer
2020-12-02 22:10:00,0.057416983,0.12262012,0.057416983,0.1261897,Weather::Autoformer
2020-12-02 22:20:00,0.054812524,0.11944223,0.054812524,0.09984666,Weather::Autoformer
2020-12-02 22:30:00,0.054812524,0.13687669,0.054812524,0.098011404,Weather::Autoformer
2020-12-02 22:40:00,0.054291636,0.17073433,0.054291636,0.11930391,Weather::Autoformer
2020-12-02 22:50:00,0.055333417,0.1792019,0.055333417,0.11702305,Weather::Autoformer
2020-12-02 23:00:00,0.058458768,0.16749352,0.058458768,0.10953193,Weather::Autoformer
2020-12-02 23:10:00,0.056114756,0.13470872,0.056114756,0.110930935,Weather::Autoformer
2020-12-02 23:20:00,0.055593863,0.09939938,0.055593863,0.11730905,Weather::Autoformer
2020-12-02 23:30:00,0.05403119,0.0773397,0.05403119,0.124779634,Weather::Autoformer
2020-12-02 23:40:00,0.05455208,0.0769524,0.05455208,0.13266784,Weather::Autoformer
2020-12-02 23:50:00,0.056635648,0.087088846,0.056635648,0.14208022,Weather::Autoformer
2020-12-03 00:00:00,0.056635648,0.08634896,0.056635648,0.097351566,Weather::Autoformer
2020-12-03 00:10:00,0.055593863,0.09746837,0.055593863,0.10007836,Weather::Autoformer
2020-12-03 00:20:00,0.054812524,0.09702359,0.054812524,0.107210554,Weather::Autoformer
2020-12-03 00:30:00,0.053510297,0.10143265,0.053510297,0.1143855,Weather::Autoformer
2020-12-03 00:40:00,0.053770743,0.10682,0.053770743,0.121638834,Weather::Autoformer
2020-12-03 00:50:00,0.053770743,0.11365305,0.053770743,0.12714839,Weather::Autoformer
2020-12-03 01:00:00,0.052989405,0.12853867,0.052989405,0.13997887,Weather::Autoformer
2020-12-03 01:10:00,0.05272896,0.1375491,0.05272896,0.1463544,Weather::Autoformer
2020-12-03 01:20:00,0.052989405,0.15120974,0.052989405,0.16893885,Weather::Autoformer
2020-12-03 01:30:00,0.053510297,0.17739129,0.053510297,0.3480081,Weather::Autoformer
2020-12-03 01:40:00,0.05324985,0.19383845,0.05324985,0.1991812,Weather::Autoformer
2020-12-03 01:50:00,0.053510297,0.14682956,0.053510297,0.13732277,Weather::Autoformer
2020-12-03 02:00:00,0.05403119,0.13336368,0.05403119,0.13297015,Weather::Autoformer
2020-12-03 02:10:00,0.05455208,0.15224911,0.05455208,0.15945892,Weather::Autoformer
2020-12-03 02:20:00,0.054812524,0.14942905,0.054812524,0.15259038,Weather::Autoformer
2020-12-03 02:30:00,0.053770743,0.1450506,0.053770743,0.1471283,Weather::Autoformer
2020-12-03 02:40:00,0.053770743,0.14296496,0.053770743,0.14366351,Weather::Autoformer
2020-12-03 02:50:00,0.054291636,0.14421998,0.054291636,0.14638478,Weather::Autoformer
2020-12-03 03:00:00,0.054812524,0.1322144,0.054812524,0.12835895,Weather::Autoformer
2020-12-03 03:10:00,0.056635648,0.1323667,0.056635648,0.13147861,Weather::Autoformer
2020-12-03 03:20:00,0.056114756,0.1344389,0.056114756,0.1365941,Weather::Autoformer
2020-12-03 03:30:00,0.05455208,0.11410779,0.05455208,0.09461903,Weather::Autoformer
2020-12-03 03:40:00,0.053770743,0.10763681,0.053770743,0.08397776,Weather::Autoformer
2020-12-03 03:50:00,0.054291636,0.10340435,0.054291636,0.07688373,Weather::Autoformer
2020-12-03 04:00:00,0.05455208,0.10868275,0.05455208,0.0859925,Weather::Autoformer
2020-12-03 04:10:00,0.054291636,0.099682376,0.054291636,0.07127726,Weather::Autoformer
2020-12-03 04:20:00,0.05455208,0.09481702,0.05455208,0.06300013,Weather::Autoformer
2020-12-03 04:30:00,0.055593863,0.08983338,0.055593863,0.057318393,Weather::Autoformer
2020-12-03 04:40:00,0.05507297,0.087506615,0.05507297,0.053533345,Weather::Autoformer
2020-12-03 04:50:00,0.05455208,0.08653798,0.05455208,0.05235961,Weather::Autoformer
2020-12-03 05:00:00,0.05455208,0.10050421,0.05455208,0.0777257,Weather::Autoformer
2020-12-03 05:10:00,0.054812524,0.0992095,0.054812524,0.075228795,Weather::Autoformer
2020-12-03 05:20:00,0.053770743,0.09663982,0.053770743,0.06968427,Weather::Autoformer
2020-12-03 05:30:00,0.053510297,0.085854225,0.053510297,0.054047503,Weather::Autoformer
2020-12-03 05:40:00,0.05585431,0.082928486,0.05585431,0.048567533,Weather::Autoformer
2020-12-03 05:50:00,0.05507297,0.082338594,0.05507297,0.047666974,Weather::Autoformer
2020-12-03 06:00:00,0.055333417,0.09654669,0.055333417,0.07350007,Weather::Autoformer
2020-12-03 06:10:00,0.05455208,0.09379958,0.05455208,0.07152215,Weather::Autoformer
2020-12-03 06:20:00,0.05403119,0.08741626,0.05403119,0.0680435,Weather::Autoformer
2020-12-03 06:30:00,0.054812524,0.07514224,0.054812524,0.051175877,Weather::Autoformer
2020-12-03 06:40:00,0.055333417,0.076374225,0.055333417,0.04433302,Weather::Autoformer
2020-12-03 06:50:00,0.054291636,0.07947903,0.054291636,0.04311933,Weather::Autoformer
2020-12-03 07:00:00,0.05403119,0.09587205,0.05403119,0.06876373,Weather::Autoformer
2020-12-03 07:10:00,0.054812524,0.09339755,0.054812524,0.06686039,Weather::Autoformer
2020-12-03 07:20:00,0.054812524,0.08986594,0.054812524,0.06333755,Weather::Autoformer
2020-12-03 07:30:00,0.055593863,0.08565491,0.055593863,0.04637183,Weather::Autoformer
2020-12-03 07:40:00,0.05507297,0.0925107,0.05507297,0.039661877,Weather::Autoformer
2020-12-03 07:50:00,0.056114756,0.09734851,0.056114756,0.038434632,Weather::Autoformer
2020-12-03 08:00:00,0.0563752,0.1210078,0.0563752,0.06400645,Weather::Autoformer
2020-12-03 08:10:00,0.057937875,0.13298644,0.057937875,0.06209217,Weather::Autoformer
2020-12-03 08:20:00,0.055593863,0.13446784,0.055593863,0.05860405,Weather::Autoformer
2020-12-03 08:30:00,0.06002144,0.120322086,0.06002144,0.041645985,Weather::Autoformer
2020-12-03 08:40:00,0.058979657,0.10460279,0.058979657,0.034857217,Weather::Autoformer
2020-12-03 08:50:00,0.059240103,0.0901904,0.059240103,0.03364484,Weather::Autoformer
2020-12-03 09:00:00,0.058979657,0.097887285,0.058979657,0.059249617,Weather::Autoformer
2020-12-03 09:10:00,0.057937875,0.08974378,0.057937875,0.05732133,Weather::Autoformer
2020-12-03 09:20:00,0.057937875,0.07837661,0.057937875,0.05386518,Weather::Autoformer
2020-12-03 09:30:00,0.060281888,0.052559324,0.060281888,0.036939677,Weather::Autoformer
2020-12-03 09:40:00,0.057416983,0.022105193,0.057416983,0.030119177,Weather::Autoformer
2020-12-03 09:50:00,0.05819832,0.008164508,0.05819832,0.028919097,Weather::Autoformer
2020-12-03 10:00:00,0.05767743,0.0055144597,0.05767743,0.054533612,Weather::Autoformer
2020-12-03 10:10:00,0.058719214,-0.0050319415,0.058719214,0.05259241,Weather::Autoformer
2020-12-03 10:20:00,0.057416983,-0.008918785,0.057416983,0.0490639,Weather::Autoformer
2020-12-03 10:30:00,0.05819832,-0.018533546,0.05819832,0.032217532,Weather::Autoformer
2020-12-03 10:40:00,0.05819832,-0.028313464,0.05819832,0.02535658,Weather::Autoformer
2020-12-03 10:50:00,0.06002144,-0.033445098,0.06002144,0.02420906,Weather::Autoformer
2020-12-03 11:00:00,0.059240103,-0.030310934,0.059240103,0.04978151,Weather::Autoformer
2020-12-03 11:10:00,0.059240103,-0.041165866,0.059240103,0.04781448,Weather::Autoformer
2020-12-03 11:20:00,0.060281888,-0.054839477,0.060281888,0.044346627,Weather::Autoformer
2020-12-03 11:30:00,0.063667685,-0.063383296,0.063667685,0.02745764,Weather::Autoformer
2020-12-03 11:40:00,0.062105007,-0.057393923,0.062105007,0.020641424,Weather::Autoformer
2020-12-03 11:50:00,0.06080278,-0.042093076,0.06080278,0.019424133,Weather::Autoformer
2020-12-03 12:00:00,0.06080278,-0.017093096,0.06080278,0.045075767,Weather::Autoformer
2020-12-03 12:10:00,0.06080278,-0.010925511,0.06080278,0.043068584,Weather::Autoformer
2020-12-03 12:20:00,0.061584115,0.008651081,0.061584115,0.039626095,Weather::Autoformer
2020-12-03 12:30:00,0.06080278,0.027604463,0.06080278,0.022641398,Weather::Autoformer
2020-12-03 12:40:00,0.0626259,0.04503378,0.0626259,0.015927989,Weather::Autoformer
2020-12-03 12:50:00,0.060281888,0.059519015,0.060281888,0.014728664,Weather::Autoformer
2020-12-03 13:00:00,0.061063223,0.08731854,0.061063223,0.040334508,Weather::Autoformer
2020-12-03 13:10:00,0.06288634,0.09729798,0.06288634,0.038351066,Weather::Autoformer
2020-12-03 13:20:00,0.062365454,0.103182614,0.062365454,0.034880098,Weather::Autoformer
2020-12-03 13:30:00,0.06418857,0.10653279,0.06418857,0.017923467,Weather::Autoformer
2020-12-03 13:40:00,0.06418857,0.097024724,0.06418857,0.011188389,Weather::Autoformer
2020-12-03 13:50:00,0.0660117,0.08330368,0.0660117,0.009931034,Weather::Autoformer
2020-12-03 14:00:00,0.0660117,0.09356795,0.0660117,0.035602577,Weather::Autoformer
2020-12-03 14:10:00,0.06679303,0.06976169,0.06679303,0.0335953,Weather::Autoformer
2020-12-03 14:20:00,0.06757437,0.022879012,0.06757437,0.030090388,Weather::Autoformer
2020-12-03 14:30:00,0.06965794,0.01777792,0.06965794,0.013237909,Weather::Autoformer
2020-12-03 14:40:00,0.06861615,0.029772095,0.06861615,0.006376398,Weather::Autoformer
2020-12-03 14:50:00,0.06965794,0.042796142,0.06965794,0.0052459585,Weather::Autoformer
2020-12-03 15:00:00,0.0717415,0.05947967,0.0717415,0.030798435,Weather::Autoformer
2020-12-03 15:10:00,0.07226239,0.058774523,0.07226239,0.028818332,Weather::Autoformer
2020-12-03 15:20:00,0.07200195,0.059077956,0.07200195,0.025267446,Weather::Autoformer
2020-12-03 15:30:00,0.0717415,0.061522484,0.0717415,0.008250445,Weather::Autoformer
2020-12-03 15:40:00,0.07148106,0.06365855,0.07148106,0.0012994213,Weather::Autoformer
2020-12-03 15:50:00,0.07043927,0.06618293,0.07043927,-0.00013831165,Weather::Autoformer
2020-12-03 16:00:00,0.070960164,0.075543255,0.070960164,0.025164835,Weather::Autoformer
2020-12-03 16:10:00,0.0717415,0.07968623,0.0717415,0.022557221,Weather::Autoformer
2020-12-03 16:20:00,0.07226239,0.09848982,0.07226239,0.018123176,Weather::Autoformer
2020-12-03 16:30:00,0.07226239,0.09268285,0.07226239,0.00060747564,Weather::Autoformer
2020-12-03 16:40:00,0.07382507,0.08071268,0.07382507,-0.0072722146,Weather::Autoformer
2020-12-03 16:50:00,0.074866846,0.06954363,0.074866846,-0.009108513,Weather::Autoformer
2020-12-03 17:00:00,0.07304373,0.07820108,0.07304373,0.01575118,Weather::Autoformer
2020-12-03 17:10:00,0.07356462,0.0720471,0.07356462,0.012127031,Weather::Autoformer
2020-12-03 17:20:00,0.070960164,0.06544265,0.070960164,0.0074108075,Weather::Autoformer
2020-12-03 17:30:00,0.06939749,0.052863427,0.06939749,-0.008650882,Weather::Autoformer
2020-12-03 17:40:00,0.068876594,0.03125847,0.068876594,-0.016321953,Weather::Autoformer
2020-12-03 17:50:00,0.067053474,0.0072395653,0.067053474,-0.015531757,Weather::Autoformer
2020-12-03 18:00:00,0.06653258,-0.0025915448,0.06653258,0.013624457,Weather::Autoformer
2020-12-03 18:10:00,0.06575125,-0.019199139,0.06575125,0.014315896,Weather::Autoformer
2020-12-03 18:20:00,0.06783482,-0.024086177,0.06783482,0.016080875,Weather::Autoformer
2020-12-03 18:30:00,0.06991838,-0.032719478,0.06991838,0.0005328967,Weather::Autoformer
2020-12-03 18:40:00,0.06783482,-0.04075499,0.06783482,-0.0038296822,Weather::Autoformer
2020-12-03 18:50:00,0.06991838,-0.043711737,0.06991838,-0.0054734442,Weather::Autoformer
2020-12-03 19:00:00,0.07304373,-0.030005421,0.07304373,0.029781036,Weather::Autoformer
2020-12-03 19:10:00,0.076950416,-0.033677623,0.076950416,0.023985833,Weather::Autoformer
2020-12-03 19:20:00,0.07903398,-0.04199558,0.07903398,0.012712222,Weather::Autoformer
2020-12-03 19:30:00,0.07538774,-0.046505176,0.07538774,0.0010389239,Weather::Autoformer
2020-12-03 19:40:00,0.070960164,-0.039643694,0.070960164,-0.0073514367,Weather::Autoformer
2020-12-03 19:50:00,0.06627214,-0.030060837,0.06627214,-0.007943956,Weather::Autoformer
2020-12-03 20:00:00,0.063407235,-0.02694736,0.063407235,0.0025903098,Weather::Autoformer
2020-12-03 20:10:00,0.06444902,-0.02263497,0.06444902,0.0017498527,Weather::Autoformer
2020-12-03 20:20:00,0.06132367,-0.011877045,0.06132367,0.0022913832,Weather::Autoformer
2020-12-03 20:30:00,0.061063223,0.012757055,0.061063223,-0.0019870643,Weather::Autoformer
2020-12-03 20:40:00,0.06184456,-0.0060914597,0.06184456,-0.0015955917,Weather::Autoformer
2020-12-03 20:50:00,0.062105007,0.00017070025,0.062105007,0.005753045,Weather::Autoformer
2020-12-03 21:00:00,0.063407235,0.034557365,0.063407235,0.020990651,Weather::Autoformer
2020-12-03 21:10:00,0.06470946,0.038430654,0.06470946,0.020239243,Weather::Autoformer
2020-12-03 21:20:00,0.06575125,0.04895982,0.06575125,0.025678597,Weather::Autoformer
2020-12-03 21:30:00,0.065490805,0.061348103,0.065490805,0.03276508,Weather::Autoformer
2020-12-03 21:40:00,0.0660117,0.071478516,0.0660117,0.042238396,Weather::Autoformer
2020-12-03 21:50:00,0.0660117,0.068083465,0.0660117,0.024604157,Weather::Autoformer
2020-12-03 22:00:00,0.067053474,0.08217042,0.067053474,0.025765404,Weather::Autoformer
2020-12-03 22:10:00,0.06835571,0.15175925,0.06835571,0.06099458,Weather::Autoformer
2020-12-03 22:20:00,0.065230355,0.2684362,0.065230355,0.03662721,Weather::Autoformer
2020-12-03 22:30:00,0.06653258,0.13573036,0.06653258,0.03943381,Weather::Autoformer
2020-12-03 22:40:00,0.06679303,0.116048604,0.06679303,0.07745875,Weather::Autoformer
2020-12-03 22:50:00,0.06835571,0.11133227,0.06835571,0.06639695,Weather::Autoformer
2020-12-03 23:00:00,0.069137044,0.10478415,0.069137044,0.06448156,Weather::Autoformer
2020-12-03 23:10:00,0.06809526,0.10699066,0.06809526,0.06741023,Weather::Autoformer
2020-12-03 23:20:00,0.067313924,0.1112582,0.067313924,0.075216636,Weather::Autoformer
2020-12-03 23:30:00,0.06783482,0.11631722,0.06783482,0.082717866,Weather::Autoformer
2020-12-03 23:40:00,0.06653258,0.11904357,0.06653258,0.09282319,Weather::Autoformer
2020-12-03 23:50:00,0.06575125,0.12069747,0.06575125,0.10104841,Weather::Autoformer
2020-12-04 00:00:00,0.065490805,0.109406546,0.065490805,0.058432292,Weather::Autoformer
2020-12-04 00:10:00,0.06783482,0.11225521,0.06783482,0.06826421,Weather::Autoformer
2020-12-04 00:20:00,0.067313924,0.116017506,0.067313924,0.076492,Weather::Autoformer
2020-12-04 00:30:00,0.06757437,0.12032733,0.06757437,0.08050482,Weather::Autoformer
2020-12-04 00:40:00,0.06861615,0.12501007,0.06861615,0.08396127,Weather::Autoformer
2020-12-04 00:50:00,0.06835571,0.12978075,0.06835571,0.09113713,Weather::Autoformer
2020-12-04 01:00:00,0.06757437,0.14266284,0.06757437,0.10647347,Weather::Autoformer
2020-12-04 01:10:00,0.06757437,0.1504251,0.06757437,0.11511637,Weather::Autoformer
2020-12-04 01:20:00,0.065490805,0.16762033,0.065490805,0.12323867,Weather::Autoformer
2020-12-04 01:30:00,0.065490805,0.23018551,0.065490805,0.11894254,Weather::Autoformer
2020-12-04 01:40:00,0.0660117,0.33363152,0.0660117,0.113241166,Weather::Autoformer
2020-12-04 01:50:00,0.06783482,0.16288501,0.06783482,0.12314008,Weather::Autoformer
2020-12-04 02:00:00,0.06939749,0.13184288,0.06939749,0.14308093,Weather::Autoformer
2020-12-04 02:10:00,0.07200195,0.15468197,0.07200195,0.17220834,Weather::Autoformer
2020-12-04 02:20:00,0.07382507,0.2364058,0.07382507,0.17397209,Weather::Autoformer
2020-10-29 01:40:00,0.0256426,0.029464483,0.0256426,0.12204784,Weather::Crossformer
2020-10-29 01:50:00,0.026684383,0.029085875,0.026684383,0.13132176,Weather::Crossformer
2020-10-29 02:00:00,0.026423937,0.0322268,0.026423937,0.07871485,Weather::Crossformer
2020-10-29 02:10:00,0.026423937,0.027131319,0.026423937,0.13783017,Weather::Crossformer
2020-10-29 02:20:00,0.025382154,0.026257634,0.025382154,0.080771595,Weather::Crossformer
2020-10-29 02:30:00,0.02512171,0.027292013,0.02512171,0.10148999,Weather::Crossformer
2020-10-29 02:40:00,0.02512171,0.020798564,0.02512171,0.081460156,Weather::Crossformer
2020-10-29 02:50:00,0.024079926,0.029463112,0.024079926,0.041214637,Weather::Crossformer
2020-10-29 03:00:00,0.025382154,0.029225826,0.025382154,0.07738966,Weather::Crossformer
2020-10-29 03:10:00,0.023559034,0.025993407,0.023559034,0.0530681,Weather::Crossformer
2020-10-29 03:20:00,0.023559034,0.010279994,0.023559034,0.090197444,Weather::Crossformer
2020-10-29 03:30:00,0.021735914,0.017181575,0.021735914,0.036214292,Weather::Crossformer
2020-10-29 03:40:00,0.021215022,0.017388523,0.021215022,0.0406653,Weather::Crossformer
2020-10-29 03:50:00,0.019652348,0.025255203,0.019652348,0.06651521,Weather::Crossformer
2020-10-29 04:00:00,0.019131456,0.016969442,0.019131456,-0.048823953,Weather::Crossformer
2020-10-29 04:10:00,0.018350119,0.017790675,0.018350119,0.003800381,Weather::Crossformer
2020-10-29 04:20:00,0.018089673,0.011348844,0.018089673,-0.07592735,Weather::Crossformer
2020-10-29 04:30:00,0.017829228,0.010890007,0.017829228,-0.04084024,Weather::Crossformer
2020-10-29 04:40:00,0.018610565,0.008517325,0.018610565,-0.03301277,Weather::Crossformer
2020-10-29 04:50:00,0.018871011,0.012545109,0.018871011,-0.079099625,Weather::Crossformer
2020-10-29 05:00:00,0.019391902,0.010079861,0.019391902,-0.010691106,Weather::Crossformer
2020-10-29 05:10:00,0.019912794,0.01366812,0.019912794,-0.0066513866,Weather::Crossformer
2020-10-29 05:20:00,0.019912794,0.0047620647,0.019912794,-0.017216146,Weather::Crossformer
2020-10-29 05:30:00,0.023038143,0.004768729,0.023038143,-0.045293152,Weather::Crossformer
2020-10-29 05:40:00,0.023559034,0.011459947,0.023559034,0.02573669,Weather::Crossformer
2020-10-29 05:50:00,0.021735914,0.018858075,0.021735914,0.023079813,Weather::Crossformer
2020-10-29 06:00:00,0.023298588,0.01441431,0.023298588,-0.08009529,Weather::Crossformer
2020-10-29 06:10:00,0.02512171,0.011950612,0.02512171,-0.084873885,Weather::Crossformer
2020-10-29 06:20:00,0.024600817,0.01685971,0.024600817,-0.04534921,Weather::Crossformer
2020-10-29 06:30:00,0.019652348,0.0138322115,0.019652348,-0.056562692,Weather::Crossformer
2020-10-29 06:40:00,0.01704789,0.011831701,0.01704789,-0.011115801,Weather::Crossformer
2020-10-29 06:50:00,0.01574566,0.015769243,0.01574566,-0.08525038,Weather::Crossformer
2020-10-29 07:00:00,0.018350119,0.015638113,0.018350119,-0.028290987,Weather::Crossformer
2020-10-29 07:10:00,0.014703878,0.016523242,0.014703878,0.030357495,Weather::Crossformer
2020-10-29 07:20:00,0.017568782,0.010631215,0.017568782,0.027580202,Weather::Crossformer
2020-10-29 07:30:00,0.018610565,0.01652968,0.018610565,-0.02906096,Weather::Crossformer
2020-10-29 07:40:00,0.01704789,0.013173401,0.01704789,0.057688206,Weather::Crossformer
2020-10-29 07:50:00,0.020433685,0.023315907,0.020433685,0.12842986,Weather::Crossformer
2020-10-29 08:00:00,0.019652348,0.0147179365,0.019652348,-0.084135294,Weather::Crossformer
2020-10-29 08:10:00,0.020433685,0.010496974,0.020433685,0.031444315,Weather::Crossformer
2020-10-29 08:20:00,0.022256805,0.0142759085,0.022256805,0.03297457,Weather::Crossformer
2020-10-29 08:30:00,0.025382154,0.009988666,0.025382154,0.05950965,Weather::Crossformer
2020-10-29 08:40:00,0.02434037,0.0048689246,0.02434037,-0.017784648,Weather::Crossformer
2020-10-29 08:50:00,0.012880757,0.011006355,0.012880757,-0.004496321,Weather::Crossformer
2020-10-29 09:00:00,0.008974072,0.0066378117,0.008974072,-0.05280161,Weather::Crossformer
2020-10-29 09:10:00,0.008713625,0.00988394,0.008713625,0.012274355,Weather::Crossformer
2020-10-29 09:20:00,0.009494963,0.0046728365,0.009494963,0.03762415,Weather::Crossformer
2020-10-29 09:30:00,0.008974072,0.0067611337,0.008974072,-0.0074184835,Weather::Crossformer
2020-10-29 09:40:00,0.008974072,0.014018714,0.008974072,0.05571319,Weather::Crossformer
2020-10-29 09:50:00,0.008192734,0.022537708,0.008192734,0.12590632,Weather::Crossformer
2020-10-29 10:00:00,0.009234517,0.015786767,0.009234517,-0.017680943,Weather::Crossformer
2020-10-29 10:10:00,0.008974072,0.010969639,0.008974072,0.038900185,Weather::Crossformer
2020-10-29 10:20:00,0.0076718424,0.016145408,0.0076718424,0.066894054,Weather::Crossformer
2020-10-29 10:30:00,0.0074113966,0.010656357,0.0074113966,0.104473054,Weather::Crossformer
2020-10-29 10:40:00,0.0063696136,0.0073290467,0.0063696136,0.016444273,Weather::Crossformer
2020-10-29 10:50:00,0.0063696136,0.010702014,0.0063696136,0.0019734725,Weather::Crossformer
2020-10-29 11:00:00,0.006890505,0.010017991,0.006890505,0.017732799,Weather::Crossformer
2020-10-29 11:10:00,0.0076718424,0.009331465,0.0076718424,0.081342176,Weather::Crossformer
2020-10-29 11:20:00,0.0076718424,0.006251376,0.0076718424,0.14749303,Weather::Crossformer
2020-10-29 11:30:00,0.0074113966,0.010127485,0.0074113966,0.03941378,Weather::Crossformer
2020-10-29 11:40:00,0.0076718424,0.013049424,0.0076718424,0.11818886,Weather::Crossformer
2020-10-29 11:50:00,0.007932289,0.022743821,0.007932289,0.13257313,Weather::Crossformer
2020-10-29 12:00:00,0.008713625,0.015714645,0.008713625,0.06286931,Weather::Crossformer
2020-10-29 12:10:00,0.008192734,0.012590289,0.008192734,0.07368572,Weather::Crossformer
2020-10-29 12:20:00,0.0076718424,0.014540315,0.0076718424,0.055203736,Weather::Crossformer
2020-10-29 12:30:00,0.006890505,0.011393547,0.006890505,0.07400057,Weather::Crossformer
2020-10-29 12:40:00,0.005067385,0.008969665,0.005067385,0.08033785,Weather::Crossformer
2020-10-29 12:50:00,0.006109168,0.0112249255,0.006109168,0.023592487,Weather::Crossformer
2020-10-29 13:00:00,0.0074113966,0.00903523,0.0074113966,-0.0036985874,Weather::Crossformer
2020-10-29 13:10:00,0.00845318,0.0131236315,0.00845318,0.07354915,Weather::Crossformer
2020-10-29 13:20:00,0.0066300593,0.007399749,0.0066300593,0.08779755,Weather::Crossformer
2020-10-29 13:30:00,0.007150951,0.009236217,0.007150951,0.016106546,Weather::Crossformer
2020-10-29 13:40:00,0.0074113966,0.016228259,0.0074113966,0.13716516,Weather::Crossformer
2020-10-29 13:50:00,0.0074113966,0.027286768,0.0074113966,0.2062599,Weather::Crossformer
2020-10-29 14:00:00,0.006890505,0.017908454,0.006890505,-0.032699347,Weather::Crossformer
2020-10-29 14:10:00,0.005848722,0.012899399,0.005848722,0.036557097,Weather::Crossformer
2020-10-29 14:20:00,0.0055882763,0.019697547,0.0055882763,0.0763278,Weather::Crossformer
2020-10-29 14:30:00,0.005067385,0.014010549,0.005067385,0.09716508,Weather::Crossformer
2020-10-29 14:40:00,0.005067385,0.008264244,0.005067385,0.016085632,Weather::Crossformer
2020-10-29 14:50:00,0.005067385,0.012436926,0.005067385,0.019040935,Weather::Crossformer
2020-10-29 15:00:00,0.0053278306,0.012417316,0.0053278306,-0.0027891994,Weather::Crossformer
2020-10-29 15:10:00,0.005067385,0.012199283,0.005067385,0.037366584,Weather::Crossformer
2020-10-29 15:20:00,0.0055882763,0.0099959485,0.0055882763,0.09598413,Weather::Crossformer
2020-10-29 15:30:00,0.005848722,0.01276207,0.005848722,-0.02593562,Weather::Crossformer
2020-10-29 15:40:00,0.006109168,0.014602542,0.006109168,0.027986556,Weather::Crossformer
2020-10-29 15:50:00,0.007150951,0.022513628,0.007150951,0.13848811,Weather::Crossformer
2020-10-29 16:00:00,0.0074113966,0.017652154,0.0074113966,-0.004193902,Weather::Crossformer
2020-10-29 16:10:00,0.007150951,0.015466452,0.007150951,0.033098597,Weather::Crossformer
2020-10-29 16:20:00,0.009234517,0.01972884,0.009234517,0.033879638,Weather::Crossformer
2020-10-29 16:30:00,0.019912794,0.016500711,0.019912794,0.08644718,Weather::Crossformer
2020-10-29 16:40:00,0.025382154,0.013409376,0.025382154,0.03319724,Weather::Crossformer
2020-10-29 16:50:00,0.016526999,0.01695621,0.016526999,-0.027704313,Weather::Crossformer
2020-10-29 17:00:00,0.0149643235,0.017718673,0.0149643235,-0.015762746,Weather::Crossformer
2020-10-29 17:10:00,0.014703878,0.01630634,0.014703878,0.04941181,Weather::Crossformer
2020-10-29 17:20:00,0.018350119,0.013572615,0.018350119,0.09967923,Weather::Crossformer
2020-10-29 17:30:00,0.021215022,0.01796323,0.021215022,-0.014394343,Weather::Crossformer
2020-11-30 23:50:00,0.06080278,0.061005782,0.06080278,0.13736546,Weather::PatchTST
2020-12-01 00:00:00,0.061584115,0.051991194,0.061584115,0.1283413,Weather::PatchTST
2020-12-01 00:10:00,0.06444902,0.057240892,0.06444902,0.13828924,Weather::PatchTST
2020-12-01 00:20:00,0.062365454,0.05839051,0.062365454,0.14244382,Weather::PatchTST
2020-12-01 00:30:00,0.06132367,0.06429782,0.06132367,0.14313358,Weather::PatchTST
2020-12-01 00:40:00,0.06184456,0.05593553,0.06184456,0.112718314,Weather::PatchTST
2020-12-01 00:50:00,0.063407235,0.060083557,0.063407235,0.11726002,Weather::PatchTST
2020-12-01 01:00:00,0.06653258,0.064465426,0.06653258,0.14027737,Weather::PatchTST
2020-12-01 01:10:00,0.06809526,0.07822442,0.06809526,0.13256887,Weather::PatchTST
2020-12-01 01:20:00,0.068876594,0.07466235,0.068876594,0.10423009,Weather::PatchTST
2020-12-01 01:30:00,0.06861615,0.06462502,0.06861615,0.1231467,Weather::PatchTST
2020-12-01 01:40:00,0.06757437,0.08327943,0.06757437,0.12397352,Weather::PatchTST
2020-12-01 01:50:00,0.06679303,0.06888857,0.06679303,0.13797794,Weather::PatchTST
2020-12-01 02:00:00,0.065230355,0.07111437,0.065230355,0.12350358,Weather::PatchTST
2020-12-01 02:10:00,0.06392813,0.071435064,0.06392813,0.12503266,Weather::PatchTST
2020-12-01 02:20:00,0.063667685,0.07540187,0.063667685,0.11286342,Weather::PatchTST
2020-12-01 02:30:00,0.063407235,0.0793277,0.063407235,0.11501552,Weather::PatchTST
2020-12-01 02:40:00,0.062365454,0.06849555,0.062365454,0.11431993,Weather::PatchTST
2020-12-01 02:50:00,0.062365454,0.086124286,0.062365454,0.12895793,Weather::PatchTST
2020-12-01 03:00:00,0.065230355,0.07585413,0.065230355,0.10652374,Weather::PatchTST
2020-12-01 03:10:00,0.0660117,0.073875844,0.0660117,0.104116276,Weather::PatchTST
2020-12-01 03:20:00,0.06861615,0.08318128,0.06861615,0.08590441,Weather::PatchTST
2020-12-01 03:30:00,0.07043927,0.07071273,0.07043927,0.09617835,Weather::PatchTST
2020-12-01 03:40:00,0.07200195,0.07987636,0.07200195,0.09944455,Weather::PatchTST
2020-12-01 03:50:00,0.07408551,0.070132874,0.07408551,0.09865158,Weather::PatchTST
2020-12-01 04:00:00,0.075127296,0.07177062,0.075127296,0.09393951,Weather::PatchTST
2020-12-01 04:10:00,0.07590863,0.07204165,0.07590863,0.09926784,Weather::PatchTST
2020-12-01 04:20:00,0.07642952,0.06502332,0.07642952,0.07906215,Weather::PatchTST
2020-12-01 04:30:00,0.07408551,0.08572814,0.07408551,0.09622864,Weather::PatchTST
2020-12-01 04:40:00,0.07434596,0.061778776,0.07434596,0.105508775,Weather::PatchTST
2020-12-01 04:50:00,0.07382507,0.07713679,0.07382507,0.09825992,Weather::PatchTST
2020-12-01 05:00:00,0.075127296,0.07174093,0.075127296,0.10340142,Weather::PatchTST
2020-12-01 05:10:00,0.07590863,0.08382729,0.07590863,0.10605607,Weather::PatchTST
2020-12-01 05:20:00,0.07616908,0.08154656,0.07616908,0.119210586,Weather::PatchTST
2020-12-01 05:30:00,0.0746064,0.07656985,0.0746064,0.11647238,Weather::PatchTST
2020-12-01 05:40:00,0.07616908,0.08360232,0.07616908,0.12404626,Weather::PatchTST
2020-12-01 05:50:00,0.07825264,0.077295154,0.07825264,0.12572679,Weather::PatchTST
2020-12-01 06:00:00,0.0779922,0.07831746,0.0779922,0.12773044,Weather::PatchTST
2020-12-01 06:10:00,0.07903398,0.07056978,0.07903398,0.12568784,Weather::PatchTST
2020-12-01 06:20:00,0.08137799,0.076122425,0.08137799,0.13116786,Weather::PatchTST
2020-12-01 06:30:00,0.08476379,0.075736925,0.08476379,0.1315018,Weather::PatchTST
2020-12-01 06:40:00,0.086326465,0.091283366,0.086326465,0.122625135,Weather::PatchTST
2020-12-01 06:50:00,0.08528468,0.08173015,0.08528468,0.11408612,Weather::PatchTST
2020-12-01 07:00:00,0.08554512,0.07284462,0.08554512,0.12900919,Weather::PatchTST
2020-12-01 07:10:00,0.09127493,0.074933104,0.09127493,0.106024,Weather::PatchTST
2020-12-01 07:20:00,0.089712255,0.0775125,0.089712255,0.12624656,Weather::PatchTST
2020-12-01 07:30:00,0.09413984,0.080597445,0.09413984,0.12018036,Weather::PatchTST
2020-12-01 07:40:00,0.093618944,0.07587191,0.093618944,0.12821814,Weather::PatchTST
2020-12-01 07:50:00,0.09127493,0.07447246,0.09127493,0.12628092,Weather::PatchTST
2020-12-01 08:00:00,0.09674429,0.08054115,0.09674429,0.11800745,Weather::PatchTST
2020-12-01 08:10:00,0.09778608,0.08014613,0.09778608,0.12188671,Weather::PatchTST
2020-12-01 08:20:00,0.099088304,0.074413136,0.099088304,0.12184419,Weather::PatchTST
2020-12-01 08:30:00,0.09700474,0.07502364,0.09700474,0.13330516,Weather::PatchTST
2020-12-01 08:40:00,0.10065098,0.07325407,0.10065098,0.12324051,Weather::PatchTST
2020-12-01 08:50:00,0.09778608,0.068618625,0.09778608,0.1250558,Weather::PatchTST
2020-12-01 09:00:00,0.099609196,0.075870425,0.099609196,0.12584054,Weather::PatchTST
2020-12-01 09:10:00,0.1024741,0.0792974,0.1024741,0.12512305,Weather::PatchTST
2020-12-01 09:20:00,0.099609196,0.06467346,0.099609196,0.12753737,Weather::PatchTST
2020-12-01 09:30:00,0.09882786,0.071769685,0.09882786,0.120195456,Weather::PatchTST
2020-12-01 09:40:00,0.09413984,0.08390867,0.09413984,0.12001583,Weather::PatchTST
2020-12-01 09:50:00,0.08945181,0.07602996,0.08945181,0.12864721,Weather::PatchTST
2020-12-01 10:00:00,0.0933585,0.07397877,0.0933585,0.12818252,Weather::PatchTST
2020-12-01 10:10:00,0.08736825,0.08144664,0.08736825,0.11136556,Weather::PatchTST
2020-12-01 10:20:00,0.08580557,0.08039212,0.08580557,0.1288253,Weather::PatchTST
2020-12-01 10:30:00,0.087889135,0.075061366,0.087889135,0.10929553,Weather::PatchTST
2020-12-01 10:40:00,0.080857106,0.0662138,0.080857106,0.102363646,Weather::PatchTST
2020-12-01 10:50:00,0.08007576,0.07494764,0.08007576,0.09678571,Weather::PatchTST
2020-12-01 11:00:00,0.07825264,0.07834196,0.07825264,0.12340019,Weather::PatchTST
2020-12-01 11:10:00,0.0717415,0.083868906,0.0717415,0.110416345,Weather::PatchTST
2020-12-01 11:20:00,0.07043927,0.08116753,0.07043927,0.104710415,Weather::PatchTST
2020-12-01 11:30:00,0.06939749,0.07311304,0.06939749,0.10126591,Weather::PatchTST
2020-12-01 11:40:00,0.0717415,0.07159372,0.0717415,0.09371238,Weather::PatchTST
2020-12-01 11:50:00,0.06991838,0.07946388,0.06991838,0.107023865,Weather::PatchTST
2020-12-01 12:00:00,0.06783482,0.06611909,0.06783482,0.09821151,Weather::PatchTST
2020-12-01 12:10:00,0.06809526,0.07193743,0.06809526,0.107756145,Weather::PatchTST
2020-12-01 12:20:00,0.06679303,0.07906556,0.06679303,0.10919838,Weather::PatchTST
2020-12-01 12:30:00,0.06627214,0.07481455,0.06627214,0.09505538,Weather::PatchTST
2020-12-01 12:40:00,0.0660117,0.07558155,0.0660117,0.10221461,Weather::PatchTST
2020-12-01 12:50:00,0.06444902,0.077205285,0.06444902,0.08284271,Weather::PatchTST
2020-12-01 13:00:00,0.0660117,0.07877376,0.0660117,0.086052045,Weather::PatchTST
2020-12-01 13:10:00,0.06314679,0.06581743,0.06314679,0.08822323,Weather::PatchTST
2020-12-01 13:20:00,0.063407235,0.07863675,0.063407235,0.097733974,Weather::PatchTST
2020-12-01 13:30:00,0.063667685,0.074535474,0.063667685,0.07952167,Weather::PatchTST
2020-12-01 13:40:00,0.062105007,0.071893804,0.062105007,0.08093522,Weather::PatchTST
2020-12-01 13:50:00,0.062105007,0.08144349,0.062105007,0.090241365,Weather::PatchTST
2020-12-01 14:00:00,0.062105007,0.07486251,0.062105007,0.08735446,Weather::PatchTST
2020-12-01 14:10:00,0.06184456,0.07512819,0.06184456,0.08476259,Weather::PatchTST
2020-12-01 14:20:00,0.06392813,0.07122786,0.06392813,0.09535597,Weather::PatchTST
2020-12-01 14:30:00,0.062365454,0.07094707,0.062365454,0.08441733,Weather::PatchTST
2020-12-01 14:40:00,0.061584115,0.06979406,0.061584115,0.085645184,Weather::PatchTST
2020-12-01 14:50:00,0.06288634,0.07209094,0.06288634,0.086443596,Weather::PatchTST
2020-12-01 15:00:00,0.065490805,0.08308707,0.065490805,0.07629496,Weather::PatchTST
2020-12-01 15:10:00,0.06392813,0.07005882,0.06392813,0.06119564,Weather::PatchTST
2020-12-01 15:20:00,0.063667685,0.07717059,0.063667685,0.05176964,Weather::PatchTST
2020-12-01 15:30:00,0.06627214,0.070035644,0.06627214,0.05227992,Weather::PatchTST
2020-12-01 15:40:00,0.067053474,0.07668285,0.067053474,0.067478746,Weather::PatchTST
2020-12-03 09:40:00,0.057416983,0.066654034,0.057416983,0.06192906,Weather::TimeXer
2020-12-03 09:50:00,0.05819832,0.060650777,0.05819832,0.057057343,Weather::TimeXer
2020-12-03 10:00:00,0.05767743,0.05725065,0.05767743,0.054571483,Weather::TimeXer
2020-12-03 10:10:00,0.058719214,0.057947375,0.058719214,0.05257311,Weather::TimeXer
2020-12-03 10:20:00,0.057416983,0.05628196,0.057416983,0.052131083,Weather::TimeXer
2020-12-03 10:30:00,0.05819832,0.053754736,0.05819832,0.04982674,Weather::TimeXer
2020-12-03 10:40:00,0.05819832,0.055906083,0.05819832,0.050999157,Weather::TimeXer
2020-12-03 10:50:00,0.06002144,0.050974455,0.06002144,0.04370448,Weather::TimeXer
2020-12-03 11:00:00,0.059240103,0.05465347,0.059240103,0.042882055,Weather::TimeXer
2020-12-03 11:10:00,0.059240103,0.052337393,0.059240103,0.040837348,Weather::TimeXer
2020-12-03 11:20:00,0.060281888,0.049788035,0.060281888,0.03745544,Weather::TimeXer
2020-12-03 11:30:00,0.063667685,0.050396048,0.063667685,0.03505499,Weather::TimeXer
2020-12-03 11:40:00,0.062105007,0.049811885,0.062105007,0.03321401,Weather::TimeXer
2020-12-03 11:50:00,0.06080278,0.050492592,0.06080278,0.033776917,Weather::TimeXer
2020-12-03 12:00:00,0.06080278,0.047825262,0.06080278,0.03300468,Weather::TimeXer
2020-12-03 12:10:00,0.06080278,0.046047337,0.06080278,0.03031239,Weather::TimeXer
2020-12-03 12:20:00,0.061584115,0.05071737,0.061584115,0.034625217,Weather::TimeXer
2020-12-03 12:30:00,0.06080278,0.051121846,0.06080278,0.03680767,Weather::TimeXer
2020-12-03 12:40:00,0.0626259,0.049607065,0.0626259,0.0360259,Weather::TimeXer
2020-12-03 12:50:00,0.060281888,0.05431648,0.060281888,0.03753881,Weather::TimeXer
2020-12-03 13:00:00,0.061063223,0.052286133,0.061063223,0.03968097,Weather::TimeXer
2020-12-03 13:10:00,0.06288634,0.05524085,0.06288634,0.0435468,Weather::TimeXer
2020-12-03 13:20:00,0.062365454,0.055774476,0.062365454,0.044683352,Weather::TimeXer
2020-12-03 13:30:00,0.06418857,0.058426656,0.06418857,0.049893867,Weather::TimeXer
2020-12-03 13:40:00,0.06418857,0.05779188,0.06418857,0.050061874,Weather::TimeXer
2020-12-03 13:50:00,0.0660117,0.06166019,0.0660117,0.05709181,Weather::TimeXer
2020-12-03 14:00:00,0.0660117,0.065786175,0.0660117,0.056696646,Weather::TimeXer
2020-12-03 14:10:00,0.06679303,0.06749454,0.06679303,0.05946307,Weather::TimeXer
2020-12-03 14:20:00,0.06757437,0.06656786,0.06757437,0.060899343,Weather::TimeXer
2020-12-03 14:30:00,0.06965794,0.06548829,0.06965794,0.06330222,Weather::TimeXer
2020-12-03 14:40:00,0.06861615,0.06629902,0.06861615,0.06664708,Weather::TimeXer
2020-12-03 14:50:00,0.06965794,0.072117515,0.06965794,0.067212805,Weather::TimeXer
2020-12-03 15:00:00,0.0717415,0.07168957,0.0717415,0.069544666,Weather::TimeXer
2020-12-03 15:10:00,0.07226239,0.07023859,0.07226239,0.06842529,Weather::TimeXer
2020-12-03 15:20:00,0.07200195,0.07130321,0.07200195,0.07207967,Weather::TimeXer
2020-12-03 15:30:00,0.0717415,0.06847399,0.0717415,0.06897463,Weather::TimeXer
2020-12-03 15:40:00,0.07148106,0.0716439,0.07148106,0.070677936,Weather::TimeXer
2020-12-03 15:50:00,0.07043927,0.06864576,0.07043927,0.06939778,Weather::TimeXer
2020-12-03 16:00:00,0.070960164,0.070054546,0.070960164,0.07003465,Weather::TimeXer
2020-12-03 16:10:00,0.0717415,0.073181026,0.0717415,0.07176117,Weather::TimeXer
2020-12-03 16:20:00,0.07226239,0.070881635,0.07226239,0.06991741,Weather::TimeXer
2020-12-03 16:30:00,0.07226239,0.07017102,0.07226239,0.07174552,Weather::TimeXer
2020-12-03 16:40:00,0.07382507,0.0702825,0.07382507,0.069897175,Weather::TimeXer
2020-12-03 16:50:00,0.074866846,0.07179471,0.074866846,0.0708184,Weather::TimeXer
2020-12-03 17:00:00,0.07304373,0.069639556,0.07304373,0.06805731,Weather::TimeXer
2020-12-03 17:10:00,0.07356462,0.07055655,0.07356462,0.072047755,Weather::TimeXer
2020-12-03 17:20:00,0.070960164,0.06845615,0.070960164,0.06866392,Weather::TimeXer
2020-12-03 17:30:00,0.06939749,0.07282953,0.06939749,0.07267806,Weather::TimeXer
2020-12-03 17:40:00,0.068876594,0.07064751,0.068876594,0.07241336,Weather::TimeXer
2020-12-03 17:50:00,0.067053474,0.07108466,0.067053474,0.068705186,Weather::TimeXer
2020-12-03 18:00:00,0.06653258,0.06948643,0.06653258,0.07110688,Weather::TimeXer
2020-12-03 18:10:00,0.06575125,0.07118011,0.06575125,0.06930038,Weather::TimeXer
2020-12-03 18:20:00,0.06783482,0.070002966,0.06783482,0.06784538,Weather::TimeXer
2020-12-03 18:30:00,0.06991838,0.0736324,0.06991838,0.068588935,Weather::TimeXer
2020-12-03 18:40:00,0.06783482,0.070422985,0.06783482,0.069310024,Weather::TimeXer
2020-12-03 18:50:00,0.06991838,0.07105711,0.06991838,0.07041515,Weather::TimeXer
2020-12-03 19:00:00,0.07304373,0.070717335,0.07304373,0.07004155,Weather::TimeXer
2020-12-03 19:10:00,0.076950416,0.07009849,0.076950416,0.070876114,Weather::TimeXer
2020-12-03 19:20:00,0.07903398,0.07054017,0.07903398,0.0700217,Weather::TimeXer
2020-12-03 19:30:00,0.07538774,0.07160635,0.07538774,0.069565825,Weather::TimeXer
2020-12-03 19:40:00,0.070960164,0.07122372,0.070960164,0.068923645,Weather::TimeXer
2020-12-03 19:50:00,0.06627214,0.07036453,0.06627214,0.0718331,Weather::TimeXer
2020-12-03 20:00:00,0.063407235,0.067581825,0.063407235,0.06957413,Weather::TimeXer
2020-12-03 20:10:00,0.06444902,0.07009264,0.06444902,0.071741074,Weather::TimeXer
2020-12-03 20:20:00,0.06132367,0.07203414,0.06132367,0.07268393,Weather::TimeXer
2020-12-03 20:30:00,0.061063223,0.07163104,0.061063223,0.0719329,Weather::TimeXer
2020-12-03 20:40:00,0.06184456,0.07149097,0.06184456,0.072263144,Weather::TimeXer
2020-12-03 20:50:00,0.062105007,0.07085915,0.062105007,0.07183122,Weather::TimeXer
2020-12-03 21:00:00,0.063407235,0.07031215,0.063407235,0.06960925,Weather::TimeXer
2020-12-03 21:10:00,0.06470946,0.07143429,0.06470946,0.07231624,Weather::TimeXer
2020-12-03 21:20:00,0.06575125,0.069016546,0.06575125,0.0685884,Weather::TimeXer
2020-12-03 21:30:00,0.065490805,0.07157235,0.065490805,0.06682939,Weather::TimeXer
2020-12-03 21:40:00,0.0660117,0.072207,0.0660117,0.072041385,Weather::TimeXer
2020-12-03 21:50:00,0.0660117,0.06989312,0.0660117,0.06804566,Weather::TimeXer
2020-12-03 22:00:00,0.067053474,0.0744376,0.067053474,0.07032742,Weather::TimeXer
2020-12-03 22:10:00,0.06835571,0.06922714,0.06835571,0.06835815,Weather::TimeXer
2020-12-03 22:20:00,0.065230355,0.07130378,0.065230355,0.07092301,Weather::TimeXer
2020-12-03 22:30:00,0.06653258,0.0708838,0.06653258,0.07053241,Weather::TimeXer
2020-12-03 22:40:00,0.06679303,0.06790544,0.06679303,0.070307754,Weather::TimeXer
2020-12-03 22:50:00,0.06835571,0.07024269,0.06835571,0.07171975,Weather::TimeXer
2020-12-03 23:00:00,0.069137044,0.06987153,0.069137044,0.0704744,Weather::TimeXer
2020-12-03 23:10:00,0.06809526,0.069290414,0.06809526,0.067734726,Weather::TimeXer
2020-12-03 23:20:00,0.067313924,0.072457485,0.067313924,0.06914613,Weather::TimeXer
2020-12-03 23:30:00,0.06783482,0.07020742,0.06783482,0.06825921,Weather::TimeXer
2020-12-03 23:40:00,0.06653258,0.0720642,0.06653258,0.068977214,Weather::TimeXer
2020-12-03 23:50:00,0.06575125,0.06887405,0.06575125,0.06868909,Weather::TimeXer
2020-12-04 00:00:00,0.065490805,0.07007334,0.065490805,0.0707917,Weather::TimeXer
2020-12-04 00:10:00,0.06783482,0.07190304,0.06783482,0.070132345,Weather::TimeXer
2020-12-04 00:20:00,0.067313924,0.07093272,0.067313924,0.06964119,Weather::TimeXer
2020-12-04 00:30:00,0.06757437,0.07178474,0.06757437,0.06978837,Weather::TimeXer
2020-12-04 00:40:00,0.06861615,0.06975477,0.06861615,0.067794584,Weather::TimeXer
2020-12-04 00:50:00,0.06835571,0.07186064,0.06835571,0.070232525,Weather::TimeXer
2020-12-04 01:00:00,0.06757437,0.07114406,0.06757437,0.06926683,Weather::TimeXer
2020-12-04 01:10:00,0.06757437,0.07243176,0.06757437,0.06916512,Weather::TimeXer
2020-12-04 01:20:00,0.065490805,0.06889212,0.065490805,0.068484336,Weather::TimeXer
2020-12-04 01:30:00,0.065490805,0.069796756,0.065490805,0.06989919,Weather::TimeXer
2020-11-12 11:10:00,0.043352913,0.0045094043,0.043352913,0.12504588,Weather::iTransformer
2020-11-12 11:20:00,0.042571574,0.0110690445,0.042571574,0.13152583,Weather::iTransformer
2020-11-12 11:30:00,0.042050682,0.0066813827,0.042050682,0.14589228,Weather::iTransformer
2020-11-12 11:40:00,0.042050682,0.001542747,0.042050682,0.13344629,Weather::iTransformer
2020-11-12 11:50:00,0.041529793,0.039967477,0.041529793,0.14457235,Weather::iTransformer
2020-11-12 12:00:00,0.042050682,0.047270402,0.042050682,0.12842989,Weather::iTransformer
2020-11-12 12:10:00,0.042050682,0.04907836,0.042050682,0.13496242,Weather::iTransformer
2020-11-12 12:20:00,0.041790236,0.041573644,0.041790236,0.13727021,Weather::iTransformer
2020-11-12 12:30:00,0.041790236,0.034549184,0.041790236,0.13122813,Weather::iTransformer
2020-11-12 12:40:00,0.04231113,0.055579886,0.04231113,0.1323576,Weather::iTransformer
2020-11-12 12:50:00,0.040748455,0.036856696,0.040748455,0.17118517,Weather::iTransformer
2020-11-12 13:00:00,0.0410089,0.020471096,0.0410089,0.13284826,Weather::iTransformer
2020-11-12 13:10:00,0.041790236,0.04131806,0.041790236,0.15552637,Weather::iTransformer
2020-11-12 13:20:00,0.04361336,0.024313696,0.04361336,0.14426668,Weather::iTransformer
2020-11-12 13:30:00,0.04595737,0.06945954,0.04595737,0.14137301,Weather::iTransformer
2020-11-12 13:40:00,0.048561826,0.07028799,0.048561826,0.14003095,Weather::iTransformer
2020-11-12 13:50:00,0.048561826,0.078569084,0.048561826,0.1345415,Weather::iTransformer
2020-11-12 14:00:00,0.04908272,0.08000754,0.04908272,0.15079689,Weather::iTransformer
2020-11-12 14:10:00,0.051166285,0.04422109,0.051166285,0.15491557,Weather::iTransformer
2020-11-12 14:20:00,0.05403119,0.045327425,0.05403119,0.14766309,Weather::iTransformer
2020-11-12 14:30:00,0.056114756,0.053650618,0.056114756,0.15114173,Weather::iTransformer
2020-11-12 14:40:00,0.05507297,0.07032524,0.05507297,0.13666272,Weather::iTransformer
2020-11-12 14:50:00,0.056114756,0.052750103,0.056114756,0.14545467,Weather::iTransformer
2020-11-12 15:00:00,0.056635648,0.042364582,0.056635648,0.15324381,Weather::iTransformer
2020-11-12 15:10:00,0.057416983,0.039055124,0.057416983,0.14472489,Weather::iTransformer
2020-11-12 15:20:00,0.06002144,0.081556715,0.06002144,0.15366814,Weather::iTransformer
2020-11-12 15:30:00,0.06184456,0.12573543,0.06184456,0.15454996,Weather::iTransformer
2020-11-12 15:40:00,0.06627214,0.10386807,0.06627214,0.14413868,Weather::iTransformer
2020-11-12 15:50:00,0.070960164,0.115480006,0.070960164,0.1489834,Weather::iTransformer
2020-11-12 16:00:00,0.07226239,0.10216074,0.07226239,0.15755631,Weather::iTransformer
2020-11-12 16:10:00,0.074866846,0.09810661,0.074866846,0.14283071,Weather::iTransformer
2020-11-12 16:20:00,0.07564819,0.10534107,0.07564819,0.14357716,Weather::iTransformer
2020-11-12 16:30:00,0.07721086,0.116617724,0.07721086,0.14528757,Weather::iTransformer
2020-11-12 16:40:00,0.07226239,0.11553101,0.07226239,0.13889734,Weather::iTransformer
2020-11-12 16:50:00,0.07304373,0.096215874,0.07304373,0.13378668,Weather::iTransformer
2020-11-12 17:00:00,0.0717415,0.11849028,0.0717415,0.14521086,Weather::iTransformer
2020-11-12 17:10:00,0.07330418,0.12542628,0.07330418,0.1516333,Weather::iTransformer
2020-11-12 17:20:00,0.07773175,0.100617446,0.07773175,0.13414262,Weather::iTransformer
2020-11-12 17:30:00,0.0779922,0.10278638,0.0779922,0.14777279,Weather::iTransformer
2020-11-12 17:40:00,0.08007576,0.114493005,0.08007576,0.14450583,Weather::iTransformer
2020-11-12 17:50:00,0.07981532,0.093935534,0.07981532,0.15814364,Weather::iTransformer
2020-11-12 18:00:00,0.07903398,0.12151134,0.07903398,0.14152354,Weather::iTransformer
2020-11-12 18:10:00,0.08762869,0.12034163,0.08762869,0.16496748,Weather::iTransformer
2020-11-12 18:20:00,0.084503345,0.09233783,0.084503345,0.16108586,Weather::iTransformer
2020-11-12 18:30:00,0.08736825,0.10269414,0.08736825,0.14794628,Weather::iTransformer
2020-11-12 18:40:00,0.08554512,0.1186181,0.08554512,0.14603406,Weather::iTransformer
2020-11-12 18:50:00,0.08320112,0.10635075,0.08320112,0.14958276,Weather::iTransformer
2020-11-12 19:00:00,0.08398245,0.11434319,0.08398245,0.14431307,Weather::iTransformer
2020-11-12 19:10:00,0.08528468,0.107537046,0.08528468,0.13582829,Weather::iTransformer
2020-11-12 19:20:00,0.084242895,0.09473054,0.084242895,0.14734992,Weather::iTransformer
2020-11-12 19:30:00,0.09257716,0.113093175,0.09257716,0.15510044,Weather::iTransformer
2020-11-12 19:40:00,0.101432316,0.115776,0.101432316,0.14559363,Weather::iTransformer
2020-11-12 19:50:00,0.0962234,0.113032036,0.0962234,0.14763184,Weather::iTransformer
2020-11-12 20:00:00,0.09700474,0.13046362,0.09700474,0.14140767,Weather::iTransformer
2020-11-12 20:10:00,0.097265184,0.113900214,0.097265184,0.14414056,Weather::iTransformer
2020-11-12 20:20:00,0.0962234,0.1173288,0.0962234,0.14428845,Weather::iTransformer
2020-11-12 20:30:00,0.09492117,0.095996276,0.09492117,0.14438996,Weather::iTransformer
2020-11-12 20:40:00,0.10221366,0.11148296,0.10221366,0.16478331,Weather::iTransformer
2020-11-12 20:50:00,0.10299499,0.11088264,0.10299499,0.15071501,Weather::iTransformer
2020-11-12 21:00:00,0.10299499,0.116329186,0.10299499,0.13192527,Weather::iTransformer
2020-11-12 21:10:00,0.103255436,0.109405175,0.103255436,0.15508279,Weather::iTransformer
2020-11-12 21:20:00,0.10455766,0.104431406,0.10455766,0.13803798,Weather::iTransformer
2020-11-12 21:30:00,0.10429722,0.10042776,0.10429722,0.15536577,Weather::iTransformer
2020-11-12 21:40:00,0.10559945,0.096446544,0.10559945,0.1532192,Weather::iTransformer
2020-11-12 21:50:00,0.105339006,0.10423405,0.105339006,0.14672191,Weather::iTransformer
2020-11-12 22:00:00,0.105078556,0.1107393,0.105078556,0.14379074,Weather::iTransformer
2020-11-12 22:10:00,0.11185015,0.10536185,0.11185015,0.14853959,Weather::iTransformer
2020-11-12 22:20:00,0.114715055,0.126955,0.114715055,0.14638422,Weather::iTransformer
2020-11-12 22:30:00,0.11731951,0.0975419,0.11731951,0.14177693,Weather::iTransformer
2020-11-12 22:40:00,0.1178404,0.1210488,0.1178404,0.15884311,Weather::iTransformer
2020-11-12 22:50:00,0.11757995,0.0954483,0.11757995,0.15628658,Weather::iTransformer
2020-11-12 23:00:00,0.11679862,0.12001712,0.11679862,0.16029751,Weather::iTransformer
2020-11-12 23:10:00,0.11341282,0.11502418,0.11341282,0.14321537,Weather::iTransformer
2020-11-12 23:20:00,0.11054792,0.11131662,0.11054792,0.14881574,Weather::iTransformer
2020-11-12 23:30:00,0.11211059,0.12124535,0.11211059,0.14471,Weather::iTransformer
2020-11-12 23:40:00,0.11237104,0.094909735,0.11237104,0.15026449,Weather::iTransformer
2020-11-12 23:50:00,0.11367327,0.11046867,0.11367327,0.15158036,Weather::iTransformer
2020-11-13 00:00:00,0.11705907,0.115053445,0.11705907,0.16113573,Weather::iTransformer
2020-11-13 00:10:00,0.1212262,0.11901686,0.1212262,0.16098502,Weather::iTransformer
2020-11-13 00:20:00,0.11862174,0.11376942,0.11862174,0.14016739,Weather::iTransformer
2020-11-13 00:30:00,0.11679862,0.08339332,0.11679862,0.14185447,Weather::iTransformer
2020-11-13 00:40:00,0.11679862,0.11273043,0.11679862,0.14530496,Weather::iTransformer
2020-11-13 00:50:00,0.11914263,0.10211038,0.11914263,0.15881829,Weather::iTransformer
2020-11-13 01:00:00,0.12044486,0.104197584,0.12044486,0.14827451,Weather::iTransformer
2020-11-13 01:10:00,0.124351546,0.0964861,0.124351546,0.14570612,Weather::iTransformer
2020-11-13 01:20:00,0.12565377,0.10958094,0.12565377,0.15036586,Weather::iTransformer
2020-11-13 01:30:00,0.11731951,0.08705473,0.11731951,0.1591844,Weather::iTransformer
2020-11-13 01:40:00,0.118361294,0.110692106,0.118361294,0.13943641,Weather::iTransformer
2020-11-13 01:50:00,0.11757995,0.11811492,0.11757995,0.14104904,Weather::iTransformer
2020-11-13 02:00:00,0.124091096,0.10108731,0.124091096,0.15141682,Weather::iTransformer
2020-11-13 02:10:00,0.12226798,0.10039256,0.12226798,0.13658711,Weather::iTransformer
2020-11-13 02:20:00,0.12148664,0.1104075,0.12148664,0.13978939,Weather::iTransformer
2020-11-13 02:30:00,0.121747084,0.11828462,0.121747084,0.14917803,Weather::iTransformer
2020-11-13 02:40:00,0.13008136,0.10263488,0.13008136,0.14609022,Weather::iTransformer
2020-11-13 02:50:00,0.13216493,0.10142755,0.13216493,0.1660797,Weather::iTransformer
2020-11-13 03:00:00,0.12930001,0.11402386,0.12930001,0.14723328,Weather::iTransformer
