,mae,mse,rmse,mape,mspe,exp_name,model_name,pred_len,lookback_len,pwindow,pconstructor,dataset
0,0.025951484,0.001256006,0.035440173,0.6210859,1.825515,long_term_forecast_96_96Weather_w501_prandomwalk.csv_iTransformer_Weather_ftMS_sl96_ll48_pl96_dm512_nh8_el3_dl1_df2048_expand2_dc4_fc3_ebtimeF_dtTrue_Exp_0,iTransformer,96,96,501,prandomwalk.csv,Weather
0,0.026180413,0.001262114,0.035526246,0.5945781,1.492734,long_term_forecast_96_96Weather_w501_ipsmoothrandomwalk.csv_iTransformer_Weather_ftMS_sl96_ll48_pl96_dm512_nh8_el3_dl1_df2048_expand2_dc4_fc3_ebtimeF_dtTrue_Exp_0,iTransformer,96,96,501,ipsmoothrandomwalk.csv,Weather
0,0.026184982,0.0012668977,0.035593506,0.6179289,1.8142219,long_term_forecast_ETTh1_96_96Weather_w1251_ipmutual_info.csv_iTransformer_Weather_ftMS_sl96_ll48_pl96_dm512_nh8_el3_dl1_df2048_expand2_dc4_fc3_ebtimeF_dtTrue_Exp_0,iTransformer,96,96,1251,ipmutual_info.csv,Weather
0,0.025878921,0.0012673794,0.03560027,0.60282815,1.6221268,long_term_forecast_96_96Weather_w1251_ipsmoothrandomwalk.csv_iTransformer_Weather_ftMS_sl96_ll48_pl96_dm512_nh8_el3_dl1_df2048_expand2_dc4_fc3_ebtimeF_dtTrue_Exp_0,iTransformer,96,96,1251,ipsmoothrandomwalk.csv,Weather
0,0.026060913,0.0012695582,0.03563086,0.6161137,1.8146236,long_term_forecast_96_96Weather_w1501_ipsmoothrandomwalk.csv_iTransformer_Weather_ftMS_sl96_ll48_pl96_dm512_nh8_el3_dl1_df2048_expand2_dc4_fc3_ebtimeF_dtTrue_Exp_0,iTransformer,96,96,1501,ipsmoothrandomwalk.csv,Weather
0,0.02603433,0.0012705417,0.035644658,0.6021151,1.5637907,long_term_forecast_96_96Weather_w751_ipsmoothrandomwalk.csv_iTransformer_Weather_ftMS_sl96_ll48_pl96_dm512_nh8_el3_dl1_df2048_expand2_dc4_fc3_ebtimeF_dtTrue_Exp_0,iTransformer,96,96,751,ipsmoothrandomwalk.csv,Weather
0,0.026344968,0.0012774419,0.035741318,0.6298635,1.9623739,long_term_forecast_96_96Weather_w1501_iprollcorr.csv_PatchTST_Weather_ftMS_sl96_ll48_pl96_dm512_nh8_el2_dl1_df2048_expand2_dc4_fc3_ebtimeF_dtTrue_Exp_0,PatchTST,96,96,1501,iprollcorr.csv,Weather
0,0.026254013,0.0012796551,0.035772268,0.5917627,1.4190692,long_term_forecast_96_96Weather_w1001_ipsmoothrandomwalk.csv_iTransformer_Weather_ftMS_sl96_ll48_pl96_dm512_nh8_el3_dl1_df2048_expand2_dc4_fc3_ebtimeF_dtTrue_Exp_0,iTransformer,96,96,1001,ipsmoothrandomwalk.csv,Weather
0,0.026596002,0.0012903835,0.03592191,0.62998235,1.9330353,long_term_forecast_96_96Weather_w1251_iprollcorr.csv_PatchTST_Weather_ftMS_sl96_ll48_pl96_dm512_nh8_el2_dl1_df2048_expand2_dc4_fc3_ebtimeF_dtTrue_Exp_0,PatchTST,96,96,1251,iprollcorr.csv,Weather
0,0.026507685,0.0012972704,0.03601764,0.639845,2.016285,long_term_forecast_96_96Weather_w1251_prollcov.csv_PatchTST_Weather_ftMS_sl96_ll48_pl96_dm512_nh8_el2_dl1_df2048_expand2_dc4_fc3_ebtimeF_dtTrue_Exp_0,PatchTST,96,96,1251,prollcov.csv,Weather
0,0.026555568,0.0012973044,0.03601811,0.63521534,1.8958879,long_term_forecast_96_96Weather_w501_ipmutual_info.csv_TimeXer_Weather_ftMS_sl96_ll48_pl96_dm512_nh8_el1_dl1_df2048_expand2_dc4_fc3_ebtimeF_dtTrue_Exp_0,TimeXer,96,96,501,ipmutual_info.csv,Weather
0,0.026378617,0.0012985093,0.036034834,0.6290597,1.8677101,long_term_forecast_96_96Weather_w1251_psmoothrandomwalk.csv_iTransformer_Weather_ftMS_sl96_ll48_pl96_dm512_nh8_el3_dl1_df2048_expand2_dc4_fc3_ebtimeF_dtTrue_Exp_0,iTransformer,96,96,1251,psmoothrandomwalk.csv,Weather
0,0.026505351,0.0012988782,0.036039952,0.6411828,2.026978,long_term_forecast_96_96Weather_w1251_pentropy.csv_PatchTST_Weather_ftMS_sl96_ll48_pl96_dm512_nh8_el2_dl1_df2048_expand2_dc4_fc3_ebtimeF_dtTrue_Exp_0,PatchTST,96,96,1251,pentropy.csv,Weather
0,0.026264723,0.0012997757,0.036052402,0.6214099,1.8159807,long_term_forecast_96_96Weather_w501_psmoothrandomwalk.csv_iTransformer_Weather_ftMS_sl96_ll48_pl96_dm512_nh8_el3_dl1_df2048_expand2_dc4_fc3_ebtimeF_dtTrue_Exp_0,iTransformer,96,96,501,psmoothrandomwalk.csv,Weather
0,0.026614513,0.0013018474,0.036081124,0.6317534,1.8741928,long_term_forecast_ETTh1_96_96Weather_w1001_prollcorr.csv_iTransformer_Weather_ftMS_sl96_ll48_pl96_dm512_nh8_el3_dl1_df2048_expand2_dc4_fc3_ebtimeF_dtTrue_Exp_0,iTransformer,96,96,1001,prollcorr.csv,Weather
0,0.02654767,0.0013034736,0.03610365,0.628919,1.8106558,long_term_forecast_ETTh1_96_96Weather_w1501_pentropy.csv_iTransformer_Weather_ftMS_sl96_ll48_pl96_dm512_nh8_el3_dl1_df2048_expand2_dc4_fc3_ebtimeF_dtTrue_Exp_0,iTransformer,96,96,1501,pentropy.csv,Weather
0,0.026879763,0.0013035124,0.036104187,0.6064996,1.6953721,long_term_forecast_96_96Weather_w501_ipsmoothrandomwalk.csv_TimeXer_Weather_ftMS_sl96_ll48_pl96_dm512_nh8_el1_dl1_df2048_expand2_dc4_fc3_ebtimeF_dtTrue_Exp_0,TimeXer,96,96,501,ipsmoothrandomwalk.csv,Weather
0,0.02685769,0.001303733,0.036107242,0.6057218,1.6801766,long_term_forecast_96_96Weather_w1001_ipsmoothrandomwalk.csv_TimeXer_Weather_ftMS_sl96_ll48_pl96_dm512_nh8_el1_dl1_df2048_expand2_dc4_fc3_ebtimeF_dtTrue_Exp_0,TimeXer,96,96,1001,ipsmoothrandomwalk.csv,Weather
0,0.026876701,0.0013042624,0.036114573,0.6075886,1.6977489,long_term_forecast_96_96Weather_w751_ipsmoothrandomwalk.csv_TimeXer_Weather_ftMS_sl96_ll48_pl96_dm512_nh8_el1_dl1_df2048_expand2_dc4_fc3_ebtimeF_dtTrue_Exp_0,TimeXer,96,96,751,ipsmoothrandomwalk.csv,Weather
0,0.026669899,0.001305675,0.036134124,0.6240817,1.7145742,long_term_forecast_ETTh1_96_96Weather_w751_pfarm.csv_iTransformer_Weather_ftMS_sl96_ll48_pl96_dm512_nh8_el3_dl1_df2048_expand2_dc4_fc3_ebtimeF_dtTrue_Exp_0,iTransformer,96,96,751,pfarm.csv,Weather
0,0.026497941,0.0013074639,0.03615887,0.6260776,1.8229436,long_term_forecast_96_96Weather_w501_iprandomwalk.csv_iTransformer_Weather_ftMS_sl96_ll48_pl96_dm512_nh8_el3_dl1_df2048_expand2_dc4_fc3_ebtimeF_dtTrue_Exp_0,iTransformer,96,96,501,iprandomwalk.csv,Weather
0,0.02654903,0.0013083759,0.036171477,0.647523,2.0878546,long_term_forecast_96_96Weather_w751_prollcov.csv_PatchTST_Weather_ftMS_sl96_ll48_pl96_dm512_nh8_el2_dl1_df2048_expand2_dc4_fc3_ebtimeF_dtTrue_Exp_0,PatchTST,96,96,751,prollcov.csv,Weather
0,0.026422713,0.0013087325,0.03617641,0.6319362,1.8910651,long_term_forecast_96_96Weather_w1001_psmoothrandomwalk.csv_iTransformer_Weather_ftMS_sl96_ll48_pl96_dm512_nh8_el3_dl1_df2048_expand2_dc4_fc3_ebtimeF_dtTrue_Exp_0,iTransformer,96,96,1001,psmoothrandomwalk.csv,Weather
0,0.026656665,0.0013111434,0.036209714,0.6269885,1.7514635,long_term_forecast_ETTh1_96_96Weather_w1251_pentropy.csv_iTransformer_Weather_ftMS_sl96_ll48_pl96_dm512_nh8_el3_dl1_df2048_expand2_dc4_fc3_ebtimeF_dtTrue_Exp_0,iTransformer,96,96,1251,pentropy.csv,Weather
0,0.026639484,0.0013122847,0.03622547,0.6243538,1.7187479,long_term_forecast_ETTh1_96_96Weather_w1001_ipfarm.csv_iTransformer_Weather_ftMS_sl96_ll48_pl96_dm512_nh8_el3_dl1_df2048_expand2_dc4_fc3_ebtimeF_dtTrue_Exp_0,iTransformer,96,96,1001,ipfarm.csv,Weather
0,0.026936488,0.0013138424,0.036246963,0.6098372,1.7083867,long_term_forecast_96_96Weather_w1251_ipsmoothrandomwalk.csv_TimeXer_Weather_ftMS_sl96_ll48_pl96_dm512_nh8_el1_dl1_df2048_expand2_dc4_fc3_ebtimeF_dtTrue_Exp_0,TimeXer,96,96,1251,ipsmoothrandomwalk.csv,Weather
0,0.026755944,0.0013148302,0.036260586,0.64745975,2.069897,long_term_forecast_96_96Weather_w1501_pfarm.csv_PatchTST_Weather_ftMS_sl96_ll48_pl96_dm512_nh8_el2_dl1_df2048_expand2_dc4_fc3_ebtimeF_dtTrue_Exp_0,PatchTST,96,96,1501,pfarm.csv,Weather
0,0.026675962,0.0013148849,0.036261342,0.6279191,1.7594011,long_term_forecast_ETTh1_96_96Weather_w751_pentropy.csv_iTransformer_Weather_ftMS_sl96_ll48_pl96_dm512_nh8_el3_dl1_df2048_expand2_dc4_fc3_ebtimeF_dtTrue_Exp_0,iTransformer,96,96,751,pentropy.csv,Weather
0,0.02667103,0.0013153251,0.03626741,0.6496212,2.1040545,long_term_forecast_96_96Weather_w501_pfarm.csv_PatchTST_Weather_ftMS_sl96_ll48_pl96_dm512_nh8_el2_dl1_df2048_expand2_dc4_fc3_ebtimeF_dtTrue_Exp_0,PatchTST,96,96,501,pfarm.csv,Weather
0,0.026706181,0.0013154194,0.03626871,0.62111276,1.6729233,long_term_forecast_ETTh1_96_96Weather_w501_ipentropy.csv_iTransformer_Weather_ftMS_sl96_ll48_pl96_dm512_nh8_el3_dl1_df2048_expand2_dc4_fc3_ebtimeF_dtTrue_Exp_0,iTransformer,96,96,501,ipentropy.csv,Weather
0,0.026654022,0.0013155619,0.036270674,0.6320796,1.8991647,long_term_forecast_96_96Weather_w1501_ipsmoothrandomwalk.csv_TimeXer_Weather_ftMS_sl96_ll48_pl96_dm512_nh8_el1_dl1_df2048_expand2_dc4_fc3_ebtimeF_dtTrue_Exp_0,TimeXer,96,96,1501,ipsmoothrandomwalk.csv,Weather
0,0.026740013,0.001315564,0.036270704,0.6279209,1.7575704,long_term_forecast_ETTh1_96_96Weather_w501_pfarm.csv_iTransformer_Weather_ftMS_sl96_ll48_pl96_dm512_nh8_el3_dl1_df2048_expand2_dc4_fc3_ebtimeF_dtTrue_Exp_0,iTransformer,96,96,501,pfarm.csv,Weather
0,0.02670526,0.0013171938,0.036293164,0.6312328,1.7815719,long_term_forecast_ETTh1_96_96Weather_w1501_ipentropy.csv_iTransformer_Weather_ftMS_sl96_ll48_pl96_dm512_nh8_el3_dl1_df2048_expand2_dc4_fc3_ebtimeF_dtTrue_Exp_0,iTransformer,96,96,1501,ipentropy.csv,Weather
0,0.026720228,0.0013172443,0.03629386,0.6295383,1.7667613,long_term_forecast_ETTh1_96_96Weather_w1251_ipentropy.csv_iTransformer_Weather_ftMS_sl96_ll48_pl96_dm512_nh8_el3_dl1_df2048_expand2_dc4_fc3_ebtimeF_dtTrue_Exp_0,iTransformer,96,96,1251,ipentropy.csv,Weather
0,0.026807455,0.0013180161,0.036304493,0.63908964,1.8876686,long_term_forecast_ETTh1_96_96Weather_w1001_pfarm.csv_iTransformer_Weather_ftMS_sl96_ll48_pl96_dm512_nh8_el3_dl1_df2048_expand2_dc4_fc3_ebtimeF_dtTrue_Exp_0,iTransformer,96,96,1001,pfarm.csv,Weather
0,0.026700076,0.001318031,0.036304697,0.65093553,2.1035511,long_term_forecast_96_96Weather_w1251_ipfarm.csv_PatchTST_Weather_ftMS_sl96_ll48_pl96_dm512_nh8_el2_dl1_df2048_expand2_dc4_fc3_ebtimeF_dtTrue_Exp_0,PatchTST,96,96,1251,ipfarm.csv,Weather
0,0.027019495,0.0013188036,0.036315337,0.6181355,1.7871999,long_term_forecast_96_96Weather_w1501_psmoothrandomwalk.csv_TimeXer_Weather_ftMS_sl96_ll48_pl96_dm512_nh8_el1_dl1_df2048_expand2_dc4_fc3_ebtimeF_dtTrue_Exp_0,TimeXer,96,96,1501,psmoothrandomwalk.csv,Weather
0,0.02692907,0.0013191027,0.036319453,0.6393109,1.8985554,long_term_forecast_ETTh1_96_96Weather_w501_prollcorr.csv_iTransformer_Weather_ftMS_sl96_ll48_pl96_dm512_nh8_el3_dl1_df2048_expand2_dc4_fc3_ebtimeF_dtTrue_Exp_0,iTransformer,96,96,501,prollcorr.csv,Weather
0,0.026840305,0.0013193506,0.036322866,0.64111596,1.9437184,long_term_forecast_ETTh1_96_96Weather_w1501_prollcorr.csv_iTransformer_Weather_ftMS_sl96_ll48_pl96_dm512_nh8_el3_dl1_df2048_expand2_dc4_fc3_ebtimeF_dtTrue_Exp_0,iTransformer,96,96,1501,prollcorr.csv,Weather
0,0.026996646,0.0013195747,0.03632595,0.6185371,1.7869518,long_term_forecast_96_96Weather_w501_iprandomwalk.csv_TimeXer_Weather_ftMS_sl96_ll48_pl96_dm512_nh8_el1_dl1_df2048_expand2_dc4_fc3_ebtimeF_dtTrue_Exp_0,TimeXer,96,96,501,iprandomwalk.csv,Weather
0,0.026908314,0.0013197099,0.036327813,0.64686376,1.9939603,long_term_forecast_96_96Weather_w751_ipmutual_info.csv_TimeXer_Weather_ftMS_sl96_ll48_pl96_dm512_nh8_el1_dl1_df2048_expand2_dc4_fc3_ebtimeF_dtTrue_Exp_0,TimeXer,96,96,751,ipmutual_info.csv,Weather
0,0.02676945,0.0013199938,0.036331717,0.64930576,2.069397,long_term_forecast_96_96Weather_w1001_ipfarm.csv_PatchTST_Weather_ftMS_sl96_ll48_pl96_dm512_nh8_el2_dl1_df2048_expand2_dc4_fc3_ebtimeF_dtTrue_Exp_0,PatchTST,96,96,1001,ipfarm.csv,Weather
0,0.026680129,0.0013211563,0.036347713,0.64516705,2.0462158,long_term_forecast_96_96Weather_w1501_ipfarm.csv_TimeXer_Weather_ftMS_sl96_ll48_pl96_dm512_nh8_el1_dl1_df2048_expand2_dc4_fc3_ebtimeF_dtTrue_Exp_0,TimeXer,96,96,1501,ipfarm.csv,Weather
0,0.027060002,0.0013216246,0.036354154,0.61984557,1.7994453,long_term_forecast_96_96Weather_w1251_psmoothrandomwalk.csv_TimeXer_Weather_ftMS_sl96_ll48_pl96_dm512_nh8_el1_dl1_df2048_expand2_dc4_fc3_ebtimeF_dtTrue_Exp_0,TimeXer,96,96,1251,psmoothrandomwalk.csv,Weather
0,0.026747039,0.0013228017,0.03637034,0.6399794,1.949394,long_term_forecast_96_96Weather_w501_pfarm.csv_TimeXer_Weather_ftMS_sl96_ll48_pl96_dm512_nh8_el1_dl1_df2048_expand2_dc4_fc3_ebtimeF_dtTrue_Exp_0,TimeXer,96,96,501,pfarm.csv,Weather
0,0.02682234,0.0013234206,0.03637885,0.6319612,1.9806739,long_term_forecast_96_96Weather_w1501_pmutual_info.csv_TimeXer_Weather_ftMS_sl96_ll48_pl96_dm512_nh8_el1_dl1_df2048_expand2_dc4_fc3_ebtimeF_dtTrue_Exp_0,TimeXer,96,96,1501,pmutual_info.csv,Weather
0,0.026866894,0.0013234564,0.03637934,0.6394729,1.832938,long_term_forecast_ETTh1_96_96Weather_w751_ipmutual_info.csv_iTransformer_Weather_ftMS_sl96_ll48_pl96_dm512_nh8_el3_dl1_df2048_expand2_dc4_fc3_ebtimeF_dtTrue_Exp_0,iTransformer,96,96,751,ipmutual_info.csv,Weather
0,0.027068889,0.0013236986,0.036382668,0.6205506,1.8064835,long_term_forecast_96_96Weather_w1001_psmoothrandomwalk.csv_TimeXer_Weather_ftMS_sl96_ll48_pl96_dm512_nh8_el1_dl1_df2048_expand2_dc4_fc3_ebtimeF_dtTrue_Exp_0,TimeXer,96,96,1001,psmoothrandomwalk.csv,Weather
0,0.02689796,0.0013238002,0.036384065,0.6378033,1.940317,long_term_forecast_96_96Weather_w1001_pfarm.csv_TimeXer_Weather_ftMS_sl96_ll48_pl96_dm512_nh8_el1_dl1_df2048_expand2_dc4_fc3_ebtimeF_dtTrue_Exp_0,TimeXer,96,96,1001,pfarm.csv,Weather
0,0.026766451,0.0013238742,0.03638508,0.633993,1.8020086,long_term_forecast_ETTh1_96_96Weather_w1001_ipentropy.csv_iTransformer_Weather_ftMS_sl96_ll48_pl96_dm512_nh8_el3_dl1_df2048_expand2_dc4_fc3_ebtimeF_dtTrue_Exp_0,iTransformer,96,96,1001,ipentropy.csv,Weather
0,0.026808415,0.0013241246,0.036388524,0.6524966,2.0852218,long_term_forecast_96_96Weather_w1001_pentropy.csv_PatchTST_Weather_ftMS_sl96_ll48_pl96_dm512_nh8_el2_dl1_df2048_expand2_dc4_fc3_ebtimeF_dtTrue_Exp_0,PatchTST,96,96,1001,pentropy.csv,Weather
0,0.02707152,0.0013242908,0.036390807,0.62081295,1.8094395,long_term_forecast_96_96Weather_w751_psmoothrandomwalk.csv_TimeXer_Weather_ftMS_sl96_ll48_pl96_dm512_nh8_el1_dl1_df2048_expand2_dc4_fc3_ebtimeF_dtTrue_Exp_0,TimeXer,96,96,751,psmoothrandomwalk.csv,Weather
0,0.026779523,0.001324808,0.03639791,0.63640565,1.8328791,long_term_forecast_ETTh1_96_96Weather_w1001_pentropy.csv_iTransformer_Weather_ftMS_sl96_ll48_pl96_dm512_nh8_el3_dl1_df2048_expand2_dc4_fc3_ebtimeF_dtTrue_Exp_0,iTransformer,96,96,1001,pentropy.csv,Weather
0,0.026784778,0.0013254612,0.036406882,0.6338703,1.9636853,long_term_forecast_ETTh1_96_96Weather_w1001_pmutual_info.csv_iTransformer_Weather_ftMS_sl96_ll48_pl96_dm512_nh8_el3_dl1_df2048_expand2_dc4_fc3_ebtimeF_dtTrue_Exp_0,iTransformer,96,96,1001,pmutual_info.csv,Weather
0,0.02678415,0.0013257765,0.036411215,0.6324638,1.770343,long_term_forecast_ETTh1_96_96Weather_w751_ipentropy.csv_iTransformer_Weather_ftMS_sl96_ll48_pl96_dm512_nh8_el3_dl1_df2048_expand2_dc4_fc3_ebtimeF_dtTrue_Exp_0,iTransformer,96,96,751,ipentropy.csv,Weather
0,0.027076196,0.0013259804,0.036414012,0.62025094,1.7945629,long_term_forecast_96_96Weather_w501_psmoothrandomwalk.csv_TimeXer_Weather_ftMS_sl96_ll48_pl96_dm512_nh8_el1_dl1_df2048_expand2_dc4_fc3_ebtimeF_dtTrue_Exp_0,TimeXer,96,96,501,psmoothrandomwalk.csv,Weather
0,0.026787259,0.0013273634,0.036433,0.6356446,1.9679663,long_term_forecast_96_96Weather_w1251_pmutual_info.csv_TimeXer_Weather_ftMS_sl96_ll48_pl96_dm512_nh8_el1_dl1_df2048_expand2_dc4_fc3_ebtimeF_dtTrue_Exp_0,TimeXer,96,96,1251,pmutual_info.csv,Weather
0,0.026879964,0.0013288897,0.03645394,0.6124623,1.5851996,long_term_forecast_ETTh1_96_96Weather_w1501_iprollcorr.csv_iTransformer_Weather_ftMS_sl96_ll48_pl96_dm512_nh8_el3_dl1_df2048_expand2_dc4_fc3_ebtimeF_dtTrue_Exp_0,iTransformer,96,96,1501,iprollcorr.csv,Weather
0,0.026958788,0.0013306867,0.03647858,0.63717073,1.8122028,long_term_forecast_ETTh1_96_96Weather_w501_ipfarm.csv_iTransformer_Weather_ftMS_sl96_ll48_pl96_dm512_nh8_el3_dl1_df2048_expand2_dc4_fc3_ebtimeF_dtTrue_Exp_0,iTransformer,96,96,501,ipfarm.csv,Weather
0,0.026765773,0.0013307786,0.03647984,0.63459414,1.8019184,long_term_forecast_ETTh1_96_96Weather_w1251_prollcov.csv_iTransformer_Weather_ftMS_sl96_ll48_pl96_dm512_nh8_el3_dl1_df2048_expand2_dc4_fc3_ebtimeF_dtTrue_Exp_0,iTransformer,96,96,1251,prollcov.csv,Weather
0,0.026923485,0.0013317567,0.03649324,0.6436974,1.9803545,long_term_forecast_96_96Weather_w501_pentropy.csv_TimeXer_Weather_ftMS_sl96_ll48_pl96_dm512_nh8_el1_dl1_df2048_expand2_dc4_fc3_ebtimeF_dtTrue_Exp_0,TimeXer,96,96,501,pentropy.csv,Weather
0,0.026929455,0.0013318469,0.03649448,0.64338946,1.9912802,long_term_forecast_96_96Weather_w501_ipentropy.csv_TimeXer_Weather_ftMS_sl96_ll48_pl96_dm512_nh8_el1_dl1_df2048_expand2_dc4_fc3_ebtimeF_dtTrue_Exp_0,TimeXer,96,96,501,ipentropy.csv,Weather
0,0.026978025,0.0013319175,0.036495443,0.6548073,2.1055145,long_term_forecast_96_96Weather_w1001_prollcorr.csv_TimeXer_Weather_ftMS_sl96_ll48_pl96_dm512_nh8_el1_dl1_df2048_expand2_dc4_fc3_ebtimeF_dtTrue_Exp_0,TimeXer,96,96,1001,prollcorr.csv,Weather
0,0.026828665,0.0013320518,0.036497284,0.6110073,1.5923128,long_term_forecast_ETTh1_96_96Weather_w1251_iprollcorr.csv_iTransformer_Weather_ftMS_sl96_ll48_pl96_dm512_nh8_el3_dl1_df2048_expand2_dc4_fc3_ebtimeF_dtTrue_Exp_0,iTransformer,96,96,1251,iprollcorr.csv,Weather
0,0.02689706,0.0013331464,0.036512278,0.65551406,2.1530895,long_term_forecast_96_96Weather_w1001_iprollcorr.csv_PatchTST_Weather_ftMS_sl96_ll48_pl96_dm512_nh8_el2_dl1_df2048_expand2_dc4_fc3_ebtimeF_dtTrue_Exp_0,PatchTST,96,96,1001,iprollcorr.csv,Weather
0,0.026991064,0.0013338883,0.036522437,0.65563375,2.118513,long_term_forecast_96_96Weather_w751_prollcorr.csv_TimeXer_Weather_ftMS_sl96_ll48_pl96_dm512_nh8_el1_dl1_df2048_expand2_dc4_fc3_ebtimeF_dtTrue_Exp_0,TimeXer,96,96,751,prollcorr.csv,Weather
0,0.026967937,0.0013344327,0.036529887,0.6426478,1.9507748,long_term_forecast_96_96Weather.csv_TimeXer_Weather_ftMS_sl96_ll48_pl96_dm512_nh8_el1_dl1_df2048_expand2_dc4_fc3_ebtimeF_dtTrue_Exp_0,TimeXer,96,96,,identity,Weather
0,0.02695938,0.0013347405,0.0365341,0.6427806,1.9496429,long_term_forecast_96_96Weather_w1251_pentropy.csv_TimeXer_Weather_ftMS_sl96_ll48_pl96_dm512_nh8_el1_dl1_df2048_expand2_dc4_fc3_ebtimeF_dtTrue_Exp_0,TimeXer,96,96,1251,pentropy.csv,Weather
0,0.026697738,0.0013355602,0.036545318,0.6475614,2.1412573,long_term_forecast_96_96Weather_w501_iprollcov.csv_TimeXer_Weather_ftMS_sl96_ll48_pl96_dm512_nh8_el1_dl1_df2048_expand2_dc4_fc3_ebtimeF_dtTrue_Exp_0,TimeXer,96,96,501,iprollcov.csv,Weather
0,0.026931962,0.0013358006,0.036548607,0.6516529,2.011439,long_term_forecast_96_96Weather_w1251_prollcov.csv_TimeXer_Weather_ftMS_sl96_ll48_pl96_dm512_nh8_el1_dl1_df2048_expand2_dc4_fc3_ebtimeF_dtTrue_Exp_0,TimeXer,96,96,1251,prollcov.csv,Weather
0,0.02699437,0.0013360376,0.036551848,0.648992,1.9661672,long_term_forecast_96_96Weather_w1001_prollcov.csv_TimeXer_Weather_ftMS_sl96_ll48_pl96_dm512_nh8_el1_dl1_df2048_expand2_dc4_fc3_ebtimeF_dtTrue_Exp_0,TimeXer,96,96,1001,prollcov.csv,Weather
0,0.026920654,0.0013367725,0.0365619,0.6356204,1.8391312,long_term_forecast_ETTh1_96_96Weather_w1001_iprollcorr.csv_iTransformer_Weather_ftMS_sl96_ll48_pl96_dm512_nh8_el3_dl1_df2048_expand2_dc4_fc3_ebtimeF_dtTrue_Exp_0,iTransformer,96,96,1001,iprollcorr.csv,Weather
0,0.026987126,0.0013373117,0.03656927,0.6428067,1.9489264,long_term_forecast_96_96Weather_w1251_ipentropy.csv_TimeXer_Weather_ftMS_sl96_ll48_pl96_dm512_nh8_el1_dl1_df2048_expand2_dc4_fc3_ebtimeF_dtTrue_Exp_0,TimeXer,96,96,1251,ipentropy.csv,Weather
0,0.02703976,0.0013374289,0.036570877,0.64524144,1.9586223,long_term_forecast_96_96Weather_w751_ipfarm.csv_TimeXer_Weather_ftMS_sl96_ll48_pl96_dm512_nh8_el1_dl1_df2048_expand2_dc4_fc3_ebtimeF_dtTrue_Exp_0,TimeXer,96,96,751,ipfarm.csv,Weather
0,0.026994979,0.0013378708,0.036576916,0.64382637,1.9506216,long_term_forecast_96_96Weather_w1501_pentropy.csv_TimeXer_Weather_ftMS_sl96_ll48_pl96_dm512_nh8_el1_dl1_df2048_expand2_dc4_fc3_ebtimeF_dtTrue_Exp_0,TimeXer,96,96,1501,pentropy.csv,Weather
0,0.026901271,0.0013381048,0.036580116,0.6515129,2.0344355,long_term_forecast_96_96Weather_w1501_prollcov.csv_TimeXer_Weather_ftMS_sl96_ll48_pl96_dm512_nh8_el1_dl1_df2048_expand2_dc4_fc3_ebtimeF_dtTrue_Exp_0,TimeXer,96,96,1501,prollcov.csv,Weather
0,0.026761085,0.0013382258,0.03658177,0.63424164,1.8582485,long_term_forecast_96_96Weather_w1501_psmoothrandomwalk.csv_iTransformer_Weather_ftMS_sl96_ll48_pl96_dm512_nh8_el3_dl1_df2048_expand2_dc4_fc3_ebtimeF_dtTrue_Exp_0,iTransformer,96,96,1501,psmoothrandomwalk.csv,Weather
0,0.02704416,0.0013395447,0.03659979,0.64247835,1.9261361,long_term_forecast_96_96Weather_w751_pfarm.csv_TimeXer_Weather_ftMS_sl96_ll48_pl96_dm512_nh8_el1_dl1_df2048_expand2_dc4_fc3_ebtimeF_dtTrue_Exp_0,TimeXer,96,96,751,pfarm.csv,Weather
0,0.026930556,0.0013419255,0.0366323,0.6563315,2.1233919,long_term_forecast_96_96Weather_w1001_ipmutual_info.csv_TimeXer_Weather_ftMS_sl96_ll48_pl96_dm512_nh8_el1_dl1_df2048_expand2_dc4_fc3_ebtimeF_dtTrue_Exp_0,TimeXer,96,96,1001,ipmutual_info.csv,Weather
0,0.027016686,0.0013421589,0.03663549,0.64457756,1.9606878,long_term_forecast_96_96Weather_w1251_pfarm.csv_TimeXer_Weather_ftMS_sl96_ll48_pl96_dm512_nh8_el1_dl1_df2048_expand2_dc4_fc3_ebtimeF_dtTrue_Exp_0,TimeXer,96,96,1251,pfarm.csv,Weather
0,0.026991848,0.0013424747,0.0366398,0.65957326,2.1322255,long_term_forecast_96_96Weather_w1001_prollcorr.csv_PatchTST_Weather_ftMS_sl96_ll48_pl96_dm512_nh8_el2_dl1_df2048_expand2_dc4_fc3_ebtimeF_dtTrue_Exp_0,PatchTST,96,96,1001,prollcorr.csv,Weather
0,0.027028598,0.0013426971,0.03664283,0.65176517,2.0105748,long_term_forecast_96_96Weather_w501_prollcov.csv_TimeXer_Weather_ftMS_sl96_ll48_pl96_dm512_nh8_el1_dl1_df2048_expand2_dc4_fc3_ebtimeF_dtTrue_Exp_0,TimeXer,96,96,501,prollcov.csv,Weather
0,0.027121665,0.0013429597,0.036646415,0.6530599,2.0107763,long_term_forecast_96_96Weather_w1501_ipmutual_info.csv_TimeXer_Weather_ftMS_sl96_ll48_pl96_dm512_nh8_el1_dl1_df2048_expand2_dc4_fc3_ebtimeF_dtTrue_Exp_0,TimeXer,96,96,1501,ipmutual_info.csv,Weather
0,0.027062431,0.0013430049,0.03664703,0.6532551,2.032289,long_term_forecast_96_96Weather_w751_prollcov.csv_TimeXer_Weather_ftMS_sl96_ll48_pl96_dm512_nh8_el1_dl1_df2048_expand2_dc4_fc3_ebtimeF_dtTrue_Exp_0,TimeXer,96,96,751,prollcov.csv,Weather
0,0.027049018,0.0013433299,0.036651466,0.644872,1.9621218,long_term_forecast_96_96Weather_w751_ipentropy.csv_TimeXer_Weather_ftMS_sl96_ll48_pl96_dm512_nh8_el1_dl1_df2048_expand2_dc4_fc3_ebtimeF_dtTrue_Exp_0,TimeXer,96,96,751,ipentropy.csv,Weather
0,0.027063949,0.0013434212,0.03665271,0.6461121,1.9682839,long_term_forecast_96_96Weather_w751_pentropy.csv_TimeXer_Weather_ftMS_sl96_ll48_pl96_dm512_nh8_el1_dl1_df2048_expand2_dc4_fc3_ebtimeF_dtTrue_Exp_0,TimeXer,96,96,751,pentropy.csv,Weather
0,0.027069256,0.0013437661,0.036657415,0.64637226,1.9703707,long_term_forecast_96_96Weather_w1001_ipentropy.csv_TimeXer_Weather_ftMS_sl96_ll48_pl96_dm512_nh8_el1_dl1_df2048_expand2_dc4_fc3_ebtimeF_dtTrue_Exp_0,TimeXer,96,96,1001,ipentropy.csv,Weather
0,0.027031688,0.0013444514,0.036666762,0.6252726,1.8074925,long_term_forecast_ETTh1_96_96Weather_w1251_pmutual_info.csv_iTransformer_Weather_ftMS_sl96_ll48_pl96_dm512_nh8_el3_dl1_df2048_expand2_dc4_fc3_ebtimeF_dtTrue_Exp_0,iTransformer,96,96,1251,pmutual_info.csv,Weather
0,0.027102843,0.00134467,0.036669742,0.66011226,2.1448677,long_term_forecast_96_96Weather_w1251_prollcorr.csv_TimeXer_Weather_ftMS_sl96_ll48_pl96_dm512_nh8_el1_dl1_df2048_expand2_dc4_fc3_ebtimeF_dtTrue_Exp_0,TimeXer,96,96,1251,prollcorr.csv,Weather
0,0.027076451,0.0013448512,0.036672212,0.64667493,1.9755074,long_term_forecast_96_96Weather_w1001_pentropy.csv_TimeXer_Weather_ftMS_sl96_ll48_pl96_dm512_nh8_el1_dl1_df2048_expand2_dc4_fc3_ebtimeF_dtTrue_Exp_0,TimeXer,96,96,1001,pentropy.csv,Weather
0,0.027105747,0.0013452811,0.036678076,0.6556091,2.0886614,long_term_forecast_96_96Weather_w1251_ipmutual_info.csv_TimeXer_Weather_ftMS_sl96_ll48_pl96_dm512_nh8_el1_dl1_df2048_expand2_dc4_fc3_ebtimeF_dtTrue_Exp_0,TimeXer,96,96,1251,ipmutual_info.csv,Weather
0,0.027095018,0.0013454205,0.036679976,0.64547014,1.9528519,long_term_forecast_96_96Weather_w1501_ipentropy.csv_TimeXer_Weather_ftMS_sl96_ll48_pl96_dm512_nh8_el1_dl1_df2048_expand2_dc4_fc3_ebtimeF_dtTrue_Exp_0,TimeXer,96,96,1501,ipentropy.csv,Weather
0,0.027052263,0.0013461174,0.03668947,0.64521575,2.0333307,long_term_forecast_ETTh1_96_96Weather_w501_pmutual_info.csv_iTransformer_Weather_ftMS_sl96_ll48_pl96_dm512_nh8_el3_dl1_df2048_expand2_dc4_fc3_ebtimeF_dtTrue_Exp_0,iTransformer,96,96,501,pmutual_info.csv,Weather
0,0.027097689,0.0013471387,0.03670339,0.6483907,1.9944345,long_term_forecast_96_96Weather_w1251_ipfarm.csv_TimeXer_Weather_ftMS_sl96_ll48_pl96_dm512_nh8_el1_dl1_df2048_expand2_dc4_fc3_ebtimeF_dtTrue_Exp_0,TimeXer,96,96,1251,ipfarm.csv,Weather
0,0.027163884,0.0013474997,0.036708307,0.64103657,1.8496703,long_term_forecast_ETTh1_96_96Weather_w751_ipfarm.csv_iTransformer_Weather_ftMS_sl96_ll48_pl96_dm512_nh8_el3_dl1_df2048_expand2_dc4_fc3_ebtimeF_dtTrue_Exp_0,iTransformer,96,96,751,ipfarm.csv,Weather
0,0.027129902,0.0013477778,0.03671209,0.64483917,1.9559162,long_term_forecast_96_96Weather_w1001_ipfarm.csv_TimeXer_Weather_ftMS_sl96_ll48_pl96_dm512_nh8_el1_dl1_df2048_expand2_dc4_fc3_ebtimeF_dtTrue_Exp_0,TimeXer,96,96,1001,ipfarm.csv,Weather
0,0.02711688,0.0013479175,0.036713995,0.64282495,1.8849099,long_term_forecast_ETTh1_96_96Weather_w1251_pfarm.csv_iTransformer_Weather_ftMS_sl96_ll48_pl96_dm512_nh8_el3_dl1_df2048_expand2_dc4_fc3_ebtimeF_dtTrue_Exp_0,iTransformer,96,96,1251,pfarm.csv,Weather
0,0.027140819,0.0013483469,0.036719844,0.6448109,1.9487642,long_term_forecast_96_96Weather_w501_ipfarm.csv_TimeXer_Weather_ftMS_sl96_ll48_pl96_dm512_nh8_el1_dl1_df2048_expand2_dc4_fc3_ebtimeF_dtTrue_Exp_0,TimeXer,96,96,501,ipfarm.csv,Weather
0,0.027192876,0.0013491757,0.036731128,0.65536267,2.085906,long_term_forecast_96_96Weather_w501_prollcorr.csv_TimeXer_Weather_ftMS_sl96_ll48_pl96_dm512_nh8_el1_dl1_df2048_expand2_dc4_fc3_ebtimeF_dtTrue_Exp_0,TimeXer,96,96,501,prollcorr.csv,Weather
0,0.027069507,0.0013492254,0.036731802,0.64668405,1.9855497,long_term_forecast_96_96Weather_w1501_pfarm.csv_TimeXer_Weather_ftMS_sl96_ll48_pl96_dm512_nh8_el1_dl1_df2048_expand2_dc4_fc3_ebtimeF_dtTrue_Exp_0,TimeXer,96,96,1501,pfarm.csv,Weather
0,0.027074896,0.0013496596,0.036737714,0.64811057,1.9501938,long_term_forecast_ETTh1_96_96Weather_w1001_ipmutual_info.csv_iTransformer_Weather_ftMS_sl96_ll48_pl96_dm512_nh8_el3_dl1_df2048_expand2_dc4_fc3_ebtimeF_dtTrue_Exp_0,iTransformer,96,96,1001,ipmutual_info.csv,Weather
0,0.027180186,0.0013544966,0.036803488,0.6481297,1.9228885,long_term_forecast_ETTh1_96_96Weather_w501_pentropy.csv_iTransformer_Weather_ftMS_sl96_ll48_pl96_dm512_nh8_el3_dl1_df2048_expand2_dc4_fc3_ebtimeF_dtTrue_Exp_0,iTransformer,96,96,501,pentropy.csv,Weather
0,0.026952451,0.0013547115,0.036806405,0.6623978,2.181193,long_term_forecast_96_96Weather_w751_iprollcov.csv_PatchTST_Weather_ftMS_sl96_ll48_pl96_dm512_nh8_el2_dl1_df2048_expand2_dc4_fc3_ebtimeF_dtTrue_Exp_0,PatchTST,96,96,751,iprollcov.csv,Weather
0,0.027042793,0.0013552767,0.036814082,0.64307135,1.8457265,long_term_forecast_ETTh1_96_96Weather_w1501_prollcov.csv_iTransformer_Weather_ftMS_sl96_ll48_pl96_dm512_nh8_el3_dl1_df2048_expand2_dc4_fc3_ebtimeF_dtTrue_Exp_0,iTransformer,96,96,1501,prollcov.csv,Weather
0,0.027237948,0.0013557059,0.036819912,0.65697134,2.0684042,long_term_forecast_96_96Weather_w1501_prollcorr.csv_TimeXer_Weather_ftMS_sl96_ll48_pl96_dm512_nh8_el1_dl1_df2048_expand2_dc4_fc3_ebtimeF_dtTrue_Exp_0,TimeXer,96,96,1501,prollcorr.csv,Weather
0,0.027243437,0.0013563125,0.03682815,0.6384883,1.858703,long_term_forecast_ETTh1_96_96Weather_w1001_iprollcov.csv_iTransformer_Weather_ftMS_sl96_ll48_pl96_dm512_nh8_el3_dl1_df2048_expand2_dc4_fc3_ebtimeF_dtTrue_Exp_0,iTransformer,96,96,1001,iprollcov.csv,Weather
0,0.027092086,0.0013565782,0.036831755,0.6318535,1.7638439,long_term_forecast_96_96Weather_w751_psmoothrandomwalk.csv_iTransformer_Weather_ftMS_sl96_ll48_pl96_dm512_nh8_el3_dl1_df2048_expand2_dc4_fc3_ebtimeF_dtTrue_Exp_0,iTransformer,96,96,751,psmoothrandomwalk.csv,Weather
0,0.027142594,0.0013574857,0.03684407,0.64681274,2.0027142,long_term_forecast_96_96Weather_w501_prandomwalk.csv_TimeXer_Weather_ftMS_sl96_ll48_pl96_dm512_nh8_el1_dl1_df2048_expand2_dc4_fc3_ebtimeF_dtTrue_Exp_0,TimeXer,96,96,501,prandomwalk.csv,Weather
0,0.027222432,0.0013594007,0.03687005,0.64109033,2.0305507,long_term_forecast_96_96Weather_w1001_pmutual_info.csv_TimeXer_Weather_ftMS_sl96_ll48_pl96_dm512_nh8_el1_dl1_df2048_expand2_dc4_fc3_ebtimeF_dtTrue_Exp_0,TimeXer,96,96,1001,pmutual_info.csv,Weather
0,0.027315095,0.001362582,0.036913168,0.6548441,2.0184815,long_term_forecast_ETTh1_96_96Weather_w1501_ipfarm.csv_iTransformer_Weather_ftMS_sl96_ll48_pl96_dm512_nh8_el3_dl1_df2048_expand2_dc4_fc3_ebtimeF_dtTrue_Exp_0,iTransformer,96,96,1501,ipfarm.csv,Weather
0,0.027213814,0.0013626365,0.036913905,0.6490399,1.851277,long_term_forecast_ETTh1_96_96Weather_w1501_ipmutual_info.csv_iTransformer_Weather_ftMS_sl96_ll48_pl96_dm512_nh8_el3_dl1_df2048_expand2_dc4_fc3_ebtimeF_dtTrue_Exp_0,iTransformer,96,96,1501,ipmutual_info.csv,Weather
0,0.027251558,0.0013645395,0.036939673,0.65267104,1.9448808,long_term_forecast_ETTh1_96_96Weather_w1001_prollcov.csv_iTransformer_Weather_ftMS_sl96_ll48_pl96_dm512_nh8_el3_dl1_df2048_expand2_dc4_fc3_ebtimeF_dtTrue_Exp_0,iTransformer,96,96,1001,prollcov.csv,Weather
0,0.027316902,0.0013676045,0.036981136,0.62458026,1.7196727,long_term_forecast_ETTh1_96_96Weather_w1251_iprollcov.csv_iTransformer_Weather_ftMS_sl96_ll48_pl96_dm512_nh8_el3_dl1_df2048_expand2_dc4_fc3_ebtimeF_dtTrue_Exp_0,iTransformer,96,96,1251,iprollcov.csv,Weather
0,0.02733029,0.0013676352,0.036981553,0.65839404,1.9672604,long_term_forecast_ETTh1_96_96Weather_w501_ipmutual_info.csv_iTransformer_Weather_ftMS_sl96_ll48_pl96_dm512_nh8_el3_dl1_df2048_expand2_dc4_fc3_ebtimeF_dtTrue_Exp_0,iTransformer,96,96,501,ipmutual_info.csv,Weather
0,0.027067091,0.001367811,0.03698393,0.6288007,1.9037002,long_term_forecast_ETTh1_96_96Weather_w1501_pmutual_info.csv_iTransformer_Weather_ftMS_sl96_ll48_pl96_dm512_nh8_el3_dl1_df2048_expand2_dc4_fc3_ebtimeF_dtTrue_Exp_0,iTransformer,96,96,1501,pmutual_info.csv,Weather
0,0.027180031,0.0013729243,0.037052993,0.5941971,1.4953526,long_term_forecast_ETTh1_96_96Weather_w501_iprollcov.csv_iTransformer_Weather_ftMS_sl96_ll48_pl96_dm512_nh8_el3_dl1_df2048_expand2_dc4_fc3_ebtimeF_dtTrue_Exp_0,iTransformer,96,96,501,iprollcov.csv,Weather
0,0.027370436,0.0013731573,0.037056137,0.66031986,2.0242612,long_term_forecast_ETTh1_96_96Weather_w751_prollcov.csv_iTransformer_Weather_ftMS_sl96_ll48_pl96_dm512_nh8_el3_dl1_df2048_expand2_dc4_fc3_ebtimeF_dtTrue_Exp_0,iTransformer,96,96,751,prollcov.csv,Weather
0,0.027416443,0.0013767421,0.037104476,0.67151487,2.2990134,long_term_forecast_96_96Weather_w501_pmutual_info.csv_TimeXer_Weather_ftMS_sl96_ll48_pl96_dm512_nh8_el1_dl1_df2048_expand2_dc4_fc3_ebtimeF_dtTrue_Exp_0,TimeXer,96,96,501,pmutual_info.csv,Weather
0,0.027333327,0.0013777678,0.037118293,0.66724753,2.2074199,long_term_forecast_96_96Weather_w1251_iprollcov.csv_TimeXer_Weather_ftMS_sl96_ll48_pl96_dm512_nh8_el1_dl1_df2048_expand2_dc4_fc3_ebtimeF_dtTrue_Exp_0,TimeXer,96,96,1251,iprollcov.csv,Weather
0,0.027333647,0.0013780518,0.03712212,0.66817653,2.2174323,long_term_forecast_96_96Weather_w1001_iprollcov.csv_TimeXer_Weather_ftMS_sl96_ll48_pl96_dm512_nh8_el1_dl1_df2048_expand2_dc4_fc3_ebtimeF_dtTrue_Exp_0,TimeXer,96,96,1001,iprollcov.csv,Weather
0,0.027522417,0.0013783998,0.037126806,0.666091,2.139455,long_term_forecast_ETTh1_96_96Weather_w1251_prollcorr.csv_iTransformer_Weather_ftMS_sl96_ll48_pl96_dm512_nh8_el3_dl1_df2048_expand2_dc4_fc3_ebtimeF_dtTrue_Exp_0,iTransformer,96,96,1251,prollcorr.csv,Weather
0,0.027345339,0.0013787419,0.037131414,0.66799796,2.2180772,long_term_forecast_96_96Weather_w1501_iprollcov.csv_TimeXer_Weather_ftMS_sl96_ll48_pl96_dm512_nh8_el1_dl1_df2048_expand2_dc4_fc3_ebtimeF_dtTrue_Exp_0,TimeXer,96,96,1501,iprollcov.csv,Weather
0,0.027377887,0.0013837036,0.037198167,0.68109393,2.3488424,long_term_forecast_96_96Weather_w1001_iprollcorr.csv_TimeXer_Weather_ftMS_sl96_ll48_pl96_dm512_nh8_el1_dl1_df2048_expand2_dc4_fc3_ebtimeF_dtTrue_Exp_0,TimeXer,96,96,1001,iprollcorr.csv,Weather
0,0.027354155,0.0013837231,0.037198428,0.671854,2.2680564,long_term_forecast_96_96Weather_w501_iprollcorr.csv_TimeXer_Weather_ftMS_sl96_ll48_pl96_dm512_nh8_el1_dl1_df2048_expand2_dc4_fc3_ebtimeF_dtTrue_Exp_0,TimeXer,96,96,501,iprollcorr.csv,Weather
0,0.02739959,0.0013840965,0.037203446,0.6558513,2.1727996,long_term_forecast_96_96Weather_w751_pmutual_info.csv_TimeXer_Weather_ftMS_sl96_ll48_pl96_dm512_nh8_el1_dl1_df2048_expand2_dc4_fc3_ebtimeF_dtTrue_Exp_0,TimeXer,96,96,751,pmutual_info.csv,Weather
0,0.027388234,0.0013860586,0.03722981,0.67304,2.27297,long_term_forecast_96_96Weather_w751_iprollcorr.csv_TimeXer_Weather_ftMS_sl96_ll48_pl96_dm512_nh8_el1_dl1_df2048_expand2_dc4_fc3_ebtimeF_dtTrue_Exp_0,TimeXer,96,96,751,iprollcorr.csv,Weather
0,0.027450569,0.0013893371,0.037273813,0.6738039,2.268925,long_term_forecast_96_96Weather_w751_iprollcov.csv_TimeXer_Weather_ftMS_sl96_ll48_pl96_dm512_nh8_el1_dl1_df2048_expand2_dc4_fc3_ebtimeF_dtTrue_Exp_0,TimeXer,96,96,751,iprollcov.csv,Weather
0,0.027494874,0.0013893917,0.037274547,0.6785097,2.295357,long_term_forecast_96_96Weather_w1501_iprollcorr.csv_TimeXer_Weather_ftMS_sl96_ll48_pl96_dm512_nh8_el1_dl1_df2048_expand2_dc4_fc3_ebtimeF_dtTrue_Exp_0,TimeXer,96,96,1501,iprollcorr.csv,Weather
0,0.027430173,0.0013903936,0.03728798,0.6480162,1.9163847,long_term_forecast_ETTh1_96_96Weather_w501_iprollcorr.csv_iTransformer_Weather_ftMS_sl96_ll48_pl96_dm512_nh8_el3_dl1_df2048_expand2_dc4_fc3_ebtimeF_dtTrue_Exp_0,iTransformer,96,96,501,iprollcorr.csv,Weather
0,0.02748651,0.0013929032,0.037321616,0.6764568,2.290591,long_term_forecast_96_96Weather_w1251_iprollcorr.csv_TimeXer_Weather_ftMS_sl96_ll48_pl96_dm512_nh8_el1_dl1_df2048_expand2_dc4_fc3_ebtimeF_dtTrue_Exp_0,TimeXer,96,96,1251,iprollcorr.csv,Weather
0,0.027598763,0.0013943221,0.037340622,0.6624183,2.0352721,long_term_forecast_ETTh1_96_96Weather.csv_iTransformer_Weather_ftMS_sl96_ll48_pl96_dm512_nh8_el3_dl1_df2048_expand2_dc4_fc3_ebtimeF_dtTrue_Exp_0,iTransformer,96,96,,identity,Weather
0,0.027538933,0.0013995742,0.037410885,0.63766176,1.9096137,long_term_forecast_ETTh1_96_96Weather_w751_iprollcov.csv_iTransformer_Weather_ftMS_sl96_ll48_pl96_dm512_nh8_el3_dl1_df2048_expand2_dc4_fc3_ebtimeF_dtTrue_Exp_0,iTransformer,96,96,751,iprollcov.csv,Weather
0,0.027656646,0.0013997675,0.037413467,0.6646978,2.078594,long_term_forecast_ETTh1_96_96Weather_w1251_ipfarm.csv_iTransformer_Weather_ftMS_sl96_ll48_pl96_dm512_nh8_el3_dl1_df2048_expand2_dc4_fc3_ebtimeF_dtTrue_Exp_0,iTransformer,96,96,1251,ipfarm.csv,Weather
0,0.027394446,0.0014028692,0.037454896,0.6518367,2.208877,long_term_forecast_ETTh1_96_96Weather_w751_pmutual_info.csv_iTransformer_Weather_ftMS_sl96_ll48_pl96_dm512_nh8_el3_dl1_df2048_expand2_dc4_fc3_ebtimeF_dtTrue_Exp_0,iTransformer,96,96,751,pmutual_info.csv,Weather
0,0.0275324,0.0014144111,0.037608657,0.5991843,1.5177401,long_term_forecast_ETTh1_96_96Weather_w1501_iprollcov.csv_iTransformer_Weather_ftMS_sl96_ll48_pl96_dm512_nh8_el3_dl1_df2048_expand2_dc4_fc3_ebtimeF_dtTrue_Exp_0,iTransformer,96,96,1501,iprollcov.csv,Weather
0,0.027901478,0.0014163983,0.03763507,0.6792557,2.187365,long_term_forecast_ETTh1_96_96Weather_w751_prollcorr.csv_iTransformer_Weather_ftMS_sl96_ll48_pl96_dm512_nh8_el3_dl1_df2048_expand2_dc4_fc3_ebtimeF_dtTrue_Exp_0,iTransformer,96,96,751,prollcorr.csv,Weather
0,0.02818976,0.0014183077,0.037660427,0.58302313,1.1292086,long_term_forecast_96_96Weather_w1501_iprollcov.csv_Crossformer_Weather_ftMS_sl96_ll48_pl96_dm512_nh8_el2_dl1_df2048_expand2_dc4_fc3_ebtimeF_dtTrue_Exp_0,Crossformer,96,96,1501,iprollcov.csv,Weather
0,0.027869197,0.0014205293,0.03768991,0.6720269,2.1224623,long_term_forecast_ETTh1_96_96Weather_w1501_pfarm.csv_iTransformer_Weather_ftMS_sl96_ll48_pl96_dm512_nh8_el3_dl1_df2048_expand2_dc4_fc3_ebtimeF_dtTrue_Exp_0,iTransformer,96,96,1501,pfarm.csv,Weather
0,0.027539754,0.0014268578,0.03777377,0.62139845,1.7923802,long_term_forecast_ETTh1_96_96Weather_w751_iprollcorr.csv_iTransformer_Weather_ftMS_sl96_ll48_pl96_dm512_nh8_el3_dl1_df2048_expand2_dc4_fc3_ebtimeF_dtTrue_Exp_0,iTransformer,96,96,751,iprollcorr.csv,Weather
0,0.028144224,0.0014472628,0.038042907,0.6874036,2.2863128,long_term_forecast_ETTh1_96_96Weather_w501_prollcov.csv_iTransformer_Weather_ftMS_sl96_ll48_pl96_dm512_nh8_el3_dl1_df2048_expand2_dc4_fc3_ebtimeF_dtTrue_Exp_0,iTransformer,96,96,501,prollcov.csv,Weather
0,0.028779931,0.001500696,0.038738817,0.6681507,2.0445585,long_term_forecast_ETTh1_192_96Weather_w1001_prollcorr.csv_iTransformer_Weather_ftMS_sl96_ll48_pl192_dm512_nh8_el3_dl1_df2048_expand2_dc4_fc3_ebtimeF_dtTrue_Exp_0,iTransformer,192,96,1001,prollcorr.csv,Weather
0,0.028952131,0.0015129161,0.03889622,0.6630891,1.9132255,long_term_forecast_ETTh1_192_96Weather_w501_prollcorr.csv_iTransformer_Weather_ftMS_sl96_ll48_pl192_dm512_nh8_el3_dl1_df2048_expand2_dc4_fc3_ebtimeF_dtTrue_Exp_0,iTransformer,192,96,501,prollcorr.csv,Weather
0,0.029048614,0.0015266644,0.03907255,0.6751511,2.0725486,long_term_forecast_ETTh1_192_96Weather_w1251_prollcorr.csv_iTransformer_Weather_ftMS_sl96_ll48_pl192_dm512_nh8_el3_dl1_df2048_expand2_dc4_fc3_ebtimeF_dtTrue_Exp_0,iTransformer,192,96,1251,prollcorr.csv,Weather
0,0.029084211,0.0015308182,0.03912567,0.67543525,2.04973,long_term_forecast_ETTh1_192_96Weather_w1501_prollcorr.csv_iTransformer_Weather_ftMS_sl96_ll48_pl192_dm512_nh8_el3_dl1_df2048_expand2_dc4_fc3_ebtimeF_dtTrue_Exp_0,iTransformer,192,96,1501,prollcorr.csv,Weather
0,0.02921449,0.0015375492,0.039211594,0.6515128,1.841235,long_term_forecast_ETTh1_192_96Weather_w751_iprollcov.csv_iTransformer_Weather_ftMS_sl96_ll48_pl192_dm512_nh8_el3_dl1_df2048_expand2_dc4_fc3_ebtimeF_dtTrue_Exp_0,iTransformer,192,96,751,iprollcov.csv,Weather
0,0.029133238,0.0015388869,0.039228648,0.68603104,2.166985,long_term_forecast_ETTh1_192_96Weather_w751_prollcorr.csv_iTransformer_Weather_ftMS_sl96_ll48_pl192_dm512_nh8_el3_dl1_df2048_expand2_dc4_fc3_ebtimeF_dtTrue_Exp_0,iTransformer,192,96,751,prollcorr.csv,Weather
0,0.029267564,0.0015411149,0.039257035,0.68065774,2.0732405,long_term_forecast_ETTh1_192_96Weather_w751_ipfarm.csv_iTransformer_Weather_ftMS_sl96_ll48_pl192_dm512_nh8_el3_dl1_df2048_expand2_dc4_fc3_ebtimeF_dtTrue_Exp_0,iTransformer,192,96,751,ipfarm.csv,Weather
0,0.028133348,0.0015412668,0.03925897,0.5996668,1.3605483,long_term_forecast_96_96Weather_w1501_pentropy.csv_PatchTST_Weather_ftMS_sl96_ll48_pl96_dm512_nh8_el2_dl1_df2048_expand2_dc4_fc3_ebtimeF_dtTrue_Exp_0,PatchTST,96,96,1501,pentropy.csv,Weather
0,0.028704954,0.0015417216,0.039264765,0.6824226,2.2817547,long_term_forecast_96_96Weather_w1501_ipsmoothrandomwalk.csv_PatchTST_Weather_ftMS_sl96_ll48_pl96_dm512_nh8_el2_dl1_df2048_expand2_dc4_fc3_ebtimeF_dtTrue_Exp_0,PatchTST,96,96,1501,ipsmoothrandomwalk.csv,Weather
0,0.02934765,0.0015511942,0.039385203,0.659591,1.8509172,long_term_forecast_ETTh1_192_96Weather_w1001_iprollcov.csv_iTransformer_Weather_ftMS_sl96_ll48_pl192_dm512_nh8_el3_dl1_df2048_expand2_dc4_fc3_ebtimeF_dtTrue_Exp_0,iTransformer,192,96,1001,iprollcov.csv,Weather
0,0.030063303,0.0015561142,0.039447613,0.7286069,2.4043434,long_term_forecast_96_96Weather_w1001_pmutual_info.csv_Crossformer_Weather_ftMS_sl96_ll48_pl96_dm512_nh8_el2_dl1_df2048_expand2_dc4_fc3_ebtimeF_dtTrue_Exp_0,Crossformer,96,96,1001,pmutual_info.csv,Weather
0,0.0287547,0.0015575208,0.03946544,0.5202512,0.7451318,long_term_forecast_96_96Weather_w501_pentropy.csv_Crossformer_Weather_ftMS_sl96_ll48_pl96_dm512_nh8_el2_dl1_df2048_expand2_dc4_fc3_ebtimeF_dtTrue_Exp_0,Crossformer,96,96,501,pentropy.csv,Weather
0,0.028389014,0.0015611883,0.039511874,0.59795004,1.3051873,long_term_forecast_96_96Weather_w1501_ipfarm.csv_PatchTST_Weather_ftMS_sl96_ll48_pl96_dm512_nh8_el2_dl1_df2048_expand2_dc4_fc3_ebtimeF_dtTrue_Exp_0,PatchTST,96,96,1501,ipfarm.csv,Weather
0,0.029542748,0.0015666516,0.03958095,0.6890524,2.1017628,long_term_forecast_ETTh1_192_96Weather_w751_pfarm.csv_iTransformer_Weather_ftMS_sl96_ll48_pl192_dm512_nh8_el3_dl1_df2048_expand2_dc4_fc3_ebtimeF_dtTrue_Exp_0,iTransformer,192,96,751,pfarm.csv,Weather
0,0.029500965,0.0015678493,0.039596077,0.6616867,1.8847278,long_term_forecast_ETTh1_192_96Weather_w501_iprollcov.csv_iTransformer_Weather_ftMS_sl96_ll48_pl192_dm512_nh8_el3_dl1_df2048_expand2_dc4_fc3_ebtimeF_dtTrue_Exp_0,iTransformer,192,96,501,iprollcov.csv,Weather
0,0.028500319,0.0015702016,0.039625768,0.6114385,1.4328868,long_term_forecast_96_96Weather_w1501_prollcorr.csv_PatchTST_Weather_ftMS_sl96_ll48_pl96_dm512_nh8_el2_dl1_df2048_expand2_dc4_fc3_ebtimeF_dtTrue_Exp_0,PatchTST,96,96,1501,prollcorr.csv,Weather
0,0.028445873,0.0015714606,0.039641652,0.60680515,1.3938065,long_term_forecast_96_96Weather_w1501_ipmutual_info.csv_PatchTST_Weather_ftMS_sl96_ll48_pl96_dm512_nh8_el2_dl1_df2048_expand2_dc4_fc3_ebtimeF_dtTrue_Exp_0,PatchTST,96,96,1501,ipmutual_info.csv,Weather
0,0.029420003,0.0015716982,0.03964465,0.6696125,2.0325768,long_term_forecast_ETTh1_192_96Weather_w1001_pmutual_info.csv_iTransformer_Weather_ftMS_sl96_ll48_pl192_dm512_nh8_el3_dl1_df2048_expand2_dc4_fc3_ebtimeF_dtTrue_Exp_0,iTransformer,192,96,1001,pmutual_info.csv,Weather
0,0.02959073,0.0015716996,0.039644666,0.6922228,2.1218843,long_term_forecast_ETTh1_192_96Weather_w1001_pfarm.csv_iTransformer_Weather_ftMS_sl96_ll48_pl192_dm512_nh8_el3_dl1_df2048_expand2_dc4_fc3_ebtimeF_dtTrue_Exp_0,iTransformer,192,96,1001,pfarm.csv,Weather
0,0.02850583,0.001572224,0.03965128,0.60935175,1.4194411,long_term_forecast_96_96Weather_w1251_pfarm.csv_PatchTST_Weather_ftMS_sl96_ll48_pl96_dm512_nh8_el2_dl1_df2048_expand2_dc4_fc3_ebtimeF_dtTrue_Exp_0,PatchTST,96,96,1251,pfarm.csv,Weather
0,0.029540876,0.0015732542,0.03966427,0.6954345,2.1707666,long_term_forecast_ETTh1_192_96Weather_w751_pentropy.csv_iTransformer_Weather_ftMS_sl96_ll48_pl192_dm512_nh8_el3_dl1_df2048_expand2_dc4_fc3_ebtimeF_dtTrue_Exp_0,iTransformer,192,96,751,pentropy.csv,Weather
0,0.02967421,0.001573839,0.03967164,0.69662434,2.1885126,long_term_forecast_ETTh1_192_96Weather_w501_pmutual_info.csv_iTransformer_Weather_ftMS_sl96_ll48_pl192_dm512_nh8_el3_dl1_df2048_expand2_dc4_fc3_ebtimeF_dtTrue_Exp_0,iTransformer,192,96,501,pmutual_info.csv,Weather
0,0.028791849,0.0015757177,0.03969531,0.6673477,2.056738,long_term_forecast_96_96Weather_w1501_psmoothrandomwalk.csv_PatchTST_Weather_ftMS_sl96_ll48_pl96_dm512_nh8_el2_dl1_df2048_expand2_dc4_fc3_ebtimeF_dtTrue_Exp_0,PatchTST,96,96,1501,psmoothrandomwalk.csv,Weather
0,0.029596208,0.0015763739,0.039703574,0.6904315,2.0799863,long_term_forecast_ETTh1_192_96Weather_w501_ipentropy.csv_iTransformer_Weather_ftMS_sl96_ll48_pl192_dm512_nh8_el3_dl1_df2048_expand2_dc4_fc3_ebtimeF_dtTrue_Exp_0,iTransformer,192,96,501,ipentropy.csv,Weather
0,0.029641893,0.0015764893,0.039705027,0.6988697,2.2089403,long_term_forecast_ETTh1_192_96Weather_w1251_ipentropy.csv_iTransformer_Weather_ftMS_sl96_ll48_pl192_dm512_nh8_el3_dl1_df2048_expand2_dc4_fc3_ebtimeF_dtTrue_Exp_0,iTransformer,192,96,1251,ipentropy.csv,Weather
0,0.029590927,0.0015765992,0.039706413,0.68919957,2.0686104,long_term_forecast_ETTh1_192_96Weather_w501_pentropy.csv_iTransformer_Weather_ftMS_sl96_ll48_pl192_dm512_nh8_el3_dl1_df2048_expand2_dc4_fc3_ebtimeF_dtTrue_Exp_0,iTransformer,192,96,501,pentropy.csv,Weather
0,0.02972084,0.0015769553,0.039710898,0.6988448,2.1175714,long_term_forecast_ETTh1_192_96Weather_w751_ipmutual_info.csv_iTransformer_Weather_ftMS_sl96_ll48_pl192_dm512_nh8_el3_dl1_df2048_expand2_dc4_fc3_ebtimeF_dtTrue_Exp_0,iTransformer,192,96,751,ipmutual_info.csv,Weather
0,0.028831216,0.0015786393,0.039732095,0.67097765,2.091292,long_term_forecast_96_96Weather_w1251_psmoothrandomwalk.csv_PatchTST_Weather_ftMS_sl96_ll48_pl96_dm512_nh8_el2_dl1_df2048_expand2_dc4_fc3_ebtimeF_dtTrue_Exp_0,PatchTST,96,96,1251,psmoothrandomwalk.csv,Weather
0,0.029661458,0.0015788315,0.039734513,0.69350827,2.1192727,long_term_forecast_ETTh1_192_96Weather_w1501_ipfarm.csv_iTransformer_Weather_ftMS_sl96_ll48_pl192_dm512_nh8_el3_dl1_df2048_expand2_dc4_fc3_ebtimeF_dtTrue_Exp_0,iTransformer,192,96,1501,ipfarm.csv,Weather
0,0.029750077,0.0015789331,0.03973579,0.70168805,2.2162714,long_term_forecast_ETTh1_192_96Weather_w1001_iprollcorr.csv_iTransformer_Weather_ftMS_sl96_ll48_pl192_dm512_nh8_el3_dl1_df2048_expand2_dc4_fc3_ebtimeF_dtTrue_Exp_0,iTransformer,192,96,1001,iprollcorr.csv,Weather
0,0.029717028,0.0015798458,0.039747275,0.6973194,2.1475496,long_term_forecast_192_96Weather_w501_ipmutual_info.csv_TimeXer_Weather_ftMS_sl96_ll48_pl192_dm512_nh8_el3_dl1_df2048_expand2_dc4_fc3_ebtimeF_dtTrue_Exp_0,TimeXer,192,96,501,ipmutual_info.csv,Weather
0,0.02967269,0.0015799516,0.039748605,0.68207777,2.0066166,long_term_forecast_ETTh1_192_96Weather_w1501_iprollcorr.csv_iTransformer_Weather_ftMS_sl96_ll48_pl192_dm512_nh8_el3_dl1_df2048_expand2_dc4_fc3_ebtimeF_dtTrue_Exp_0,iTransformer,192,96,1501,iprollcorr.csv,Weather
0,0.029708046,0.0015824888,0.03978051,0.7020856,2.2001479,long_term_forecast_ETTh1_192_96Weather_w1501_prollcov.csv_iTransformer_Weather_ftMS_sl96_ll48_pl192_dm512_nh8_el3_dl1_df2048_expand2_dc4_fc3_ebtimeF_dtTrue_Exp_0,iTransformer,192,96,1501,prollcov.csv,Weather
0,0.029676821,0.0015828296,0.039784793,0.6955995,2.135217,long_term_forecast_ETTh1_192_96Weather.csv_iTransformer_Weather_ftMS_sl96_ll48_pl192_dm512_nh8_el3_dl1_df2048_expand2_dc4_fc3_ebtimeF_dtTrue_Exp_0,iTransformer,192,96,,identity,Weather
0,0.02854145,0.0015829231,0.039785966,0.6021982,1.3357316,long_term_forecast_96_96Weather_w751_pentropy.csv_PatchTST_Weather_ftMS_sl96_ll48_pl96_dm512_nh8_el2_dl1_df2048_expand2_dc4_fc3_ebtimeF_dtTrue_Exp_0,PatchTST,96,96,751,pentropy.csv,Weather
0,0.029661408,0.0015837797,0.03979673,0.69702554,2.194978,long_term_forecast_ETTh1_192_96Weather_w1251_pfarm.csv_iTransformer_Weather_ftMS_sl96_ll48_pl192_dm512_nh8_el3_dl1_df2048_expand2_dc4_fc3_ebtimeF_dtTrue_Exp_0,iTransformer,192,96,1251,pfarm.csv,Weather
0,0.029707318,0.0015847164,0.039808497,0.6965006,2.1258488,long_term_forecast_ETTh1_192_96Weather_w1501_ipentropy.csv_iTransformer_Weather_ftMS_sl96_ll48_pl192_dm512_nh8_el3_dl1_df2048_expand2_dc4_fc3_ebtimeF_dtTrue_Exp_0,iTransformer,192,96,1501,ipentropy.csv,Weather
0,0.028562084,0.0015858487,0.039822716,0.6411904,1.7979687,long_term_forecast_96_96Weather_w501_prollcov.csv_PatchTST_Weather_ftMS_sl96_ll48_pl96_dm512_nh8_el2_dl1_df2048_expand2_dc4_fc3_ebtimeF_dtTrue_Exp_0,PatchTST,96,96,501,prollcov.csv,Weather
0,0.029693877,0.001586465,0.039830454,0.6956029,2.1299672,long_term_forecast_ETTh1_192_96Weather_w1001_ipentropy.csv_iTransformer_Weather_ftMS_sl96_ll48_pl192_dm512_nh8_el3_dl1_df2048_expand2_dc4_fc3_ebtimeF_dtTrue_Exp_0,iTransformer,192,96,1001,ipentropy.csv,Weather
0,0.028675994,0.0015887365,0.03985896,0.6178297,1.4945112,long_term_forecast_96_96Weather_w1001_pfarm.csv_PatchTST_Weather_ftMS_sl96_ll48_pl96_dm512_nh8_el2_dl1_df2048_expand2_dc4_fc3_ebtimeF_dtTrue_Exp_0,PatchTST,96,96,1001,pfarm.csv,Weather
0,0.02864122,0.0015892343,0.039865203,0.6141978,1.400839,long_term_forecast_96_96Weather_w1001_ipmutual_info.csv_PatchTST_Weather_ftMS_sl96_ll48_pl96_dm512_nh8_el2_dl1_df2048_expand2_dc4_fc3_ebtimeF_dtTrue_Exp_0,PatchTST,96,96,1001,ipmutual_info.csv,Weather
0,0.029775374,0.0015903132,0.03987873,0.6859038,2.1099696,long_term_forecast_ETTh1_192_96Weather_w751_iprollcorr.csv_iTransformer_Weather_ftMS_sl96_ll48_pl192_dm512_nh8_el3_dl1_df2048_expand2_dc4_fc3_ebtimeF_dtTrue_Exp_0,iTransformer,192,96,751,iprollcorr.csv,Weather
0,0.029583745,0.0015903667,0.0398794,0.68241876,2.1574044,long_term_forecast_ETTh1_192_96Weather_w1501_pmutual_info.csv_iTransformer_Weather_ftMS_sl96_ll48_pl192_dm512_nh8_el3_dl1_df2048_expand2_dc4_fc3_ebtimeF_dtTrue_Exp_0,iTransformer,192,96,1501,pmutual_info.csv,Weather
0,0.02872061,0.0015922849,0.039903443,0.61549467,1.4403139,long_term_forecast_96_96Weather_w1251_pmutual_info.csv_PatchTST_Weather_ftMS_sl96_ll48_pl96_dm512_nh8_el2_dl1_df2048_expand2_dc4_fc3_ebtimeF_dtTrue_Exp_0,PatchTST,96,96,1251,pmutual_info.csv,Weather
0,0.029780017,0.0015929928,0.039912313,0.6981764,2.1454692,long_term_forecast_ETTh1_192_96Weather_w501_ipfarm.csv_iTransformer_Weather_ftMS_sl96_ll48_pl192_dm512_nh8_el3_dl1_df2048_expand2_dc4_fc3_ebtimeF_dtTrue_Exp_0,iTransformer,192,96,501,ipfarm.csv,Weather
0,0.028773922,0.0015940382,0.039925408,0.61319464,1.3839158,long_term_forecast_96_96Weather_w1501_pmutual_info.csv_PatchTST_Weather_ftMS_sl96_ll48_pl96_dm512_nh8_el2_dl1_df2048_expand2_dc4_fc3_ebtimeF_dtTrue_Exp_0,PatchTST,96,96,1501,pmutual_info.csv,Weather
0,0.029784707,0.0015944599,0.03993069,0.699189,2.1547148,long_term_forecast_ETTh1_192_96Weather_w1251_ipfarm.csv_iTransformer_Weather_ftMS_sl96_ll48_pl192_dm512_nh8_el3_dl1_df2048_expand2_dc4_fc3_ebtimeF_dtTrue_Exp_0,iTransformer,192,96,1251,ipfarm.csv,Weather
0,0.028807519,0.0015964983,0.039956205,0.61753464,1.4464023,long_term_forecast_96_96Weather_w751_iprollcorr.csv_PatchTST_Weather_ftMS_sl96_ll48_pl96_dm512_nh8_el2_dl1_df2048_expand2_dc4_fc3_ebtimeF_dtTrue_Exp_0,PatchTST,96,96,751,iprollcorr.csv,Weather
0,0.028670829,0.0015975608,0.0399695,0.60919696,1.3546116,long_term_forecast_96_96Weather_w1251_ipmutual_info.csv_PatchTST_Weather_ftMS_sl96_ll48_pl96_dm512_nh8_el2_dl1_df2048_expand2_dc4_fc3_ebtimeF_dtTrue_Exp_0,PatchTST,96,96,1251,ipmutual_info.csv,Weather
0,0.029822947,0.0015975644,0.039969545,0.6998822,2.1479669,long_term_forecast_ETTh1_192_96Weather_w1001_prollcov.csv_iTransformer_Weather_ftMS_sl96_ll48_pl192_dm512_nh8_el3_dl1_df2048_expand2_dc4_fc3_ebtimeF_dtTrue_Exp_0,iTransformer,192,96,1001,prollcov.csv,Weather
0,0.028645243,0.0015979261,0.039974067,0.6134257,1.4026517,long_term_forecast_96_96Weather.csv_PatchTST_Weather_ftMS_sl96_ll48_pl96_dm512_nh8_el2_dl1_df2048_expand2_dc4_fc3_ebtimeF_dtTrue_Exp_0,PatchTST,96,96,,identity,Weather
0,0.028819485,0.0015984942,0.039981175,0.61537284,1.3711462,long_term_forecast_96_96Weather_w1001_prollcov.csv_PatchTST_Weather_ftMS_sl96_ll48_pl96_dm512_nh8_el2_dl1_df2048_expand2_dc4_fc3_ebtimeF_dtTrue_Exp_0,PatchTST,96,96,1001,prollcov.csv,Weather
0,0.028645052,0.0015985951,0.039982434,0.6154511,1.4053802,long_term_forecast_96_96Weather_w751_pmutual_info.csv_PatchTST_Weather_ftMS_sl96_ll48_pl96_dm512_nh8_el2_dl1_df2048_expand2_dc4_fc3_ebtimeF_dtTrue_Exp_0,PatchTST,96,96,751,pmutual_info.csv,Weather
0,0.029831462,0.0015990565,0.039988205,0.6984542,2.2381935,long_term_forecast_ETTh1_192_96Weather_w1251_pmutual_info.csv_iTransformer_Weather_ftMS_sl96_ll48_pl192_dm512_nh8_el3_dl1_df2048_expand2_dc4_fc3_ebtimeF_dtTrue_Exp_0,iTransformer,192,96,1251,pmutual_info.csv,Weather
0,0.028680416,0.0015992189,0.039990235,0.6149267,1.4476222,long_term_forecast_96_96Weather_w1001_pmutual_info.csv_PatchTST_Weather_ftMS_sl96_ll48_pl96_dm512_nh8_el2_dl1_df2048_expand2_dc4_fc3_ebtimeF_dtTrue_Exp_0,PatchTST,96,96,1001,pmutual_info.csv,Weather
0,0.029879397,0.001600298,0.040003724,0.71100765,2.3214157,long_term_forecast_ETTh1_192_96Weather_w1251_pentropy.csv_iTransformer_Weather_ftMS_sl96_ll48_pl192_dm512_nh8_el3_dl1_df2048_expand2_dc4_fc3_ebtimeF_dtTrue_Exp_0,iTransformer,192,96,1251,pentropy.csv,Weather
0,0.02987819,0.0016011209,0.04001401,0.7035282,2.205363,long_term_forecast_ETTh1_192_96Weather_w751_ipentropy.csv_iTransformer_Weather_ftMS_sl96_ll48_pl192_dm512_nh8_el3_dl1_df2048_expand2_dc4_fc3_ebtimeF_dtTrue_Exp_0,iTransformer,192,96,751,ipentropy.csv,Weather
0,0.029957647,0.0016014312,0.040017884,0.7071546,2.2273173,long_term_forecast_ETTh1_192_96Weather_w1251_iprollcorr.csv_iTransformer_Weather_ftMS_sl96_ll48_pl192_dm512_nh8_el3_dl1_df2048_expand2_dc4_fc3_ebtimeF_dtTrue_Exp_0,iTransformer,192,96,1251,iprollcorr.csv,Weather
0,0.028767342,0.0016017645,0.04002205,0.60603464,1.300118,long_term_forecast_96_96Weather_w501_ipentropy.csv_PatchTST_Weather_ftMS_sl96_ll48_pl96_dm512_nh8_el2_dl1_df2048_expand2_dc4_fc3_ebtimeF_dtTrue_Exp_0,PatchTST,96,96,501,ipentropy.csv,Weather
0,0.029894715,0.0016018116,0.040022638,0.7073419,2.246169,long_term_forecast_ETTh1_192_96Weather_w1001_pentropy.csv_iTransformer_Weather_ftMS_sl96_ll48_pl192_dm512_nh8_el3_dl1_df2048_expand2_dc4_fc3_ebtimeF_dtTrue_Exp_0,iTransformer,192,96,1001,pentropy.csv,Weather
0,0.029074948,0.0016025907,0.040032372,0.6773049,2.1294537,long_term_forecast_96_96Weather_w751_ipsmoothrandomwalk.csv_PatchTST_Weather_ftMS_sl96_ll48_pl96_dm512_nh8_el2_dl1_df2048_expand2_dc4_fc3_ebtimeF_dtTrue_Exp_0,PatchTST,96,96,751,ipsmoothrandomwalk.csv,Weather
0,0.029939111,0.0016041107,0.040051352,0.70894974,2.301168,long_term_forecast_ETTh1_192_96Weather_w1501_pentropy.csv_iTransformer_Weather_ftMS_sl96_ll48_pl192_dm512_nh8_el3_dl1_df2048_expand2_dc4_fc3_ebtimeF_dtTrue_Exp_0,iTransformer,192,96,1501,pentropy.csv,Weather
0,0.029928068,0.0016046036,0.040057503,0.7034464,2.2081673,long_term_forecast_ETTh1_192_96Weather_w1001_ipfarm.csv_iTransformer_Weather_ftMS_sl96_ll48_pl192_dm512_nh8_el3_dl1_df2048_expand2_dc4_fc3_ebtimeF_dtTrue_Exp_0,iTransformer,192,96,1001,ipfarm.csv,Weather
0,0.029657774,0.0016051105,0.04006383,0.7015991,2.359446,long_term_forecast_ETTh1_192_96Weather_w751_pmutual_info.csv_iTransformer_Weather_ftMS_sl96_ll48_pl192_dm512_nh8_el3_dl1_df2048_expand2_dc4_fc3_ebtimeF_dtTrue_Exp_0,iTransformer,192,96,751,pmutual_info.csv,Weather
0,0.028945366,0.0016051406,0.040064204,0.61741626,1.4444343,long_term_forecast_96_96Weather_w501_iprollcorr.csv_PatchTST_Weather_ftMS_sl96_ll48_pl96_dm512_nh8_el2_dl1_df2048_expand2_dc4_fc3_ebtimeF_dtTrue_Exp_0,PatchTST,96,96,501,iprollcorr.csv,Weather
0,0.0299582,0.0016057346,0.040071618,0.7011825,2.1989236,long_term_forecast_192_96Weather.csv_TimeXer_Weather_ftMS_sl96_ll48_pl192_dm512_nh8_el3_dl1_df2048_expand2_dc4_fc3_ebtimeF_dtTrue_Exp_0,TimeXer,192,96,,identity,Weather
0,0.029977432,0.0016057566,0.040071893,0.7095847,2.251244,long_term_forecast_ETTh1_192_96Weather_w1001_ipmutual_info.csv_iTransformer_Weather_ftMS_sl96_ll48_pl192_dm512_nh8_el3_dl1_df2048_expand2_dc4_fc3_ebtimeF_dtTrue_Exp_0,iTransformer,192,96,1001,ipmutual_info.csv,Weather
0,0.02865011,0.001605831,0.04007282,0.6060686,1.3012726,long_term_forecast_96_96Weather_w1501_prollcov.csv_PatchTST_Weather_ftMS_sl96_ll48_pl96_dm512_nh8_el2_dl1_df2048_expand2_dc4_fc3_ebtimeF_dtTrue_Exp_0,PatchTST,96,96,1501,prollcov.csv,Weather
0,0.02984515,0.0016058409,0.040072944,0.6764405,1.9771578,long_term_forecast_ETTh1_192_96Weather_w1251_iprollcov.csv_iTransformer_Weather_ftMS_sl96_ll48_pl192_dm512_nh8_el3_dl1_df2048_expand2_dc4_fc3_ebtimeF_dtTrue_Exp_0,iTransformer,192,96,1251,iprollcov.csv,Weather
0,0.028771587,0.0016065651,0.040081978,0.5995004,1.2520111,long_term_forecast_96_96Weather_w1501_iprollcov.csv_PatchTST_Weather_ftMS_sl96_ll48_pl96_dm512_nh8_el2_dl1_df2048_expand2_dc4_fc3_ebtimeF_dtTrue_Exp_0,PatchTST,96,96,1501,iprollcov.csv,Weather
0,0.029983586,0.0016067404,0.04008417,0.70900893,2.191388,long_term_forecast_ETTh1_192_96Weather_w501_ipmutual_info.csv_iTransformer_Weather_ftMS_sl96_ll48_pl192_dm512_nh8_el3_dl1_df2048_expand2_dc4_fc3_ebtimeF_dtTrue_Exp_0,iTransformer,192,96,501,ipmutual_info.csv,Weather
0,0.029987497,0.0016110502,0.04013789,0.7087015,2.2180183,long_term_forecast_ETTh1_192_96Weather_w1251_prollcov.csv_iTransformer_Weather_ftMS_sl96_ll48_pl192_dm512_nh8_el3_dl1_df2048_expand2_dc4_fc3_ebtimeF_dtTrue_Exp_0,iTransformer,192,96,1251,prollcov.csv,Weather
0,0.028907828,0.0016112262,0.04014008,0.6139251,1.3888911,long_term_forecast_96_96Weather_w1501_ipentropy.csv_PatchTST_Weather_ftMS_sl96_ll48_pl96_dm512_nh8_el2_dl1_df2048_expand2_dc4_fc3_ebtimeF_dtTrue_Exp_0,PatchTST,96,96,1501,ipentropy.csv,Weather
0,0.0289481,0.0016116913,0.040145874,0.62154883,1.525711,long_term_forecast_96_96Weather_w751_ipfarm.csv_PatchTST_Weather_ftMS_sl96_ll48_pl96_dm512_nh8_el2_dl1_df2048_expand2_dc4_fc3_ebtimeF_dtTrue_Exp_0,PatchTST,96,96,751,ipfarm.csv,Weather
0,0.02878753,0.001613472,0.040168047,0.6121789,1.365523,long_term_forecast_96_96Weather_w1251_prollcorr.csv_PatchTST_Weather_ftMS_sl96_ll48_pl96_dm512_nh8_el2_dl1_df2048_expand2_dc4_fc3_ebtimeF_dtTrue_Exp_0,PatchTST,96,96,1251,prollcorr.csv,Weather
0,0.030005556,0.0016134898,0.04016827,0.7108047,2.3136246,long_term_forecast_ETTh1_192_96Weather_w501_pfarm.csv_iTransformer_Weather_ftMS_sl96_ll48_pl192_dm512_nh8_el3_dl1_df2048_expand2_dc4_fc3_ebtimeF_dtTrue_Exp_0,iTransformer,192,96,501,pfarm.csv,Weather
0,0.028868526,0.0016154026,0.04019207,0.61005837,1.3535695,long_term_forecast_96_96Weather_w1251_ipentropy.csv_PatchTST_Weather_ftMS_sl96_ll48_pl96_dm512_nh8_el2_dl1_df2048_expand2_dc4_fc3_ebtimeF_dtTrue_Exp_0,PatchTST,96,96,1251,ipentropy.csv,Weather
0,0.028817998,0.0016162293,0.040202353,0.6138998,1.4069895,long_term_forecast_96_96Weather_w501_prollcorr.csv_PatchTST_Weather_ftMS_sl96_ll48_pl96_dm512_nh8_el2_dl1_df2048_expand2_dc4_fc3_ebtimeF_dtTrue_Exp_0,PatchTST,96,96,501,prollcorr.csv,Weather
0,0.028931413,0.0016167405,0.040208712,0.6154794,1.4138852,long_term_forecast_96_96Weather_w501_iprollcov.csv_PatchTST_Weather_ftMS_sl96_ll48_pl96_dm512_nh8_el2_dl1_df2048_expand2_dc4_fc3_ebtimeF_dtTrue_Exp_0,PatchTST,96,96,501,iprollcov.csv,Weather
0,0.02984739,0.0016169567,0.0402114,0.68106496,2.0466473,long_term_forecast_ETTh1_192_96Weather_w501_iprollcorr.csv_iTransformer_Weather_ftMS_sl96_ll48_pl192_dm512_nh8_el3_dl1_df2048_expand2_dc4_fc3_ebtimeF_dtTrue_Exp_0,iTransformer,192,96,501,iprollcorr.csv,Weather
0,0.030006846,0.0016170556,0.04021263,0.70793205,2.2024512,long_term_forecast_ETTh1_192_96Weather_w501_prollcov.csv_iTransformer_Weather_ftMS_sl96_ll48_pl192_dm512_nh8_el3_dl1_df2048_expand2_dc4_fc3_ebtimeF_dtTrue_Exp_0,iTransformer,192,96,501,prollcov.csv,Weather
0,0.028706461,0.0016190306,0.04023718,0.59387213,1.2214404,long_term_forecast_96_96Weather_w1251_ipsmoothrandomwalk.csv_PatchTST_Weather_ftMS_sl96_ll48_pl96_dm512_nh8_el2_dl1_df2048_expand2_dc4_fc3_ebtimeF_dtTrue_Exp_0,PatchTST,96,96,1251,ipsmoothrandomwalk.csv,Weather
0,0.028985085,0.0016199813,0.04024899,0.6190769,1.4350346,long_term_forecast_96_96Weather_w1251_iprollcov.csv_PatchTST_Weather_ftMS_sl96_ll48_pl96_dm512_nh8_el2_dl1_df2048_expand2_dc4_fc3_ebtimeF_dtTrue_Exp_0,PatchTST,96,96,1251,iprollcov.csv,Weather
0,0.028845591,0.0016202987,0.040252935,0.62147015,1.4699948,long_term_forecast_96_96Weather_w501_ipfarm.csv_PatchTST_Weather_ftMS_sl96_ll48_pl96_dm512_nh8_el2_dl1_df2048_expand2_dc4_fc3_ebtimeF_dtTrue_Exp_0,PatchTST,96,96,501,ipfarm.csv,Weather
0,0.028883265,0.0016204509,0.040254824,0.61282307,1.3565482,long_term_forecast_96_96Weather_w1001_iprollcov.csv_PatchTST_Weather_ftMS_sl96_ll48_pl96_dm512_nh8_el2_dl1_df2048_expand2_dc4_fc3_ebtimeF_dtTrue_Exp_0,PatchTST,96,96,1001,iprollcov.csv,Weather
0,0.029858347,0.0016209349,0.040260836,0.65358865,1.8042998,long_term_forecast_ETTh1_192_96Weather_w1501_iprollcov.csv_iTransformer_Weather_ftMS_sl96_ll48_pl192_dm512_nh8_el3_dl1_df2048_expand2_dc4_fc3_ebtimeF_dtTrue_Exp_0,iTransformer,192,96,1501,iprollcov.csv,Weather
0,0.030075386,0.0016247551,0.040308252,0.7119425,2.2831893,long_term_forecast_ETTh1_192_96Weather_w1501_pfarm.csv_iTransformer_Weather_ftMS_sl96_ll48_pl192_dm512_nh8_el3_dl1_df2048_expand2_dc4_fc3_ebtimeF_dtTrue_Exp_0,iTransformer,192,96,1501,pfarm.csv,Weather
0,0.028997045,0.0016252424,0.040314294,0.61430126,1.3384827,long_term_forecast_96_96Weather_w501_pentropy.csv_PatchTST_Weather_ftMS_sl96_ll48_pl96_dm512_nh8_el2_dl1_df2048_expand2_dc4_fc3_ebtimeF_dtTrue_Exp_0,PatchTST,96,96,501,pentropy.csv,Weather
0,0.030175863,0.0016254325,0.040316653,0.7157163,2.2649205,long_term_forecast_ETTh1_192_96Weather_w1501_ipmutual_info.csv_iTransformer_Weather_ftMS_sl96_ll48_pl192_dm512_nh8_el3_dl1_df2048_expand2_dc4_fc3_ebtimeF_dtTrue_Exp_0,iTransformer,192,96,1501,ipmutual_info.csv,Weather
0,0.028887,0.0016256783,0.0403197,0.613796,1.3595608,long_term_forecast_96_96Weather_w1001_ipentropy.csv_PatchTST_Weather_ftMS_sl96_ll48_pl96_dm512_nh8_el2_dl1_df2048_expand2_dc4_fc3_ebtimeF_dtTrue_Exp_0,PatchTST,96,96,1001,ipentropy.csv,Weather
0,0.029081702,0.0016269311,0.040335234,0.60528386,1.3734393,long_term_forecast_96_96Weather_w501_pmutual_info.csv_PatchTST_Weather_ftMS_sl96_ll48_pl96_dm512_nh8_el2_dl1_df2048_expand2_dc4_fc3_ebtimeF_dtTrue_Exp_0,PatchTST,96,96,501,pmutual_info.csv,Weather
0,0.030147148,0.0016286254,0.04035623,0.7128696,2.2335284,long_term_forecast_ETTh1_192_96Weather_w1251_ipmutual_info.csv_iTransformer_Weather_ftMS_sl96_ll48_pl192_dm512_nh8_el3_dl1_df2048_expand2_dc4_fc3_ebtimeF_dtTrue_Exp_0,iTransformer,192,96,1251,ipmutual_info.csv,Weather
0,0.030176504,0.0016325183,0.040404435,0.71567905,2.2774055,long_term_forecast_ETTh1_192_96Weather_w751_prollcov.csv_iTransformer_Weather_ftMS_sl96_ll48_pl192_dm512_nh8_el3_dl1_df2048_expand2_dc4_fc3_ebtimeF_dtTrue_Exp_0,iTransformer,192,96,751,prollcov.csv,Weather
0,0.029013347,0.0016388199,0.040482342,0.61493695,1.3689904,long_term_forecast_96_96Weather_w751_ipmutual_info.csv_PatchTST_Weather_ftMS_sl96_ll48_pl96_dm512_nh8_el2_dl1_df2048_expand2_dc4_fc3_ebtimeF_dtTrue_Exp_0,PatchTST,96,96,751,ipmutual_info.csv,Weather
0,0.029207792,0.0016478546,0.040593777,0.6284852,1.5135536,long_term_forecast_96_96Weather_w751_prollcorr.csv_PatchTST_Weather_ftMS_sl96_ll48_pl96_dm512_nh8_el2_dl1_df2048_expand2_dc4_fc3_ebtimeF_dtTrue_Exp_0,PatchTST,96,96,751,prollcorr.csv,Weather
0,0.02924888,0.0016501616,0.040622182,0.6276494,1.5396631,long_term_forecast_96_96Weather_w501_ipmutual_info.csv_PatchTST_Weather_ftMS_sl96_ll48_pl96_dm512_nh8_el2_dl1_df2048_expand2_dc4_fc3_ebtimeF_dtTrue_Exp_0,PatchTST,96,96,501,ipmutual_info.csv,Weather
0,0.029038945,0.0016501675,0.040622253,0.61601335,1.3696536,long_term_forecast_96_96Weather_w1001_ipsmoothrandomwalk.csv_PatchTST_Weather_ftMS_sl96_ll48_pl96_dm512_nh8_el2_dl1_df2048_expand2_dc4_fc3_ebtimeF_dtTrue_Exp_0,PatchTST,96,96,1001,ipsmoothrandomwalk.csv,Weather
0,0.030260803,0.0016505065,0.040626425,0.62372005,1.3596779,long_term_forecast_96_96Weather_w751_ipmutual_info.csv_Crossformer_Weather_ftMS_sl96_ll48_pl96_dm512_nh8_el2_dl1_df2048_expand2_dc4_fc3_ebtimeF_dtTrue_Exp_0,Crossformer,96,96,751,ipmutual_info.csv,Weather
0,0.029208722,0.0016526136,0.04065235,0.6209501,1.4110998,long_term_forecast_96_96Weather_w751_ipentropy.csv_PatchTST_Weather_ftMS_sl96_ll48_pl96_dm512_nh8_el2_dl1_df2048_expand2_dc4_fc3_ebtimeF_dtTrue_Exp_0,PatchTST,96,96,751,ipentropy.csv,Weather
0,0.02937637,0.0016564695,0.04069975,0.62298334,1.3389465,long_term_forecast_96_96Weather_w1001_psmoothrandomwalk.csv_PatchTST_Weather_ftMS_sl96_ll48_pl96_dm512_nh8_el2_dl1_df2048_expand2_dc4_fc3_ebtimeF_dtTrue_Exp_0,PatchTST,96,96,1001,psmoothrandomwalk.csv,Weather
0,0.02937601,0.0016624973,0.040773734,0.62245244,1.394215,long_term_forecast_96_96Weather_w501_iprandomwalk.csv_PatchTST_Weather_ftMS_sl96_ll48_pl96_dm512_nh8_el2_dl1_df2048_expand2_dc4_fc3_ebtimeF_dtTrue_Exp_0,PatchTST,96,96,501,iprandomwalk.csv,Weather
0,0.03083605,0.00168566,0.04105679,0.70179045,1.9233284,long_term_forecast_336_96Weather_w501_ipmutual_info.csv_TimeXer_Weather_ftMS_sl96_ll48_pl336_dm512_nh8_el1_dl1_df2048_expand2_dc4_fc3_ebtimeF_dtTrue_Exp_0,TimeXer,336,96,501,ipmutual_info.csv,Weather
0,0.029669994,0.0016999844,0.04123087,0.6188111,1.306775,long_term_forecast_96_96Weather_w501_psmoothrandomwalk.csv_PatchTST_Weather_ftMS_sl96_ll48_pl96_dm512_nh8_el2_dl1_df2048_expand2_dc4_fc3_ebtimeF_dtTrue_Exp_0,PatchTST,96,96,501,psmoothrandomwalk.csv,Weather
0,0.029659651,0.0017003015,0.041234713,0.64006054,1.5610363,long_term_forecast_96_96Weather_w751_pfarm.csv_PatchTST_Weather_ftMS_sl96_ll48_pl96_dm512_nh8_el2_dl1_df2048_expand2_dc4_fc3_ebtimeF_dtTrue_Exp_0,PatchTST,96,96,751,pfarm.csv,Weather
0,0.029778738,0.0017063913,0.04130849,0.6199735,1.3105091,long_term_forecast_96_96Weather_w751_psmoothrandomwalk.csv_PatchTST_Weather_ftMS_sl96_ll48_pl96_dm512_nh8_el2_dl1_df2048_expand2_dc4_fc3_ebtimeF_dtTrue_Exp_0,PatchTST,96,96,751,psmoothrandomwalk.csv,Weather
0,0.029604502,0.0017104676,0.0413578,0.62000126,1.3733608,long_term_forecast_96_96Weather_w501_prandomwalk.csv_PatchTST_Weather_ftMS_sl96_ll48_pl96_dm512_nh8_el2_dl1_df2048_expand2_dc4_fc3_ebtimeF_dtTrue_Exp_0,PatchTST,96,96,501,prandomwalk.csv,Weather
0,0.031122338,0.0017133146,0.041392203,0.7093049,1.9671896,long_term_forecast_336_96Weather.csv_iTransformer_Weather_ftMS_sl96_ll48_pl336_dm512_nh8_el3_dl1_df2048_expand2_dc4_fc3_ebtimeF_dtTrue_Exp_0,iTransformer,336,96,,identity,Weather
0,0.031089336,0.0017135399,0.041394927,0.71073943,1.9995105,long_term_forecast_336_96Weather.csv_TimeXer_Weather_ftMS_sl96_ll48_pl336_dm512_nh8_el1_dl1_df2048_expand2_dc4_fc3_ebtimeF_dtTrue_Exp_0,TimeXer,336,96,,identity,Weather
0,0.029967383,0.0017412785,0.041728627,0.62745714,1.3698583,long_term_forecast_96_96Weather_w501_ipsmoothrandomwalk.csv_PatchTST_Weather_ftMS_sl96_ll48_pl96_dm512_nh8_el2_dl1_df2048_expand2_dc4_fc3_ebtimeF_dtTrue_Exp_0,PatchTST,96,96,501,ipsmoothrandomwalk.csv,Weather
0,0.032102514,0.0017549681,0.04189234,0.76538974,2.232081,long_term_forecast_96_96Weather_w1001_ipentropy.csv_Crossformer_Weather_ftMS_sl96_ll48_pl96_dm512_nh8_el2_dl1_df2048_expand2_dc4_fc3_ebtimeF_dtTrue_Exp_0,Crossformer,96,96,1001,ipentropy.csv,Weather
0,0.030696157,0.0017619546,0.041975643,0.64381546,1.4356289,long_term_forecast_192_96Weather_w1501_iprollcorr.csv_PatchTST_Weather_ftMS_sl96_ll48_pl192_dm512_nh8_el2_dl1_df2048_expand2_dc4_fc3_ebtimeF_dtTrue_Exp_0,PatchTST,192,96,1501,iprollcorr.csv,Weather
0,0.031605303,0.001765655,0.0420197,0.7270855,2.065068,long_term_forecast_336_96Weather_w1251_ipmutual_info.csv_iTransformer_Weather_ftMS_sl96_ll48_pl336_dm512_nh8_el3_dl1_df2048_expand2_dc4_fc3_ebtimeF_dtTrue_Exp_0,iTransformer,336,96,1251,ipmutual_info.csv,Weather
0,0.032026403,0.0017815509,0.042208422,0.67837274,1.6152219,long_term_forecast_96_96Weather_w1501_prollcorr.csv_Crossformer_Weather_ftMS_sl96_ll48_pl96_dm512_nh8_el2_dl1_df2048_expand2_dc4_fc3_ebtimeF_dtTrue_Exp_0,Crossformer,96,96,1501,prollcorr.csv,Weather
0,0.030855682,0.0017885036,0.042290702,0.641749,1.4083669,long_term_forecast_192_96Weather.csv_PatchTST_Weather_ftMS_sl96_ll48_pl192_dm512_nh8_el2_dl1_df2048_expand2_dc4_fc3_ebtimeF_dtTrue_Exp_0,PatchTST,192,96,,identity,Weather
0,0.03407344,0.0018156252,0.042610154,0.8718331,2.9314053,long_term_forecast_96_96Weather_w501_ipsmoothrandomwalk.csv_Crossformer_Weather_ftMS_sl96_ll48_pl96_dm512_nh8_el2_dl1_df2048_expand2_dc4_fc3_ebtimeF_dtTrue_Exp_0,Crossformer,96,96,501,ipsmoothrandomwalk.csv,Weather
0,0.03261386,0.0018799735,0.04335866,0.6544133,1.2779574,long_term_forecast_96_96Weather_w1251_iprollcov.csv_Crossformer_Weather_ftMS_sl96_ll48_pl96_dm512_nh8_el2_dl1_df2048_expand2_dc4_fc3_ebtimeF_dtTrue_Exp_0,Crossformer,96,96,1251,iprollcov.csv,Weather
0,0.031987216,0.0018922344,0.04349982,0.6432392,1.3175619,long_term_forecast_336_96Weather.csv_PatchTST_Weather_ftMS_sl96_ll48_pl336_dm512_nh8_el2_dl1_df2048_expand2_dc4_fc3_ebtimeF_dtTrue_Exp_0,PatchTST,336,96,,identity,Weather
0,0.033475656,0.0018928568,0.043506972,0.7777641,2.1161413,long_term_forecast_96_96Weather_w1001_iprollcov.csv_Crossformer_Weather_ftMS_sl96_ll48_pl96_dm512_nh8_el2_dl1_df2048_expand2_dc4_fc3_ebtimeF_dtTrue_Exp_0,Crossformer,96,96,1001,iprollcov.csv,Weather
0,0.032241955,0.001920984,0.04382903,0.6505437,1.3112384,long_term_forecast_336_96Weather_w1501_iprollcorr.csv_PatchTST_Weather_ftMS_sl96_ll48_pl336_dm512_nh8_el2_dl1_df2048_expand2_dc4_fc3_ebtimeF_dtTrue_Exp_0,PatchTST,336,96,1501,iprollcorr.csv,Weather
0,0.031627957,0.0019492658,0.04415049,0.5454581,0.84786814,long_term_forecast_96_96Weather_w501_ipentropy.csv_Crossformer_Weather_ftMS_sl96_ll48_pl96_dm512_nh8_el2_dl1_df2048_expand2_dc4_fc3_ebtimeF_dtTrue_Exp_0,Crossformer,96,96,501,ipentropy.csv,Weather
0,0.033093955,0.0020118798,0.04485398,0.63152313,1.1527557,long_term_forecast_336_96Weather.csv_Crossformer_Weather_ftMS_sl96_ll48_pl336_dm512_nh8_el2_dl1_df2048_expand2_dc4_fc3_ebtimeF_dtTrue_Exp_0,Crossformer,336,96,,identity,Weather
0,0.03240761,0.002042673,0.04519594,0.6880658,1.7877786,long_term_forecast_96_96Weather_w501_prollcorr.csv_Crossformer_Weather_ftMS_sl96_ll48_pl96_dm512_nh8_el2_dl1_df2048_expand2_dc4_fc3_ebtimeF_dtTrue_Exp_0,Crossformer,96,96,501,prollcorr.csv,Weather
0,0.034009986,0.0021465423,0.04633079,0.76846397,1.7985346,long_term_forecast_336_96Weather_w1501_iprollcov.csv_Crossformer_Weather_ftMS_sl96_ll48_pl336_dm512_nh8_el2_dl1_df2048_expand2_dc4_fc3_ebtimeF_dtTrue_Exp_0,Crossformer,336,96,1501,iprollcov.csv,Weather
0,0.035299383,0.0021720678,0.04660545,0.79558414,2.2883296,long_term_forecast_720_96Weather_w501_ipmutual_info.csv_TimeXer_Weather_ftMS_sl96_ll48_pl720_dm512_nh8_el1_dl1_df2048_expand2_dc4_fc3_ebtimeF_dtTrue_Exp_0,TimeXer,720,96,501,ipmutual_info.csv,Weather
0,0.03548614,0.002192448,0.046823584,0.8010719,2.3446286,long_term_forecast_720_96Weather.csv_TimeXer_Weather_ftMS_sl96_ll48_pl720_dm512_nh8_el1_dl1_df2048_expand2_dc4_fc3_ebtimeF_dtTrue_Exp_0,TimeXer,720,96,,identity,Weather
0,0.03552068,0.0021979867,0.04688269,0.80061316,2.326032,long_term_forecast_720_96Weather.csv_iTransformer_Weather_ftMS_sl96_ll48_pl720_dm512_nh8_el3_dl1_df2048_expand2_dc4_fc3_ebtimeF_dtTrue_Exp_0,iTransformer,720,96,,identity,Weather
0,0.035583146,0.0022019492,0.046924934,0.8038393,2.3810387,long_term_forecast_720_96Weather_w1251_ipmutual_info.csv_iTransformer_Weather_ftMS_sl96_ll48_pl720_dm512_nh8_el3_dl1_df2048_expand2_dc4_fc3_ebtimeF_dtTrue_Exp_0,iTransformer,720,96,1251,ipmutual_info.csv,Weather
0,0.031396817,0.0022068864,0.04697751,0.5905856,1.1844323,long_term_forecast_96_96Weather_w751_iprollcorr.csv_Crossformer_Weather_ftMS_sl96_ll48_pl96_dm512_nh8_el2_dl1_df2048_expand2_dc4_fc3_ebtimeF_dtTrue_Exp_0,Crossformer,96,96,751,iprollcorr.csv,Weather
0,0.03474943,0.0022470672,0.04740324,0.61711043,0.96951014,long_term_forecast_96_96Weather_w501_pfarm.csv_Crossformer_Weather_ftMS_sl96_ll48_pl96_dm512_nh8_el2_dl1_df2048_expand2_dc4_fc3_ebtimeF_dtTrue_Exp_0,Crossformer,96,96,501,pfarm.csv,Weather
0,0.03539682,0.0022670538,0.047613587,0.70180744,1.6042652,long_term_forecast_720_96Weather.csv_PatchTST_Weather_ftMS_sl96_ll48_pl720_dm512_nh8_el2_dl1_df2048_expand2_dc4_fc3_ebtimeF_dtTrue_Exp_0,PatchTST,720,96,,identity,Weather
0,0.0354473,0.0022881897,0.047835026,0.69489753,1.54877,long_term_forecast_720_96Weather_w1501_iprollcorr.csv_PatchTST_Weather_ftMS_sl96_ll48_pl720_dm512_nh8_el2_dl1_df2048_expand2_dc4_fc3_ebtimeF_dtTrue_Exp_0,PatchTST,720,96,1501,iprollcorr.csv,Weather
0,0.034710463,0.0024914173,0.0499141,0.7823724,2.6761856,long_term_forecast_96_96Weather_w1501_pmutual_info.csv_Crossformer_Weather_ftMS_sl96_ll48_pl96_dm512_nh8_el2_dl1_df2048_expand2_dc4_fc3_ebtimeF_dtTrue_Exp_0,Crossformer,96,96,1501,pmutual_info.csv,Weather
0,0.036916148,0.0026092469,0.05108079,0.59514546,1.6267906,long_term_forecast_96_96Weather_w1251_pfarm.csv_Crossformer_Weather_ftMS_sl96_ll48_pl96_dm512_nh8_el2_dl1_df2048_expand2_dc4_fc3_ebtimeF_dtTrue_Exp_0,Crossformer,96,96,1251,pfarm.csv,Weather
0,0.03908872,0.0027829863,0.052754015,0.7133502,1.4001987,long_term_forecast_96_96Weather_w1501_ipentropy.csv_Crossformer_Weather_ftMS_sl96_ll48_pl96_dm512_nh8_el2_dl1_df2048_expand2_dc4_fc3_ebtimeF_dtTrue_Exp_0,Crossformer,96,96,1501,ipentropy.csv,Weather
0,0.0390477,0.0028229186,0.053131144,0.7175343,1.3463172,long_term_forecast_96_96Weather_w1501_pentropy.csv_Crossformer_Weather_ftMS_sl96_ll48_pl96_dm512_nh8_el2_dl1_df2048_expand2_dc4_fc3_ebtimeF_dtTrue_Exp_0,Crossformer,96,96,1501,pentropy.csv,Weather
0,0.036150247,0.0028508801,0.053393632,0.66681904,1.6839862,long_term_forecast_720_96Weather.csv_Crossformer_Weather_ftMS_sl96_ll48_pl720_dm512_nh8_el2_dl1_df2048_expand2_dc4_fc3_ebtimeF_dtTrue_Exp_0,Crossformer,720,96,,identity,Weather
0,0.03761037,0.0028961522,0.05381591,0.7214144,2.112883,long_term_forecast_96_96Weather_w501_ipmutual_info.csv_Crossformer_Weather_ftMS_sl96_ll48_pl96_dm512_nh8_el2_dl1_df2048_expand2_dc4_fc3_ebtimeF_dtTrue_Exp_0,Crossformer,96,96,501,ipmutual_info.csv,Weather
0,0.03559605,0.0029880945,0.054663464,0.676729,1.7603614,long_term_forecast_96_96Weather_w501_prollcov.csv_Crossformer_Weather_ftMS_sl96_ll48_pl96_dm512_nh8_el2_dl1_df2048_expand2_dc4_fc3_ebtimeF_dtTrue_Exp_0,Crossformer,96,96,501,prollcov.csv,Weather
0,0.042269237,0.0030146912,0.054906204,0.77553064,1.4714034,long_term_forecast_96_96Weather_w1001_psmoothrandomwalk.csv_Crossformer_Weather_ftMS_sl96_ll48_pl96_dm512_nh8_el2_dl1_df2048_expand2_dc4_fc3_ebtimeF_dtTrue_Exp_0,Crossformer,96,96,1001,psmoothrandomwalk.csv,Weather
0,0.040055398,0.0030176074,0.054932754,0.90341866,3.2424996,long_term_forecast_96_96Weather_w501_iprandomwalk.csv_Crossformer_Weather_ftMS_sl96_ll48_pl96_dm512_nh8_el2_dl1_df2048_expand2_dc4_fc3_ebtimeF_dtTrue_Exp_0,Crossformer,96,96,501,iprandomwalk.csv,Weather
0,0.041763708,0.0030323141,0.05506645,0.651049,0.8307384,long_term_forecast_96_96Weather_w1501_psmoothrandomwalk.csv_Crossformer_Weather_ftMS_sl96_ll48_pl96_dm512_nh8_el2_dl1_df2048_expand2_dc4_fc3_ebtimeF_dtTrue_Exp_0,Crossformer,96,96,1501,psmoothrandomwalk.csv,Weather
0,0.04349879,0.0030679535,0.05538911,1.1230311,5.4783745,long_term_forecast_96_96Weather_w1001_iprollcorr.csv_Crossformer_Weather_ftMS_sl96_ll48_pl96_dm512_nh8_el2_dl1_df2048_expand2_dc4_fc3_ebtimeF_dtTrue_Exp_0,Crossformer,96,96,1001,iprollcorr.csv,Weather
0,0.04303869,0.0030905954,0.05559312,0.88428676,2.5996776,long_term_forecast_96_96Weather_w1001_prollcorr.csv_Crossformer_Weather_ftMS_sl96_ll48_pl96_dm512_nh8_el2_dl1_df2048_expand2_dc4_fc3_ebtimeF_dtTrue_Exp_0,Crossformer,96,96,1001,prollcorr.csv,Weather
0,0.044174515,0.0031082493,0.055751674,0.97172314,3.4284277,long_term_forecast_96_96Weather_w751_ipsmoothrandomwalk.csv_Crossformer_Weather_ftMS_sl96_ll48_pl96_dm512_nh8_el2_dl1_df2048_expand2_dc4_fc3_ebtimeF_dtTrue_Exp_0,Crossformer,96,96,751,ipsmoothrandomwalk.csv,Weather
0,0.039180018,0.003245117,0.05696593,0.73808306,2.802953,long_term_forecast_96_96Weather_w1501_pfarm.csv_Crossformer_Weather_ftMS_sl96_ll48_pl96_dm512_nh8_el2_dl1_df2048_expand2_dc4_fc3_ebtimeF_dtTrue_Exp_0,Crossformer,96,96,1501,pfarm.csv,Weather
0,0.04314908,0.0033475265,0.05785781,0.83500284,2.1180487,long_term_forecast_96_96Weather_w1251_ipsmoothrandomwalk.csv_Crossformer_Weather_ftMS_sl96_ll48_pl96_dm512_nh8_el2_dl1_df2048_expand2_dc4_fc3_ebtimeF_dtTrue_Exp_0,Crossformer,96,96,1251,ipsmoothrandomwalk.csv,Weather
0,0.042334184,0.0034032853,0.058337685,0.8984866,3.0263793,long_term_forecast_96_96Weather_w1001_ipmutual_info.csv_Crossformer_Weather_ftMS_sl96_ll48_pl96_dm512_nh8_el2_dl1_df2048_expand2_dc4_fc3_ebtimeF_dtTrue_Exp_0,Crossformer,96,96,1001,ipmutual_info.csv,Weather
0,0.045617692,0.003405951,0.058360524,0.86884904,1.7363245,long_term_forecast_96_96Weather_w751_iprollcov.csv_Crossformer_Weather_ftMS_sl96_ll48_pl96_dm512_nh8_el2_dl1_df2048_expand2_dc4_fc3_ebtimeF_dtTrue_Exp_0,Crossformer,96,96,751,iprollcov.csv,Weather
0,0.04672338,0.0037737403,0.061430775,0.91853535,2.2957737,long_term_forecast_192_96Weather.csv_Crossformer_Weather_ftMS_sl96_ll48_pl192_dm512_nh8_el2_dl1_df2048_expand2_dc4_fc3_ebtimeF_dtTrue_Exp_0,Crossformer,192,96,,identity,Weather
0,0.048046198,0.0039732447,0.06303368,0.95316595,2.5501146,long_term_forecast_192_96Weather_w1501_iprollcov.csv_Crossformer_Weather_ftMS_sl96_ll48_pl192_dm512_nh8_el2_dl1_df2048_expand2_dc4_fc3_ebtimeF_dtTrue_Exp_0,Crossformer,192,96,1501,iprollcov.csv,Weather
0,0.045392636,0.0040093246,0.06331923,0.69269407,1.0963051,long_term_forecast_96_96Weather_w501_prandomwalk.csv_Crossformer_Weather_ftMS_sl96_ll48_pl96_dm512_nh8_el2_dl1_df2048_expand2_dc4_fc3_ebtimeF_dtTrue_Exp_0,Crossformer,96,96,501,prandomwalk.csv,Weather
0,0.0502682,0.0041828137,0.064674675,0.97166455,2.3547342,long_term_forecast_720_96Weather_w1501_iprollcov.csv_Crossformer_Weather_ftMS_sl96_ll48_pl720_dm512_nh8_el2_dl1_df2048_expand2_dc4_fc3_ebtimeF_dtTrue_Exp_0,Crossformer,720,96,1501,iprollcov.csv,Weather
0,0.0524673,0.0042986837,0.06556435,1.0501522,2.98152,long_term_forecast_96_96Weather_w1251_prollcorr.csv_Crossformer_Weather_ftMS_sl96_ll48_pl96_dm512_nh8_el2_dl1_df2048_expand2_dc4_fc3_ebtimeF_dtTrue_Exp_0,Crossformer,96,96,1251,prollcorr.csv,Weather
0,0.053057194,0.0043303804,0.06580563,1.4164128,7.8338094,long_term_forecast_96_96Weather_w1001_ipfarm.csv_Crossformer_Weather_ftMS_sl96_ll48_pl96_dm512_nh8_el2_dl1_df2048_expand2_dc4_fc3_ebtimeF_dtTrue_Exp_0,Crossformer,96,96,1001,ipfarm.csv,Weather
0,0.04286952,0.004383533,0.06620825,1.0785757,4.6550674,long_term_forecast_96_96Weather_w501_iprollcov.csv_Crossformer_Weather_ftMS_sl96_ll48_pl96_dm512_nh8_el2_dl1_df2048_expand2_dc4_fc3_ebtimeF_dtTrue_Exp_0,Crossformer,96,96,501,iprollcov.csv,Weather
0,0.052540697,0.004560743,0.06753327,1.0895903,3.335895,long_term_forecast_720_96Weather.csv_Autoformer_Weather_ftMS_sl96_ll48_pl720_dm512_nh8_el2_dl1_df2048_expand2_dc4_fc3_ebtimeF_dtTrue_Exp_0,Autoformer,720,96,,identity,Weather
0,0.05285687,0.004686167,0.068455584,0.9081652,1.9653841,long_term_forecast_96_96Weather_w1001_ipsmoothrandomwalk.csv_Crossformer_Weather_ftMS_sl96_ll48_pl96_dm512_nh8_el2_dl1_df2048_expand2_dc4_fc3_ebtimeF_dtTrue_Exp_0,Crossformer,96,96,1001,ipsmoothrandomwalk.csv,Weather
0,0.054329053,0.0048205485,0.06943017,1.1624707,3.5035408,long_term_forecast_720_96Weather_w1001_prollcorr.csv_Autoformer_Weather_ftMS_sl96_ll48_pl720_dm512_nh8_el2_dl1_df2048_expand2_dc4_fc3_ebtimeF_dtTrue_Exp_0,Autoformer,720,96,1001,prollcorr.csv,Weather
0,0.047592122,0.004884151,0.0698867,0.88003147,2.6561434,long_term_forecast_96_96Weather_w1251_pmutual_info.csv_Crossformer_Weather_ftMS_sl96_ll48_pl96_dm512_nh8_el2_dl1_df2048_expand2_dc4_fc3_ebtimeF_dtTrue_Exp_0,Crossformer,96,96,1251,pmutual_info.csv,Weather
0,0.057753373,0.005165078,0.07186848,1.2454437,4.7797585,long_term_forecast_96_96Weather_w1001_pentropy.csv_Crossformer_Weather_ftMS_sl96_ll48_pl96_dm512_nh8_el2_dl1_df2048_expand2_dc4_fc3_ebtimeF_dtTrue_Exp_0,Crossformer,96,96,1001,pentropy.csv,Weather
0,0.056162782,0.005191636,0.07205301,1.298408,6.498326,long_term_forecast_96_96Weather_w1001_prollcorr.csv_Autoformer_Weather_ftMS_sl96_ll48_pl96_dm512_nh8_el2_dl1_df2048_expand2_dc4_fc3_ebtimeF_dtTrue_Exp_0,Autoformer,96,96,1001,prollcorr.csv,Weather
0,0.056425415,0.0055702813,0.07463431,1.2873082,5.717941,long_term_forecast_336_96Weather.csv_Autoformer_Weather_ftMS_sl96_ll48_pl336_dm512_nh8_el2_dl1_df2048_expand2_dc4_fc3_ebtimeF_dtTrue_Exp_0,Autoformer,336,96,,identity,Weather
0,0.056422215,0.00557261,0.074649915,1.2931575,5.9090037,long_term_forecast_96_96Weather_w1001_prollcov.csv_Autoformer_Weather_ftMS_sl96_ll48_pl96_dm512_nh8_el2_dl1_df2048_expand2_dc4_fc3_ebtimeF_dtTrue_Exp_0,Autoformer,96,96,1001,prollcov.csv,Weather
0,0.060350213,0.0056046764,0.07486439,1.3868034,6.3895226,long_term_forecast_96_96Weather_w501_ipfarm.csv_Crossformer_Weather_ftMS_sl96_ll48_pl96_dm512_nh8_el2_dl1_df2048_expand2_dc4_fc3_ebtimeF_dtTrue_Exp_0,Crossformer,96,96,501,ipfarm.csv,Weather
0,0.03776438,0.0056599015,0.07523232,0.7295924,4.1228895,long_term_forecast_96_96Weather_w751_pentropy.csv_Crossformer_Weather_ftMS_sl96_ll48_pl96_dm512_nh8_el2_dl1_df2048_expand2_dc4_fc3_ebtimeF_dtTrue_Exp_0,Crossformer,96,96,751,pentropy.csv,Weather
0,0.061803855,0.006048034,0.07776911,1.408461,6.2829103,long_term_forecast_96_96Weather_w1001_ipentropy.csv_Autoformer_Weather_ftMS_sl96_ll48_pl96_dm512_nh8_el2_dl1_df2048_expand2_dc4_fc3_ebtimeF_dtTrue_Exp_0,Autoformer,96,96,1001,ipentropy.csv,Weather
0,0.062109485,0.006071653,0.07792082,1.3543367,5.816252,long_term_forecast_96_96Weather.csv_Crossformer_Weather_ftMS_sl96_ll48_pl96_dm512_nh8_el2_dl1_df2048_expand2_dc4_fc3_ebtimeF_dtTrue_Exp_0,Crossformer,96,96,,identity,Weather
0,0.06152933,0.0060939123,0.07806352,1.4211818,6.450751,long_term_forecast_96_96Weather_w501_psmoothrandomwalk.csv_Autoformer_Weather_ftMS_sl96_ll48_pl96_dm512_nh8_el2_dl1_df2048_expand2_dc4_fc3_ebtimeF_dtTrue_Exp_0,Autoformer,96,96,501,psmoothrandomwalk.csv,Weather
0,0.063629106,0.0063798106,0.07987372,1.4653181,6.7062583,long_term_forecast_96_96Weather_w751_pentropy.csv_Autoformer_Weather_ftMS_sl96_ll48_pl96_dm512_nh8_el2_dl1_df2048_expand2_dc4_fc3_ebtimeF_dtTrue_Exp_0,Autoformer,96,96,751,pentropy.csv,Weather
0,0.06255094,0.006389482,0.07993423,1.4645149,7.408722,long_term_forecast_96_96Weather_w1501_ipentropy.csv_Autoformer_Weather_ftMS_sl96_ll48_pl96_dm512_nh8_el2_dl1_df2048_expand2_dc4_fc3_ebtimeF_dtTrue_Exp_0,Autoformer,96,96,1501,ipentropy.csv,Weather
0,0.065320596,0.006426849,0.08016763,1.2022759,3.6742692,long_term_forecast_96_96Weather_w1251_ipmutual_info.csv_Crossformer_Weather_ftMS_sl96_ll48_pl96_dm512_nh8_el2_dl1_df2048_expand2_dc4_fc3_ebtimeF_dtTrue_Exp_0,Crossformer,96,96,1251,ipmutual_info.csv,Weather
0,0.060293395,0.00663097,0.08143077,1.4165741,7.9346037,long_term_forecast_96_96Weather_w501_pentropy.csv_Autoformer_Weather_ftMS_sl96_ll48_pl96_dm512_nh8_el2_dl1_df2048_expand2_dc4_fc3_ebtimeF_dtTrue_Exp_0,Autoformer,96,96,501,pentropy.csv,Weather
0,0.06336769,0.0068869847,0.08298786,1.3679703,6.1900597,long_term_forecast_96_96Weather_w751_pfarm.csv_Crossformer_Weather_ftMS_sl96_ll48_pl96_dm512_nh8_el2_dl1_df2048_expand2_dc4_fc3_ebtimeF_dtTrue_Exp_0,Crossformer,96,96,751,pfarm.csv,Weather
0,0.04565012,0.0068892147,0.08300129,0.81906515,3.2393527,long_term_forecast_96_96Weather_w1001_pfarm.csv_Crossformer_Weather_ftMS_sl96_ll48_pl96_dm512_nh8_el2_dl1_df2048_expand2_dc4_fc3_ebtimeF_dtTrue_Exp_0,Crossformer,96,96,1001,pfarm.csv,Weather
0,0.06602193,0.006943165,0.083325654,1.518135,7.5498333,long_term_forecast_96_96Weather_w1251_pmutual_info.csv_Autoformer_Weather_ftMS_sl96_ll48_pl96_dm512_nh8_el2_dl1_df2048_expand2_dc4_fc3_ebtimeF_dtTrue_Exp_0,Autoformer,96,96,1251,pmutual_info.csv,Weather
0,0.06316204,0.006953064,0.083385035,1.4662306,8.019304,long_term_forecast_96_96Weather_w1001_pfarm.csv_Autoformer_Weather_ftMS_sl96_ll48_pl96_dm512_nh8_el2_dl1_df2048_expand2_dc4_fc3_ebtimeF_dtTrue_Exp_0,Autoformer,96,96,1001,pfarm.csv,Weather
0,0.06398783,0.007168561,0.084667355,1.4490241,6.7060747,long_term_forecast_96_96Weather_w1501_prollcorr.csv_Autoformer_Weather_ftMS_sl96_ll48_pl96_dm512_nh8_el2_dl1_df2048_expand2_dc4_fc3_ebtimeF_dtTrue_Exp_0,Autoformer,96,96,1501,prollcorr.csv,Weather
0,0.06677418,0.00719178,0.08480436,1.5396035,6.808913,long_term_forecast_96_96Weather_w1001_iprollcov.csv_Autoformer_Weather_ftMS_sl96_ll48_pl96_dm512_nh8_el2_dl1_df2048_expand2_dc4_fc3_ebtimeF_dtTrue_Exp_0,Autoformer,96,96,1001,iprollcov.csv,Weather
0,0.06870483,0.0072843144,0.0853482,1.4167888,5.5726967,long_term_forecast_96_96Weather_w1251_ipfarm.csv_Crossformer_Weather_ftMS_sl96_ll48_pl96_dm512_nh8_el2_dl1_df2048_expand2_dc4_fc3_ebtimeF_dtTrue_Exp_0,Crossformer,96,96,1251,ipfarm.csv,Weather
0,0.0668949,0.007286178,0.08535911,1.5389514,7.5342846,long_term_forecast_96_96Weather_w1501_iprollcorr.csv_Autoformer_Weather_ftMS_sl96_ll48_pl96_dm512_nh8_el2_dl1_df2048_expand2_dc4_fc3_ebtimeF_dtTrue_Exp_0,Autoformer,96,96,1501,iprollcorr.csv,Weather
0,0.06735777,0.0073403693,0.085675955,1.537188,7.1523504,long_term_forecast_96_96Weather_w751_ipentropy.csv_Autoformer_Weather_ftMS_sl96_ll48_pl96_dm512_nh8_el2_dl1_df2048_expand2_dc4_fc3_ebtimeF_dtTrue_Exp_0,Autoformer,96,96,751,ipentropy.csv,Weather
0,0.065786935,0.007433285,0.0862165,1.4748147,7.5700006,long_term_forecast_192_96Weather.csv_Autoformer_Weather_ftMS_sl96_ll48_pl192_dm512_nh8_el2_dl1_df2048_expand2_dc4_fc3_ebtimeF_dtTrue_Exp_0,Autoformer,192,96,,identity,Weather
0,0.07362514,0.0074533117,0.08633257,1.2721097,2.9262187,long_term_forecast_96_96Weather_w751_ipfarm.csv_Crossformer_Weather_ftMS_sl96_ll48_pl96_dm512_nh8_el2_dl1_df2048_expand2_dc4_fc3_ebtimeF_dtTrue_Exp_0,Crossformer,96,96,751,ipfarm.csv,Weather
0,0.06856264,0.007601862,0.08718865,1.6007969,10.259963,long_term_forecast_96_96Weather_w1251_pfarm.csv_Autoformer_Weather_ftMS_sl96_ll48_pl96_dm512_nh8_el2_dl1_df2048_expand2_dc4_fc3_ebtimeF_dtTrue_Exp_0,Autoformer,96,96,1251,pfarm.csv,Weather
0,0.06758179,0.0077433544,0.087996334,1.5911404,8.75983,long_term_forecast_96_96Weather_w501_ipfarm.csv_Autoformer_Weather_ftMS_sl96_ll48_pl96_dm512_nh8_el2_dl1_df2048_expand2_dc4_fc3_ebtimeF_dtTrue_Exp_0,Autoformer,96,96,501,ipfarm.csv,Weather
0,0.07000151,0.007980091,0.08933135,1.5995376,8.439914,long_term_forecast_96_96Weather.csv_Autoformer_Weather_ftMS_sl96_ll48_pl96_dm512_nh8_el2_dl1_df2048_expand2_dc4_fc3_ebtimeF_dtTrue_Exp_0,Autoformer,96,96,,identity,Weather
0,0.07810518,0.008053802,0.08974298,1.4826839,4.6107054,long_term_forecast_96_96Weather_w501_pmutual_info.csv_Crossformer_Weather_ftMS_sl96_ll48_pl96_dm512_nh8_el2_dl1_df2048_expand2_dc4_fc3_ebtimeF_dtTrue_Exp_0,Crossformer,96,96,501,pmutual_info.csv,Weather
0,0.07294394,0.00822573,0.090695806,1.6244876,8.86928,long_term_forecast_96_96Weather_w1001_pmutual_info.csv_Autoformer_Weather_ftMS_sl96_ll48_pl96_dm512_nh8_el2_dl1_df2048_expand2_dc4_fc3_ebtimeF_dtTrue_Exp_0,Autoformer,96,96,1001,pmutual_info.csv,Weather
0,0.07153438,0.008362687,0.091447726,1.6707902,9.419201,long_term_forecast_96_96Weather_w751_ipfarm.csv_Autoformer_Weather_ftMS_sl96_ll48_pl96_dm512_nh8_el2_dl1_df2048_expand2_dc4_fc3_ebtimeF_dtTrue_Exp_0,Autoformer,96,96,751,ipfarm.csv,Weather
0,0.07480996,0.008506608,0.09223127,1.7197233,8.679108,long_term_forecast_96_96Weather_w501_prollcov.csv_Autoformer_Weather_ftMS_sl96_ll48_pl96_dm512_nh8_el2_dl1_df2048_expand2_dc4_fc3_ebtimeF_dtTrue_Exp_0,Autoformer,96,96,501,prollcov.csv,Weather
0,0.07368853,0.008540786,0.092416376,1.7491661,10.917757,long_term_forecast_96_96Weather_w501_pfarm.csv_Autoformer_Weather_ftMS_sl96_ll48_pl96_dm512_nh8_el2_dl1_df2048_expand2_dc4_fc3_ebtimeF_dtTrue_Exp_0,Autoformer,96,96,501,pfarm.csv,Weather
0,0.07220592,0.008629229,0.092893645,1.6586021,9.297268,long_term_forecast_96_96Weather_w1501_ipfarm.csv_Autoformer_Weather_ftMS_sl96_ll48_pl96_dm512_nh8_el2_dl1_df2048_expand2_dc4_fc3_ebtimeF_dtTrue_Exp_0,Autoformer,96,96,1501,ipfarm.csv,Weather
0,0.07066473,0.008648395,0.09299675,1.6856544,10.699885,long_term_forecast_96_96Weather_w1251_ipentropy.csv_Autoformer_Weather_ftMS_sl96_ll48_pl96_dm512_nh8_el2_dl1_df2048_expand2_dc4_fc3_ebtimeF_dtTrue_Exp_0,Autoformer,96,96,1251,ipentropy.csv,Weather
0,0.073577836,0.008680853,0.0931711,1.6973889,10.315985,long_term_forecast_96_96Weather_w1501_iprollcov.csv_Autoformer_Weather_ftMS_sl96_ll48_pl96_dm512_nh8_el2_dl1_df2048_expand2_dc4_fc3_ebtimeF_dtTrue_Exp_0,Autoformer,96,96,1501,iprollcov.csv,Weather
0,0.07944982,0.0087015275,0.09328198,1.3955761,3.5350406,long_term_forecast_96_96Weather_w751_pmutual_info.csv_Crossformer_Weather_ftMS_sl96_ll48_pl96_dm512_nh8_el2_dl1_df2048_expand2_dc4_fc3_ebtimeF_dtTrue_Exp_0,Crossformer,96,96,751,pmutual_info.csv,Weather
0,0.0741026,0.008778964,0.093696125,1.7157851,9.747836,long_term_forecast_96_96Weather_w1501_pentropy.csv_Autoformer_Weather_ftMS_sl96_ll48_pl96_dm512_nh8_el2_dl1_df2048_expand2_dc4_fc3_ebtimeF_dtTrue_Exp_0,Autoformer,96,96,1501,pentropy.csv,Weather
0,0.073907845,0.008848993,0.094069086,1.6952546,9.571682,long_term_forecast_96_96Weather_w1501_ipmutual_info.csv_Autoformer_Weather_ftMS_sl96_ll48_pl96_dm512_nh8_el2_dl1_df2048_expand2_dc4_fc3_ebtimeF_dtTrue_Exp_0,Autoformer,96,96,1501,ipmutual_info.csv,Weather
0,0.074148245,0.008857332,0.0941134,1.7383387,10.77586,long_term_forecast_96_96Weather_w501_ipentropy.csv_Autoformer_Weather_ftMS_sl96_ll48_pl96_dm512_nh8_el2_dl1_df2048_expand2_dc4_fc3_ebtimeF_dtTrue_Exp_0,Autoformer,96,96,501,ipentropy.csv,Weather
0,0.070485756,0.008867814,0.09416907,1.6335579,9.848325,long_term_forecast_96_96Weather_w1001_pentropy.csv_Autoformer_Weather_ftMS_sl96_ll48_pl96_dm512_nh8_el2_dl1_df2048_expand2_dc4_fc3_ebtimeF_dtTrue_Exp_0,Autoformer,96,96,1001,pentropy.csv,Weather
0,0.06661123,0.008894613,0.09431126,1.5508796,9.181619,long_term_forecast_96_96Weather_w1501_pfarm.csv_Autoformer_Weather_ftMS_sl96_ll48_pl96_dm512_nh8_el2_dl1_df2048_expand2_dc4_fc3_ebtimeF_dtTrue_Exp_0,Autoformer,96,96,1501,pfarm.csv,Weather
0,0.073542014,0.008899138,0.09433524,1.6576949,8.151622,long_term_forecast_96_96Weather_w1251_ipfarm.csv_Autoformer_Weather_ftMS_sl96_ll48_pl96_dm512_nh8_el2_dl1_df2048_expand2_dc4_fc3_ebtimeF_dtTrue_Exp_0,Autoformer,96,96,1251,ipfarm.csv,Weather
0,0.07291476,0.009009754,0.094919726,1.7908617,11.495797,long_term_forecast_96_96Weather_w501_pmutual_info.csv_Autoformer_Weather_ftMS_sl96_ll48_pl96_dm512_nh8_el2_dl1_df2048_expand2_dc4_fc3_ebtimeF_dtTrue_Exp_0,Autoformer,96,96,501,pmutual_info.csv,Weather
0,0.07545967,0.009125689,0.095528476,1.7534766,10.088887,long_term_forecast_96_96Weather_w1251_iprollcov.csv_Autoformer_Weather_ftMS_sl96_ll48_pl96_dm512_nh8_el2_dl1_df2048_expand2_dc4_fc3_ebtimeF_dtTrue_Exp_0,Autoformer,96,96,1251,iprollcov.csv,Weather
0,0.070584625,0.009171639,0.095768675,1.6563212,10.860054,long_term_forecast_96_96Weather_w1001_ipfarm.csv_Autoformer_Weather_ftMS_sl96_ll48_pl96_dm512_nh8_el2_dl1_df2048_expand2_dc4_fc3_ebtimeF_dtTrue_Exp_0,Autoformer,96,96,1001,ipfarm.csv,Weather
0,0.07487635,0.0092361,0.09610463,1.6463768,12.030622,long_term_forecast_96_96Weather_w1501_pmutual_info.csv_Autoformer_Weather_ftMS_sl96_ll48_pl96_dm512_nh8_el2_dl1_df2048_expand2_dc4_fc3_ebtimeF_dtTrue_Exp_0,Autoformer,96,96,1501,pmutual_info.csv,Weather
0,0.04807535,0.009332507,0.0966049,0.84299135,6.5458593,long_term_forecast_96_96Weather_w1251_psmoothrandomwalk.csv_Crossformer_Weather_ftMS_sl96_ll48_pl96_dm512_nh8_el2_dl1_df2048_expand2_dc4_fc3_ebtimeF_dtTrue_Exp_0,Crossformer,96,96,1251,psmoothrandomwalk.csv,Weather
0,0.075647585,0.009427015,0.097092815,1.8158914,11.735995,long_term_forecast_96_96Weather_w751_pfarm.csv_Autoformer_Weather_ftMS_sl96_ll48_pl96_dm512_nh8_el2_dl1_df2048_expand2_dc4_fc3_ebtimeF_dtTrue_Exp_0,Autoformer,96,96,751,pfarm.csv,Weather
0,0.07650551,0.009975602,0.09987794,1.7895894,11.992482,long_term_forecast_96_96Weather_w1001_ipmutual_info.csv_Autoformer_Weather_ftMS_sl96_ll48_pl96_dm512_nh8_el2_dl1_df2048_expand2_dc4_fc3_ebtimeF_dtTrue_Exp_0,Autoformer,96,96,1001,ipmutual_info.csv,Weather
0,0.07966811,0.010276192,0.10137156,1.9378735,14.1253,long_term_forecast_96_96Weather_w751_iprollcov.csv_Autoformer_Weather_ftMS_sl96_ll48_pl96_dm512_nh8_el2_dl1_df2048_expand2_dc4_fc3_ebtimeF_dtTrue_Exp_0,Autoformer,96,96,751,iprollcov.csv,Weather
0,0.07200392,0.010288017,0.101429865,1.6855328,10.663719,long_term_forecast_96_96Weather_w751_prollcorr.csv_Autoformer_Weather_ftMS_sl96_ll48_pl96_dm512_nh8_el2_dl1_df2048_expand2_dc4_fc3_ebtimeF_dtTrue_Exp_0,Autoformer,96,96,751,prollcorr.csv,Weather
0,0.0771911,0.010402636,0.101993315,1.860788,12.205324,long_term_forecast_96_96Weather_w501_iprollcov.csv_Autoformer_Weather_ftMS_sl96_ll48_pl96_dm512_nh8_el2_dl1_df2048_expand2_dc4_fc3_ebtimeF_dtTrue_Exp_0,Autoformer,96,96,501,iprollcov.csv,Weather
0,0.08230736,0.01054331,0.10268062,1.9309182,12.090842,long_term_forecast_96_96Weather_w1251_psmoothrandomwalk.csv_Autoformer_Weather_ftMS_sl96_ll48_pl96_dm512_nh8_el2_dl1_df2048_expand2_dc4_fc3_ebtimeF_dtTrue_Exp_0,Autoformer,96,96,1251,psmoothrandomwalk.csv,Weather
0,0.080683164,0.01058577,0.10288717,1.964004,13.168675,long_term_forecast_96_96Weather_w501_psmoothrandomwalk.csv_Crossformer_Weather_ftMS_sl96_ll48_pl96_dm512_nh8_el2_dl1_df2048_expand2_dc4_fc3_ebtimeF_dtTrue_Exp_0,Crossformer,96,96,501,psmoothrandomwalk.csv,Weather
0,0.083986446,0.0106117,0.103013106,1.9274287,10.059233,long_term_forecast_96_96Weather_w751_pmutual_info.csv_Autoformer_Weather_ftMS_sl96_ll48_pl96_dm512_nh8_el2_dl1_df2048_expand2_dc4_fc3_ebtimeF_dtTrue_Exp_0,Autoformer,96,96,751,pmutual_info.csv,Weather
0,0.07330581,0.011049884,0.10511843,1.7623565,16.67176,long_term_forecast_96_96Weather_w1251_ipmutual_info.csv_Autoformer_Weather_ftMS_sl96_ll48_pl96_dm512_nh8_el2_dl1_df2048_expand2_dc4_fc3_ebtimeF_dtTrue_Exp_0,Autoformer,96,96,1251,ipmutual_info.csv,Weather
0,0.044134066,0.011105467,0.10538248,0.8331806,3.8703165,long_term_forecast_96_96Weather_w1001_prollcov.csv_Crossformer_Weather_ftMS_sl96_ll48_pl96_dm512_nh8_el2_dl1_df2048_expand2_dc4_fc3_ebtimeF_dtTrue_Exp_0,Crossformer,96,96,1001,prollcov.csv,Weather
0,0.06421869,0.011119276,0.10544798,1.486172,7.9077687,long_term_forecast_96_96Weather_w751_psmoothrandomwalk.csv_Crossformer_Weather_ftMS_sl96_ll48_pl96_dm512_nh8_el2_dl1_df2048_expand2_dc4_fc3_ebtimeF_dtTrue_Exp_0,Crossformer,96,96,751,psmoothrandomwalk.csv,Weather
0,0.06666002,0.011217971,0.10591493,1.4956757,13.241027,long_term_forecast_336_96Weather_w1001_prollcorr.csv_Autoformer_Weather_ftMS_sl96_ll48_pl336_dm512_nh8_el2_dl1_df2048_expand2_dc4_fc3_ebtimeF_dtTrue_Exp_0,Autoformer,336,96,1001,prollcorr.csv,Weather
0,0.08401077,0.011519078,0.10732697,1.9775853,14.136973,long_term_forecast_96_96Weather_w501_prandomwalk.csv_Autoformer_Weather_ftMS_sl96_ll48_pl96_dm512_nh8_el2_dl1_df2048_expand2_dc4_fc3_ebtimeF_dtTrue_Exp_0,Autoformer,96,96,501,prandomwalk.csv,Weather
0,0.08230079,0.011782784,0.10854853,1.9260807,13.310034,long_term_forecast_96_96Weather_w751_iprollcorr.csv_Autoformer_Weather_ftMS_sl96_ll48_pl96_dm512_nh8_el2_dl1_df2048_expand2_dc4_fc3_ebtimeF_dtTrue_Exp_0,Autoformer,96,96,751,iprollcorr.csv,Weather
0,0.07619956,0.011811931,0.10868271,1.8074075,15.485416,long_term_forecast_96_96Weather_w1251_iprollcorr.csv_Autoformer_Weather_ftMS_sl96_ll48_pl96_dm512_nh8_el2_dl1_df2048_expand2_dc4_fc3_ebtimeF_dtTrue_Exp_0,Autoformer,96,96,1251,iprollcorr.csv,Weather
0,0.05380046,0.012159043,0.11026805,0.94642943,25.429424,long_term_forecast_96_96Weather_w1501_ipmutual_info.csv_Crossformer_Weather_ftMS_sl96_ll48_pl96_dm512_nh8_el2_dl1_df2048_expand2_dc4_fc3_ebtimeF_dtTrue_Exp_0,Crossformer,96,96,1501,ipmutual_info.csv,Weather
0,0.08668419,0.012252947,0.11069303,2.0448804,13.566554,long_term_forecast_96_96Weather_w501_iprandomwalk.csv_Autoformer_Weather_ftMS_sl96_ll48_pl96_dm512_nh8_el2_dl1_df2048_expand2_dc4_fc3_ebtimeF_dtTrue_Exp_0,Autoformer,96,96,501,iprandomwalk.csv,Weather
0,0.076060556,0.012777204,0.1130363,1.5060934,6.9179134,long_term_forecast_96_96Weather_w1501_iprollcorr.csv_Crossformer_Weather_ftMS_sl96_ll48_pl96_dm512_nh8_el2_dl1_df2048_expand2_dc4_fc3_ebtimeF_dtTrue_Exp_0,Crossformer,96,96,1501,iprollcorr.csv,Weather
0,0.08118113,0.012792716,0.11310489,1.8863199,11.84306,long_term_forecast_96_96Weather_w751_prollcov.csv_Autoformer_Weather_ftMS_sl96_ll48_pl96_dm512_nh8_el2_dl1_df2048_expand2_dc4_fc3_ebtimeF_dtTrue_Exp_0,Autoformer,96,96,751,prollcov.csv,Weather
0,0.08057952,0.013308222,0.115361266,1.9015946,15.798169,long_term_forecast_96_96Weather_w1251_prollcov.csv_Autoformer_Weather_ftMS_sl96_ll48_pl96_dm512_nh8_el2_dl1_df2048_expand2_dc4_fc3_ebtimeF_dtTrue_Exp_0,Autoformer,96,96,1251,prollcov.csv,Weather
0,0.08536696,0.013492966,0.11615923,2.0878599,21.409191,long_term_forecast_96_96Weather_w501_iprollcorr.csv_Autoformer_Weather_ftMS_sl96_ll48_pl96_dm512_nh8_el2_dl1_df2048_expand2_dc4_fc3_ebtimeF_dtTrue_Exp_0,Autoformer,96,96,501,iprollcorr.csv,Weather
0,0.088296935,0.013495899,0.11617185,2.1509387,20.424904,long_term_forecast_96_96Weather_w1251_prollcorr.csv_Autoformer_Weather_ftMS_sl96_ll48_pl96_dm512_nh8_el2_dl1_df2048_expand2_dc4_fc3_ebtimeF_dtTrue_Exp_0,Autoformer,96,96,1251,prollcorr.csv,Weather
0,0.090322465,0.013919563,0.117981195,2.1948621,17.55649,long_term_forecast_96_96Weather_w1501_ipsmoothrandomwalk.csv_Autoformer_Weather_ftMS_sl96_ll48_pl96_dm512_nh8_el2_dl1_df2048_expand2_dc4_fc3_ebtimeF_dtTrue_Exp_0,Autoformer,96,96,1501,ipsmoothrandomwalk.csv,Weather
0,0.083021976,0.014017633,0.11839609,2.0242136,17.588226,long_term_forecast_96_96Weather_w501_prollcorr.csv_Autoformer_Weather_ftMS_sl96_ll48_pl96_dm512_nh8_el2_dl1_df2048_expand2_dc4_fc3_ebtimeF_dtTrue_Exp_0,Autoformer,96,96,501,prollcorr.csv,Weather
0,0.093374565,0.014488572,0.12036849,2.2649462,17.99753,long_term_forecast_96_96Weather_w1001_ipsmoothrandomwalk.csv_Autoformer_Weather_ftMS_sl96_ll48_pl96_dm512_nh8_el2_dl1_df2048_expand2_dc4_fc3_ebtimeF_dtTrue_Exp_0,Autoformer,96,96,1001,ipsmoothrandomwalk.csv,Weather
0,0.09954518,0.015607106,0.1249284,2.3335652,18.226072,long_term_forecast_96_96Weather_w1001_psmoothrandomwalk.csv_Autoformer_Weather_ftMS_sl96_ll48_pl96_dm512_nh8_el2_dl1_df2048_expand2_dc4_fc3_ebtimeF_dtTrue_Exp_0,Autoformer,96,96,1001,psmoothrandomwalk.csv,Weather
0,0.09619892,0.015856056,0.12592083,2.3609908,26.912558,long_term_forecast_96_96Weather_w501_ipmutual_info.csv_Autoformer_Weather_ftMS_sl96_ll48_pl96_dm512_nh8_el2_dl1_df2048_expand2_dc4_fc3_ebtimeF_dtTrue_Exp_0,Autoformer,96,96,501,ipmutual_info.csv,Weather
0,0.06942321,0.015937874,0.12624529,1.7352201,47.232162,long_term_forecast_96_96Weather_w1251_pentropy.csv_Autoformer_Weather_ftMS_sl96_ll48_pl96_dm512_nh8_el2_dl1_df2048_expand2_dc4_fc3_ebtimeF_dtTrue_Exp_0,Autoformer,96,96,1251,pentropy.csv,Weather
0,0.08277926,0.016110543,0.12692732,1.9442657,19.256624,long_term_forecast_192_96Weather_w1001_prollcorr.csv_Autoformer_Weather_ftMS_sl96_ll48_pl192_dm512_nh8_el2_dl1_df2048_expand2_dc4_fc3_ebtimeF_dtTrue_Exp_0,Autoformer,192,96,1001,prollcorr.csv,Weather
0,0.10252398,0.018152256,0.13473031,2.4734178,23.686028,long_term_forecast_96_96Weather_w751_psmoothrandomwalk.csv_Autoformer_Weather_ftMS_sl96_ll48_pl96_dm512_nh8_el2_dl1_df2048_expand2_dc4_fc3_ebtimeF_dtTrue_Exp_0,Autoformer,96,96,751,psmoothrandomwalk.csv,Weather
0,0.10228188,0.019234527,0.1386886,2.460743,26.953978,long_term_forecast_96_96Weather_w1501_psmoothrandomwalk.csv_Autoformer_Weather_ftMS_sl96_ll48_pl96_dm512_nh8_el2_dl1_df2048_expand2_dc4_fc3_ebtimeF_dtTrue_Exp_0,Autoformer,96,96,1501,psmoothrandomwalk.csv,Weather
0,0.034688193,0.019281723,0.13885865,0.6969026,3.633222,long_term_forecast_96_96Weather_w751_ipentropy.csv_Crossformer_Weather_ftMS_sl96_ll48_pl96_dm512_nh8_el2_dl1_df2048_expand2_dc4_fc3_ebtimeF_dtTrue_Exp_0,Crossformer,96,96,751,ipentropy.csv,Weather
0,0.11169904,0.019536274,0.13977222,2.6776876,25.780304,long_term_forecast_96_96Weather_w1251_ipsmoothrandomwalk.csv_Autoformer_Weather_ftMS_sl96_ll48_pl96_dm512_nh8_el2_dl1_df2048_expand2_dc4_fc3_ebtimeF_dtTrue_Exp_0,Autoformer,96,96,1251,ipsmoothrandomwalk.csv,Weather
0,0.10359931,0.02194664,0.14814399,2.3849037,20.22683,long_term_forecast_96_96Weather_w1501_prollcov.csv_Autoformer_Weather_ftMS_sl96_ll48_pl96_dm512_nh8_el2_dl1_df2048_expand2_dc4_fc3_ebtimeF_dtTrue_Exp_0,Autoformer,96,96,1501,prollcov.csv,Weather
0,0.058187976,0.023167014,0.15220714,1.4055343,14.883844,long_term_forecast_96_96Weather_w1251_iprollcorr.csv_Crossformer_Weather_ftMS_sl96_ll48_pl96_dm512_nh8_el2_dl1_df2048_expand2_dc4_fc3_ebtimeF_dtTrue_Exp_0,Crossformer,96,96,1251,iprollcorr.csv,Weather
0,0.12002166,0.02514462,0.15857056,2.9208841,30.64857,long_term_forecast_96_96Weather_w751_ipsmoothrandomwalk.csv_Autoformer_Weather_ftMS_sl96_ll48_pl96_dm512_nh8_el2_dl1_df2048_expand2_dc4_fc3_ebtimeF_dtTrue_Exp_0,Autoformer,96,96,751,ipsmoothrandomwalk.csv,Weather
0,0.114149414,0.025651656,0.16016135,2.8369074,42.94295,long_term_forecast_96_96Weather_w1001_iprollcorr.csv_Autoformer_Weather_ftMS_sl96_ll48_pl96_dm512_nh8_el2_dl1_df2048_expand2_dc4_fc3_ebtimeF_dtTrue_Exp_0,Autoformer,96,96,1001,iprollcorr.csv,Weather
0,0.04996204,0.027841369,0.16685733,0.89276385,12.326506,long_term_forecast_96_96Weather_w1251_pentropy.csv_Crossformer_Weather_ftMS_sl96_ll48_pl96_dm512_nh8_el2_dl1_df2048_expand2_dc4_fc3_ebtimeF_dtTrue_Exp_0,Crossformer,96,96,1251,pentropy.csv,Weather
0,0.11924976,0.0279722,0.16724892,2.8716655,32.819725,long_term_forecast_96_96Weather_w751_ipmutual_info.csv_Autoformer_Weather_ftMS_sl96_ll48_pl96_dm512_nh8_el2_dl1_df2048_expand2_dc4_fc3_ebtimeF_dtTrue_Exp_0,Autoformer,96,96,751,ipmutual_info.csv,Weather
0,0.12577529,0.028265199,0.16812257,0.10321808,0.023618897,long_term_forecast_96_96ETTm1_w751_iprollcorr.csv_TimeXer_ETTm1_ftMS_sl96_ll48_pl96_dm512_nh8_el1_dl1_df2048_expand2_dc4_fc3_ebtimeF_dtTrue_Exp_0,TimeXer,96,96,751,iprollcorr.csv,ETTm1
0,0.12586106,0.02827498,0.16815166,0.10348945,0.02367938,long_term_forecast_96_96ETTm1_w1251_ipsmoothrandomwalk.csv_TimeXer_ETTm1_ftMS_sl96_ll48_pl96_dm512_nh8_el1_dl1_df2048_expand2_dc4_fc3_ebtimeF_dtTrue_Exp_0,TimeXer,96,96,1251,ipsmoothrandomwalk.csv,ETTm1
0,0.12576033,0.028287193,0.16818798,0.10333829,0.023654725,long_term_forecast_96_96ETTm1_w1501_ipfarm.csv_TimeXer_ETTm1_ftMS_sl96_ll48_pl96_dm512_nh8_el1_dl1_df2048_expand2_dc4_fc3_ebtimeF_dtTrue_Exp_0,TimeXer,96,96,1501,ipfarm.csv,ETTm1
0,0.12572642,0.028322827,0.16829388,0.10342317,0.02371479,long_term_forecast_96_96ETTm1_w1001_pentropy.csv_TimeXer_ETTm1_ftMS_sl96_ll48_pl96_dm512_nh8_el1_dl1_df2048_expand2_dc4_fc3_ebtimeF_dtTrue_Exp_0,TimeXer,96,96,1001,pentropy.csv,ETTm1
0,0.12573421,0.028323984,0.1682973,0.10335145,0.023698458,long_term_forecast_96_96ETTm1_w1001_ipmutual_info.csv_TimeXer_ETTm1_ftMS_sl96_ll48_pl96_dm512_nh8_el1_dl1_df2048_expand2_dc4_fc3_ebtimeF_dtTrue_Exp_0,TimeXer,96,96,1001,ipmutual_info.csv,ETTm1
0,0.1259648,0.028366068,0.1684223,0.10338174,0.023637602,long_term_forecast_96_96ETTm1_w1501_ipmutual_info.csv_TimeXer_ETTm1_ftMS_sl96_ll48_pl96_dm512_nh8_el1_dl1_df2048_expand2_dc4_fc3_ebtimeF_dtTrue_Exp_0,TimeXer,96,96,1501,ipmutual_info.csv,ETTm1
0,0.125794,0.028387906,0.16848712,0.102859765,0.023253078,long_term_forecast_96_96ETTm1_w1251_ipmutual_info.csv_TimeXer_ETTm1_ftMS_sl96_ll48_pl96_dm512_nh8_el1_dl1_df2048_expand2_dc4_fc3_ebtimeF_dtTrue_Exp_0,TimeXer,96,96,1251,ipmutual_info.csv,ETTm1
0,0.12610571,0.028394949,0.16850801,0.1033916,0.02350258,long_term_forecast_96_96ETTm1_w1251_ipfarm.csv_TimeXer_ETTm1_ftMS_sl96_ll48_pl96_dm512_nh8_el1_dl1_df2048_expand2_dc4_fc3_ebtimeF_dtTrue_Exp_0,TimeXer,96,96,1251,ipfarm.csv,ETTm1
0,0.12597653,0.028397107,0.16851442,0.103174105,0.023431512,long_term_forecast_96_96ETTm1_w1501_pentropy.csv_TimeXer_ETTm1_ftMS_sl96_ll48_pl96_dm512_nh8_el1_dl1_df2048_expand2_dc4_fc3_ebtimeF_dtTrue_Exp_0,TimeXer,96,96,1501,pentropy.csv,ETTm1
0,0.12578183,0.028415835,0.16856997,0.10317384,0.023613457,long_term_forecast_96_96ETTm1_w501_ipmutual_info.csv_TimeXer_ETTm1_ftMS_sl96_ll48_pl96_dm512_nh8_el1_dl1_df2048_expand2_dc4_fc3_ebtimeF_dtTrue_Exp_0,TimeXer,96,96,501,ipmutual_info.csv,ETTm1
0,0.125854,0.028421555,0.16858694,0.103145644,0.023575382,long_term_forecast_96_96ETTm1_w751_ipfarm.csv_TimeXer_ETTm1_ftMS_sl96_ll48_pl96_dm512_nh8_el1_dl1_df2048_expand2_dc4_fc3_ebtimeF_dtTrue_Exp_0,TimeXer,96,96,751,ipfarm.csv,ETTm1
0,0.12623458,0.02843168,0.16861697,0.10346565,0.023492161,long_term_forecast_96_96ETTm1_w1001_ipfarm.csv_TimeXer_ETTm1_ftMS_sl96_ll48_pl96_dm512_nh8_el1_dl1_df2048_expand2_dc4_fc3_ebtimeF_dtTrue_Exp_0,TimeXer,96,96,1001,ipfarm.csv,ETTm1
0,0.12621355,0.028436499,0.16863126,0.10377491,0.02388051,long_term_forecast_96_96ETTm1_w1001_ipentropy.csv_TimeXer_ETTm1_ftMS_sl96_ll48_pl96_dm512_nh8_el1_dl1_df2048_expand2_dc4_fc3_ebtimeF_dtTrue_Exp_0,TimeXer,96,96,1001,ipentropy.csv,ETTm1
0,0.12628989,0.02845277,0.16867949,0.10388963,0.02386958,long_term_forecast_96_96ETTm1_w1251_ipentropy.csv_TimeXer_ETTm1_ftMS_sl96_ll48_pl96_dm512_nh8_el1_dl1_df2048_expand2_dc4_fc3_ebtimeF_dtTrue_Exp_0,TimeXer,96,96,1251,ipentropy.csv,ETTm1
0,0.12610103,0.028490292,0.16879067,0.10327416,0.023400793,long_term_forecast_96_96ETTm1_w1251_prollcov.csv_TimeXer_ETTm1_ftMS_sl96_ll48_pl96_dm512_nh8_el1_dl1_df2048_expand2_dc4_fc3_ebtimeF_dtTrue_Exp_0,TimeXer,96,96,1251,prollcov.csv,ETTm1
0,0.12617429,0.028490722,0.16879195,0.10306393,0.023159774,long_term_forecast_96_96ETTm1_w501_pentropy.csv_TimeXer_ETTm1_ftMS_sl96_ll48_pl96_dm512_nh8_el1_dl1_df2048_expand2_dc4_fc3_ebtimeF_dtTrue_Exp_0,TimeXer,96,96,501,pentropy.csv,ETTm1
0,0.12622717,0.028493874,0.16880128,0.10317852,0.023219418,long_term_forecast_96_96ETTm1_w1501_ipentropy.csv_TimeXer_ETTm1_ftMS_sl96_ll48_pl96_dm512_nh8_el1_dl1_df2048_expand2_dc4_fc3_ebtimeF_dtTrue_Exp_0,TimeXer,96,96,1501,ipentropy.csv,ETTm1
0,0.12637268,0.028495742,0.16880682,0.10384416,0.023837559,long_term_forecast_96_96ETTm1.csv_TimeXer_ETTm1_ftMS_sl96_ll48_pl96_dm512_nh8_el1_dl1_df2048_expand2_dc4_fc3_ebtimeF_dtTrue_Exp_0,TimeXer,96,96,,identity,ETTm1
0,0.1262587,0.028499443,0.16881777,0.10400802,0.024272827,long_term_forecast_96_96ETTm1_w501_iprollcorr.csv_TimeXer_ETTm1_ftMS_sl96_ll48_pl96_dm512_nh8_el1_dl1_df2048_expand2_dc4_fc3_ebtimeF_dtTrue_Exp_0,TimeXer,96,96,501,iprollcorr.csv,ETTm1
0,0.1263426,0.028520457,0.16888002,0.10336831,0.023384297,long_term_forecast_96_96ETTm1_w751_pentropy.csv_TimeXer_ETTm1_ftMS_sl96_ll48_pl96_dm512_nh8_el1_dl1_df2048_expand2_dc4_fc3_ebtimeF_dtTrue_Exp_0,TimeXer,96,96,751,pentropy.csv,ETTm1
0,0.12653846,0.02852322,0.16888818,0.10372904,0.023549335,long_term_forecast_96_96ETTm1_w751_ipentropy.csv_TimeXer_ETTm1_ftMS_sl96_ll48_pl96_dm512_nh8_el1_dl1_df2048_expand2_dc4_fc3_ebtimeF_dtTrue_Exp_0,TimeXer,96,96,751,ipentropy.csv,ETTm1
0,0.12653765,0.0285332,0.16891773,0.10388586,0.02381537,long_term_forecast_96_96ETTm1_w501_ipentropy.csv_TimeXer_ETTm1_ftMS_sl96_ll48_pl96_dm512_nh8_el1_dl1_df2048_expand2_dc4_fc3_ebtimeF_dtTrue_Exp_0,TimeXer,96,96,501,ipentropy.csv,ETTm1
0,0.12613593,0.028548118,0.16896188,0.10323134,0.023485564,long_term_forecast_96_96ETTm1_w1251_pentropy.csv_TimeXer_ETTm1_ftMS_sl96_ll48_pl96_dm512_nh8_el1_dl1_df2048_expand2_dc4_fc3_ebtimeF_dtTrue_Exp_0,TimeXer,96,96,1251,pentropy.csv,ETTm1
0,0.12640336,0.028564066,0.16900907,0.10310941,0.023154348,long_term_forecast_96_96ETTm1_w501_ipfarm.csv_TimeXer_ETTm1_ftMS_sl96_ll48_pl96_dm512_nh8_el1_dl1_df2048_expand2_dc4_fc3_ebtimeF_dtTrue_Exp_0,TimeXer,96,96,501,ipfarm.csv,ETTm1
0,0.12643312,0.028576013,0.1690444,0.1038365,0.023779415,long_term_forecast_96_96ETTm1_w1001_iprollcov.csv_TimeXer_ETTm1_ftMS_sl96_ll48_pl96_dm512_nh8_el1_dl1_df2048_expand2_dc4_fc3_ebtimeF_dtTrue_Exp_0,TimeXer,96,96,1001,iprollcov.csv,ETTm1
0,0.12587114,0.02858876,0.1690821,0.102958925,0.02343302,long_term_forecast_96_96ETTm1_w1251_pfarm.csv_TimeXer_ETTm1_ftMS_sl96_ll48_pl96_dm512_nh8_el1_dl1_df2048_expand2_dc4_fc3_ebtimeF_dtTrue_Exp_0,TimeXer,96,96,1251,pfarm.csv,ETTm1
0,0.12659511,0.028589852,0.16908534,0.10390161,0.02378045,long_term_forecast_96_96ETTm1_w1501_iprollcov.csv_TimeXer_ETTm1_ftMS_sl96_ll48_pl96_dm512_nh8_el1_dl1_df2048_expand2_dc4_fc3_ebtimeF_dtTrue_Exp_0,TimeXer,96,96,1501,iprollcov.csv,ETTm1
0,0.1265117,0.028599616,0.16911422,0.10393905,0.024096223,long_term_forecast_96_96ETTm1_w1501_pfarm.csv_TimeXer_ETTm1_ftMS_sl96_ll48_pl96_dm512_nh8_el1_dl1_df2048_expand2_dc4_fc3_ebtimeF_dtTrue_Exp_0,TimeXer,96,96,1501,pfarm.csv,ETTm1
0,0.12664728,0.028601997,0.16912125,0.103824176,0.023626966,long_term_forecast_96_96ETTm1_w751_iprollcov.csv_TimeXer_ETTm1_ftMS_sl96_ll48_pl96_dm512_nh8_el1_dl1_df2048_expand2_dc4_fc3_ebtimeF_dtTrue_Exp_0,TimeXer,96,96,751,iprollcov.csv,ETTm1
0,0.12656428,0.02860727,0.16913684,0.104010224,0.024032589,long_term_forecast_96_96ETTm1_w501_iprandomwalk.csv_TimeXer_ETTm1_ftMS_sl96_ll48_pl96_dm512_nh8_el1_dl1_df2048_expand2_dc4_fc3_ebtimeF_dtTrue_Exp_0,TimeXer,96,96,501,iprandomwalk.csv,ETTm1
0,0.12637639,0.028647851,0.16925676,0.10355838,0.023633689,long_term_forecast_96_96ETTm1_w501_iprollcov.csv_TimeXer_ETTm1_ftMS_sl96_ll48_pl96_dm512_nh8_el1_dl1_df2048_expand2_dc4_fc3_ebtimeF_dtTrue_Exp_0,TimeXer,96,96,501,iprollcov.csv,ETTm1
0,0.12620541,0.028648635,0.16925907,0.10323138,0.0235296,long_term_forecast_96_96ETTm1_w1251_iprollcov.csv_TimeXer_ETTm1_ftMS_sl96_ll48_pl96_dm512_nh8_el1_dl1_df2048_expand2_dc4_fc3_ebtimeF_dtTrue_Exp_0,TimeXer,96,96,1251,iprollcov.csv,ETTm1
0,0.12678412,0.028693946,0.16939287,0.1041029,0.024054915,long_term_forecast_96_96ETTm1_w1001_iprollcorr.csv_TimeXer_ETTm1_ftMS_sl96_ll48_pl96_dm512_nh8_el1_dl1_df2048_expand2_dc4_fc3_ebtimeF_dtTrue_Exp_0,TimeXer,96,96,1001,iprollcorr.csv,ETTm1
0,0.12653214,0.028699003,0.1694078,0.10352078,0.02356175,long_term_forecast_96_96ETTm1_w501_prandomwalk.csv_TimeXer_ETTm1_ftMS_sl96_ll48_pl96_dm512_nh8_el1_dl1_df2048_expand2_dc4_fc3_ebtimeF_dtTrue_Exp_0,TimeXer,96,96,501,prandomwalk.csv,ETTm1
0,0.12667811,0.028705213,0.16942613,0.10417279,0.024171492,long_term_forecast_96_96ETTm1_w1501_prollcov.csv_TimeXer_ETTm1_ftMS_sl96_ll48_pl96_dm512_nh8_el1_dl1_df2048_expand2_dc4_fc3_ebtimeF_dtTrue_Exp_0,TimeXer,96,96,1501,prollcov.csv,ETTm1
0,0.12675668,0.02874107,0.16953191,0.103337616,0.02327647,long_term_forecast_96_96ETTm1_w1001_pfarm.csv_TimeXer_ETTm1_ftMS_sl96_ll48_pl96_dm512_nh8_el1_dl1_df2048_expand2_dc4_fc3_ebtimeF_dtTrue_Exp_0,TimeXer,96,96,1001,pfarm.csv,ETTm1
0,0.12731817,0.028754383,0.16957118,0.10522088,0.0248535,long_term_forecast_96_96ETTm1_w1251_psmoothrandomwalk.csv_TimeXer_ETTm1_ftMS_sl96_ll48_pl96_dm512_nh8_el1_dl1_df2048_expand2_dc4_fc3_ebtimeF_dtTrue_Exp_0,TimeXer,96,96,1251,psmoothrandomwalk.csv,ETTm1
0,0.12703553,0.028767936,0.16961113,0.104295865,0.024170535,long_term_forecast_96_96ETTm1_w1501_iprollcorr.csv_TimeXer_ETTm1_ftMS_sl96_ll48_pl96_dm512_nh8_el1_dl1_df2048_expand2_dc4_fc3_ebtimeF_dtTrue_Exp_0,TimeXer,96,96,1501,iprollcorr.csv,ETTm1
0,0.12647927,0.02877994,0.16964652,0.10347163,0.02375867,long_term_forecast_96_96ETTm1_w501_pfarm.csv_TimeXer_ETTm1_ftMS_sl96_ll48_pl96_dm512_nh8_el1_dl1_df2048_expand2_dc4_fc3_ebtimeF_dtTrue_Exp_0,TimeXer,96,96,501,pfarm.csv,ETTm1
0,0.12648873,0.028784456,0.16965982,0.10314306,0.0232304,long_term_forecast_96_96ETTm1_w751_ipmutual_info.csv_TimeXer_ETTm1_ftMS_sl96_ll48_pl96_dm512_nh8_el1_dl1_df2048_expand2_dc4_fc3_ebtimeF_dtTrue_Exp_0,TimeXer,96,96,751,ipmutual_info.csv,ETTm1
0,0.12683369,0.028802218,0.16971216,0.104135714,0.024196265,long_term_forecast_96_96ETTm1_w1251_iprollcorr.csv_TimeXer_ETTm1_ftMS_sl96_ll48_pl96_dm512_nh8_el1_dl1_df2048_expand2_dc4_fc3_ebtimeF_dtTrue_Exp_0,TimeXer,96,96,1251,iprollcorr.csv,ETTm1
0,0.12672369,0.028814206,0.16974747,0.10411237,0.02427887,long_term_forecast_96_96ETTm1_w1251_prollcorr.csv_TimeXer_ETTm1_ftMS_sl96_ll48_pl96_dm512_nh8_el1_dl1_df2048_expand2_dc4_fc3_ebtimeF_dtTrue_Exp_0,TimeXer,96,96,1251,prollcorr.csv,ETTm1
0,0.12680998,0.028818505,0.16976014,0.10407736,0.023968264,long_term_forecast_96_96ETTm1_w1001_prollcov.csv_TimeXer_ETTm1_ftMS_sl96_ll48_pl96_dm512_nh8_el1_dl1_df2048_expand2_dc4_fc3_ebtimeF_dtTrue_Exp_0,TimeXer,96,96,1001,prollcov.csv,ETTm1
0,0.12734953,0.028847558,0.16984569,0.10467972,0.024436293,long_term_forecast_96_96ETTm1_w751_pfarm.csv_TimeXer_ETTm1_ftMS_sl96_ll48_pl96_dm512_nh8_el1_dl1_df2048_expand2_dc4_fc3_ebtimeF_dtTrue_Exp_0,TimeXer,96,96,751,pfarm.csv,ETTm1
0,0.12664741,0.02886165,0.16988717,0.10395964,0.024185516,long_term_forecast_96_96ETTm1_w1501_pmutual_info.csv_TimeXer_ETTm1_ftMS_sl96_ll48_pl96_dm512_nh8_el1_dl1_df2048_expand2_dc4_fc3_ebtimeF_dtTrue_Exp_0,TimeXer,96,96,1501,pmutual_info.csv,ETTm1
0,0.12760879,0.02886711,0.16990323,0.105493516,0.024949182,long_term_forecast_96_96ETTm1_w751_psmoothrandomwalk.csv_TimeXer_ETTm1_ftMS_sl96_ll48_pl96_dm512_nh8_el1_dl1_df2048_expand2_dc4_fc3_ebtimeF_dtTrue_Exp_0,TimeXer,96,96,751,psmoothrandomwalk.csv,ETTm1
0,0.12703976,0.028887024,0.16996183,0.10409363,0.023933627,long_term_forecast_96_96ETTm1_w1501_prollcorr.csv_TimeXer_ETTm1_ftMS_sl96_ll48_pl96_dm512_nh8_el1_dl1_df2048_expand2_dc4_fc3_ebtimeF_dtTrue_Exp_0,TimeXer,96,96,1501,prollcorr.csv,ETTm1
0,0.12644628,0.028887903,0.16996442,0.10395933,0.02442136,long_term_forecast_96_96ETTm1_w1001_prollcorr.csv_TimeXer_ETTm1_ftMS_sl96_ll48_pl96_dm512_nh8_el1_dl1_df2048_expand2_dc4_fc3_ebtimeF_dtTrue_Exp_0,TimeXer,96,96,1001,prollcorr.csv,ETTm1
0,0.12756287,0.028893227,0.16998008,0.10538624,0.02488535,long_term_forecast_96_96ETTm1_w501_psmoothrandomwalk.csv_TimeXer_ETTm1_ftMS_sl96_ll48_pl96_dm512_nh8_el1_dl1_df2048_expand2_dc4_fc3_ebtimeF_dtTrue_Exp_0,TimeXer,96,96,501,psmoothrandomwalk.csv,ETTm1
0,0.12772214,0.02889672,0.16999035,0.105600774,0.025007484,long_term_forecast_96_96ETTm1_w1001_psmoothrandomwalk.csv_TimeXer_ETTm1_ftMS_sl96_ll48_pl96_dm512_nh8_el1_dl1_df2048_expand2_dc4_fc3_ebtimeF_dtTrue_Exp_0,TimeXer,96,96,1001,psmoothrandomwalk.csv,ETTm1
0,0.12749675,0.028900787,0.17000231,0.104690805,0.024138892,long_term_forecast_96_96ETTm1_w1001_pmutual_info.csv_TimeXer_ETTm1_ftMS_sl96_ll48_pl96_dm512_nh8_el1_dl1_df2048_expand2_dc4_fc3_ebtimeF_dtTrue_Exp_0,TimeXer,96,96,1001,pmutual_info.csv,ETTm1
0,0.12802073,0.028920906,0.17006147,0.10599663,0.025250757,long_term_forecast_96_96ETTm1_w1501_psmoothrandomwalk.csv_TimeXer_ETTm1_ftMS_sl96_ll48_pl96_dm512_nh8_el1_dl1_df2048_expand2_dc4_fc3_ebtimeF_dtTrue_Exp_0,TimeXer,96,96,1501,psmoothrandomwalk.csv,ETTm1
0,0.12660795,0.028944943,0.17013213,0.10361858,0.023852432,long_term_forecast_96_96ETTm1_w501_prollcov.csv_TimeXer_ETTm1_ftMS_sl96_ll48_pl96_dm512_nh8_el1_dl1_df2048_expand2_dc4_fc3_ebtimeF_dtTrue_Exp_0,TimeXer,96,96,501,prollcov.csv,ETTm1
0,0.12793323,0.028949518,0.17014557,0.10562568,0.024866529,long_term_forecast_96_96ETTm1_w1001_ipsmoothrandomwalk.csv_TimeXer_ETTm1_ftMS_sl96_ll48_pl96_dm512_nh8_el1_dl1_df2048_expand2_dc4_fc3_ebtimeF_dtTrue_Exp_0,TimeXer,96,96,1001,ipsmoothrandomwalk.csv,ETTm1
0,0.12718809,0.02895432,0.17015968,0.10436947,0.024077972,long_term_forecast_96_96ETTm1_w1251_pmutual_info.csv_TimeXer_ETTm1_ftMS_sl96_ll48_pl96_dm512_nh8_el1_dl1_df2048_expand2_dc4_fc3_ebtimeF_dtTrue_Exp_0,TimeXer,96,96,1251,pmutual_info.csv,ETTm1
0,0.12683523,0.028955594,0.17016344,0.10377405,0.023898663,long_term_forecast_96_96ETTm1_w501_prollcorr.csv_TimeXer_ETTm1_ftMS_sl96_ll48_pl96_dm512_nh8_el1_dl1_df2048_expand2_dc4_fc3_ebtimeF_dtTrue_Exp_0,TimeXer,96,96,501,prollcorr.csv,ETTm1
0,0.12727173,0.028969223,0.17020348,0.10466399,0.024375238,long_term_forecast_96_96ETTm1_w751_prollcov.csv_TimeXer_ETTm1_ftMS_sl96_ll48_pl96_dm512_nh8_el1_dl1_df2048_expand2_dc4_fc3_ebtimeF_dtTrue_Exp_0,TimeXer,96,96,751,prollcov.csv,ETTm1
0,0.12793864,0.028983625,0.17024578,0.10559602,0.024868917,long_term_forecast_96_96ETTm1_w751_ipsmoothrandomwalk.csv_TimeXer_ETTm1_ftMS_sl96_ll48_pl96_dm512_nh8_el1_dl1_df2048_expand2_dc4_fc3_ebtimeF_dtTrue_Exp_0,TimeXer,96,96,751,ipsmoothrandomwalk.csv,ETTm1
0,0.12790789,0.02900101,0.17029683,0.10545671,0.024752554,long_term_forecast_96_96ETTm1_w501_ipsmoothrandomwalk.csv_TimeXer_ETTm1_ftMS_sl96_ll48_pl96_dm512_nh8_el1_dl1_df2048_expand2_dc4_fc3_ebtimeF_dtTrue_Exp_0,TimeXer,96,96,501,ipsmoothrandomwalk.csv,ETTm1
0,0.1277989,0.0290313,0.17038575,0.10567032,0.025140679,long_term_forecast_96_96ETTm1_w1501_ipsmoothrandomwalk.csv_TimeXer_ETTm1_ftMS_sl96_ll48_pl96_dm512_nh8_el1_dl1_df2048_expand2_dc4_fc3_ebtimeF_dtTrue_Exp_0,TimeXer,96,96,1501,ipsmoothrandomwalk.csv,ETTm1
0,0.12893558,0.02911221,0.170623,0.10611217,0.024596784,long_term_forecast_96_96ETTm1_w751_ipsmoothrandomwalk.csv_iTransformer_ETTm1_ftMS_sl96_ll48_pl96_dm512_nh8_el2_dl1_df2048_expand2_dc4_fc1_ebtimeF_dtTrue_Exp_0,iTransformer,96,96,751,ipsmoothrandomwalk.csv,ETTm1
0,0.12941897,0.029133998,0.17068684,0.10689203,0.024968846,long_term_forecast_96_96ETTm1_w1251_ipsmoothrandomwalk.csv_iTransformer_ETTm1_ftMS_sl96_ll48_pl96_dm512_nh8_el2_dl1_df2048_expand2_dc4_fc1_ebtimeF_dtTrue_Exp_0,iTransformer,96,96,1251,ipsmoothrandomwalk.csv,ETTm1
0,0.12921979,0.029154241,0.17074613,0.106744386,0.025073834,long_term_forecast_96_96ETTm1_w751_psmoothrandomwalk.csv_iTransformer_ETTm1_ftMS_sl96_ll48_pl96_dm512_nh8_el2_dl1_df2048_expand2_dc4_fc1_ebtimeF_dtTrue_Exp_0,iTransformer,96,96,751,psmoothrandomwalk.csv,ETTm1
0,0.12924671,0.029163629,0.17077363,0.10678989,0.02507799,long_term_forecast_96_96ETTm1_w1251_psmoothrandomwalk.csv_iTransformer_ETTm1_ftMS_sl96_ll48_pl96_dm512_nh8_el2_dl1_df2048_expand2_dc4_fc1_ebtimeF_dtTrue_Exp_0,iTransformer,96,96,1251,psmoothrandomwalk.csv,ETTm1
0,0.12913395,0.029178534,0.17081726,0.10615916,0.024424596,long_term_forecast_96_96ETTm1_w1501_ipsmoothrandomwalk.csv_iTransformer_ETTm1_ftMS_sl96_ll48_pl96_dm512_nh8_el2_dl1_df2048_expand2_dc4_fc1_ebtimeF_dtTrue_Exp_0,iTransformer,96,96,1501,ipsmoothrandomwalk.csv,ETTm1
0,0.12935573,0.029194755,0.17086473,0.10652206,0.024679296,long_term_forecast_96_96ETTm1_w1501_psmoothrandomwalk.csv_iTransformer_ETTm1_ftMS_sl96_ll48_pl96_dm512_nh8_el2_dl1_df2048_expand2_dc4_fc1_ebtimeF_dtTrue_Exp_0,iTransformer,96,96,1501,psmoothrandomwalk.csv,ETTm1
0,0.12710442,0.029223824,0.17094977,0.10361477,0.023565494,long_term_forecast_96_96ETTm1_w501_pmutual_info.csv_PatchTST_ETTm1_ftMS_sl96_ll48_pl96_dm512_nh8_el1_dl1_df2048_expand2_dc4_fc3_ebtimeF_dtTrue_Exp_0,PatchTST,96,96,501,pmutual_info.csv,ETTm1
0,0.12921432,0.029229566,0.17096657,0.10655137,0.024841748,long_term_forecast_96_96ETTm1_w1001_ipsmoothrandomwalk.csv_iTransformer_ETTm1_ftMS_sl96_ll48_pl96_dm512_nh8_el2_dl1_df2048_expand2_dc4_fc1_ebtimeF_dtTrue_Exp_0,iTransformer,96,96,1001,ipsmoothrandomwalk.csv,ETTm1
0,0.12840667,0.029231094,0.17097104,0.10544589,0.024276748,long_term_forecast_96_96ETTm1_w751_pmutual_info.csv_TimeXer_ETTm1_ftMS_sl96_ll48_pl96_dm512_nh8_el1_dl1_df2048_expand2_dc4_fc3_ebtimeF_dtTrue_Exp_0,TimeXer,96,96,751,pmutual_info.csv,ETTm1
0,0.12939951,0.029235786,0.17098476,0.10665158,0.024834119,long_term_forecast_96_96ETTm1_w501_psmoothrandomwalk.csv_iTransformer_ETTm1_ftMS_sl96_ll48_pl96_dm512_nh8_el2_dl1_df2048_expand2_dc4_fc1_ebtimeF_dtTrue_Exp_0,iTransformer,96,96,501,psmoothrandomwalk.csv,ETTm1
0,0.12723169,0.02923961,0.17099594,0.103794925,0.023623206,long_term_forecast_96_96ETTm1_w751_pmutual_info.csv_PatchTST_ETTm1_ftMS_sl96_ll48_pl96_dm512_nh8_el1_dl1_df2048_expand2_dc4_fc3_ebtimeF_dtTrue_Exp_0,PatchTST,96,96,751,pmutual_info.csv,ETTm1
0,0.1274174,0.029258398,0.17105086,0.10398746,0.023569344,long_term_forecast_96_96ETTm1_w751_prollcorr.csv_TimeXer_ETTm1_ftMS_sl96_ll48_pl96_dm512_nh8_el1_dl1_df2048_expand2_dc4_fc3_ebtimeF_dtTrue_Exp_0,TimeXer,96,96,751,prollcorr.csv,ETTm1
0,0.1271927,0.029258903,0.17105234,0.103821166,0.023662431,long_term_forecast_96_96ETTm1_w501_pfarm.csv_PatchTST_ETTm1_ftMS_sl96_ll48_pl96_dm512_nh8_el1_dl1_df2048_expand2_dc4_fc3_ebtimeF_dtTrue_Exp_0,PatchTST,96,96,501,pfarm.csv,ETTm1
0,0.1272563,0.029295772,0.17116007,0.103761576,0.023523403,long_term_forecast_96_96ETTm1_w751_prollcov.csv_PatchTST_ETTm1_ftMS_sl96_ll48_pl96_dm512_nh8_el1_dl1_df2048_expand2_dc4_fc3_ebtimeF_dtTrue_Exp_0,PatchTST,96,96,751,prollcov.csv,ETTm1
0,0.12953386,0.029299969,0.17117234,0.106701344,0.02469365,long_term_forecast_96_96ETTm1_w501_ipsmoothrandomwalk.csv_iTransformer_ETTm1_ftMS_sl96_ll48_pl96_dm512_nh8_el2_dl1_df2048_expand2_dc4_fc1_ebtimeF_dtTrue_Exp_0,iTransformer,96,96,501,ipsmoothrandomwalk.csv,ETTm1
0,0.1273946,0.029302185,0.17117882,0.103939265,0.023602756,long_term_forecast_96_96ETTm1_w751_pfarm.csv_PatchTST_ETTm1_ftMS_sl96_ll48_pl96_dm512_nh8_el1_dl1_df2048_expand2_dc4_fc3_ebtimeF_dtTrue_Exp_0,PatchTST,96,96,751,pfarm.csv,ETTm1
0,0.12733836,0.02930507,0.17118724,0.10382889,0.023543295,long_term_forecast_96_96ETTm1_w501_prollcov.csv_PatchTST_ETTm1_ftMS_sl96_ll48_pl96_dm512_nh8_el1_dl1_df2048_expand2_dc4_fc3_ebtimeF_dtTrue_Exp_0,PatchTST,96,96,501,prollcov.csv,ETTm1
0,0.12733585,0.02931034,0.17120263,0.10387446,0.02359029,long_term_forecast_96_96ETTm1_w1001_pfarm.csv_PatchTST_ETTm1_ftMS_sl96_ll48_pl96_dm512_nh8_el1_dl1_df2048_expand2_dc4_fc3_ebtimeF_dtTrue_Exp_0,PatchTST,96,96,1001,pfarm.csv,ETTm1
0,0.12731074,0.029317778,0.17122436,0.10383742,0.023570282,long_term_forecast_96_96ETTm1_w501_ipmutual_info.csv_PatchTST_ETTm1_ftMS_sl96_ll48_pl96_dm512_nh8_el1_dl1_df2048_expand2_dc4_fc3_ebtimeF_dtTrue_Exp_0,PatchTST,96,96,501,ipmutual_info.csv,ETTm1
0,0.12749606,0.029318394,0.17122614,0.104104675,0.023668211,long_term_forecast_96_96ETTm1_w751_iprollcorr.csv_PatchTST_ETTm1_ftMS_sl96_ll48_pl96_dm512_nh8_el1_dl1_df2048_expand2_dc4_fc3_ebtimeF_dtTrue_Exp_0,PatchTST,96,96,751,iprollcorr.csv,ETTm1
0,0.12746574,0.029319193,0.17122848,0.103949614,0.023595912,long_term_forecast_96_96ETTm1_w501_iprollcorr.csv_PatchTST_ETTm1_ftMS_sl96_ll48_pl96_dm512_nh8_el1_dl1_df2048_expand2_dc4_fc3_ebtimeF_dtTrue_Exp_0,PatchTST,96,96,501,iprollcorr.csv,ETTm1
0,0.12739041,0.029321311,0.17123467,0.10390624,0.023597177,long_term_forecast_96_96ETTm1_w751_prollcorr.csv_PatchTST_ETTm1_ftMS_sl96_ll48_pl96_dm512_nh8_el1_dl1_df2048_expand2_dc4_fc3_ebtimeF_dtTrue_Exp_0,PatchTST,96,96,751,prollcorr.csv,ETTm1
0,0.1273144,0.029324388,0.17124365,0.10378841,0.023606822,long_term_forecast_96_96ETTm1_w1251_pmutual_info.csv_PatchTST_ETTm1_ftMS_sl96_ll48_pl96_dm512_nh8_el1_dl1_df2048_expand2_dc4_fc3_ebtimeF_dtTrue_Exp_0,PatchTST,96,96,1251,pmutual_info.csv,ETTm1
0,0.12738101,0.029326163,0.17124884,0.10389747,0.023595607,long_term_forecast_96_96ETTm1_w1001_ipmutual_info.csv_PatchTST_ETTm1_ftMS_sl96_ll48_pl96_dm512_nh8_el1_dl1_df2048_expand2_dc4_fc3_ebtimeF_dtTrue_Exp_0,PatchTST,96,96,1001,ipmutual_info.csv,ETTm1
0,0.12735571,0.029326856,0.17125085,0.103881285,0.023585416,long_term_forecast_96_96ETTm1_w1501_prollcov.csv_PatchTST_ETTm1_ftMS_sl96_ll48_pl96_dm512_nh8_el1_dl1_df2048_expand2_dc4_fc3_ebtimeF_dtTrue_Exp_0,PatchTST,96,96,1501,prollcov.csv,ETTm1
0,0.1297804,0.029330574,0.17126171,0.10722983,0.025145626,long_term_forecast_96_96ETTm1_w501_iprandomwalk.csv_iTransformer_ETTm1_ftMS_sl96_ll48_pl96_dm512_nh8_el2_dl1_df2048_expand2_dc4_fc1_ebtimeF_dtTrue_Exp_0,iTransformer,96,96,501,iprandomwalk.csv,ETTm1
0,0.12739293,0.029342469,0.17129643,0.10392322,0.023614798,long_term_forecast_96_96ETTm1_w751_ipfarm.csv_PatchTST_ETTm1_ftMS_sl96_ll48_pl96_dm512_nh8_el1_dl1_df2048_expand2_dc4_fc3_ebtimeF_dtTrue_Exp_0,PatchTST,96,96,751,ipfarm.csv,ETTm1
0,0.12730207,0.02934445,0.17130221,0.10380654,0.02357822,long_term_forecast_96_96ETTm1_w1501_ipmutual_info.csv_PatchTST_ETTm1_ftMS_sl96_ll48_pl96_dm512_nh8_el1_dl1_df2048_expand2_dc4_fc3_ebtimeF_dtTrue_Exp_0,PatchTST,96,96,1501,ipmutual_info.csv,ETTm1
0,0.1274866,0.029350132,0.1713188,0.104000464,0.023620814,long_term_forecast_96_96ETTm1_w1501_iprollcorr.csv_PatchTST_ETTm1_ftMS_sl96_ll48_pl96_dm512_nh8_el1_dl1_df2048_expand2_dc4_fc3_ebtimeF_dtTrue_Exp_0,PatchTST,96,96,1501,iprollcorr.csv,ETTm1
0,0.12754707,0.02935854,0.17134334,0.1040263,0.023607256,long_term_forecast_96_96ETTm1_w501_ipfarm.csv_PatchTST_ETTm1_ftMS_sl96_ll48_pl96_dm512_nh8_el1_dl1_df2048_expand2_dc4_fc3_ebtimeF_dtTrue_Exp_0,PatchTST,96,96,501,ipfarm.csv,ETTm1
0,0.12746364,0.029362738,0.17135559,0.10395566,0.023587704,long_term_forecast_96_96ETTm1_w1001_ipfarm.csv_PatchTST_ETTm1_ftMS_sl96_ll48_pl96_dm512_nh8_el1_dl1_df2048_expand2_dc4_fc3_ebtimeF_dtTrue_Exp_0,PatchTST,96,96,1001,ipfarm.csv,ETTm1
0,0.12753424,0.029368207,0.17137155,0.10402984,0.023660213,long_term_forecast_96_96ETTm1_w501_prollcorr.csv_PatchTST_ETTm1_ftMS_sl96_ll48_pl96_dm512_nh8_el1_dl1_df2048_expand2_dc4_fc3_ebtimeF_dtTrue_Exp_0,PatchTST,96,96,501,prollcorr.csv,ETTm1
0,0.1273652,0.029369872,0.1713764,0.10387117,0.02359439,long_term_forecast_96_96ETTm1_w1501_pfarm.csv_PatchTST_ETTm1_ftMS_sl96_ll48_pl96_dm512_nh8_el1_dl1_df2048_expand2_dc4_fc3_ebtimeF_dtTrue_Exp_0,PatchTST,96,96,1501,pfarm.csv,ETTm1
0,0.1299375,0.029376246,0.171395,0.107367374,0.025246415,long_term_forecast_96_96ETTm1_w1001_psmoothrandomwalk.csv_iTransformer_ETTm1_ftMS_sl96_ll48_pl96_dm512_nh8_el2_dl1_df2048_expand2_dc4_fc1_ebtimeF_dtTrue_Exp_0,iTransformer,96,96,1001,psmoothrandomwalk.csv,ETTm1
0,0.1280286,0.029385632,0.17142238,0.10448011,0.023842629,long_term_forecast_96_96ETTm1_w501_prandomwalk.csv_PatchTST_ETTm1_ftMS_sl96_ll48_pl96_dm512_nh8_el1_dl1_df2048_expand2_dc4_fc3_ebtimeF_dtTrue_Exp_0,PatchTST,96,96,501,prandomwalk.csv,ETTm1
0,0.12741001,0.029385997,0.17142345,0.10391128,0.023619337,long_term_forecast_96_96ETTm1_w1501_ipentropy.csv_PatchTST_ETTm1_ftMS_sl96_ll48_pl96_dm512_nh8_el1_dl1_df2048_expand2_dc4_fc3_ebtimeF_dtTrue_Exp_0,PatchTST,96,96,1501,ipentropy.csv,ETTm1
0,0.12749447,0.029386934,0.17142618,0.103979036,0.023646384,long_term_forecast_96_96ETTm1_w1251_prollcov.csv_PatchTST_ETTm1_ftMS_sl96_ll48_pl96_dm512_nh8_el1_dl1_df2048_expand2_dc4_fc3_ebtimeF_dtTrue_Exp_0,PatchTST,96,96,1251,prollcov.csv,ETTm1
0,0.12741032,0.029387472,0.17142774,0.103907496,0.023615535,long_term_forecast_96_96ETTm1_w1251_ipentropy.csv_PatchTST_ETTm1_ftMS_sl96_ll48_pl96_dm512_nh8_el1_dl1_df2048_expand2_dc4_fc3_ebtimeF_dtTrue_Exp_0,PatchTST,96,96,1251,ipentropy.csv,ETTm1
0,0.12800953,0.029388677,0.17143126,0.104525924,0.023892937,long_term_forecast_96_96ETTm1_w501_ipsmoothrandomwalk.csv_PatchTST_ETTm1_ftMS_sl96_ll48_pl96_dm512_nh8_el1_dl1_df2048_expand2_dc4_fc3_ebtimeF_dtTrue_Exp_0,PatchTST,96,96,501,ipsmoothrandomwalk.csv,ETTm1
0,0.1274472,0.02939041,0.17143631,0.10396233,0.023641936,long_term_forecast_96_96ETTm1_w751_pentropy.csv_PatchTST_ETTm1_ftMS_sl96_ll48_pl96_dm512_nh8_el1_dl1_df2048_expand2_dc4_fc3_ebtimeF_dtTrue_Exp_0,PatchTST,96,96,751,pentropy.csv,ETTm1
0,0.12747397,0.029391097,0.17143832,0.10395878,0.023615755,long_term_forecast_96_96ETTm1_w1251_ipfarm.csv_PatchTST_ETTm1_ftMS_sl96_ll48_pl96_dm512_nh8_el1_dl1_df2048_expand2_dc4_fc3_ebtimeF_dtTrue_Exp_0,PatchTST,96,96,1251,ipfarm.csv,ETTm1
0,0.12743352,0.02939246,0.1714423,0.103952095,0.023651639,long_term_forecast_96_96ETTm1_w1501_iprollcov.csv_PatchTST_ETTm1_ftMS_sl96_ll48_pl96_dm512_nh8_el1_dl1_df2048_expand2_dc4_fc3_ebtimeF_dtTrue_Exp_0,PatchTST,96,96,1501,iprollcov.csv,ETTm1
0,0.12748227,0.029392766,0.17144318,0.103957646,0.023618916,long_term_forecast_96_96ETTm1_w1251_ipmutual_info.csv_PatchTST_ETTm1_ftMS_sl96_ll48_pl96_dm512_nh8_el1_dl1_df2048_expand2_dc4_fc3_ebtimeF_dtTrue_Exp_0,PatchTST,96,96,1251,ipmutual_info.csv,ETTm1
0,0.12741992,0.029394122,0.17144714,0.103909895,0.023616642,long_term_forecast_96_96ETTm1_w1001_ipentropy.csv_PatchTST_ETTm1_ftMS_sl96_ll48_pl96_dm512_nh8_el1_dl1_df2048_expand2_dc4_fc3_ebtimeF_dtTrue_Exp_0,PatchTST,96,96,1001,ipentropy.csv,ETTm1
0,0.12807004,0.02939464,0.17144865,0.10453043,0.023856498,long_term_forecast_96_96ETTm1_w1251_psmoothrandomwalk.csv_PatchTST_ETTm1_ftMS_sl96_ll48_pl96_dm512_nh8_el1_dl1_df2048_expand2_dc4_fc3_ebtimeF_dtTrue_Exp_0,PatchTST,96,96,1251,psmoothrandomwalk.csv,ETTm1
0,0.12742771,0.029394789,0.17144908,0.103910685,0.023608718,long_term_forecast_96_96ETTm1_w1001_pentropy.csv_PatchTST_ETTm1_ftMS_sl96_ll48_pl96_dm512_nh8_el1_dl1_df2048_expand2_dc4_fc3_ebtimeF_dtTrue_Exp_0,PatchTST,96,96,1001,pentropy.csv,ETTm1
0,0.12808502,0.029398002,0.17145845,0.10456573,0.023881083,long_term_forecast_96_96ETTm1_w1501_psmoothrandomwalk.csv_PatchTST_ETTm1_ftMS_sl96_ll48_pl96_dm512_nh8_el1_dl1_df2048_expand2_dc4_fc3_ebtimeF_dtTrue_Exp_0,PatchTST,96,96,1501,psmoothrandomwalk.csv,ETTm1
0,0.12746148,0.029398242,0.17145915,0.10396323,0.023624463,long_term_forecast_96_96ETTm1_w501_ipentropy.csv_PatchTST_ETTm1_ftMS_sl96_ll48_pl96_dm512_nh8_el1_dl1_df2048_expand2_dc4_fc3_ebtimeF_dtTrue_Exp_0,PatchTST,96,96,501,ipentropy.csv,ETTm1
0,0.12807724,0.029400293,0.17146513,0.10455495,0.023881424,long_term_forecast_96_96ETTm1_w1001_psmoothrandomwalk.csv_PatchTST_ETTm1_ftMS_sl96_ll48_pl96_dm512_nh8_el1_dl1_df2048_expand2_dc4_fc3_ebtimeF_dtTrue_Exp_0,PatchTST,96,96,1001,psmoothrandomwalk.csv,ETTm1
0,0.12809011,0.029400324,0.17146523,0.10457841,0.02389543,long_term_forecast_96_96ETTm1_w1001_ipsmoothrandomwalk.csv_PatchTST_ETTm1_ftMS_sl96_ll48_pl96_dm512_nh8_el1_dl1_df2048_expand2_dc4_fc3_ebtimeF_dtTrue_Exp_0,PatchTST,96,96,1001,ipsmoothrandomwalk.csv,ETTm1
0,0.12744483,0.029403714,0.17147511,0.10393371,0.023629747,long_term_forecast_96_96ETTm1_w1501_pentropy.csv_PatchTST_ETTm1_ftMS_sl96_ll48_pl96_dm512_nh8_el1_dl1_df2048_expand2_dc4_fc3_ebtimeF_dtTrue_Exp_0,PatchTST,96,96,1501,pentropy.csv,ETTm1
0,0.12754807,0.029403903,0.17147566,0.1041208,0.023732992,long_term_forecast_96_96ETTm1_w751_ipmutual_info.csv_PatchTST_ETTm1_ftMS_sl96_ll48_pl96_dm512_nh8_el1_dl1_df2048_expand2_dc4_fc3_ebtimeF_dtTrue_Exp_0,PatchTST,96,96,751,ipmutual_info.csv,ETTm1
0,0.12747632,0.029405579,0.17148055,0.10397827,0.023636786,long_term_forecast_96_96ETTm1.csv_PatchTST_ETTm1_ftMS_sl96_ll48_pl96_dm512_nh8_el1_dl1_df2048_expand2_dc4_fc3_ebtimeF_dtTrue_Exp_0,PatchTST,96,96,,identity,ETTm1
0,0.12808982,0.029406361,0.17148283,0.104529604,0.023851493,long_term_forecast_96_96ETTm1_w751_psmoothrandomwalk.csv_PatchTST_ETTm1_ftMS_sl96_ll48_pl96_dm512_nh8_el1_dl1_df2048_expand2_dc4_fc3_ebtimeF_dtTrue_Exp_0,PatchTST,96,96,751,psmoothrandomwalk.csv,ETTm1
0,0.12752849,0.029408779,0.17148988,0.10407172,0.023740109,long_term_forecast_96_96ETTm1_w1001_prollcorr.csv_PatchTST_ETTm1_ftMS_sl96_ll48_pl96_dm512_nh8_el1_dl1_df2048_expand2_dc4_fc3_ebtimeF_dtTrue_Exp_0,PatchTST,96,96,1001,prollcorr.csv,ETTm1
0,0.12749591,0.029412774,0.17150153,0.103976235,0.02362452,long_term_forecast_96_96ETTm1_w1251_pfarm.csv_PatchTST_ETTm1_ftMS_sl96_ll48_pl96_dm512_nh8_el1_dl1_df2048_expand2_dc4_fc3_ebtimeF_dtTrue_Exp_0,PatchTST,96,96,1251,pfarm.csv,ETTm1
0,0.12754792,0.029413039,0.1715023,0.104080334,0.023747988,long_term_forecast_96_96ETTm1_w1251_prollcorr.csv_PatchTST_ETTm1_ftMS_sl96_ll48_pl96_dm512_nh8_el1_dl1_df2048_expand2_dc4_fc3_ebtimeF_dtTrue_Exp_0,PatchTST,96,96,1251,prollcorr.csv,ETTm1
0,0.12749195,0.029413294,0.17150304,0.10398136,0.023633562,long_term_forecast_96_96ETTm1_w751_ipentropy.csv_PatchTST_ETTm1_ftMS_sl96_ll48_pl96_dm512_nh8_el1_dl1_df2048_expand2_dc4_fc3_ebtimeF_dtTrue_Exp_0,PatchTST,96,96,751,ipentropy.csv,ETTm1
0,0.12754396,0.0294133,0.17150307,0.10405041,0.023707662,long_term_forecast_96_96ETTm1_w1001_pmutual_info.csv_PatchTST_ETTm1_ftMS_sl96_ll48_pl96_dm512_nh8_el1_dl1_df2048_expand2_dc4_fc3_ebtimeF_dtTrue_Exp_0,PatchTST,96,96,1001,pmutual_info.csv,ETTm1
0,0.12754053,0.029413428,0.17150344,0.104022,0.023639213,long_term_forecast_96_96ETTm1_w501_iprollcov.csv_PatchTST_ETTm1_ftMS_sl96_ll48_pl96_dm512_nh8_el1_dl1_df2048_expand2_dc4_fc3_ebtimeF_dtTrue_Exp_0,PatchTST,96,96,501,iprollcov.csv,ETTm1
0,0.1275193,0.02941454,0.17150667,0.104009144,0.023649462,long_term_forecast_96_96ETTm1_w501_pentropy.csv_PatchTST_ETTm1_ftMS_sl96_ll48_pl96_dm512_nh8_el1_dl1_df2048_expand2_dc4_fc3_ebtimeF_dtTrue_Exp_0,PatchTST,96,96,501,pentropy.csv,ETTm1
0,0.12812153,0.029414795,0.17150742,0.104578815,0.023882236,long_term_forecast_96_96ETTm1_w1251_ipsmoothrandomwalk.csv_PatchTST_ETTm1_ftMS_sl96_ll48_pl96_dm512_nh8_el1_dl1_df2048_expand2_dc4_fc3_ebtimeF_dtTrue_Exp_0,PatchTST,96,96,1251,ipsmoothrandomwalk.csv,ETTm1
0,0.12808686,0.02941522,0.17150865,0.10453139,0.02386739,long_term_forecast_96_96ETTm1_w501_psmoothrandomwalk.csv_PatchTST_ETTm1_ftMS_sl96_ll48_pl96_dm512_nh8_el1_dl1_df2048_expand2_dc4_fc3_ebtimeF_dtTrue_Exp_0,PatchTST,96,96,501,psmoothrandomwalk.csv,ETTm1
0,0.12750229,0.029415965,0.17151083,0.103986144,0.023633555,long_term_forecast_96_96ETTm1_w1001_iprollcov.csv_PatchTST_ETTm1_ftMS_sl96_ll48_pl96_dm512_nh8_el1_dl1_df2048_expand2_dc4_fc3_ebtimeF_dtTrue_Exp_0,PatchTST,96,96,1001,iprollcov.csv,ETTm1
0,0.1274609,0.029417133,0.17151424,0.10399908,0.02369627,long_term_forecast_96_96ETTm1_w1251_pentropy.csv_PatchTST_ETTm1_ftMS_sl96_ll48_pl96_dm512_nh8_el1_dl1_df2048_expand2_dc4_fc3_ebtimeF_dtTrue_Exp_0,PatchTST,96,96,1251,pentropy.csv,ETTm1
0,0.12811106,0.029419536,0.17152125,0.105475664,0.024764633,long_term_forecast_96_96ETTm1_w751_ipsmoothrandomwalk.csv_PatchTST_ETTm1_ftMS_sl96_ll48_pl96_dm512_nh8_el1_dl1_df2048_expand2_dc4_fc3_ebtimeF_dtTrue_Exp_0,PatchTST,96,96,751,ipsmoothrandomwalk.csv,ETTm1
0,0.1281026,0.029425837,0.1715396,0.10463548,0.023957485,long_term_forecast_96_96ETTm1_w1501_ipsmoothrandomwalk.csv_PatchTST_ETTm1_ftMS_sl96_ll48_pl96_dm512_nh8_el1_dl1_df2048_expand2_dc4_fc3_ebtimeF_dtTrue_Exp_0,PatchTST,96,96,1501,ipsmoothrandomwalk.csv,ETTm1
0,0.12764451,0.029430833,0.17155416,0.104182,0.023771739,long_term_forecast_96_96ETTm1_w1001_iprollcorr.csv_PatchTST_ETTm1_ftMS_sl96_ll48_pl96_dm512_nh8_el1_dl1_df2048_expand2_dc4_fc3_ebtimeF_dtTrue_Exp_0,PatchTST,96,96,1001,iprollcorr.csv,ETTm1
0,0.12757623,0.02943282,0.17155996,0.104085475,0.023694739,long_term_forecast_96_96ETTm1_w1251_iprollcorr.csv_PatchTST_ETTm1_ftMS_sl96_ll48_pl96_dm512_nh8_el1_dl1_df2048_expand2_dc4_fc3_ebtimeF_dtTrue_Exp_0,PatchTST,96,96,1251,iprollcorr.csv,ETTm1
0,0.12763649,0.0294331,0.17156078,0.10415261,0.023719002,long_term_forecast_96_96ETTm1_w1501_prollcorr.csv_PatchTST_ETTm1_ftMS_sl96_ll48_pl96_dm512_nh8_el1_dl1_df2048_expand2_dc4_fc3_ebtimeF_dtTrue_Exp_0,PatchTST,96,96,1501,prollcorr.csv,ETTm1
0,0.12762788,0.02943945,0.17157929,0.104103915,0.023676125,long_term_forecast_96_96ETTm1_w1001_prollcov.csv_PatchTST_ETTm1_ftMS_sl96_ll48_pl96_dm512_nh8_el1_dl1_df2048_expand2_dc4_fc3_ebtimeF_dtTrue_Exp_0,PatchTST,96,96,1001,prollcov.csv,ETTm1
0,0.12756844,0.029441018,0.17158385,0.10405098,0.023663476,long_term_forecast_96_96ETTm1_w1501_ipfarm.csv_PatchTST_ETTm1_ftMS_sl96_ll48_pl96_dm512_nh8_el1_dl1_df2048_expand2_dc4_fc3_ebtimeF_dtTrue_Exp_0,PatchTST,96,96,1501,ipfarm.csv,ETTm1
0,0.12763792,0.029445894,0.17159806,0.104134984,0.023689473,long_term_forecast_96_96ETTm1_w1251_iprollcov.csv_PatchTST_ETTm1_ftMS_sl96_ll48_pl96_dm512_nh8_el1_dl1_df2048_expand2_dc4_fc3_ebtimeF_dtTrue_Exp_0,PatchTST,96,96,1251,iprollcov.csv,ETTm1
0,0.12800866,0.029447358,0.17160232,0.10448618,0.02392747,long_term_forecast_96_96ETTm1_w501_iprandomwalk.csv_PatchTST_ETTm1_ftMS_sl96_ll48_pl96_dm512_nh8_el1_dl1_df2048_expand2_dc4_fc3_ebtimeF_dtTrue_Exp_0,PatchTST,96,96,501,iprandomwalk.csv,ETTm1
0,0.12765491,0.029447831,0.17160371,0.104172766,0.02374042,long_term_forecast_96_96ETTm1_w1501_pmutual_info.csv_PatchTST_ETTm1_ftMS_sl96_ll48_pl96_dm512_nh8_el1_dl1_df2048_expand2_dc4_fc3_ebtimeF_dtTrue_Exp_0,PatchTST,96,96,1501,pmutual_info.csv,ETTm1
0,0.1276579,0.029453864,0.17162128,0.10412814,0.023691982,long_term_forecast_96_96ETTm1_w751_iprollcov.csv_PatchTST_ETTm1_ftMS_sl96_ll48_pl96_dm512_nh8_el1_dl1_df2048_expand2_dc4_fc3_ebtimeF_dtTrue_Exp_0,PatchTST,96,96,751,iprollcov.csv,ETTm1
0,0.13073944,0.029684098,0.17229074,0.10795845,0.025528366,long_term_forecast_96_96ETTm1_w501_prandomwalk.csv_iTransformer_ETTm1_ftMS_sl96_ll48_pl96_dm512_nh8_el2_dl1_df2048_expand2_dc4_fc1_ebtimeF_dtTrue_Exp_0,iTransformer,96,96,501,prandomwalk.csv,ETTm1
0,0.13028741,0.029946666,0.17305104,0.10663146,0.024496812,long_term_forecast_ETTh1_96_96ETTm1_w1501_ipmutual_info.csv_iTransformer_ETTm1_ftMS_sl96_ll48_pl96_dm512_nh8_el2_dl1_df2048_expand2_dc4_fc1_ebtimeF_dtTrue_Exp_0,iTransformer,96,96,1501,ipmutual_info.csv,ETTm1
0,0.13051312,0.029960724,0.17309166,0.10745609,0.025182808,long_term_forecast_ETTh1_96_96ETTm1_w1001_prollcorr.csv_iTransformer_ETTm1_ftMS_sl96_ll48_pl96_dm512_nh8_el2_dl1_df2048_expand2_dc4_fc1_ebtimeF_dtTrue_Exp_0,iTransformer,96,96,1001,prollcorr.csv,ETTm1
0,0.1305376,0.029963851,0.1731007,0.107236914,0.024868803,long_term_forecast_ETTh1_96_96ETTm1_w751_iprollcov.csv_iTransformer_ETTm1_ftMS_sl96_ll48_pl96_dm512_nh8_el2_dl1_df2048_expand2_dc4_fc1_ebtimeF_dtTrue_Exp_0,iTransformer,96,96,751,iprollcov.csv,ETTm1
0,0.13031356,0.029965686,0.173106,0.107072495,0.024864158,long_term_forecast_ETTh1_96_96ETTm1_w751_ipmutual_info.csv_iTransformer_ETTm1_ftMS_sl96_ll48_pl96_dm512_nh8_el2_dl1_df2048_expand2_dc4_fc1_ebtimeF_dtTrue_Exp_0,iTransformer,96,96,751,ipmutual_info.csv,ETTm1
0,0.13065054,0.02996926,0.17311633,0.10743885,0.025023049,long_term_forecast_ETTh1_96_96ETTm1_w1501_ipfarm.csv_iTransformer_ETTm1_ftMS_sl96_ll48_pl96_dm512_nh8_el2_dl1_df2048_expand2_dc4_fc1_ebtimeF_dtTrue_Exp_0,iTransformer,96,96,1501,ipfarm.csv,ETTm1
0,0.13058329,0.02998923,0.17317398,0.10730846,0.024961937,long_term_forecast_ETTh1_96_96ETTm1_w1251_ipfarm.csv_iTransformer_ETTm1_ftMS_sl96_ll48_pl96_dm512_nh8_el2_dl1_df2048_expand2_dc4_fc1_ebtimeF_dtTrue_Exp_0,iTransformer,96,96,1251,ipfarm.csv,ETTm1
0,0.13020602,0.029994188,0.1731883,0.106854,0.024942031,long_term_forecast_ETTh1_96_96ETTm1_w1001_ipmutual_info.csv_iTransformer_ETTm1_ftMS_sl96_ll48_pl96_dm512_nh8_el2_dl1_df2048_expand2_dc4_fc1_ebtimeF_dtTrue_Exp_0,iTransformer,96,96,1001,ipmutual_info.csv,ETTm1
0,0.13026085,0.029997889,0.17319898,0.10696317,0.025042467,long_term_forecast_ETTh1_96_96ETTm1_w1251_pentropy.csv_iTransformer_ETTm1_ftMS_sl96_ll48_pl96_dm512_nh8_el2_dl1_df2048_expand2_dc4_fc1_ebtimeF_dtTrue_Exp_0,iTransformer,96,96,1251,pentropy.csv,ETTm1
0,0.13078287,0.030014845,0.17324793,0.10872463,0.02644145,long_term_forecast_ETTh1_96_96ETTm1_w501_pfarm.csv_iTransformer_ETTm1_ftMS_sl96_ll48_pl96_dm512_nh8_el2_dl1_df2048_expand2_dc4_fc1_ebtimeF_dtTrue_Exp_0,iTransformer,96,96,501,pfarm.csv,ETTm1
0,0.13019125,0.030022437,0.17326984,0.10677123,0.024859035,long_term_forecast_ETTh1_96_96ETTm1_w1501_prollcov.csv_iTransformer_ETTm1_ftMS_sl96_ll48_pl96_dm512_nh8_el2_dl1_df2048_expand2_dc4_fc1_ebtimeF_dtTrue_Exp_0,iTransformer,96,96,1501,prollcov.csv,ETTm1
0,0.13022527,0.030055441,0.17336506,0.10688421,0.024968902,long_term_forecast_ETTh1_96_96ETTm1_w501_iprollcorr.csv_iTransformer_ETTm1_ftMS_sl96_ll48_pl96_dm512_nh8_el2_dl1_df2048_expand2_dc4_fc1_ebtimeF_dtTrue_Exp_0,iTransformer,96,96,501,iprollcorr.csv,ETTm1
0,0.1307626,0.030111939,0.17352793,0.10749765,0.0251942,long_term_forecast_ETTh1_96_96ETTm1_w1001_ipentropy.csv_iTransformer_ETTm1_ftMS_sl96_ll48_pl96_dm512_nh8_el2_dl1_df2048_expand2_dc4_fc1_ebtimeF_dtTrue_Exp_0,iTransformer,96,96,1001,ipentropy.csv,ETTm1
0,0.12984158,0.03015751,0.17365918,0.10603711,0.024433445,long_term_forecast_96_96ETTm1_w501_pmutual_info.csv_TimeXer_ETTm1_ftMS_sl96_ll48_pl96_dm512_nh8_el1_dl1_df2048_expand2_dc4_fc3_ebtimeF_dtTrue_Exp_0,TimeXer,96,96,501,pmutual_info.csv,ETTm1
0,0.13080125,0.030173259,0.17370452,0.107286125,0.025017217,long_term_forecast_ETTh1_96_96ETTm1_w501_ipentropy.csv_iTransformer_ETTm1_ftMS_sl96_ll48_pl96_dm512_nh8_el2_dl1_df2048_expand2_dc4_fc1_ebtimeF_dtTrue_Exp_0,iTransformer,96,96,501,ipentropy.csv,ETTm1
0,0.13101414,0.030220237,0.17383969,0.1075385,0.025141599,long_term_forecast_ETTh1_96_96ETTm1_w1251_ipentropy.csv_iTransformer_ETTm1_ftMS_sl96_ll48_pl96_dm512_nh8_el2_dl1_df2048_expand2_dc4_fc1_ebtimeF_dtTrue_Exp_0,iTransformer,96,96,1251,ipentropy.csv,ETTm1
0,0.13081798,0.030240757,0.1738987,0.10721578,0.025030065,long_term_forecast_ETTh1_96_96ETTm1_w501_prollcorr.csv_iTransformer_ETTm1_ftMS_sl96_ll48_pl96_dm512_nh8_el2_dl1_df2048_expand2_dc4_fc1_ebtimeF_dtTrue_Exp_0,iTransformer,96,96,501,prollcorr.csv,ETTm1
0,0.1314286,0.030329531,0.17415376,0.10841208,0.025544532,long_term_forecast_ETTh1_96_96ETTm1_w1001_prollcov.csv_iTransformer_ETTm1_ftMS_sl96_ll48_pl96_dm512_nh8_el2_dl1_df2048_expand2_dc4_fc1_ebtimeF_dtTrue_Exp_0,iTransformer,96,96,1001,prollcov.csv,ETTm1
0,0.13103023,0.030344015,0.17419533,0.1077447,0.025299277,long_term_forecast_ETTh1_96_96ETTm1_w1501_pfarm.csv_iTransformer_ETTm1_ftMS_sl96_ll48_pl96_dm512_nh8_el2_dl1_df2048_expand2_dc4_fc1_ebtimeF_dtTrue_Exp_0,iTransformer,96,96,1501,pfarm.csv,ETTm1
0,0.1312614,0.030349141,0.17421004,0.107745625,0.025276594,long_term_forecast_ETTh1_96_96ETTm1_w1501_ipentropy.csv_iTransformer_ETTm1_ftMS_sl96_ll48_pl96_dm512_nh8_el2_dl1_df2048_expand2_dc4_fc1_ebtimeF_dtTrue_Exp_0,iTransformer,96,96,1501,ipentropy.csv,ETTm1
0,0.13134137,0.030367471,0.17426264,0.1081381,0.025516886,long_term_forecast_ETTh1_96_96ETTm1_w1001_pentropy.csv_iTransformer_ETTm1_ftMS_sl96_ll48_pl96_dm512_nh8_el2_dl1_df2048_expand2_dc4_fc1_ebtimeF_dtTrue_Exp_0,iTransformer,96,96,1001,pentropy.csv,ETTm1
0,0.13141955,0.030397011,0.17434739,0.107906766,0.025309335,long_term_forecast_ETTh1_96_96ETTm1.csv_iTransformer_ETTm1_ftMS_sl96_ll48_pl96_dm512_nh8_el2_dl1_df2048_expand2_dc4_fc1_ebtimeF_dtTrue_Exp_0,iTransformer,96,96,,identity,ETTm1
0,0.13132496,0.030412856,0.17439282,0.10769085,0.024986714,long_term_forecast_ETTh1_96_96ETTm1_w1001_ipfarm.csv_iTransformer_ETTm1_ftMS_sl96_ll48_pl96_dm512_nh8_el2_dl1_df2048_expand2_dc4_fc1_ebtimeF_dtTrue_Exp_0,iTransformer,96,96,1001,ipfarm.csv,ETTm1
0,0.13141444,0.030427411,0.17443454,0.10827033,0.025760889,long_term_forecast_ETTh1_96_96ETTm1_w751_ipfarm.csv_iTransformer_ETTm1_ftMS_sl96_ll48_pl96_dm512_nh8_el2_dl1_df2048_expand2_dc4_fc1_ebtimeF_dtTrue_Exp_0,iTransformer,96,96,751,ipfarm.csv,ETTm1
0,0.13160235,0.0304701,0.17455687,0.108221084,0.025342094,long_term_forecast_ETTh1_96_96ETTm1_w1001_iprollcov.csv_iTransformer_ETTm1_ftMS_sl96_ll48_pl96_dm512_nh8_el2_dl1_df2048_expand2_dc4_fc1_ebtimeF_dtTrue_Exp_0,iTransformer,96,96,1001,iprollcov.csv,ETTm1
0,0.13177538,0.03048421,0.17459728,0.10850765,0.025663564,long_term_forecast_ETTh1_96_96ETTm1_w1501_iprollcorr.csv_iTransformer_ETTm1_ftMS_sl96_ll48_pl96_dm512_nh8_el2_dl1_df2048_expand2_dc4_fc1_ebtimeF_dtTrue_Exp_0,iTransformer,96,96,1501,iprollcorr.csv,ETTm1
0,0.13170178,0.030486511,0.17460386,0.10806988,0.025094355,long_term_forecast_ETTh1_96_96ETTm1_w1251_iprollcorr.csv_iTransformer_ETTm1_ftMS_sl96_ll48_pl96_dm512_nh8_el2_dl1_df2048_expand2_dc4_fc1_ebtimeF_dtTrue_Exp_0,iTransformer,96,96,1251,iprollcorr.csv,ETTm1
0,0.13143171,0.030493809,0.17462477,0.10790022,0.025300974,long_term_forecast_ETTh1_96_96ETTm1_w1251_ipmutual_info.csv_iTransformer_ETTm1_ftMS_sl96_ll48_pl96_dm512_nh8_el2_dl1_df2048_expand2_dc4_fc1_ebtimeF_dtTrue_Exp_0,iTransformer,96,96,1251,ipmutual_info.csv,ETTm1
0,0.13143706,0.030529145,0.17472592,0.10816715,0.02553342,long_term_forecast_ETTh1_96_96ETTm1_w751_ipentropy.csv_iTransformer_ETTm1_ftMS_sl96_ll48_pl96_dm512_nh8_el2_dl1_df2048_expand2_dc4_fc1_ebtimeF_dtTrue_Exp_0,iTransformer,96,96,751,ipentropy.csv,ETTm1
0,0.13165995,0.0305378,0.17475069,0.108458005,0.025692545,long_term_forecast_ETTh1_96_96ETTm1_w501_prollcov.csv_iTransformer_ETTm1_ftMS_sl96_ll48_pl96_dm512_nh8_el2_dl1_df2048_expand2_dc4_fc1_ebtimeF_dtTrue_Exp_0,iTransformer,96,96,501,prollcov.csv,ETTm1
0,0.13175263,0.03055125,0.17478916,0.108353674,0.025543096,long_term_forecast_ETTh1_96_96ETTm1_w1251_iprollcov.csv_iTransformer_ETTm1_ftMS_sl96_ll48_pl96_dm512_nh8_el2_dl1_df2048_expand2_dc4_fc1_ebtimeF_dtTrue_Exp_0,iTransformer,96,96,1251,iprollcov.csv,ETTm1
0,0.13163777,0.030577896,0.17486537,0.10834749,0.025454914,long_term_forecast_ETTh1_96_96ETTm1_w501_iprollcov.csv_iTransformer_ETTm1_ftMS_sl96_ll48_pl96_dm512_nh8_el2_dl1_df2048_expand2_dc4_fc1_ebtimeF_dtTrue_Exp_0,iTransformer,96,96,501,iprollcov.csv,ETTm1
0,0.13195802,0.030594692,0.17491338,0.10860322,0.025565328,long_term_forecast_ETTh1_96_96ETTm1_w1501_iprollcov.csv_iTransformer_ETTm1_ftMS_sl96_ll48_pl96_dm512_nh8_el2_dl1_df2048_expand2_dc4_fc1_ebtimeF_dtTrue_Exp_0,iTransformer,96,96,1501,iprollcov.csv,ETTm1
0,0.1319359,0.030709159,0.1752403,0.10856312,0.025570417,long_term_forecast_ETTh1_96_96ETTm1_w1251_pfarm.csv_iTransformer_ETTm1_ftMS_sl96_ll48_pl96_dm512_nh8_el2_dl1_df2048_expand2_dc4_fc1_ebtimeF_dtTrue_Exp_0,iTransformer,96,96,1251,pfarm.csv,ETTm1
0,0.131861,0.030724127,0.17528298,0.108247966,0.025479909,long_term_forecast_ETTh1_96_96ETTm1_w1001_iprollcorr.csv_iTransformer_ETTm1_ftMS_sl96_ll48_pl96_dm512_nh8_el2_dl1_df2048_expand2_dc4_fc1_ebtimeF_dtTrue_Exp_0,iTransformer,96,96,1001,iprollcorr.csv,ETTm1
0,0.13210869,0.030753285,0.17536615,0.108672455,0.025597174,long_term_forecast_ETTh1_96_96ETTm1_w501_ipfarm.csv_iTransformer_ETTm1_ftMS_sl96_ll48_pl96_dm512_nh8_el2_dl1_df2048_expand2_dc4_fc1_ebtimeF_dtTrue_Exp_0,iTransformer,96,96,501,ipfarm.csv,ETTm1
0,0.13184391,0.030782888,0.17545053,0.10831464,0.025499973,long_term_forecast_ETTh1_96_96ETTm1_w751_pentropy.csv_iTransformer_ETTm1_ftMS_sl96_ll48_pl96_dm512_nh8_el2_dl1_df2048_expand2_dc4_fc1_ebtimeF_dtTrue_Exp_0,iTransformer,96,96,751,pentropy.csv,ETTm1
0,0.13233568,0.030819476,0.17555477,0.10955225,0.026434254,long_term_forecast_ETTh1_96_96ETTm1_w751_prollcorr.csv_iTransformer_ETTm1_ftMS_sl96_ll48_pl96_dm512_nh8_el2_dl1_df2048_expand2_dc4_fc1_ebtimeF_dtTrue_Exp_0,iTransformer,96,96,751,prollcorr.csv,ETTm1
0,0.132242,0.030839954,0.17561308,0.10908983,0.025821885,long_term_forecast_ETTh1_96_96ETTm1_w501_ipmutual_info.csv_iTransformer_ETTm1_ftMS_sl96_ll48_pl96_dm512_nh8_el2_dl1_df2048_expand2_dc4_fc1_ebtimeF_dtTrue_Exp_0,iTransformer,96,96,501,ipmutual_info.csv,ETTm1
0,0.1338114,0.030870965,0.17570135,0.11051092,0.026354136,long_term_forecast_ETTh1_96_96ETTm1_w1501_prollcorr.csv_iTransformer_ETTm1_ftMS_sl96_ll48_pl96_dm512_nh8_el2_dl1_df2048_expand2_dc4_fc1_ebtimeF_dtTrue_Exp_0,iTransformer,96,96,1501,prollcorr.csv,ETTm1
0,0.13276277,0.030877393,0.17571965,0.10932211,0.026067594,long_term_forecast_ETTh1_96_96ETTm1_w1001_pfarm.csv_iTransformer_ETTm1_ftMS_sl96_ll48_pl96_dm512_nh8_el2_dl1_df2048_expand2_dc4_fc1_ebtimeF_dtTrue_Exp_0,iTransformer,96,96,1001,pfarm.csv,ETTm1
0,0.13202757,0.030877752,0.17572066,0.1083351,0.025478618,long_term_forecast_ETTh1_96_96ETTm1_w751_iprollcorr.csv_iTransformer_ETTm1_ftMS_sl96_ll48_pl96_dm512_nh8_el2_dl1_df2048_expand2_dc4_fc1_ebtimeF_dtTrue_Exp_0,iTransformer,96,96,751,iprollcorr.csv,ETTm1
0,0.13241437,0.030901056,0.17578696,0.10900906,0.026038105,long_term_forecast_ETTh1_96_96ETTm1_w1251_pmutual_info.csv_iTransformer_ETTm1_ftMS_sl96_ll48_pl96_dm512_nh8_el2_dl1_df2048_expand2_dc4_fc1_ebtimeF_dtTrue_Exp_0,iTransformer,96,96,1251,pmutual_info.csv,ETTm1
0,0.13263088,0.030927228,0.17586139,0.109360196,0.026014045,long_term_forecast_ETTh1_96_96ETTm1_w751_prollcov.csv_iTransformer_ETTm1_ftMS_sl96_ll48_pl96_dm512_nh8_el2_dl1_df2048_expand2_dc4_fc1_ebtimeF_dtTrue_Exp_0,iTransformer,96,96,751,prollcov.csv,ETTm1
0,0.13280083,0.030930912,0.17587186,0.10926923,0.025943838,long_term_forecast_ETTh1_96_96ETTm1_w751_pfarm.csv_iTransformer_ETTm1_ftMS_sl96_ll48_pl96_dm512_nh8_el2_dl1_df2048_expand2_dc4_fc1_ebtimeF_dtTrue_Exp_0,iTransformer,96,96,751,pfarm.csv,ETTm1
0,0.13261469,0.0309632,0.17596363,0.10919432,0.025975768,long_term_forecast_ETTh1_96_96ETTm1_w1501_pentropy.csv_iTransformer_ETTm1_ftMS_sl96_ll48_pl96_dm512_nh8_el2_dl1_df2048_expand2_dc4_fc1_ebtimeF_dtTrue_Exp_0,iTransformer,96,96,1501,pentropy.csv,ETTm1
0,0.13249063,0.030973988,0.17599428,0.10855052,0.02536788,long_term_forecast_ETTh1_96_96ETTm1_w501_pentropy.csv_iTransformer_ETTm1_ftMS_sl96_ll48_pl96_dm512_nh8_el2_dl1_df2048_expand2_dc4_fc1_ebtimeF_dtTrue_Exp_0,iTransformer,96,96,501,pentropy.csv,ETTm1
0,0.13322921,0.03108728,0.17631584,0.110064924,0.026452573,long_term_forecast_ETTh1_96_96ETTm1_w1251_prollcorr.csv_iTransformer_ETTm1_ftMS_sl96_ll48_pl96_dm512_nh8_el2_dl1_df2048_expand2_dc4_fc1_ebtimeF_dtTrue_Exp_0,iTransformer,96,96,1251,prollcorr.csv,ETTm1
0,0.13250855,0.03118261,0.17658599,0.10905354,0.026376372,long_term_forecast_ETTh1_96_96ETTm1_w1501_pmutual_info.csv_iTransformer_ETTm1_ftMS_sl96_ll48_pl96_dm512_nh8_el2_dl1_df2048_expand2_dc4_fc1_ebtimeF_dtTrue_Exp_0,iTransformer,96,96,1501,pmutual_info.csv,ETTm1
0,0.13463809,0.031202435,0.1766421,0.111330144,0.026781896,long_term_forecast_ETTh1_96_96ETTm1_w1251_prollcov.csv_iTransformer_ETTm1_ftMS_sl96_ll48_pl96_dm512_nh8_el2_dl1_df2048_expand2_dc4_fc1_ebtimeF_dtTrue_Exp_0,iTransformer,96,96,1251,prollcov.csv,ETTm1
0,0.13354959,0.031231979,0.17672572,0.10982235,0.026104532,long_term_forecast_ETTh1_96_96ETTm1_w1001_pmutual_info.csv_iTransformer_ETTm1_ftMS_sl96_ll48_pl96_dm512_nh8_el2_dl1_df2048_expand2_dc4_fc1_ebtimeF_dtTrue_Exp_0,iTransformer,96,96,1001,pmutual_info.csv,ETTm1
0,0.13437894,0.031245897,0.17676508,0.11091325,0.026677929,long_term_forecast_ETTh1_96_96ETTm1_w751_pmutual_info.csv_iTransformer_ETTm1_ftMS_sl96_ll48_pl96_dm512_nh8_el2_dl1_df2048_expand2_dc4_fc1_ebtimeF_dtTrue_Exp_0,iTransformer,96,96,751,pmutual_info.csv,ETTm1
0,0.13329695,0.03146638,0.17738765,0.10915377,0.025897048,long_term_forecast_ETTh1_96_96ETTm1_w501_pmutual_info.csv_iTransformer_ETTm1_ftMS_sl96_ll48_pl96_dm512_nh8_el2_dl1_df2048_expand2_dc4_fc1_ebtimeF_dtTrue_Exp_0,iTransformer,96,96,501,pmutual_info.csv,ETTm1
0,0.053404745,0.034447618,0.1856007,0.86028165,6.774244,long_term_forecast_96_96Weather_w501_iprollcorr.csv_Crossformer_Weather_ftMS_sl96_ll48_pl96_dm512_nh8_el2_dl1_df2048_expand2_dc4_fc3_ebtimeF_dtTrue_Exp_0,Crossformer,96,96,501,iprollcorr.csv,Weather
0,0.13272792,0.0361172,0.19004525,3.2529066,47.172558,long_term_forecast_96_96Weather_w501_ipsmoothrandomwalk.csv_Autoformer_Weather_ftMS_sl96_ll48_pl96_dm512_nh8_el2_dl1_df2048_expand2_dc4_fc3_ebtimeF_dtTrue_Exp_0,Autoformer,96,96,501,ipsmoothrandomwalk.csv,Weather
0,0.055159986,0.040552,0.20137528,1.3628159,32.252903,long_term_forecast_96_96Weather_w1501_prollcov.csv_Crossformer_Weather_ftMS_sl96_ll48_pl96_dm512_nh8_el2_dl1_df2048_expand2_dc4_fc3_ebtimeF_dtTrue_Exp_0,Crossformer,96,96,1501,prollcov.csv,Weather
0,0.045603644,0.04245641,0.20604953,0.8822391,27.14065,long_term_forecast_96_96Weather_w1501_ipfarm.csv_Crossformer_Weather_ftMS_sl96_ll48_pl96_dm512_nh8_el2_dl1_df2048_expand2_dc4_fc3_ebtimeF_dtTrue_Exp_0,Crossformer,96,96,1501,ipfarm.csv,Weather
0,0.1591095,0.043996956,0.20975451,0.13012995,0.035635374,long_term_forecast_192_96ETTm1.csv_PatchTST_ETTm1_ftMS_sl96_ll48_pl192_dm512_nh8_el3_dl1_df2048_expand2_dc4_fc3_ebtimeF_dtTrue_Exp_0,PatchTST,192,96,,identity,ETTm1
0,0.16212124,0.044526935,0.21101406,0.13340731,0.03740531,long_term_forecast_ETTh1_192_96ETTm1_w1251_ipentropy.csv_iTransformer_ETTm1_ftMS_sl96_ll48_pl192_dm512_nh8_el2_dl1_df2048_expand2_dc4_fc1_ebtimeF_dtTrue_Exp_0,iTransformer,192,96,1251,ipentropy.csv,ETTm1
0,0.16222303,0.044527497,0.21101539,0.13374597,0.037773397,long_term_forecast_ETTh1_192_96ETTm1_w1501_pfarm.csv_iTransformer_ETTm1_ftMS_sl96_ll48_pl192_dm512_nh8_el2_dl1_df2048_expand2_dc4_fc1_ebtimeF_dtTrue_Exp_0,iTransformer,192,96,1501,pfarm.csv,ETTm1
0,0.16126132,0.044535212,0.21103367,0.13286918,0.038182713,long_term_forecast_ETTh1_192_96ETTm1_w501_pfarm.csv_iTransformer_ETTm1_ftMS_sl96_ll48_pl192_dm512_nh8_el2_dl1_df2048_expand2_dc4_fc1_ebtimeF_dtTrue_Exp_0,iTransformer,192,96,501,pfarm.csv,ETTm1
0,0.16223925,0.04461782,0.21122931,0.13337973,0.037251417,long_term_forecast_ETTh1_192_96ETTm1.csv_iTransformer_ETTm1_ftMS_sl96_ll48_pl192_dm512_nh8_el2_dl1_df2048_expand2_dc4_fc1_ebtimeF_dtTrue_Exp_0,iTransformer,192,96,,identity,ETTm1
0,0.16241394,0.044622168,0.21123959,0.13369638,0.037614055,long_term_forecast_ETTh1_192_96ETTm1_w751_ipmutual_info.csv_iTransformer_ETTm1_ftMS_sl96_ll48_pl192_dm512_nh8_el2_dl1_df2048_expand2_dc4_fc1_ebtimeF_dtTrue_Exp_0,iTransformer,192,96,751,ipmutual_info.csv,ETTm1
0,0.16253309,0.04465757,0.21132338,0.13354,0.037073527,long_term_forecast_ETTh1_192_96ETTm1_w1001_pentropy.csv_iTransformer_ETTm1_ftMS_sl96_ll48_pl192_dm512_nh8_el2_dl1_df2048_expand2_dc4_fc1_ebtimeF_dtTrue_Exp_0,iTransformer,192,96,1001,pentropy.csv,ETTm1
0,0.042547338,0.044694908,0.2114117,0.73542523,7.2521334,long_term_forecast_96_96Weather_w1251_ipentropy.csv_Crossformer_Weather_ftMS_sl96_ll48_pl96_dm512_nh8_el2_dl1_df2048_expand2_dc4_fc3_ebtimeF_dtTrue_Exp_0,Crossformer,96,96,1251,ipentropy.csv,Weather
0,0.16247328,0.04470885,0.21144468,0.13356324,0.03734366,long_term_forecast_ETTh1_192_96ETTm1_w1501_ipentropy.csv_iTransformer_ETTm1_ftMS_sl96_ll48_pl192_dm512_nh8_el2_dl1_df2048_expand2_dc4_fc1_ebtimeF_dtTrue_Exp_0,iTransformer,192,96,1501,ipentropy.csv,ETTm1
0,0.16246699,0.044708952,0.21144491,0.13384652,0.038035743,long_term_forecast_ETTh1_192_96ETTm1_w1251_ipmutual_info.csv_iTransformer_ETTm1_ftMS_sl96_ll48_pl192_dm512_nh8_el2_dl1_df2048_expand2_dc4_fc1_ebtimeF_dtTrue_Exp_0,iTransformer,192,96,1251,ipmutual_info.csv,ETTm1
0,0.16245085,0.044728428,0.21149096,0.1341086,0.03845023,long_term_forecast_ETTh1_192_96ETTm1_w1001_ipmutual_info.csv_iTransformer_ETTm1_ftMS_sl96_ll48_pl192_dm512_nh8_el2_dl1_df2048_expand2_dc4_fc1_ebtimeF_dtTrue_Exp_0,iTransformer,192,96,1001,ipmutual_info.csv,ETTm1
0,0.16252255,0.044747926,0.21153706,0.13377625,0.03765229,long_term_forecast_ETTh1_192_96ETTm1_w1001_ipentropy.csv_iTransformer_ETTm1_ftMS_sl96_ll48_pl192_dm512_nh8_el2_dl1_df2048_expand2_dc4_fc1_ebtimeF_dtTrue_Exp_0,iTransformer,192,96,1001,ipentropy.csv,ETTm1
0,0.16234727,0.04475972,0.21156493,0.1337275,0.03797783,long_term_forecast_ETTh1_192_96ETTm1_w1501_prollcov.csv_iTransformer_ETTm1_ftMS_sl96_ll48_pl192_dm512_nh8_el2_dl1_df2048_expand2_dc4_fc1_ebtimeF_dtTrue_Exp_0,iTransformer,192,96,1501,prollcov.csv,ETTm1
0,0.1622882,0.044761866,0.21157001,0.13344647,0.03760104,long_term_forecast_ETTh1_192_96ETTm1_w751_prollcov.csv_iTransformer_ETTm1_ftMS_sl96_ll48_pl192_dm512_nh8_el2_dl1_df2048_expand2_dc4_fc1_ebtimeF_dtTrue_Exp_0,iTransformer,192,96,751,prollcov.csv,ETTm1
0,0.16242918,0.0447858,0.21162656,0.13365106,0.037616834,long_term_forecast_ETTh1_192_96ETTm1_w1501_ipmutual_info.csv_iTransformer_ETTm1_ftMS_sl96_ll48_pl192_dm512_nh8_el2_dl1_df2048_expand2_dc4_fc1_ebtimeF_dtTrue_Exp_0,iTransformer,192,96,1501,ipmutual_info.csv,ETTm1
0,0.16253096,0.044839244,0.21175279,0.1343095,0.038285818,long_term_forecast_ETTh1_192_96ETTm1_w1501_prollcorr.csv_iTransformer_ETTm1_ftMS_sl96_ll48_pl192_dm512_nh8_el2_dl1_df2048_expand2_dc4_fc1_ebtimeF_dtTrue_Exp_0,iTransformer,192,96,1501,prollcorr.csv,ETTm1
0,0.1629003,0.044852156,0.21178328,0.13406663,0.037782464,long_term_forecast_ETTh1_192_96ETTm1_w1251_pfarm.csv_iTransformer_ETTm1_ftMS_sl96_ll48_pl192_dm512_nh8_el2_dl1_df2048_expand2_dc4_fc1_ebtimeF_dtTrue_Exp_0,iTransformer,192,96,1251,pfarm.csv,ETTm1
0,0.16254061,0.044855107,0.21179025,0.13371052,0.037850186,long_term_forecast_ETTh1_192_96ETTm1_w501_iprollcorr.csv_iTransformer_ETTm1_ftMS_sl96_ll48_pl192_dm512_nh8_el2_dl1_df2048_expand2_dc4_fc1_ebtimeF_dtTrue_Exp_0,iTransformer,192,96,501,iprollcorr.csv,ETTm1
0,0.16267307,0.04492489,0.21195492,0.13355777,0.037374146,long_term_forecast_ETTh1_192_96ETTm1_w751_ipentropy.csv_iTransformer_ETTm1_ftMS_sl96_ll48_pl192_dm512_nh8_el2_dl1_df2048_expand2_dc4_fc1_ebtimeF_dtTrue_Exp_0,iTransformer,192,96,751,ipentropy.csv,ETTm1
0,0.1633902,0.044998106,0.21212757,0.13418368,0.037516598,long_term_forecast_ETTh1_192_96ETTm1_w1001_iprollcorr.csv_iTransformer_ETTm1_ftMS_sl96_ll48_pl192_dm512_nh8_el2_dl1_df2048_expand2_dc4_fc1_ebtimeF_dtTrue_Exp_0,iTransformer,192,96,1001,iprollcorr.csv,ETTm1
0,0.16298337,0.045068894,0.21229436,0.1340936,0.03794505,long_term_forecast_ETTh1_192_96ETTm1_w501_ipentropy.csv_iTransformer_ETTm1_ftMS_sl96_ll48_pl192_dm512_nh8_el2_dl1_df2048_expand2_dc4_fc1_ebtimeF_dtTrue_Exp_0,iTransformer,192,96,501,ipentropy.csv,ETTm1
0,0.16160959,0.045085188,0.21233273,0.13221548,0.036966313,long_term_forecast_192_96ETTm1.csv_TimeXer_ETTm1_ftMS_sl96_ll48_pl192_dm512_nh8_el1_dl1_df2048_expand2_dc4_fc3_ebtimeF_dtTrue_Exp_0,TimeXer,192,96,,identity,ETTm1
0,0.16291341,0.0450874,0.21233794,0.1336742,0.0375354,long_term_forecast_ETTh1_192_96ETTm1_w1001_iprollcov.csv_iTransformer_ETTm1_ftMS_sl96_ll48_pl192_dm512_nh8_el2_dl1_df2048_expand2_dc4_fc1_ebtimeF_dtTrue_Exp_0,iTransformer,192,96,1001,iprollcov.csv,ETTm1
0,0.16339827,0.045108784,0.21238829,0.13447055,0.037877273,long_term_forecast_ETTh1_192_96ETTm1_w751_pentropy.csv_iTransformer_ETTm1_ftMS_sl96_ll48_pl192_dm512_nh8_el2_dl1_df2048_expand2_dc4_fc1_ebtimeF_dtTrue_Exp_0,iTransformer,192,96,751,pentropy.csv,ETTm1
0,0.16322428,0.045115788,0.21240477,0.13440874,0.037889488,long_term_forecast_ETTh1_192_96ETTm1_w1001_prollcov.csv_iTransformer_ETTm1_ftMS_sl96_ll48_pl192_dm512_nh8_el2_dl1_df2048_expand2_dc4_fc1_ebtimeF_dtTrue_Exp_0,iTransformer,192,96,1001,prollcov.csv,ETTm1
0,0.16310254,0.045134675,0.21244922,0.13406663,0.03778815,long_term_forecast_ETTh1_192_96ETTm1_w751_ipfarm.csv_iTransformer_ETTm1_ftMS_sl96_ll48_pl192_dm512_nh8_el2_dl1_df2048_expand2_dc4_fc1_ebtimeF_dtTrue_Exp_0,iTransformer,192,96,751,ipfarm.csv,ETTm1
0,0.16353193,0.045152195,0.21249045,0.13498202,0.038726006,long_term_forecast_ETTh1_192_96ETTm1_w501_pentropy.csv_iTransformer_ETTm1_ftMS_sl96_ll48_pl192_dm512_nh8_el2_dl1_df2048_expand2_dc4_fc1_ebtimeF_dtTrue_Exp_0,iTransformer,192,96,501,pentropy.csv,ETTm1
0,0.16297269,0.045178056,0.2125513,0.13423717,0.038407553,long_term_forecast_ETTh1_192_96ETTm1_w1251_pentropy.csv_iTransformer_ETTm1_ftMS_sl96_ll48_pl192_dm512_nh8_el2_dl1_df2048_expand2_dc4_fc1_ebtimeF_dtTrue_Exp_0,iTransformer,192,96,1251,pentropy.csv,ETTm1
0,0.16332248,0.045260012,0.21274401,0.13389434,0.037271373,long_term_forecast_ETTh1_192_96ETTm1_w501_ipmutual_info.csv_iTransformer_ETTm1_ftMS_sl96_ll48_pl192_dm512_nh8_el2_dl1_df2048_expand2_dc4_fc1_ebtimeF_dtTrue_Exp_0,iTransformer,192,96,501,ipmutual_info.csv,ETTm1
0,0.1637808,0.045269843,0.21276711,0.13509822,0.038481083,long_term_forecast_ETTh1_192_96ETTm1_w1501_pentropy.csv_iTransformer_ETTm1_ftMS_sl96_ll48_pl192_dm512_nh8_el2_dl1_df2048_expand2_dc4_fc1_ebtimeF_dtTrue_Exp_0,iTransformer,192,96,1501,pentropy.csv,ETTm1
0,0.1636944,0.045281496,0.2127945,0.13491441,0.038503356,long_term_forecast_ETTh1_192_96ETTm1_w1251_prollcov.csv_iTransformer_ETTm1_ftMS_sl96_ll48_pl192_dm512_nh8_el2_dl1_df2048_expand2_dc4_fc1_ebtimeF_dtTrue_Exp_0,iTransformer,192,96,1251,prollcov.csv,ETTm1
0,0.1631765,0.045287058,0.21280757,0.13411893,0.037838183,long_term_forecast_ETTh1_192_96ETTm1_w1251_iprollcorr.csv_iTransformer_ETTm1_ftMS_sl96_ll48_pl192_dm512_nh8_el2_dl1_df2048_expand2_dc4_fc1_ebtimeF_dtTrue_Exp_0,iTransformer,192,96,1251,iprollcorr.csv,ETTm1
0,0.16365387,0.045311756,0.21286558,0.13451274,0.03788708,long_term_forecast_ETTh1_192_96ETTm1_w1501_ipfarm.csv_iTransformer_ETTm1_ftMS_sl96_ll48_pl192_dm512_nh8_el2_dl1_df2048_expand2_dc4_fc1_ebtimeF_dtTrue_Exp_0,iTransformer,192,96,1501,ipfarm.csv,ETTm1
0,0.1632548,0.04531719,0.21287835,0.13416605,0.037972238,long_term_forecast_ETTh1_192_96ETTm1_w1001_pfarm.csv_iTransformer_ETTm1_ftMS_sl96_ll48_pl192_dm512_nh8_el2_dl1_df2048_expand2_dc4_fc1_ebtimeF_dtTrue_Exp_0,iTransformer,192,96,1001,pfarm.csv,ETTm1
0,0.16330473,0.045321584,0.21288866,0.13432714,0.03820938,long_term_forecast_ETTh1_192_96ETTm1_w1251_ipfarm.csv_iTransformer_ETTm1_ftMS_sl96_ll48_pl192_dm512_nh8_el2_dl1_df2048_expand2_dc4_fc1_ebtimeF_dtTrue_Exp_0,iTransformer,192,96,1251,ipfarm.csv,ETTm1
0,0.16392206,0.04533892,0.21292938,0.13476932,0.03794384,long_term_forecast_ETTh1_192_96ETTm1_w501_iprollcov.csv_iTransformer_ETTm1_ftMS_sl96_ll48_pl192_dm512_nh8_el2_dl1_df2048_expand2_dc4_fc1_ebtimeF_dtTrue_Exp_0,iTransformer,192,96,501,iprollcov.csv,ETTm1
0,0.16333993,0.045345195,0.2129441,0.1340075,0.037637454,long_term_forecast_ETTh1_192_96ETTm1_w1001_ipfarm.csv_iTransformer_ETTm1_ftMS_sl96_ll48_pl192_dm512_nh8_el2_dl1_df2048_expand2_dc4_fc1_ebtimeF_dtTrue_Exp_0,iTransformer,192,96,1001,ipfarm.csv,ETTm1
0,0.16325358,0.045368627,0.21299912,0.13510686,0.03939315,long_term_forecast_ETTh1_192_96ETTm1_w1501_pmutual_info.csv_iTransformer_ETTm1_ftMS_sl96_ll48_pl192_dm512_nh8_el2_dl1_df2048_expand2_dc4_fc1_ebtimeF_dtTrue_Exp_0,iTransformer,192,96,1501,pmutual_info.csv,ETTm1
0,0.16414846,0.045450542,0.21319133,0.13491136,0.038007155,long_term_forecast_ETTh1_192_96ETTm1_w1251_iprollcov.csv_iTransformer_ETTm1_ftMS_sl96_ll48_pl192_dm512_nh8_el2_dl1_df2048_expand2_dc4_fc1_ebtimeF_dtTrue_Exp_0,iTransformer,192,96,1251,iprollcov.csv,ETTm1
0,0.1640061,0.04545658,0.21320549,0.1348078,0.0379039,long_term_forecast_ETTh1_192_96ETTm1_w1501_iprollcov.csv_iTransformer_ETTm1_ftMS_sl96_ll48_pl192_dm512_nh8_el2_dl1_df2048_expand2_dc4_fc1_ebtimeF_dtTrue_Exp_0,iTransformer,192,96,1501,iprollcov.csv,ETTm1
0,0.16416574,0.04556529,0.21346027,0.13483293,0.038064986,long_term_forecast_ETTh1_192_96ETTm1_w751_iprollcov.csv_iTransformer_ETTm1_ftMS_sl96_ll48_pl192_dm512_nh8_el2_dl1_df2048_expand2_dc4_fc1_ebtimeF_dtTrue_Exp_0,iTransformer,192,96,751,iprollcov.csv,ETTm1
0,0.16458873,0.04562618,0.21360286,0.13552764,0.038594678,long_term_forecast_ETTh1_192_96ETTm1_w1501_iprollcorr.csv_iTransformer_ETTm1_ftMS_sl96_ll48_pl192_dm512_nh8_el2_dl1_df2048_expand2_dc4_fc1_ebtimeF_dtTrue_Exp_0,iTransformer,192,96,1501,iprollcorr.csv,ETTm1
0,0.16447647,0.045701653,0.21377945,0.13566247,0.039183345,long_term_forecast_ETTh1_192_96ETTm1_w751_pfarm.csv_iTransformer_ETTm1_ftMS_sl96_ll48_pl192_dm512_nh8_el2_dl1_df2048_expand2_dc4_fc1_ebtimeF_dtTrue_Exp_0,iTransformer,192,96,751,pfarm.csv,ETTm1
0,0.16264488,0.045794047,0.21399544,0.13321474,0.036924437,long_term_forecast_192_96ETTm1_w501_pmutual_info.csv_PatchTST_ETTm1_ftMS_sl96_ll48_pl192_dm512_nh8_el3_dl1_df2048_expand2_dc4_fc3_ebtimeF_dtTrue_Exp_0,PatchTST,192,96,501,pmutual_info.csv,ETTm1
0,0.16390648,0.045821737,0.21406013,0.13496877,0.038835738,long_term_forecast_ETTh1_192_96ETTm1_w501_prollcov.csv_iTransformer_ETTm1_ftMS_sl96_ll48_pl192_dm512_nh8_el2_dl1_df2048_expand2_dc4_fc1_ebtimeF_dtTrue_Exp_0,iTransformer,192,96,501,prollcov.csv,ETTm1
0,0.16483174,0.045935135,0.21432483,0.13617523,0.039600402,long_term_forecast_ETTh1_192_96ETTm1_w751_prollcorr.csv_iTransformer_ETTm1_ftMS_sl96_ll48_pl192_dm512_nh8_el2_dl1_df2048_expand2_dc4_fc1_ebtimeF_dtTrue_Exp_0,iTransformer,192,96,751,prollcorr.csv,ETTm1
0,0.16489595,0.045970928,0.21440832,0.13606818,0.039402228,long_term_forecast_ETTh1_192_96ETTm1_w501_ipfarm.csv_iTransformer_ETTm1_ftMS_sl96_ll48_pl192_dm512_nh8_el2_dl1_df2048_expand2_dc4_fc1_ebtimeF_dtTrue_Exp_0,iTransformer,192,96,501,ipfarm.csv,ETTm1
0,0.16491655,0.046108324,0.21472849,0.13710871,0.040775973,long_term_forecast_ETTh1_192_96ETTm1_w1251_pmutual_info.csv_iTransformer_ETTm1_ftMS_sl96_ll48_pl192_dm512_nh8_el2_dl1_df2048_expand2_dc4_fc1_ebtimeF_dtTrue_Exp_0,iTransformer,192,96,1251,pmutual_info.csv,ETTm1
0,0.16501443,0.046249676,0.21505737,0.13708915,0.0407615,long_term_forecast_192_96ETTm1_w751_iprollcorr.csv_TimeXer_ETTm1_ftMS_sl96_ll48_pl192_dm512_nh8_el1_dl1_df2048_expand2_dc4_fc3_ebtimeF_dtTrue_Exp_0,TimeXer,192,96,751,iprollcorr.csv,ETTm1
0,0.16569151,0.0464067,0.21542215,0.13650511,0.039563283,long_term_forecast_ETTh1_192_96ETTm1_w751_pmutual_info.csv_iTransformer_ETTm1_ftMS_sl96_ll48_pl192_dm512_nh8_el2_dl1_df2048_expand2_dc4_fc1_ebtimeF_dtTrue_Exp_0,iTransformer,192,96,751,pmutual_info.csv,ETTm1
0,0.16538464,0.04642554,0.21546587,0.13697943,0.04084146,long_term_forecast_ETTh1_192_96ETTm1_w1251_prollcorr.csv_iTransformer_ETTm1_ftMS_sl96_ll48_pl192_dm512_nh8_el2_dl1_df2048_expand2_dc4_fc1_ebtimeF_dtTrue_Exp_0,iTransformer,192,96,1251,prollcorr.csv,ETTm1
0,0.1657619,0.046510324,0.21566252,0.13725929,0.040465787,long_term_forecast_ETTh1_192_96ETTm1_w1001_pmutual_info.csv_iTransformer_ETTm1_ftMS_sl96_ll48_pl192_dm512_nh8_el2_dl1_df2048_expand2_dc4_fc1_ebtimeF_dtTrue_Exp_0,iTransformer,192,96,1001,pmutual_info.csv,ETTm1
0,0.16528347,0.046587843,0.21584217,0.13617124,0.039352532,long_term_forecast_ETTh1_192_96ETTm1_w1001_prollcorr.csv_iTransformer_ETTm1_ftMS_sl96_ll48_pl192_dm512_nh8_el2_dl1_df2048_expand2_dc4_fc1_ebtimeF_dtTrue_Exp_0,iTransformer,192,96,1001,prollcorr.csv,ETTm1
0,0.1662249,0.04672945,0.21616995,0.13631424,0.038988035,long_term_forecast_ETTh1_192_96ETTm1_w751_iprollcorr.csv_iTransformer_ETTm1_ftMS_sl96_ll48_pl192_dm512_nh8_el2_dl1_df2048_expand2_dc4_fc1_ebtimeF_dtTrue_Exp_0,iTransformer,192,96,751,iprollcorr.csv,ETTm1
0,0.16660671,0.047506586,0.21796006,0.13718194,0.039922506,long_term_forecast_ETTh1_192_96ETTm1_w501_prollcorr.csv_iTransformer_ETTm1_ftMS_sl96_ll48_pl192_dm512_nh8_el2_dl1_df2048_expand2_dc4_fc1_ebtimeF_dtTrue_Exp_0,iTransformer,192,96,501,prollcorr.csv,ETTm1
0,0.16892713,0.048509594,0.22024894,0.13911614,0.041321468,long_term_forecast_ETTh1_192_96ETTm1_w501_pmutual_info.csv_iTransformer_ETTm1_ftMS_sl96_ll48_pl192_dm512_nh8_el2_dl1_df2048_expand2_dc4_fc1_ebtimeF_dtTrue_Exp_0,iTransformer,192,96,501,pmutual_info.csv,ETTm1
0,0.18032542,0.05432766,0.23308295,0.14048569,0.033959385,long_term_forecast_96_96ETTm1_w1501_prollcov.csv_Crossformer_ETTm1_ftMS_sl96_ll48_pl96_dm512_nh8_el2_dl1_df2048_expand2_dc4_fc1_ebtimeF_dtTrue_Exp_0,Crossformer,96,96,1501,prollcov.csv,ETTm1
0,0.1825152,0.05467945,0.23383637,0.14686193,0.04137593,long_term_forecast_96_96ETTm1_w1251_ipfarm.csv_Autoformer_ETTm1_ftMS_sl96_ll48_pl96_dm512_nh8_el2_dl1_df2048_expand2_dc4_fc3_ebtimeF_dtTrue_Exp_0,Autoformer,96,96,1251,ipfarm.csv,ETTm1
0,0.18323308,0.054700468,0.23388131,0.14934383,0.044218864,long_term_forecast_96_96ETTm1_w501_ipentropy.csv_Autoformer_ETTm1_ftMS_sl96_ll48_pl96_dm512_nh8_el2_dl1_df2048_expand2_dc4_fc3_ebtimeF_dtTrue_Exp_0,Autoformer,96,96,501,ipentropy.csv,ETTm1
0,0.17919526,0.055289656,0.23513752,0.14201577,0.03798021,long_term_forecast_96_96ETTh1_w751_pmutual_info.csv_TimeXer_ETTh1_ftMS_sl96_ll48_pl96_dm512_nh8_el1_dl1_df2048_expand2_dc4_fc3_ebtimeF_dtTrue_exp_0,TimeXer,96,96,751,pmutual_info.csv,ETTh1
0,0.18050294,0.055767603,0.23615165,0.14368604,0.03809239,long_term_forecast_96_96ETTh1_w501_psmoothrandomwalk.csv_TimeXer_ETTh1_ftMS_sl96_ll48_pl96_dm512_nh8_el1_dl1_df2048_expand2_dc4_fc3_ebtimeF_dtTrue_exp_0,TimeXer,96,96,501,psmoothrandomwalk.csv,ETTh1
0,0.1798621,0.055873793,0.23637637,0.14247815,0.037181534,long_term_forecast_96_96ETTh1_w751_ipsmoothrandomwalk.csv_PatchTST_ETTh1_ftMS_sl96_ll48_pl96_dm512_nh8_el1_dl1_df2048_expand2_dc4_fc3_ebtimeF_dtTrue_Exp_0,PatchTST,96,96,751,ipsmoothrandomwalk.csv,ETTh1
0,0.18116905,0.055906586,0.23644574,0.14546116,0.04014907,long_term_forecast_96_96ETTh1_w1251_psmoothrandomwalk.csv_TimeXer_ETTh1_ftMS_sl96_ll48_pl96_dm512_nh8_el1_dl1_df2048_expand2_dc4_fc3_ebtimeF_dtTrue_exp_0,TimeXer,96,96,1251,psmoothrandomwalk.csv,ETTh1
0,0.17987412,0.055911377,0.23645587,0.14244252,0.037160344,long_term_forecast_96_96ETTh1_w501_prandomwalk.csv_PatchTST_ETTh1_ftMS_sl96_ll48_pl96_dm512_nh8_el1_dl1_df2048_expand2_dc4_fc3_ebtimeF_dtTrue_Exp_0,PatchTST,96,96,501,prandomwalk.csv,ETTh1
0,0.17988472,0.055921588,0.23647746,0.14244652,0.03715797,long_term_forecast_96_96ETTh1_w501_ipsmoothrandomwalk.csv_PatchTST_ETTh1_ftMS_sl96_ll48_pl96_dm512_nh8_el1_dl1_df2048_expand2_dc4_fc3_ebtimeF_dtTrue_Exp_0,PatchTST,96,96,501,ipsmoothrandomwalk.csv,ETTh1
0,0.17990904,0.055945486,0.23652798,0.1424422,0.037159164,long_term_forecast_96_96ETTh1_w1001_psmoothrandomwalk.csv_PatchTST_ETTh1_ftMS_sl96_ll48_pl96_dm512_nh8_el1_dl1_df2048_expand2_dc4_fc3_ebtimeF_dtTrue_Exp_0,PatchTST,96,96,1001,psmoothrandomwalk.csv,ETTh1
0,0.17990099,0.055954423,0.23654687,0.1424111,0.03713569,long_term_forecast_96_96ETTh1_w1501_psmoothrandomwalk.csv_PatchTST_ETTh1_ftMS_sl96_ll48_pl96_dm512_nh8_el1_dl1_df2048_expand2_dc4_fc3_ebtimeF_dtTrue_Exp_0,PatchTST,96,96,1501,psmoothrandomwalk.csv,ETTh1
0,0.17996983,0.055961628,0.2365621,0.14251254,0.03719926,long_term_forecast_96_96ETTh1_w1251_psmoothrandomwalk.csv_PatchTST_ETTh1_ftMS_sl96_ll48_pl96_dm512_nh8_el1_dl1_df2048_expand2_dc4_fc3_ebtimeF_dtTrue_Exp_0,PatchTST,96,96,1251,psmoothrandomwalk.csv,ETTh1
0,0.17991917,0.055966936,0.23657332,0.1424148,0.03713063,long_term_forecast_96_96ETTh1_w501_psmoothrandomwalk.csv_PatchTST_ETTh1_ftMS_sl96_ll48_pl96_dm512_nh8_el1_dl1_df2048_expand2_dc4_fc3_ebtimeF_dtTrue_Exp_0,PatchTST,96,96,501,psmoothrandomwalk.csv,ETTh1
0,0.17992933,0.055978563,0.2365979,0.14241262,0.037127204,long_term_forecast_96_96ETTh1_w751_psmoothrandomwalk.csv_PatchTST_ETTh1_ftMS_sl96_ll48_pl96_dm512_nh8_el1_dl1_df2048_expand2_dc4_fc3_ebtimeF_dtTrue_Exp_0,PatchTST,96,96,751,psmoothrandomwalk.csv,ETTh1
0,0.18130207,0.056045625,0.23673958,0.14451824,0.039402258,long_term_forecast_96_96ETTh1_w1001_pmutual_info.csv_TimeXer_ETTh1_ftMS_sl96_ll48_pl96_dm512_nh8_el1_dl1_df2048_expand2_dc4_fc3_ebtimeF_dtTrue_exp_0,TimeXer,96,96,1001,pmutual_info.csv,ETTh1
0,0.18016468,0.056085628,0.23682405,0.14258358,0.037186038,long_term_forecast_96_96ETTh1_w1501_ipsmoothrandomwalk.csv_PatchTST_ETTh1_ftMS_sl96_ll48_pl96_dm512_nh8_el1_dl1_df2048_expand2_dc4_fc3_ebtimeF_dtTrue_Exp_0,PatchTST,96,96,1501,ipsmoothrandomwalk.csv,ETTh1
0,0.18130898,0.0560884,0.23682989,0.14563654,0.04047995,long_term_forecast_96_96ETTh1_w1001_psmoothrandomwalk.csv_TimeXer_ETTh1_ftMS_sl96_ll48_pl96_dm512_nh8_el1_dl1_df2048_expand2_dc4_fc3_ebtimeF_dtTrue_exp_0,TimeXer,96,96,1001,psmoothrandomwalk.csv,ETTh1
0,0.18162492,0.056093298,0.23684023,0.14528534,0.03966406,long_term_forecast_96_96ETTh1_w501_pmutual_info.csv_TimeXer_ETTh1_ftMS_sl96_ll48_pl96_dm512_nh8_el1_dl1_df2048_expand2_dc4_fc3_ebtimeF_dtTrue_exp_0,TimeXer,96,96,501,pmutual_info.csv,ETTh1
0,0.18152505,0.056142386,0.23694384,0.14477831,0.039324284,long_term_forecast_96_96ETTh1_w751_prollcov.csv_TimeXer_ETTh1_ftMS_sl96_ll48_pl96_dm512_nh8_el1_dl1_df2048_expand2_dc4_fc3_ebtimeF_dtTrue_exp_0,TimeXer,96,96,751,prollcov.csv,ETTh1
0,0.18170847,0.056147423,0.23695448,0.14512771,0.039567906,long_term_forecast_96_96ETTh1_w1001_prollcov.csv_TimeXer_ETTh1_ftMS_sl96_ll48_pl96_dm512_nh8_el1_dl1_df2048_expand2_dc4_fc3_ebtimeF_dtTrue_exp_0,TimeXer,96,96,1001,prollcov.csv,ETTh1
0,0.18173131,0.056170724,0.23700364,0.14534044,0.039851405,long_term_forecast_96_96ETTh1_w501_ipmutual_info.csv_TimeXer_ETTh1_ftMS_sl96_ll48_pl96_dm512_nh8_el1_dl1_df2048_expand2_dc4_fc3_ebtimeF_dtTrue_exp_0,TimeXer,96,96,501,ipmutual_info.csv,ETTh1
0,0.18064472,0.056177188,0.23701727,0.14419448,0.039703343,long_term_forecast_96_96ETTh1_w751_psmoothrandomwalk.csv_TimeXer_ETTh1_ftMS_sl96_ll48_pl96_dm512_nh8_el1_dl1_df2048_expand2_dc4_fc3_ebtimeF_dtTrue_exp_0,TimeXer,96,96,751,psmoothrandomwalk.csv,ETTh1
0,0.18176572,0.056187257,0.23703851,0.14529252,0.03974298,long_term_forecast_96_96ETTh1_w1001_prollcorr.csv_TimeXer_ETTh1_ftMS_sl96_ll48_pl96_dm512_nh8_el1_dl1_df2048_expand2_dc4_fc3_ebtimeF_dtTrue_exp_0,TimeXer,96,96,1001,prollcorr.csv,ETTh1
0,0.1818413,0.056192044,0.23704861,0.1452103,0.039582033,long_term_forecast_96_96ETTh1_w751_prollcorr.csv_TimeXer_ETTh1_ftMS_sl96_ll48_pl96_dm512_nh8_el1_dl1_df2048_expand2_dc4_fc3_ebtimeF_dtTrue_exp_0,TimeXer,96,96,751,prollcorr.csv,ETTh1
0,0.18037972,0.056200247,0.23706591,0.14273857,0.037257135,long_term_forecast_96_96ETTh1_w1251_ipsmoothrandomwalk.csv_PatchTST_ETTh1_ftMS_sl96_ll48_pl96_dm512_nh8_el1_dl1_df2048_expand2_dc4_fc3_ebtimeF_dtTrue_Exp_0,PatchTST,96,96,1251,ipsmoothrandomwalk.csv,ETTh1
0,0.18147232,0.056233127,0.23713525,0.14545271,0.040446494,long_term_forecast_96_96ETTh1_w1251_pmutual_info.csv_TimeXer_ETTh1_ftMS_sl96_ll48_pl96_dm512_nh8_el1_dl1_df2048_expand2_dc4_fc3_ebtimeF_dtTrue_exp_0,TimeXer,96,96,1251,pmutual_info.csv,ETTh1
0,0.18192528,0.056275185,0.23722391,0.1451806,0.03962056,long_term_forecast_96_96ETTh1_w1251_pfarm.csv_TimeXer_ETTh1_ftMS_sl96_ll48_pl96_dm512_nh8_el1_dl1_df2048_expand2_dc4_fc3_ebtimeF_dtTrue_exp_0,TimeXer,96,96,1251,pfarm.csv,ETTh1
0,0.18175757,0.05628346,0.23724136,0.14507148,0.039613277,long_term_forecast_96_96ETTh1_w1501_prollcorr.csv_TimeXer_ETTh1_ftMS_sl96_ll48_pl96_dm512_nh8_el1_dl1_df2048_expand2_dc4_fc3_ebtimeF_dtTrue_exp_0,TimeXer,96,96,1501,prollcorr.csv,ETTh1
0,0.18217626,0.05630778,0.2372926,0.14625318,0.040711995,long_term_forecast_96_96ETTh1_w501_prollcorr.csv_TimeXer_ETTh1_ftMS_sl96_ll48_pl96_dm512_nh8_el1_dl1_df2048_expand2_dc4_fc3_ebtimeF_dtTrue_exp_0,TimeXer,96,96,501,prollcorr.csv,ETTh1
0,0.18168727,0.056325503,0.23732994,0.14495255,0.039581172,long_term_forecast_96_96ETTh1_w1501_prollcov.csv_TimeXer_ETTh1_ftMS_sl96_ll48_pl96_dm512_nh8_el1_dl1_df2048_expand2_dc4_fc3_ebtimeF_dtTrue_exp_0,TimeXer,96,96,1501,prollcov.csv,ETTh1
0,0.18193308,0.056329522,0.23733841,0.14524893,0.039714728,long_term_forecast_96_96ETTh1_w501_ipfarm.csv_TimeXer_ETTh1_ftMS_sl96_ll48_pl96_dm512_nh8_el1_dl1_df2048_expand2_dc4_fc3_ebtimeF_dtTrue_exp_0,TimeXer,96,96,501,ipfarm.csv,ETTh1
0,0.18165931,0.056342732,0.23736624,0.144561,0.039104078,long_term_forecast_96_96ETTh1_w1501_iprollcov.csv_TimeXer_ETTh1_ftMS_sl96_ll48_pl96_dm512_nh8_el1_dl1_df2048_expand2_dc4_fc3_ebtimeF_dtTrue_exp_0,TimeXer,96,96,1501,iprollcov.csv,ETTh1
0,0.18199876,0.056358755,0.2374,0.14516398,0.03954916,long_term_forecast_96_96ETTh1_w1001_ipmutual_info.csv_TimeXer_ETTh1_ftMS_sl96_ll48_pl96_dm512_nh8_el1_dl1_df2048_expand2_dc4_fc3_ebtimeF_dtTrue_exp_0,TimeXer,96,96,1001,ipmutual_info.csv,ETTh1
0,0.18171905,0.056362517,0.23740791,0.14475043,0.03923371,long_term_forecast_96_96ETTh1_w1501_ipmutual_info.csv_TimeXer_ETTh1_ftMS_sl96_ll48_pl96_dm512_nh8_el1_dl1_df2048_expand2_dc4_fc3_ebtimeF_dtTrue_exp_0,TimeXer,96,96,1501,ipmutual_info.csv,ETTh1
0,0.18207599,0.056366384,0.23741606,0.14537722,0.039781164,long_term_forecast_96_96ETTh1_w1001_pfarm.csv_TimeXer_ETTh1_ftMS_sl96_ll48_pl96_dm512_nh8_el1_dl1_df2048_expand2_dc4_fc3_ebtimeF_dtTrue_exp_0,TimeXer,96,96,1001,pfarm.csv,ETTh1
0,0.18143368,0.056371495,0.23742682,0.1444379,0.03918823,long_term_forecast_96_96ETTh1_w1251_prollcorr.csv_TimeXer_ETTh1_ftMS_sl96_ll48_pl96_dm512_nh8_el1_dl1_df2048_expand2_dc4_fc3_ebtimeF_dtTrue_exp_0,TimeXer,96,96,1251,prollcorr.csv,ETTh1
0,0.18191005,0.056394402,0.23747505,0.14473861,0.039159972,long_term_forecast_96_96ETTh1_w1001_iprollcorr.csv_TimeXer_ETTh1_ftMS_sl96_ll48_pl96_dm512_nh8_el1_dl1_df2048_expand2_dc4_fc3_ebtimeF_dtTrue_exp_0,TimeXer,96,96,1001,iprollcorr.csv,ETTh1
0,0.18193342,0.056414947,0.23751831,0.14496617,0.03945329,long_term_forecast_96_96ETTh1_w1501_pfarm.csv_TimeXer_ETTh1_ftMS_sl96_ll48_pl96_dm512_nh8_el1_dl1_df2048_expand2_dc4_fc3_ebtimeF_dtTrue_exp_0,TimeXer,96,96,1501,pfarm.csv,ETTh1
0,0.18185978,0.056424923,0.2375393,0.14472252,0.039280664,long_term_forecast_96_96ETTh1_w1251_iprollcorr.csv_TimeXer_ETTh1_ftMS_sl96_ll48_pl96_dm512_nh8_el1_dl1_df2048_expand2_dc4_fc3_ebtimeF_dtTrue_exp_0,TimeXer,96,96,1251,iprollcorr.csv,ETTh1
0,0.18079545,0.05644161,0.23757443,0.14301635,0.037396345,long_term_forecast_96_96ETTh1_w501_iprandomwalk.csv_PatchTST_ETTh1_ftMS_sl96_ll48_pl96_dm512_nh8_el1_dl1_df2048_expand2_dc4_fc3_ebtimeF_dtTrue_Exp_0,PatchTST,96,96,501,iprandomwalk.csv,ETTh1
0,0.18202509,0.056457568,0.23760802,0.14506951,0.03955359,long_term_forecast_96_96ETTh1_w751_pentropy.csv_TimeXer_ETTh1_ftMS_sl96_ll48_pl96_dm512_nh8_el1_dl1_df2048_expand2_dc4_fc3_ebtimeF_dtTrue_exp_0,TimeXer,96,96,751,pentropy.csv,ETTh1
0,0.18127644,0.05649504,0.23768686,0.14438207,0.038910683,long_term_forecast_96_96ETTh1_w1501_ipsmoothrandomwalk.csv_TimeXer_ETTh1_ftMS_sl96_ll48_pl96_dm512_nh8_el1_dl1_df2048_expand2_dc4_fc3_ebtimeF_dtTrue_exp_0,TimeXer,96,96,1501,ipsmoothrandomwalk.csv,ETTh1
0,0.18202221,0.056499373,0.23769596,0.14496613,0.039460585,long_term_forecast_96_96ETTh1_w501_pentropy.csv_TimeXer_ETTh1_ftMS_sl96_ll48_pl96_dm512_nh8_el1_dl1_df2048_expand2_dc4_fc3_ebtimeF_dtTrue_exp_0,TimeXer,96,96,501,pentropy.csv,ETTh1
0,0.18207234,0.05649988,0.23769704,0.14545032,0.0400573,long_term_forecast_96_96ETTh1_w751_pfarm.csv_TimeXer_ETTh1_ftMS_sl96_ll48_pl96_dm512_nh8_el1_dl1_df2048_expand2_dc4_fc3_ebtimeF_dtTrue_exp_0,TimeXer,96,96,751,pfarm.csv,ETTh1
0,0.18156353,0.056503538,0.23770472,0.14453374,0.03932015,long_term_forecast_96_96ETTh1_w1251_prollcov.csv_TimeXer_ETTh1_ftMS_sl96_ll48_pl96_dm512_nh8_el1_dl1_df2048_expand2_dc4_fc3_ebtimeF_dtTrue_exp_0,TimeXer,96,96,1251,prollcov.csv,ETTh1
0,0.18180946,0.056509748,0.23771779,0.14463528,0.03923487,long_term_forecast_96_96ETTh1_w1251_ipmutual_info.csv_TimeXer_ETTh1_ftMS_sl96_ll48_pl96_dm512_nh8_el1_dl1_df2048_expand2_dc4_fc3_ebtimeF_dtTrue_exp_0,TimeXer,96,96,1251,ipmutual_info.csv,ETTh1
0,0.18120039,0.056510027,0.23771837,0.14421737,0.039784864,long_term_forecast_96_96ETTh1_w1501_pmutual_info.csv_TimeXer_ETTh1_ftMS_sl96_ll48_pl96_dm512_nh8_el1_dl1_df2048_expand2_dc4_fc3_ebtimeF_dtTrue_exp_0,TimeXer,96,96,1501,pmutual_info.csv,ETTh1
0,0.18326895,0.05653987,0.23778114,0.14812052,0.04210732,long_term_forecast_96_96ETTh1_w501_prollcov.csv_TimeXer_ETTh1_ftMS_sl96_ll48_pl96_dm512_nh8_el1_dl1_df2048_expand2_dc4_fc3_ebtimeF_dtTrue_exp_0,TimeXer,96,96,501,prollcov.csv,ETTh1
0,0.18132026,0.05654652,0.23779513,0.14305907,0.037692863,long_term_forecast_96_96ETTh1_w1501_iprollcorr.csv_TimeXer_ETTh1_ftMS_sl96_ll48_pl96_dm512_nh8_el1_dl1_df2048_expand2_dc4_fc3_ebtimeF_dtTrue_exp_0,TimeXer,96,96,1501,iprollcorr.csv,ETTh1
0,0.18209405,0.0565498,0.23780201,0.146581,0.0409949,long_term_forecast_96_96ETTh1_w1501_psmoothrandomwalk.csv_TimeXer_ETTh1_ftMS_sl96_ll48_pl96_dm512_nh8_el1_dl1_df2048_expand2_dc4_fc3_ebtimeF_dtTrue_exp_0,TimeXer,96,96,1501,psmoothrandomwalk.csv,ETTh1
0,0.18223497,0.056557193,0.23781757,0.14517726,0.039541654,long_term_forecast_96_96ETTh1_w751_ipmutual_info.csv_TimeXer_ETTh1_ftMS_sl96_ll48_pl96_dm512_nh8_el1_dl1_df2048_expand2_dc4_fc3_ebtimeF_dtTrue_exp_0,TimeXer,96,96,751,ipmutual_info.csv,ETTh1
0,0.18206932,0.05658212,0.23786996,0.14465925,0.03903188,long_term_forecast_96_96ETTh1_w1001_iprollcov.csv_TimeXer_ETTh1_ftMS_sl96_ll48_pl96_dm512_nh8_el1_dl1_df2048_expand2_dc4_fc3_ebtimeF_dtTrue_exp_0,TimeXer,96,96,1001,iprollcov.csv,ETTh1
0,0.18107742,0.05659431,0.23789558,0.14316398,0.03741952,long_term_forecast_96_96ETTh1_w1001_ipsmoothrandomwalk.csv_PatchTST_ETTh1_ftMS_sl96_ll48_pl96_dm512_nh8_el1_dl1_df2048_expand2_dc4_fc3_ebtimeF_dtTrue_Exp_0,PatchTST,96,96,1001,ipsmoothrandomwalk.csv,ETTh1
0,0.18214747,0.056612875,0.2379346,0.14504014,0.03956075,long_term_forecast_96_96ETTh1_w1251_pentropy.csv_TimeXer_ETTh1_ftMS_sl96_ll48_pl96_dm512_nh8_el1_dl1_df2048_expand2_dc4_fc3_ebtimeF_dtTrue_exp_0,TimeXer,96,96,1251,pentropy.csv,ETTh1
0,0.18118292,0.056613225,0.23793533,0.14363904,0.038252324,long_term_forecast_96_96ETTh1_w1001_ipsmoothrandomwalk.csv_TimeXer_ETTh1_ftMS_sl96_ll48_pl96_dm512_nh8_el1_dl1_df2048_expand2_dc4_fc3_ebtimeF_dtTrue_exp_0,TimeXer,96,96,1001,ipsmoothrandomwalk.csv,ETTh1
0,0.18211766,0.05661986,0.23794928,0.14518292,0.039739985,long_term_forecast_96_96ETTh1_w501_iprollcov.csv_TimeXer_ETTh1_ftMS_sl96_ll48_pl96_dm512_nh8_el1_dl1_df2048_expand2_dc4_fc3_ebtimeF_dtTrue_exp_0,TimeXer,96,96,501,iprollcov.csv,ETTh1
0,0.18222739,0.056626443,0.23796311,0.14514758,0.03962069,long_term_forecast_96_96ETTh1_w1251_ipentropy.csv_TimeXer_ETTh1_ftMS_sl96_ll48_pl96_dm512_nh8_el1_dl1_df2048_expand2_dc4_fc3_ebtimeF_dtTrue_exp_0,TimeXer,96,96,1251,ipentropy.csv,ETTh1
0,0.18224262,0.056630056,0.23797071,0.14512996,0.039612897,long_term_forecast_96_96ETTh1_w751_ipentropy.csv_TimeXer_ETTh1_ftMS_sl96_ll48_pl96_dm512_nh8_el1_dl1_df2048_expand2_dc4_fc3_ebtimeF_dtTrue_exp_0,TimeXer,96,96,751,ipentropy.csv,ETTh1
0,0.18221307,0.056639295,0.23799011,0.14509633,0.039586414,long_term_forecast_96_96ETTh1.csv_TimeXer_ETTh1_ftMS_sl96_ll48_pl96_dm512_nh8_el1_dl1_df2048_expand2_dc4_fc3_ebtimeF_dtTrue_exp_0,TimeXer,96,96,,identity,ETTh1
0,0.18225257,0.056647807,0.23800799,0.14515519,0.03966256,long_term_forecast_96_96ETTh1_w501_ipentropy.csv_TimeXer_ETTh1_ftMS_sl96_ll48_pl96_dm512_nh8_el1_dl1_df2048_expand2_dc4_fc3_ebtimeF_dtTrue_exp_0,TimeXer,96,96,501,ipentropy.csv,ETTh1
0,0.18096001,0.056661915,0.23803763,0.14321879,0.03793937,long_term_forecast_96_96ETTh1_w1251_ipsmoothrandomwalk.csv_TimeXer_ETTh1_ftMS_sl96_ll48_pl96_dm512_nh8_el1_dl1_df2048_expand2_dc4_fc3_ebtimeF_dtTrue_exp_0,TimeXer,96,96,1251,ipsmoothrandomwalk.csv,ETTh1
0,0.1822835,0.05666253,0.23803893,0.14519028,0.039655518,long_term_forecast_96_96ETTh1_w1001_ipentropy.csv_TimeXer_ETTh1_ftMS_sl96_ll48_pl96_dm512_nh8_el1_dl1_df2048_expand2_dc4_fc3_ebtimeF_dtTrue_exp_0,TimeXer,96,96,1001,ipentropy.csv,ETTh1
0,0.18226711,0.056705687,0.23812956,0.14509611,0.039592385,long_term_forecast_96_96ETTh1_w1001_pentropy.csv_TimeXer_ETTh1_ftMS_sl96_ll48_pl96_dm512_nh8_el1_dl1_df2048_expand2_dc4_fc3_ebtimeF_dtTrue_exp_0,TimeXer,96,96,1001,pentropy.csv,ETTh1
0,0.1821561,0.056712374,0.2381436,0.14474906,0.039265525,long_term_forecast_96_96ETTh1_w751_ipfarm.csv_TimeXer_ETTh1_ftMS_sl96_ll48_pl96_dm512_nh8_el1_dl1_df2048_expand2_dc4_fc3_ebtimeF_dtTrue_exp_0,TimeXer,96,96,751,ipfarm.csv,ETTh1
0,0.18234135,0.056713376,0.23814571,0.14523432,0.03967646,long_term_forecast_96_96ETTh1_w1501_ipentropy.csv_TimeXer_ETTh1_ftMS_sl96_ll48_pl96_dm512_nh8_el1_dl1_df2048_expand2_dc4_fc3_ebtimeF_dtTrue_exp_0,TimeXer,96,96,1501,ipentropy.csv,ETTh1
0,0.18230648,0.056718398,0.23815624,0.14510965,0.03957967,long_term_forecast_96_96ETTh1_w1501_ipfarm.csv_TimeXer_ETTh1_ftMS_sl96_ll48_pl96_dm512_nh8_el1_dl1_df2048_expand2_dc4_fc3_ebtimeF_dtTrue_exp_0,TimeXer,96,96,1501,ipfarm.csv,ETTh1
0,0.17937367,0.05673742,0.23819618,0.14002725,0.03560168,long_term_forecast_96_96ETTh1_w1001_pfarm.csv_PatchTST_ETTh1_ftMS_sl96_ll48_pl96_dm512_nh8_el1_dl1_df2048_expand2_dc4_fc3_ebtimeF_dtTrue_Exp_0,PatchTST,96,96,1001,pfarm.csv,ETTh1
0,0.18234944,0.056745995,0.23821418,0.14514175,0.03958137,long_term_forecast_96_96ETTh1_w1501_pentropy.csv_TimeXer_ETTh1_ftMS_sl96_ll48_pl96_dm512_nh8_el1_dl1_df2048_expand2_dc4_fc3_ebtimeF_dtTrue_exp_0,TimeXer,96,96,1501,pentropy.csv,ETTh1
0,0.17942423,0.056748502,0.23821944,0.14005744,0.035601594,long_term_forecast_96_96ETTh1_w1501_prollcorr.csv_PatchTST_ETTh1_ftMS_sl96_ll48_pl96_dm512_nh8_el1_dl1_df2048_expand2_dc4_fc3_ebtimeF_dtTrue_Exp_0,PatchTST,96,96,1501,prollcorr.csv,ETTh1
0,0.1793723,0.056750014,0.23822261,0.14000495,0.035581626,long_term_forecast_96_96ETTh1_w1251_prollcorr.csv_PatchTST_ETTh1_ftMS_sl96_ll48_pl96_dm512_nh8_el1_dl1_df2048_expand2_dc4_fc3_ebtimeF_dtTrue_Exp_0,PatchTST,96,96,1251,prollcorr.csv,ETTh1
0,0.17930993,0.056756783,0.23823681,0.13988057,0.035506707,long_term_forecast_96_96ETTh1_w1501_pentropy.csv_PatchTST_ETTh1_ftMS_sl96_ll48_pl96_dm512_nh8_el1_dl1_df2048_expand2_dc4_fc3_ebtimeF_dtTrue_Exp_0,PatchTST,96,96,1501,pentropy.csv,ETTh1
0,0.17930716,0.056758936,0.23824134,0.13987164,0.035499956,long_term_forecast_96_96ETTh1_w1251_pentropy.csv_PatchTST_ETTh1_ftMS_sl96_ll48_pl96_dm512_nh8_el1_dl1_df2048_expand2_dc4_fc3_ebtimeF_dtTrue_Exp_0,PatchTST,96,96,1251,pentropy.csv,ETTh1
0,0.17932533,0.056759983,0.23824354,0.13988069,0.035496186,long_term_forecast_96_96ETTh1_w501_ipentropy.csv_PatchTST_ETTh1_ftMS_sl96_ll48_pl96_dm512_nh8_el1_dl1_df2048_expand2_dc4_fc3_ebtimeF_dtTrue_Exp_0,PatchTST,96,96,501,ipentropy.csv,ETTh1
0,0.17930894,0.05676642,0.23825705,0.13988297,0.03551758,long_term_forecast_96_96ETTh1_w1001_pentropy.csv_PatchTST_ETTh1_ftMS_sl96_ll48_pl96_dm512_nh8_el1_dl1_df2048_expand2_dc4_fc3_ebtimeF_dtTrue_Exp_0,PatchTST,96,96,1001,pentropy.csv,ETTh1
0,0.17933139,0.056769047,0.23826256,0.13987933,0.035494033,long_term_forecast_96_96ETTh1_w751_ipentropy.csv_PatchTST_ETTh1_ftMS_sl96_ll48_pl96_dm512_nh8_el1_dl1_df2048_expand2_dc4_fc3_ebtimeF_dtTrue_Exp_0,PatchTST,96,96,751,ipentropy.csv,ETTh1
0,0.17933543,0.05677076,0.23826616,0.13987765,0.035489045,long_term_forecast_96_96ETTh1_w1001_ipentropy.csv_PatchTST_ETTh1_ftMS_sl96_ll48_pl96_dm512_nh8_el1_dl1_df2048_expand2_dc4_fc3_ebtimeF_dtTrue_Exp_0,PatchTST,96,96,1001,ipentropy.csv,ETTh1
0,0.17932977,0.056771465,0.23826763,0.13987435,0.035490543,long_term_forecast_96_96ETTh1.csv_PatchTST_ETTh1_ftMS_sl96_ll48_pl96_dm512_nh8_el1_dl1_df2048_expand2_dc4_fc3_ebtimeF_dtTrue_Exp_0,PatchTST,96,96,,identity,ETTh1
0,0.17933543,0.056771763,0.23826826,0.13987866,0.035491385,long_term_forecast_96_96ETTh1_w1251_ipentropy.csv_PatchTST_ETTh1_ftMS_sl96_ll48_pl96_dm512_nh8_el1_dl1_df2048_expand2_dc4_fc3_ebtimeF_dtTrue_Exp_0,PatchTST,96,96,1251,ipentropy.csv,ETTh1
0,0.17934562,0.056773167,0.2382712,0.13992363,0.035519697,long_term_forecast_96_96ETTh1_w1251_prollcov.csv_PatchTST_ETTh1_ftMS_sl96_ll48_pl96_dm512_nh8_el1_dl1_df2048_expand2_dc4_fc3_ebtimeF_dtTrue_Exp_0,PatchTST,96,96,1251,prollcov.csv,ETTh1
0,0.17934193,0.056776606,0.23827842,0.13987903,0.035489,long_term_forecast_96_96ETTh1_w1501_ipentropy.csv_PatchTST_ETTh1_ftMS_sl96_ll48_pl96_dm512_nh8_el1_dl1_df2048_expand2_dc4_fc3_ebtimeF_dtTrue_Exp_0,PatchTST,96,96,1501,ipentropy.csv,ETTh1
0,0.17934848,0.0567809,0.23828743,0.13988538,0.035497032,long_term_forecast_96_96ETTh1_w751_ipfarm.csv_PatchTST_ETTh1_ftMS_sl96_ll48_pl96_dm512_nh8_el1_dl1_df2048_expand2_dc4_fc3_ebtimeF_dtTrue_Exp_0,PatchTST,96,96,751,ipfarm.csv,ETTh1
0,0.17934233,0.0567811,0.23828785,0.13989556,0.0355099,long_term_forecast_96_96ETTh1_w751_pentropy.csv_PatchTST_ETTh1_ftMS_sl96_ll48_pl96_dm512_nh8_el1_dl1_df2048_expand2_dc4_fc3_ebtimeF_dtTrue_Exp_0,PatchTST,96,96,751,pentropy.csv,ETTh1
0,0.1793693,0.056782123,0.23829,0.13990448,0.03549501,long_term_forecast_96_96ETTh1_w1501_pfarm.csv_PatchTST_ETTh1_ftMS_sl96_ll48_pl96_dm512_nh8_el1_dl1_df2048_expand2_dc4_fc3_ebtimeF_dtTrue_Exp_0,PatchTST,96,96,1501,pfarm.csv,ETTh1
0,0.18230602,0.056783903,0.23829374,0.14498188,0.039467596,long_term_forecast_96_96ETTh1_w1001_ipfarm.csv_TimeXer_ETTh1_ftMS_sl96_ll48_pl96_dm512_nh8_el1_dl1_df2048_expand2_dc4_fc3_ebtimeF_dtTrue_exp_0,TimeXer,96,96,1001,ipfarm.csv,ETTh1
0,0.17934862,0.05679054,0.23830765,0.13985997,0.03547596,long_term_forecast_96_96ETTh1_w1251_ipfarm.csv_PatchTST_ETTh1_ftMS_sl96_ll48_pl96_dm512_nh8_el1_dl1_df2048_expand2_dc4_fc3_ebtimeF_dtTrue_Exp_0,PatchTST,96,96,1251,ipfarm.csv,ETTh1
0,0.17945448,0.056792382,0.23831153,0.14002748,0.035569258,long_term_forecast_96_96ETTh1_w501_ipmutual_info.csv_PatchTST_ETTh1_ftMS_sl96_ll48_pl96_dm512_nh8_el1_dl1_df2048_expand2_dc4_fc3_ebtimeF_dtTrue_Exp_0,PatchTST,96,96,501,ipmutual_info.csv,ETTh1
0,0.1793631,0.0568001,0.23832771,0.13988332,0.035491567,long_term_forecast_96_96ETTh1_w1501_ipfarm.csv_PatchTST_ETTh1_ftMS_sl96_ll48_pl96_dm512_nh8_el1_dl1_df2048_expand2_dc4_fc3_ebtimeF_dtTrue_Exp_0,PatchTST,96,96,1501,ipfarm.csv,ETTh1
0,0.17948723,0.05680389,0.23833567,0.14005697,0.0355834,long_term_forecast_96_96ETTh1_w1001_ipmutual_info.csv_PatchTST_ETTh1_ftMS_sl96_ll48_pl96_dm512_nh8_el1_dl1_df2048_expand2_dc4_fc3_ebtimeF_dtTrue_Exp_0,PatchTST,96,96,1001,ipmutual_info.csv,ETTh1
0,0.17942896,0.056804664,0.2383373,0.13998245,0.03554025,long_term_forecast_96_96ETTh1_w1251_pfarm.csv_PatchTST_ETTh1_ftMS_sl96_ll48_pl96_dm512_nh8_el1_dl1_df2048_expand2_dc4_fc3_ebtimeF_dtTrue_Exp_0,PatchTST,96,96,1251,pfarm.csv,ETTh1
0,0.17939672,0.056805056,0.23833811,0.13990451,0.03548486,long_term_forecast_96_96ETTh1_w501_pentropy.csv_PatchTST_ETTh1_ftMS_sl96_ll48_pl96_dm512_nh8_el1_dl1_df2048_expand2_dc4_fc3_ebtimeF_dtTrue_Exp_0,PatchTST,96,96,501,pentropy.csv,ETTh1
0,0.17944205,0.056810144,0.23834878,0.14001273,0.03556951,long_term_forecast_96_96ETTh1_w501_iprollcov.csv_PatchTST_ETTh1_ftMS_sl96_ll48_pl96_dm512_nh8_el1_dl1_df2048_expand2_dc4_fc3_ebtimeF_dtTrue_Exp_0,PatchTST,96,96,501,iprollcov.csv,ETTh1
0,0.18111962,0.05681531,0.23835963,0.1432007,0.037825778,long_term_forecast_96_96ETTh1_w501_iprandomwalk.csv_TimeXer_ETTh1_ftMS_sl96_ll48_pl96_dm512_nh8_el1_dl1_df2048_expand2_dc4_fc3_ebtimeF_dtTrue_exp_0,TimeXer,96,96,501,iprandomwalk.csv,ETTh1
0,0.17938381,0.05683198,0.23839459,0.13985085,0.0354553,long_term_forecast_96_96ETTh1_w1001_ipfarm.csv_PatchTST_ETTh1_ftMS_sl96_ll48_pl96_dm512_nh8_el1_dl1_df2048_expand2_dc4_fc3_ebtimeF_dtTrue_Exp_0,PatchTST,96,96,1001,ipfarm.csv,ETTh1
0,0.18242903,0.056837346,0.23840584,0.1452316,0.039724067,long_term_forecast_96_96ETTh1_w1251_ipfarm.csv_TimeXer_ETTh1_ftMS_sl96_ll48_pl96_dm512_nh8_el1_dl1_df2048_expand2_dc4_fc3_ebtimeF_dtTrue_exp_0,TimeXer,96,96,1251,ipfarm.csv,ETTh1
0,0.17946279,0.05685391,0.23844057,0.13991274,0.035477184,long_term_forecast_96_96ETTh1_w751_ipmutual_info.csv_PatchTST_ETTh1_ftMS_sl96_ll48_pl96_dm512_nh8_el1_dl1_df2048_expand2_dc4_fc3_ebtimeF_dtTrue_Exp_0,PatchTST,96,96,751,ipmutual_info.csv,ETTh1
0,0.1794999,0.05686143,0.23845635,0.13999175,0.03553325,long_term_forecast_96_96ETTh1_w1251_ipmutual_info.csv_PatchTST_ETTh1_ftMS_sl96_ll48_pl96_dm512_nh8_el1_dl1_df2048_expand2_dc4_fc3_ebtimeF_dtTrue_Exp_0,PatchTST,96,96,1251,ipmutual_info.csv,ETTh1
0,0.17954785,0.056865282,0.23846443,0.14007731,0.035589945,long_term_forecast_96_96ETTh1_w1001_iprollcov.csv_PatchTST_ETTh1_ftMS_sl96_ll48_pl96_dm512_nh8_el1_dl1_df2048_expand2_dc4_fc3_ebtimeF_dtTrue_Exp_0,PatchTST,96,96,1001,iprollcov.csv,ETTh1
0,0.18233609,0.05686594,0.2384658,0.14549503,0.04032152,long_term_forecast_96_96ETTh1_w501_iprollcorr.csv_TimeXer_ETTh1_ftMS_sl96_ll48_pl96_dm512_nh8_el1_dl1_df2048_expand2_dc4_fc3_ebtimeF_dtTrue_exp_0,TimeXer,96,96,501,iprollcorr.csv,ETTh1
0,0.17949349,0.056869004,0.23847222,0.13997415,0.03552548,long_term_forecast_96_96ETTh1_w501_ipfarm.csv_PatchTST_ETTh1_ftMS_sl96_ll48_pl96_dm512_nh8_el1_dl1_df2048_expand2_dc4_fc3_ebtimeF_dtTrue_Exp_0,PatchTST,96,96,501,ipfarm.csv,ETTh1
0,0.17952946,0.056870256,0.23847485,0.14000271,0.035519052,long_term_forecast_96_96ETTh1_w751_pfarm.csv_PatchTST_ETTh1_ftMS_sl96_ll48_pl96_dm512_nh8_el1_dl1_df2048_expand2_dc4_fc3_ebtimeF_dtTrue_Exp_0,PatchTST,96,96,751,pfarm.csv,ETTh1
0,0.17973317,0.056872785,0.23848015,0.14024015,0.03562577,long_term_forecast_96_96ETTh1_w1001_prollcorr.csv_PatchTST_ETTh1_ftMS_sl96_ll48_pl96_dm512_nh8_el1_dl1_df2048_expand2_dc4_fc3_ebtimeF_dtTrue_Exp_0,PatchTST,96,96,1001,prollcorr.csv,ETTh1
0,0.17955534,0.056873634,0.23848194,0.14008413,0.03559334,long_term_forecast_96_96ETTh1_w1501_prollcov.csv_PatchTST_ETTh1_ftMS_sl96_ll48_pl96_dm512_nh8_el1_dl1_df2048_expand2_dc4_fc3_ebtimeF_dtTrue_Exp_0,PatchTST,96,96,1501,prollcov.csv,ETTh1
0,0.17949337,0.056878917,0.23849301,0.13994847,0.035505116,long_term_forecast_96_96ETTh1_w751_iprollcov.csv_PatchTST_ETTh1_ftMS_sl96_ll48_pl96_dm512_nh8_el1_dl1_df2048_expand2_dc4_fc3_ebtimeF_dtTrue_Exp_0,PatchTST,96,96,751,iprollcov.csv,ETTh1
0,0.1795909,0.05688337,0.23850234,0.14010368,0.035596695,long_term_forecast_96_96ETTh1_w1001_iprollcorr.csv_PatchTST_ETTh1_ftMS_sl96_ll48_pl96_dm512_nh8_el1_dl1_df2048_expand2_dc4_fc3_ebtimeF_dtTrue_Exp_0,PatchTST,96,96,1001,iprollcorr.csv,ETTh1
0,0.18248314,0.05688527,0.23850633,0.14524059,0.03975092,long_term_forecast_96_96ETTh1_w1251_iprollcov.csv_TimeXer_ETTh1_ftMS_sl96_ll48_pl96_dm512_nh8_el1_dl1_df2048_expand2_dc4_fc3_ebtimeF_dtTrue_exp_0,TimeXer,96,96,1251,iprollcov.csv,ETTh1
0,0.18220405,0.056885745,0.23850733,0.14508666,0.038903285,long_term_forecast_96_96ETTh1_w501_prandomwalk.csv_TimeXer_ETTh1_ftMS_sl96_ll48_pl96_dm512_nh8_el1_dl1_df2048_expand2_dc4_fc3_ebtimeF_dtTrue_exp_0,TimeXer,96,96,501,prandomwalk.csv,ETTh1
0,0.179477,0.056886632,0.2385092,0.13992529,0.035494324,long_term_forecast_96_96ETTh1_w501_pfarm.csv_PatchTST_ETTh1_ftMS_sl96_ll48_pl96_dm512_nh8_el1_dl1_df2048_expand2_dc4_fc3_ebtimeF_dtTrue_Exp_0,PatchTST,96,96,501,pfarm.csv,ETTh1
0,0.1795514,0.056891553,0.2385195,0.1399754,0.03549148,long_term_forecast_96_96ETTh1_w1251_iprollcov.csv_PatchTST_ETTh1_ftMS_sl96_ll48_pl96_dm512_nh8_el1_dl1_df2048_expand2_dc4_fc3_ebtimeF_dtTrue_Exp_0,PatchTST,96,96,1251,iprollcov.csv,ETTh1
0,0.17960308,0.056938015,0.23861688,0.14004731,0.035559684,long_term_forecast_96_96ETTh1_w751_iprollcorr.csv_PatchTST_ETTh1_ftMS_sl96_ll48_pl96_dm512_nh8_el1_dl1_df2048_expand2_dc4_fc3_ebtimeF_dtTrue_Exp_0,PatchTST,96,96,751,iprollcorr.csv,ETTh1
0,0.17966919,0.056953806,0.23864996,0.14006856,0.03553135,long_term_forecast_96_96ETTh1_w1501_iprollcov.csv_PatchTST_ETTh1_ftMS_sl96_ll48_pl96_dm512_nh8_el1_dl1_df2048_expand2_dc4_fc3_ebtimeF_dtTrue_Exp_0,PatchTST,96,96,1501,iprollcov.csv,ETTh1
0,0.17967762,0.05695527,0.23865303,0.14011452,0.03557689,long_term_forecast_96_96ETTh1_w501_iprollcorr.csv_PatchTST_ETTh1_ftMS_sl96_ll48_pl96_dm512_nh8_el1_dl1_df2048_expand2_dc4_fc3_ebtimeF_dtTrue_Exp_0,PatchTST,96,96,501,iprollcorr.csv,ETTh1
0,0.17969586,0.056960724,0.23866446,0.14009327,0.035540693,long_term_forecast_96_96ETTh1_w1501_ipmutual_info.csv_PatchTST_ETTh1_ftMS_sl96_ll48_pl96_dm512_nh8_el1_dl1_df2048_expand2_dc4_fc3_ebtimeF_dtTrue_Exp_0,PatchTST,96,96,1501,ipmutual_info.csv,ETTh1
0,0.17967379,0.05697561,0.23869565,0.1399692,0.035425797,long_term_forecast_96_96ETTh1_w751_prollcov.csv_PatchTST_ETTh1_ftMS_sl96_ll48_pl96_dm512_nh8_el1_dl1_df2048_expand2_dc4_fc3_ebtimeF_dtTrue_Exp_0,PatchTST,96,96,751,prollcov.csv,ETTh1
0,0.17974183,0.05697919,0.23870315,0.14015822,0.035582457,long_term_forecast_96_96ETTh1_w1501_pmutual_info.csv_PatchTST_ETTh1_ftMS_sl96_ll48_pl96_dm512_nh8_el1_dl1_df2048_expand2_dc4_fc3_ebtimeF_dtTrue_Exp_0,PatchTST,96,96,1501,pmutual_info.csv,ETTh1
0,0.17978448,0.05698771,0.23872098,0.140173,0.035575416,long_term_forecast_96_96ETTh1_w1001_prollcov.csv_PatchTST_ETTh1_ftMS_sl96_ll48_pl96_dm512_nh8_el1_dl1_df2048_expand2_dc4_fc3_ebtimeF_dtTrue_Exp_0,PatchTST,96,96,1001,prollcov.csv,ETTh1
0,0.17974286,0.05700073,0.23874825,0.14010414,0.03553851,long_term_forecast_96_96ETTh1_w1251_iprollcorr.csv_PatchTST_ETTh1_ftMS_sl96_ll48_pl96_dm512_nh8_el1_dl1_df2048_expand2_dc4_fc3_ebtimeF_dtTrue_Exp_0,PatchTST,96,96,1251,iprollcorr.csv,ETTh1
0,0.17970787,0.057002984,0.23875298,0.13999745,0.03544712,long_term_forecast_96_96ETTh1_w751_prollcorr.csv_PatchTST_ETTh1_ftMS_sl96_ll48_pl96_dm512_nh8_el1_dl1_df2048_expand2_dc4_fc3_ebtimeF_dtTrue_Exp_0,PatchTST,96,96,751,prollcorr.csv,ETTh1
0,0.18213682,0.05703763,0.23882551,0.14457084,0.039536294,long_term_forecast_ETTh1_96_96ETTh1_w751_pmutual_info.csv_iTransformer_ETTh1_ftMS_sl96_ll48_pl96_dm512_nh8_el2_dl1_df2048_expand2_dc4_fc1_ebtimeF_dtTrue_Exp_0,iTransformer,96,96,751,pmutual_info.csv,ETTh1
0,0.17979382,0.05704179,0.23883423,0.14007294,0.035493303,long_term_forecast_96_96ETTh1_w1251_pmutual_info.csv_PatchTST_ETTh1_ftMS_sl96_ll48_pl96_dm512_nh8_el1_dl1_df2048_expand2_dc4_fc3_ebtimeF_dtTrue_Exp_0,PatchTST,96,96,1251,pmutual_info.csv,ETTh1
0,0.1798165,0.057052422,0.2388565,0.14013161,0.035519436,long_term_forecast_96_96ETTh1_w501_prollcov.csv_PatchTST_ETTh1_ftMS_sl96_ll48_pl96_dm512_nh8_el1_dl1_df2048_expand2_dc4_fc3_ebtimeF_dtTrue_Exp_0,PatchTST,96,96,501,prollcov.csv,ETTh1
0,0.17982405,0.057053324,0.23885837,0.14010914,0.035506744,long_term_forecast_96_96ETTh1_w751_pmutual_info.csv_PatchTST_ETTh1_ftMS_sl96_ll48_pl96_dm512_nh8_el1_dl1_df2048_expand2_dc4_fc3_ebtimeF_dtTrue_Exp_0,PatchTST,96,96,751,pmutual_info.csv,ETTh1
0,0.17984644,0.05705415,0.2388601,0.14022045,0.035615608,long_term_forecast_96_96ETTh1_w1001_pmutual_info.csv_PatchTST_ETTh1_ftMS_sl96_ll48_pl96_dm512_nh8_el1_dl1_df2048_expand2_dc4_fc3_ebtimeF_dtTrue_Exp_0,PatchTST,96,96,1001,pmutual_info.csv,ETTh1
0,0.17991297,0.057079658,0.23891349,0.14026776,0.035622455,long_term_forecast_96_96ETTh1_w501_prollcorr.csv_PatchTST_ETTh1_ftMS_sl96_ll48_pl96_dm512_nh8_el1_dl1_df2048_expand2_dc4_fc3_ebtimeF_dtTrue_Exp_0,PatchTST,96,96,501,prollcorr.csv,ETTh1
0,0.18799117,0.057080038,0.2389143,0.15384012,0.046830334,long_term_forecast_96_96ETTm1_w751_pentropy.csv_Autoformer_ETTm1_ftMS_sl96_ll48_pl96_dm512_nh8_el2_dl1_df2048_expand2_dc4_fc3_ebtimeF_dtTrue_Exp_0,Autoformer,96,96,751,pentropy.csv,ETTm1
0,0.17981388,0.0570815,0.23891735,0.14009991,0.03551696,long_term_forecast_96_96ETTh1_w1501_iprollcorr.csv_PatchTST_ETTh1_ftMS_sl96_ll48_pl96_dm512_nh8_el1_dl1_df2048_expand2_dc4_fc3_ebtimeF_dtTrue_Exp_0,PatchTST,96,96,1501,iprollcorr.csv,ETTh1
0,0.18034606,0.057367064,0.23951423,0.14040457,0.03559827,long_term_forecast_96_96ETTh1_w501_pmutual_info.csv_PatchTST_ETTh1_ftMS_sl96_ll48_pl96_dm512_nh8_el1_dl1_df2048_expand2_dc4_fc3_ebtimeF_dtTrue_Exp_0,PatchTST,96,96,501,pmutual_info.csv,ETTh1
0,0.18367562,0.05741553,0.23961538,0.14781877,0.041675344,long_term_forecast_96_96ETTh1_w501_ipsmoothrandomwalk.csv_TimeXer_ETTh1_ftMS_sl96_ll48_pl96_dm512_nh8_el1_dl1_df2048_expand2_dc4_fc3_ebtimeF_dtTrue_exp_0,TimeXer,96,96,501,ipsmoothrandomwalk.csv,ETTh1
0,0.18827143,0.05743008,0.23964573,0.15331094,0.04542328,long_term_forecast_96_96ETTm1_w1001_ipentropy.csv_Autoformer_ETTm1_ftMS_sl96_ll48_pl96_dm512_nh8_el2_dl1_df2048_expand2_dc4_fc3_ebtimeF_dtTrue_Exp_0,Autoformer,96,96,1001,ipentropy.csv,ETTm1
0,0.18319137,0.057533022,0.23986042,0.1455018,0.03989265,long_term_forecast_96_96ETTh1_w751_iprollcorr.csv_TimeXer_ETTh1_ftMS_sl96_ll48_pl96_dm512_nh8_el1_dl1_df2048_expand2_dc4_fc3_ebtimeF_dtTrue_exp_0,TimeXer,96,96,751,iprollcorr.csv,ETTh1
0,0.18450059,0.057561338,0.23991944,0.14913642,0.042511597,long_term_forecast_96_96ETTh1_w751_ipsmoothrandomwalk.csv_TimeXer_ETTh1_ftMS_sl96_ll48_pl96_dm512_nh8_el1_dl1_df2048_expand2_dc4_fc3_ebtimeF_dtTrue_exp_0,TimeXer,96,96,751,ipsmoothrandomwalk.csv,ETTh1
0,0.18753663,0.05763105,0.24006468,0.15233001,0.04531802,long_term_forecast_96_96ETTm1_w751_ipfarm.csv_Autoformer_ETTm1_ftMS_sl96_ll48_pl96_dm512_nh8_el2_dl1_df2048_expand2_dc4_fc3_ebtimeF_dtTrue_Exp_0,Autoformer,96,96,751,ipfarm.csv,ETTm1
0,0.18345179,0.05772086,0.24025166,0.14600867,0.04057404,long_term_forecast_ETTh1_96_96ETTh1_w1251_pmutual_info.csv_iTransformer_ETTh1_ftMS_sl96_ll48_pl96_dm512_nh8_el2_dl1_df2048_expand2_dc4_fc1_ebtimeF_dtTrue_Exp_0,iTransformer,96,96,1251,pmutual_info.csv,ETTh1
0,0.1867945,0.0579927,0.24081674,0.14018445,0.03319959,long_term_forecast_96_96ETTm1_w751_iprollcorr.csv_Crossformer_ETTm1_ftMS_sl96_ll48_pl96_dm512_nh8_el2_dl1_df2048_expand2_dc4_fc1_ebtimeF_dtTrue_Exp_0,Crossformer,96,96,751,iprollcorr.csv,ETTm1
0,0.19026856,0.05835501,0.24156782,0.15449274,0.045435786,long_term_forecast_96_96ETTm1_w751_ipentropy.csv_Autoformer_ETTm1_ftMS_sl96_ll48_pl96_dm512_nh8_el2_dl1_df2048_expand2_dc4_fc3_ebtimeF_dtTrue_Exp_0,Autoformer,96,96,751,ipentropy.csv,ETTm1
0,0.18965329,0.058431085,0.24172522,0.1545207,0.046555456,long_term_forecast_96_96ETTm1_w1001_pentropy.csv_Autoformer_ETTm1_ftMS_sl96_ll48_pl96_dm512_nh8_el2_dl1_df2048_expand2_dc4_fc3_ebtimeF_dtTrue_Exp_0,Autoformer,96,96,1001,pentropy.csv,ETTm1
0,0.18544349,0.05847191,0.24180965,0.14816158,0.041654192,long_term_forecast_ETTh1_96_96ETTh1_w751_pfarm.csv_iTransformer_ETTh1_ftMS_sl96_ll48_pl96_dm512_nh8_el2_dl1_df2048_expand2_dc4_fc1_ebtimeF_dtTrue_Exp_0,iTransformer,96,96,751,pfarm.csv,ETTh1
0,0.18494923,0.05847205,0.24180995,0.14802153,0.042168733,long_term_forecast_ETTh1_96_96ETTh1_w1001_pmutual_info.csv_iTransformer_ETTh1_ftMS_sl96_ll48_pl96_dm512_nh8_el2_dl1_df2048_expand2_dc4_fc1_ebtimeF_dtTrue_Exp_0,iTransformer,96,96,1001,pmutual_info.csv,ETTh1
0,0.1854439,0.05848193,0.24183038,0.14865264,0.042188816,long_term_forecast_ETTh1_96_96ETTh1_w1251_ipentropy.csv_iTransformer_ETTh1_ftMS_sl96_ll48_pl96_dm512_nh8_el2_dl1_df2048_expand2_dc4_fc1_ebtimeF_dtTrue_Exp_0,iTransformer,96,96,1251,ipentropy.csv,ETTh1
0,0.18594359,0.058495767,0.24185899,0.14907451,0.042237364,long_term_forecast_ETTh1_96_96ETTh1_w1251_iprollcorr.csv_iTransformer_ETTh1_ftMS_sl96_ll48_pl96_dm512_nh8_el2_dl1_df2048_expand2_dc4_fc1_ebtimeF_dtTrue_Exp_0,iTransformer,96,96,1251,iprollcorr.csv,ETTh1
0,0.18571246,0.058531974,0.24193382,0.14866458,0.042061575,long_term_forecast_ETTh1_96_96ETTh1_w1251_iprollcov.csv_iTransformer_ETTh1_ftMS_sl96_ll48_pl96_dm512_nh8_el2_dl1_df2048_expand2_dc4_fc1_ebtimeF_dtTrue_Exp_0,iTransformer,96,96,1251,iprollcov.csv,ETTh1
0,0.18991053,0.058590557,0.24205486,0.15582888,0.04825028,long_term_forecast_96_96ETTm1.csv_Autoformer_ETTm1_ftMS_sl96_ll48_pl96_dm512_nh8_el2_dl1_df2048_expand2_dc4_fc3_ebtimeF_dtTrue_Exp_0,Autoformer,96,96,,identity,ETTm1
0,0.18539408,0.058597267,0.24206872,0.14771749,0.041125122,long_term_forecast_ETTh1_96_96ETTh1_w1501_iprollcov.csv_iTransformer_ETTh1_ftMS_sl96_ll48_pl96_dm512_nh8_el2_dl1_df2048_expand2_dc4_fc1_ebtimeF_dtTrue_Exp_0,iTransformer,96,96,1501,iprollcov.csv,ETTh1
0,0.18571799,0.05862211,0.24212003,0.14876577,0.042133193,long_term_forecast_ETTh1_96_96ETTh1_w501_ipentropy.csv_iTransformer_ETTh1_ftMS_sl96_ll48_pl96_dm512_nh8_el2_dl1_df2048_expand2_dc4_fc1_ebtimeF_dtTrue_Exp_0,iTransformer,96,96,501,ipentropy.csv,ETTh1
0,0.18570137,0.05865793,0.242194,0.148645,0.042270724,long_term_forecast_ETTh1_96_96ETTh1_w751_iprollcov.csv_iTransformer_ETTh1_ftMS_sl96_ll48_pl96_dm512_nh8_el2_dl1_df2048_expand2_dc4_fc1_ebtimeF_dtTrue_Exp_0,iTransformer,96,96,751,iprollcov.csv,ETTh1
0,0.18584819,0.058681305,0.24224225,0.14883219,0.04210367,long_term_forecast_ETTh1_96_96ETTh1_w1251_pentropy.csv_iTransformer_ETTh1_ftMS_sl96_ll48_pl96_dm512_nh8_el2_dl1_df2048_expand2_dc4_fc1_ebtimeF_dtTrue_Exp_0,iTransformer,96,96,1251,pentropy.csv,ETTh1
0,0.18584622,0.058687977,0.24225602,0.1488083,0.042084593,long_term_forecast_ETTh1_96_96ETTh1.csv_iTransformer_ETTh1_ftMS_sl96_ll48_pl96_dm512_nh8_el2_dl1_df2048_expand2_dc4_fc1_ebtimeF_dtTrue_Exp_0,iTransformer,96,96,,identity,ETTh1
0,0.1861459,0.058696486,0.24227358,0.14938334,0.04249003,long_term_forecast_ETTh1_96_96ETTh1_w1251_ipmutual_info.csv_iTransformer_ETTh1_ftMS_sl96_ll48_pl96_dm512_nh8_el2_dl1_df2048_expand2_dc4_fc1_ebtimeF_dtTrue_Exp_0,iTransformer,96,96,1251,ipmutual_info.csv,ETTh1
0,0.18595403,0.058706686,0.24229462,0.14899476,0.042241804,long_term_forecast_ETTh1_96_96ETTh1_w1001_ipentropy.csv_iTransformer_ETTh1_ftMS_sl96_ll48_pl96_dm512_nh8_el2_dl1_df2048_expand2_dc4_fc1_ebtimeF_dtTrue_Exp_0,iTransformer,96,96,1001,ipentropy.csv,ETTh1
0,0.18603061,0.058731172,0.24234515,0.14907005,0.042283807,long_term_forecast_ETTh1_96_96ETTh1_w751_ipentropy.csv_iTransformer_ETTh1_ftMS_sl96_ll48_pl96_dm512_nh8_el2_dl1_df2048_expand2_dc4_fc1_ebtimeF_dtTrue_Exp_0,iTransformer,96,96,751,ipentropy.csv,ETTh1
0,0.18583727,0.05873361,0.24235018,0.14874892,0.042021353,long_term_forecast_ETTh1_96_96ETTh1_w501_pentropy.csv_iTransformer_ETTh1_ftMS_sl96_ll48_pl96_dm512_nh8_el2_dl1_df2048_expand2_dc4_fc1_ebtimeF_dtTrue_Exp_0,iTransformer,96,96,501,pentropy.csv,ETTh1
0,0.18594888,0.05874041,0.24236421,0.1488764,0.042107612,long_term_forecast_ETTh1_96_96ETTh1_w1501_pentropy.csv_iTransformer_ETTh1_ftMS_sl96_ll48_pl96_dm512_nh8_el2_dl1_df2048_expand2_dc4_fc1_ebtimeF_dtTrue_Exp_0,iTransformer,96,96,1501,pentropy.csv,ETTh1
0,0.18617687,0.05876169,0.24240811,0.1491999,0.04234442,long_term_forecast_ETTh1_96_96ETTh1_w1501_ipentropy.csv_iTransformer_ETTh1_ftMS_sl96_ll48_pl96_dm512_nh8_el2_dl1_df2048_expand2_dc4_fc1_ebtimeF_dtTrue_Exp_0,iTransformer,96,96,1501,ipentropy.csv,ETTh1
0,0.1858711,0.05877127,0.24242787,0.14879759,0.042037833,long_term_forecast_ETTh1_96_96ETTh1_w1501_ipfarm.csv_iTransformer_ETTh1_ftMS_sl96_ll48_pl96_dm512_nh8_el2_dl1_df2048_expand2_dc4_fc1_ebtimeF_dtTrue_Exp_0,iTransformer,96,96,1501,ipfarm.csv,ETTh1
0,0.18594189,0.05877216,0.2424297,0.14887126,0.042064615,long_term_forecast_ETTh1_96_96ETTh1_w751_pentropy.csv_iTransformer_ETTh1_ftMS_sl96_ll48_pl96_dm512_nh8_el2_dl1_df2048_expand2_dc4_fc1_ebtimeF_dtTrue_Exp_0,iTransformer,96,96,751,pentropy.csv,ETTh1
0,0.18572415,0.05878441,0.24245496,0.14843562,0.041658543,long_term_forecast_ETTh1_96_96ETTh1_w751_ipfarm.csv_iTransformer_ETTh1_ftMS_sl96_ll48_pl96_dm512_nh8_el2_dl1_df2048_expand2_dc4_fc1_ebtimeF_dtTrue_Exp_0,iTransformer,96,96,751,ipfarm.csv,ETTh1
0,0.18595357,0.058786664,0.24245961,0.14889786,0.042156547,long_term_forecast_ETTh1_96_96ETTh1_w1001_iprollcorr.csv_iTransformer_ETTh1_ftMS_sl96_ll48_pl96_dm512_nh8_el2_dl1_df2048_expand2_dc4_fc1_ebtimeF_dtTrue_Exp_0,iTransformer,96,96,1001,iprollcorr.csv,ETTh1
0,0.18615428,0.058809664,0.24250704,0.14909522,0.042252023,long_term_forecast_ETTh1_96_96ETTh1_w1001_ipfarm.csv_iTransformer_ETTh1_ftMS_sl96_ll48_pl96_dm512_nh8_el2_dl1_df2048_expand2_dc4_fc1_ebtimeF_dtTrue_Exp_0,iTransformer,96,96,1001,ipfarm.csv,ETTh1
0,0.18514453,0.058817264,0.2425227,0.14889084,0.04337681,long_term_forecast_ETTh1_96_96ETTh1_w501_pmutual_info.csv_iTransformer_ETTh1_ftMS_sl96_ll48_pl96_dm512_nh8_el2_dl1_df2048_expand2_dc4_fc1_ebtimeF_dtTrue_Exp_0,iTransformer,96,96,501,pmutual_info.csv,ETTh1
0,0.18604547,0.058826994,0.24254277,0.14888228,0.042055544,long_term_forecast_ETTh1_96_96ETTh1_w1001_pentropy.csv_iTransformer_ETTh1_ftMS_sl96_ll48_pl96_dm512_nh8_el2_dl1_df2048_expand2_dc4_fc1_ebtimeF_dtTrue_Exp_0,iTransformer,96,96,1001,pentropy.csv,ETTh1
0,0.18609089,0.058840226,0.24257004,0.14893897,0.04208271,long_term_forecast_ETTh1_96_96ETTh1_w1251_ipfarm.csv_iTransformer_ETTh1_ftMS_sl96_ll48_pl96_dm512_nh8_el2_dl1_df2048_expand2_dc4_fc1_ebtimeF_dtTrue_Exp_0,iTransformer,96,96,1251,ipfarm.csv,ETTh1
0,0.18647054,0.058860313,0.24261144,0.15308069,0.04753623,long_term_forecast_336_96ETTm1_w501_pmutual_info.csv_PatchTST_ETTm1_ftMS_sl96_ll48_pl336_dm512_nh8_el1_dl1_df2048_expand2_dc4_fc3_ebtimeF_dtTrue_Exp_0,PatchTST,336,96,501,pmutual_info.csv,ETTm1
0,0.18605873,0.058871403,0.2426343,0.1487876,0.042096537,long_term_forecast_ETTh1_96_96ETTh1_w751_prollcorr.csv_iTransformer_ETTh1_ftMS_sl96_ll48_pl96_dm512_nh8_el2_dl1_df2048_expand2_dc4_fc1_ebtimeF_dtTrue_Exp_0,iTransformer,96,96,751,prollcorr.csv,ETTh1
0,0.18527156,0.058896746,0.24268652,0.1478474,0.041780904,long_term_forecast_ETTh1_96_96ETTh1_w1501_pmutual_info.csv_iTransformer_ETTh1_ftMS_sl96_ll48_pl96_dm512_nh8_el2_dl1_df2048_expand2_dc4_fc1_ebtimeF_dtTrue_Exp_0,iTransformer,96,96,1501,pmutual_info.csv,ETTh1
0,0.18656242,0.05891885,0.24273205,0.14991191,0.042904858,long_term_forecast_ETTh1_96_96ETTh1_w751_ipmutual_info.csv_iTransformer_ETTh1_ftMS_sl96_ll48_pl96_dm512_nh8_el2_dl1_df2048_expand2_dc4_fc1_ebtimeF_dtTrue_Exp_0,iTransformer,96,96,751,ipmutual_info.csv,ETTh1
0,0.18638334,0.058922708,0.24274,0.14943323,0.042472247,long_term_forecast_ETTh1_96_96ETTh1_w1251_pfarm.csv_iTransformer_ETTh1_ftMS_sl96_ll48_pl96_dm512_nh8_el2_dl1_df2048_expand2_dc4_fc1_ebtimeF_dtTrue_Exp_0,iTransformer,96,96,1251,pfarm.csv,ETTh1
0,0.18640037,0.05894249,0.24278075,0.14946179,0.042571597,long_term_forecast_ETTh1_96_96ETTh1_w1501_pfarm.csv_iTransformer_ETTh1_ftMS_sl96_ll48_pl96_dm512_nh8_el2_dl1_df2048_expand2_dc4_fc1_ebtimeF_dtTrue_Exp_0,iTransformer,96,96,1501,pfarm.csv,ETTh1
0,0.18592933,0.058975503,0.24284872,0.14836778,0.041713256,long_term_forecast_ETTh1_96_96ETTh1_w501_iprollcov.csv_iTransformer_ETTh1_ftMS_sl96_ll48_pl96_dm512_nh8_el2_dl1_df2048_expand2_dc4_fc1_ebtimeF_dtTrue_Exp_0,iTransformer,96,96,501,iprollcov.csv,ETTh1
0,0.18618381,0.05897789,0.24285364,0.14901918,0.042515665,long_term_forecast_ETTh1_96_96ETTh1_w751_iprollcorr.csv_iTransformer_ETTh1_ftMS_sl96_ll48_pl96_dm512_nh8_el2_dl1_df2048_expand2_dc4_fc1_ebtimeF_dtTrue_Exp_0,iTransformer,96,96,751,iprollcorr.csv,ETTh1
0,0.18628772,0.05899555,0.24288999,0.14922252,0.042374928,long_term_forecast_ETTh1_96_96ETTh1_w1001_iprollcov.csv_iTransformer_ETTh1_ftMS_sl96_ll48_pl96_dm512_nh8_el2_dl1_df2048_expand2_dc4_fc1_ebtimeF_dtTrue_Exp_0,iTransformer,96,96,1001,iprollcov.csv,ETTh1
0,0.1873538,0.05900532,0.2429101,0.14974138,0.042626623,long_term_forecast_96_96ETTh1_w501_prandomwalk.csv_iTransformer_ETTh1_ftMS_sl96_ll48_pl96_dm512_nh8_el2_dl1_df2048_expand2_dc4_fc1_ebtimeF_dtTrue_Exp_0,iTransformer,96,96,501,prandomwalk.csv,ETTh1
0,0.1885891,0.05902713,0.242955,0.15590021,0.049787823,long_term_forecast_336_96ETTm1.csv_TimeXer_ETTm1_ftMS_sl96_ll48_pl336_dm512_nh8_el1_dl1_df2048_expand2_dc4_fc3_ebtimeF_dtTrue_Exp_0,TimeXer,336,96,,identity,ETTm1
0,0.18626949,0.059062175,0.2430271,0.14863156,0.041630328,long_term_forecast_ETTh1_96_96ETTh1_w1501_ipmutual_info.csv_iTransformer_ETTh1_ftMS_sl96_ll48_pl96_dm512_nh8_el2_dl1_df2048_expand2_dc4_fc1_ebtimeF_dtTrue_Exp_0,iTransformer,96,96,1501,ipmutual_info.csv,ETTh1
0,0.18624635,0.05915079,0.24320935,0.1488126,0.041966796,long_term_forecast_ETTh1_96_96ETTh1_w1001_pfarm.csv_iTransformer_ETTh1_ftMS_sl96_ll48_pl96_dm512_nh8_el2_dl1_df2048_expand2_dc4_fc1_ebtimeF_dtTrue_Exp_0,iTransformer,96,96,1001,pfarm.csv,ETTh1
0,0.18832174,0.059200887,0.24331233,0.14170974,0.03337525,long_term_forecast_96_96ETTm1_w751_prollcov.csv_Crossformer_ETTm1_ftMS_sl96_ll48_pl96_dm512_nh8_el2_dl1_df2048_expand2_dc4_fc1_ebtimeF_dtTrue_Exp_0,Crossformer,96,96,751,prollcov.csv,ETTm1
0,0.18684874,0.059212513,0.24333622,0.14962679,0.042565856,long_term_forecast_ETTh1_96_96ETTh1_w751_prollcov.csv_iTransformer_ETTh1_ftMS_sl96_ll48_pl96_dm512_nh8_el2_dl1_df2048_expand2_dc4_fc1_ebtimeF_dtTrue_Exp_0,iTransformer,96,96,751,prollcov.csv,ETTh1
0,0.18629833,0.059224166,0.24336016,0.14894776,0.042191897,long_term_forecast_ETTh1_96_96ETTh1_w501_iprollcorr.csv_iTransformer_ETTh1_ftMS_sl96_ll48_pl96_dm512_nh8_el2_dl1_df2048_expand2_dc4_fc1_ebtimeF_dtTrue_Exp_0,iTransformer,96,96,501,iprollcorr.csv,ETTh1
0,0.18604028,0.05926804,0.24345028,0.14854428,0.041892085,long_term_forecast_ETTh1_96_96ETTh1_w1251_prollcov.csv_iTransformer_ETTh1_ftMS_sl96_ll48_pl96_dm512_nh8_el2_dl1_df2048_expand2_dc4_fc1_ebtimeF_dtTrue_Exp_0,iTransformer,96,96,1251,prollcov.csv,ETTh1
0,0.18617506,0.059296392,0.2435085,0.14760427,0.040837187,long_term_forecast_96_96ETTh1_w1251_psmoothrandomwalk.csv_iTransformer_ETTh1_ftMS_sl96_ll48_pl96_dm512_nh8_el2_dl1_df2048_expand2_dc4_fc1_ebtimeF_dtTrue_Exp_0,iTransformer,96,96,1251,psmoothrandomwalk.csv,ETTh1
0,0.18640591,0.059341546,0.2436012,0.14782722,0.04075879,long_term_forecast_96_96ETTh1_w1001_psmoothrandomwalk.csv_iTransformer_ETTh1_ftMS_sl96_ll48_pl96_dm512_nh8_el2_dl1_df2048_expand2_dc4_fc1_ebtimeF_dtTrue_Exp_0,iTransformer,96,96,1001,psmoothrandomwalk.csv,ETTh1
0,0.18702608,0.059345037,0.24360837,0.15019296,0.042970575,long_term_forecast_ETTh1_96_96ETTh1_w501_ipfarm.csv_iTransformer_ETTh1_ftMS_sl96_ll48_pl96_dm512_nh8_el2_dl1_df2048_expand2_dc4_fc1_ebtimeF_dtTrue_Exp_0,iTransformer,96,96,501,ipfarm.csv,ETTh1
0,0.18672293,0.059350476,0.24361953,0.14952807,0.04291325,long_term_forecast_ETTh1_96_96ETTh1_w501_pfarm.csv_iTransformer_ETTh1_ftMS_sl96_ll48_pl96_dm512_nh8_el2_dl1_df2048_expand2_dc4_fc1_ebtimeF_dtTrue_Exp_0,iTransformer,96,96,501,pfarm.csv,ETTh1
0,0.18708664,0.059387393,0.24369529,0.15034197,0.043205336,long_term_forecast_ETTh1_96_96ETTh1_w1001_ipmutual_info.csv_iTransformer_ETTh1_ftMS_sl96_ll48_pl96_dm512_nh8_el2_dl1_df2048_expand2_dc4_fc1_ebtimeF_dtTrue_Exp_0,iTransformer,96,96,1001,ipmutual_info.csv,ETTh1
0,0.18690905,0.059457652,0.2438394,0.14993563,0.042853594,long_term_forecast_ETTh1_96_96ETTh1_w501_ipmutual_info.csv_iTransformer_ETTh1_ftMS_sl96_ll48_pl96_dm512_nh8_el2_dl1_df2048_expand2_dc4_fc1_ebtimeF_dtTrue_Exp_0,iTransformer,96,96,501,ipmutual_info.csv,ETTh1
0,0.1867224,0.05950233,0.243931,0.14802355,0.040584967,long_term_forecast_ETTh1_96_96ETTh1_w1501_iprollcorr.csv_iTransformer_ETTh1_ftMS_sl96_ll48_pl96_dm512_nh8_el2_dl1_df2048_expand2_dc4_fc1_ebtimeF_dtTrue_Exp_0,iTransformer,96,96,1501,iprollcorr.csv,ETTh1
0,0.18795037,0.059616126,0.24416414,0.15366243,0.047340866,long_term_forecast_336_96ETTm1.csv_PatchTST_ETTm1_ftMS_sl96_ll48_pl336_dm512_nh8_el1_dl1_df2048_expand2_dc4_fc3_ebtimeF_dtTrue_Exp_0,PatchTST,336,96,,identity,ETTm1
0,0.18977079,0.059630632,0.24419384,0.15725459,0.050626498,long_term_forecast_336_96ETTm1_w751_iprollcorr.csv_TimeXer_ETTm1_ftMS_sl96_ll48_pl336_dm512_nh8_el1_dl1_df2048_expand2_dc4_fc3_ebtimeF_dtTrue_Exp_0,TimeXer,336,96,751,iprollcorr.csv,ETTm1
0,0.19153662,0.059709646,0.24435557,0.15657604,0.04862942,long_term_forecast_96_96ETTm1_w1001_ipfarm.csv_Autoformer_ETTm1_ftMS_sl96_ll48_pl96_dm512_nh8_el2_dl1_df2048_expand2_dc4_fc3_ebtimeF_dtTrue_Exp_0,Autoformer,96,96,1001,ipfarm.csv,ETTm1
0,0.1914307,0.05973106,0.24439938,0.1548004,0.045996774,long_term_forecast_96_96ETTm1_w1251_pentropy.csv_Autoformer_ETTm1_ftMS_sl96_ll48_pl96_dm512_nh8_el2_dl1_df2048_expand2_dc4_fc3_ebtimeF_dtTrue_Exp_0,Autoformer,96,96,1251,pentropy.csv,ETTm1
0,0.19050635,0.059750274,0.2444387,0.14344119,0.033959515,long_term_forecast_96_96ETTm1_w501_pmutual_info.csv_Crossformer_ETTm1_ftMS_sl96_ll48_pl96_dm512_nh8_el2_dl1_df2048_expand2_dc4_fc1_ebtimeF_dtTrue_Exp_0,Crossformer,96,96,501,pmutual_info.csv,ETTm1
0,0.18712716,0.05975116,0.24444051,0.14984886,0.042978685,long_term_forecast_ETTh1_96_96ETTh1_w501_prollcorr.csv_iTransformer_ETTh1_ftMS_sl96_ll48_pl96_dm512_nh8_el2_dl1_df2048_expand2_dc4_fc1_ebtimeF_dtTrue_Exp_0,iTransformer,96,96,501,prollcorr.csv,ETTh1
0,0.19276181,0.059765987,0.24447083,0.15683669,0.046602953,long_term_forecast_96_96ETTm1_w1501_ipentropy.csv_Autoformer_ETTm1_ftMS_sl96_ll48_pl96_dm512_nh8_el2_dl1_df2048_expand2_dc4_fc3_ebtimeF_dtTrue_Exp_0,Autoformer,96,96,1501,ipentropy.csv,ETTm1
0,0.18404382,0.059771113,0.24448131,0.1447043,0.03935493,long_term_forecast_96_96ETTh1_w751_iprollcov.csv_TimeXer_ETTh1_ftMS_sl96_ll48_pl96_dm512_nh8_el1_dl1_df2048_expand2_dc4_fc3_ebtimeF_dtTrue_exp_0,TimeXer,96,96,751,iprollcov.csv,ETTh1
0,0.18721172,0.059794486,0.24452911,0.15001455,0.04322237,long_term_forecast_ETTh1_96_96ETTh1_w1501_prollcov.csv_iTransformer_ETTh1_ftMS_sl96_ll48_pl96_dm512_nh8_el2_dl1_df2048_expand2_dc4_fc1_ebtimeF_dtTrue_Exp_0,iTransformer,96,96,1501,prollcov.csv,ETTh1
0,0.18680984,0.059800826,0.24454208,0.14936866,0.04266743,long_term_forecast_ETTh1_96_96ETTh1_w1501_prollcorr.csv_iTransformer_ETTh1_ftMS_sl96_ll48_pl96_dm512_nh8_el2_dl1_df2048_expand2_dc4_fc1_ebtimeF_dtTrue_Exp_0,iTransformer,96,96,1501,prollcorr.csv,ETTh1
0,0.18792138,0.05987723,0.24469824,0.15094668,0.043561775,long_term_forecast_ETTh1_96_96ETTh1_w1001_prollcov.csv_iTransformer_ETTh1_ftMS_sl96_ll48_pl96_dm512_nh8_el2_dl1_df2048_expand2_dc4_fc1_ebtimeF_dtTrue_Exp_0,iTransformer,96,96,1001,prollcov.csv,ETTh1
0,0.18433653,0.05998878,0.24492608,0.14377074,0.03785395,long_term_forecast_96_96ETTh1_w501_pfarm.csv_TimeXer_ETTh1_ftMS_sl96_ll48_pl96_dm512_nh8_el1_dl1_df2048_expand2_dc4_fc3_ebtimeF_dtTrue_exp_0,TimeXer,96,96,501,pfarm.csv,ETTh1
0,0.1880592,0.060004003,0.24495715,0.14991577,0.042220738,long_term_forecast_96_96ETTh1_w751_psmoothrandomwalk.csv_iTransformer_ETTh1_ftMS_sl96_ll48_pl96_dm512_nh8_el2_dl1_df2048_expand2_dc4_fc1_ebtimeF_dtTrue_Exp_0,iTransformer,96,96,751,psmoothrandomwalk.csv,ETTh1
0,0.19000447,0.0600389,0.24502836,0.15450118,0.047959637,long_term_forecast_96_96ETTm1_w1001_prollcorr.csv_Autoformer_ETTm1_ftMS_sl96_ll48_pl96_dm512_nh8_el2_dl1_df2048_expand2_dc4_fc3_ebtimeF_dtTrue_Exp_0,Autoformer,96,96,1001,prollcorr.csv,ETTm1
0,0.18784286,0.060151298,0.24525762,0.15027823,0.043107804,long_term_forecast_ETTh1_96_96ETTh1_w1251_prollcorr.csv_iTransformer_ETTh1_ftMS_sl96_ll48_pl96_dm512_nh8_el2_dl1_df2048_expand2_dc4_fc1_ebtimeF_dtTrue_Exp_0,iTransformer,96,96,1251,prollcorr.csv,ETTh1
0,0.19195911,0.060155645,0.24526648,0.15839148,0.051333725,long_term_forecast_96_96ETTm1_w501_pentropy.csv_Autoformer_ETTm1_ftMS_sl96_ll48_pl96_dm512_nh8_el2_dl1_df2048_expand2_dc4_fc3_ebtimeF_dtTrue_Exp_0,Autoformer,96,96,501,pentropy.csv,ETTm1
0,0.04304605,0.060218103,0.24539377,1.1752434,183.35098,long_term_forecast_96_96Weather_w751_prollcorr.csv_Crossformer_Weather_ftMS_sl96_ll48_pl96_dm512_nh8_el2_dl1_df2048_expand2_dc4_fc3_ebtimeF_dtTrue_Exp_0,Crossformer,96,96,751,prollcorr.csv,Weather
0,0.18806453,0.060378466,0.2457203,0.14946698,0.041850723,long_term_forecast_96_96ETTh1_w1501_psmoothrandomwalk.csv_iTransformer_ETTh1_ftMS_sl96_ll48_pl96_dm512_nh8_el2_dl1_df2048_expand2_dc4_fc1_ebtimeF_dtTrue_Exp_0,iTransformer,96,96,1501,psmoothrandomwalk.csv,ETTh1
0,0.1883314,0.060389806,0.24574338,0.15112138,0.04380435,long_term_forecast_ETTh1_96_96ETTh1_w1001_prollcorr.csv_iTransformer_ETTh1_ftMS_sl96_ll48_pl96_dm512_nh8_el2_dl1_df2048_expand2_dc4_fc1_ebtimeF_dtTrue_Exp_0,iTransformer,96,96,1001,prollcorr.csv,ETTh1
0,0.19214374,0.060491677,0.24595056,0.1580585,0.05169675,long_term_forecast_96_96ETTm1_w1501_ipfarm.csv_Autoformer_ETTm1_ftMS_sl96_ll48_pl96_dm512_nh8_el2_dl1_df2048_expand2_dc4_fc3_ebtimeF_dtTrue_Exp_0,Autoformer,96,96,1501,ipfarm.csv,ETTm1
0,0.19453269,0.060727708,0.24642992,0.1595266,0.049283035,long_term_forecast_96_96ETTm1_w501_ipfarm.csv_Autoformer_ETTm1_ftMS_sl96_ll48_pl96_dm512_nh8_el2_dl1_df2048_expand2_dc4_fc3_ebtimeF_dtTrue_Exp_0,Autoformer,96,96,501,ipfarm.csv,ETTm1
0,0.1933549,0.06086011,0.24669841,0.15723076,0.04828725,long_term_forecast_96_96ETTm1_w501_ipmutual_info.csv_Autoformer_ETTm1_ftMS_sl96_ll48_pl96_dm512_nh8_el2_dl1_df2048_expand2_dc4_fc3_ebtimeF_dtTrue_Exp_0,Autoformer,96,96,501,ipmutual_info.csv,ETTm1
0,0.18980521,0.060990673,0.24696289,0.15258613,0.045177057,long_term_forecast_96_96ETTh1_w501_psmoothrandomwalk.csv_iTransformer_ETTh1_ftMS_sl96_ll48_pl96_dm512_nh8_el2_dl1_df2048_expand2_dc4_fc1_ebtimeF_dtTrue_Exp_0,iTransformer,96,96,501,psmoothrandomwalk.csv,ETTh1
0,0.18921007,0.06107679,0.24713719,0.14943554,0.04117457,long_term_forecast_96_96ETTh1_w1251_ipsmoothrandomwalk.csv_iTransformer_ETTh1_ftMS_sl96_ll48_pl96_dm512_nh8_el2_dl1_df2048_expand2_dc4_fc1_ebtimeF_dtTrue_Exp_0,iTransformer,96,96,1251,ipsmoothrandomwalk.csv,ETTh1
0,0.1894273,0.061113697,0.24721184,0.14975542,0.041376796,long_term_forecast_96_96ETTh1_w1001_ipsmoothrandomwalk.csv_iTransformer_ETTh1_ftMS_sl96_ll48_pl96_dm512_nh8_el2_dl1_df2048_expand2_dc4_fc1_ebtimeF_dtTrue_Exp_0,iTransformer,96,96,1001,ipsmoothrandomwalk.csv,ETTh1
0,0.18952927,0.061263084,0.2475138,0.15006286,0.041902937,long_term_forecast_96_96ETTh1_w1501_ipsmoothrandomwalk.csv_iTransformer_ETTh1_ftMS_sl96_ll48_pl96_dm512_nh8_el2_dl1_df2048_expand2_dc4_fc1_ebtimeF_dtTrue_Exp_0,iTransformer,96,96,1501,ipsmoothrandomwalk.csv,ETTh1
0,0.1899519,0.061399944,0.24779013,0.15079919,0.042352553,long_term_forecast_96_96ETTh1_w501_ipsmoothrandomwalk.csv_iTransformer_ETTh1_ftMS_sl96_ll48_pl96_dm512_nh8_el2_dl1_df2048_expand2_dc4_fc1_ebtimeF_dtTrue_Exp_0,iTransformer,96,96,501,ipsmoothrandomwalk.csv,ETTh1
0,0.19047947,0.061524812,0.24804196,0.15315235,0.04488122,long_term_forecast_ETTh1_96_96ETTh1_w501_prollcov.csv_iTransformer_ETTh1_ftMS_sl96_ll48_pl96_dm512_nh8_el2_dl1_df2048_expand2_dc4_fc1_ebtimeF_dtTrue_Exp_0,iTransformer,96,96,501,prollcov.csv,ETTh1
0,0.19001998,0.061876863,0.2487506,0.15054096,0.041973975,long_term_forecast_96_96ETTh1_w501_iprandomwalk.csv_iTransformer_ETTh1_ftMS_sl96_ll48_pl96_dm512_nh8_el2_dl1_df2048_expand2_dc4_fc1_ebtimeF_dtTrue_Exp_0,iTransformer,96,96,501,iprandomwalk.csv,ETTh1
0,0.19530989,0.06191712,0.24883151,0.15853335,0.048233394,long_term_forecast_96_96ETTm1_w501_prollcorr.csv_Autoformer_ETTm1_ftMS_sl96_ll48_pl96_dm512_nh8_el2_dl1_df2048_expand2_dc4_fc3_ebtimeF_dtTrue_Exp_0,Autoformer,96,96,501,prollcorr.csv,ETTm1
0,0.19229433,0.06193481,0.24886705,0.15745479,0.050265107,long_term_forecast_336_96ETTm1_w1501_ipmutual_info.csv_iTransformer_ETTm1_ftMS_sl96_ll48_pl336_dm512_nh8_el2_dl1_df2048_expand2_dc4_fc1_ebtimeF_dtTrue_Exp_0,iTransformer,336,96,1501,ipmutual_info.csv,ETTm1
0,0.19351698,0.062214263,0.24942787,0.1451471,0.034796342,long_term_forecast_96_96ETTm1_w1001_iprollcorr.csv_Crossformer_ETTm1_ftMS_sl96_ll48_pl96_dm512_nh8_el2_dl1_df2048_expand2_dc4_fc1_ebtimeF_dtTrue_Exp_0,Crossformer,96,96,1001,iprollcorr.csv,ETTm1
0,0.19284512,0.062280323,0.24956027,0.15672979,0.04828996,long_term_forecast_336_96ETTm1.csv_iTransformer_ETTm1_ftMS_sl96_ll48_pl336_dm512_nh8_el2_dl1_df2048_expand2_dc4_fc1_ebtimeF_dtTrue_Exp_0,iTransformer,336,96,,identity,ETTm1
0,0.19427378,0.06240519,0.24981031,0.15730567,0.04794724,long_term_forecast_96_96ETTm1_w1001_iprollcov.csv_Autoformer_ETTm1_ftMS_sl96_ll48_pl96_dm512_nh8_el2_dl1_df2048_expand2_dc4_fc3_ebtimeF_dtTrue_Exp_0,Autoformer,96,96,1001,iprollcov.csv,ETTm1
0,0.19557218,0.062430058,0.24986008,0.15856226,0.048000667,long_term_forecast_96_96ETTm1_w1001_prollcov.csv_Autoformer_ETTm1_ftMS_sl96_ll48_pl96_dm512_nh8_el2_dl1_df2048_expand2_dc4_fc3_ebtimeF_dtTrue_Exp_0,Autoformer,96,96,1001,prollcov.csv,ETTm1
0,0.1968045,0.06254548,0.25009093,0.16179846,0.051540636,long_term_forecast_96_96ETTm1_w1001_psmoothrandomwalk.csv_Autoformer_ETTm1_ftMS_sl96_ll48_pl96_dm512_nh8_el2_dl1_df2048_expand2_dc4_fc3_ebtimeF_dtTrue_Exp_0,Autoformer,96,96,1001,psmoothrandomwalk.csv,ETTm1
0,0.19259879,0.06300776,0.25101346,0.15347263,0.044400163,long_term_forecast_96_96ETTh1_w751_ipsmoothrandomwalk.csv_iTransformer_ETTh1_ftMS_sl96_ll48_pl96_dm512_nh8_el2_dl1_df2048_expand2_dc4_fc1_ebtimeF_dtTrue_Exp_0,iTransformer,96,96,751,ipsmoothrandomwalk.csv,ETTh1
0,0.19819447,0.063047685,0.25109297,0.16183051,0.050106928,long_term_forecast_96_96ETTm1_w1251_ipmutual_info.csv_Autoformer_ETTm1_ftMS_sl96_ll48_pl96_dm512_nh8_el2_dl1_df2048_expand2_dc4_fc3_ebtimeF_dtTrue_Exp_0,Autoformer,96,96,1251,ipmutual_info.csv,ETTm1
0,0.19554922,0.06324649,0.25148854,0.15904632,0.050541367,long_term_forecast_96_96ETTm1_w1251_iprollcov.csv_Autoformer_ETTm1_ftMS_sl96_ll48_pl96_dm512_nh8_el2_dl1_df2048_expand2_dc4_fc3_ebtimeF_dtTrue_Exp_0,Autoformer,96,96,1251,iprollcov.csv,ETTm1
0,0.19640103,0.06329414,0.25158328,0.15995641,0.049857117,long_term_forecast_96_96ETTm1_w1251_ipentropy.csv_Autoformer_ETTm1_ftMS_sl96_ll48_pl96_dm512_nh8_el2_dl1_df2048_expand2_dc4_fc3_ebtimeF_dtTrue_Exp_0,Autoformer,96,96,1251,ipentropy.csv,ETTm1
0,0.19918373,0.063660406,0.25231013,0.16336313,0.052010473,long_term_forecast_96_96ETTm1_w1501_iprollcov.csv_Autoformer_ETTm1_ftMS_sl96_ll48_pl96_dm512_nh8_el2_dl1_df2048_expand2_dc4_fc3_ebtimeF_dtTrue_Exp_0,Autoformer,96,96,1501,iprollcov.csv,ETTm1
0,0.19693975,0.063664086,0.25231743,0.15927319,0.047937024,long_term_forecast_96_96ETTm1_w751_pfarm.csv_Autoformer_ETTm1_ftMS_sl96_ll48_pl96_dm512_nh8_el2_dl1_df2048_expand2_dc4_fc3_ebtimeF_dtTrue_Exp_0,Autoformer,96,96,751,pfarm.csv,ETTm1
0,0.18326493,0.063732125,0.25245222,0.4667634,8.6423,long_term_forecast_96_96ETTm2_w1001_prollcorr.csv_PatchTST_ETTm2_ftMS_sl96_ll48_pl96_dm512_nh8_el3_dl1_df2048_expand2_dc4_fc3_ebtimeF_dtTrue_Exp_0,PatchTST,96,96,1001,prollcorr.csv,ETTm2
0,0.18285415,0.063804194,0.25259492,0.46407202,8.530436,long_term_forecast_96_96ETTm2_w501_prollcov.csv_PatchTST_ETTm2_ftMS_sl96_ll48_pl96_dm512_nh8_el3_dl1_df2048_expand2_dc4_fc3_ebtimeF_dtTrue_Exp_0,PatchTST,96,96,501,prollcov.csv,ETTm2
0,0.19732682,0.06380429,0.25259513,0.15959388,0.0483709,long_term_forecast_96_96ETTm1_w1501_prollcov.csv_Autoformer_ETTm1_ftMS_sl96_ll48_pl96_dm512_nh8_el2_dl1_df2048_expand2_dc4_fc3_ebtimeF_dtTrue_Exp_0,Autoformer,96,96,1501,prollcov.csv,ETTm1
0,0.18265888,0.06381562,0.25261754,0.46667597,8.756355,long_term_forecast_96_96ETTm2_w751_pfarm.csv_PatchTST_ETTm2_ftMS_sl96_ll48_pl96_dm512_nh8_el3_dl1_df2048_expand2_dc4_fc3_ebtimeF_dtTrue_Exp_0,PatchTST,96,96,751,pfarm.csv,ETTm2
0,0.1966298,0.0638402,0.25266618,0.15857613,0.047814343,long_term_forecast_96_96ETTm1_w1251_pfarm.csv_Autoformer_ETTm1_ftMS_sl96_ll48_pl96_dm512_nh8_el2_dl1_df2048_expand2_dc4_fc3_ebtimeF_dtTrue_Exp_0,Autoformer,96,96,1251,pfarm.csv,ETTm1
0,0.18290098,0.063897856,0.25278026,0.46661463,8.692321,long_term_forecast_96_96ETTm2_w1001_prollcov.csv_PatchTST_ETTm2_ftMS_sl96_ll48_pl96_dm512_nh8_el3_dl1_df2048_expand2_dc4_fc3_ebtimeF_dtTrue_Exp_0,PatchTST,96,96,1001,prollcov.csv,ETTm2
0,0.1966437,0.063964054,0.25291115,0.14747958,0.034960445,long_term_forecast_96_96ETTm1_w501_prollcov.csv_Crossformer_ETTm1_ftMS_sl96_ll48_pl96_dm512_nh8_el2_dl1_df2048_expand2_dc4_fc1_ebtimeF_dtTrue_Exp_0,Crossformer,96,96,501,prollcov.csv,ETTm1
0,0.18328455,0.06403619,0.25305372,0.46563262,8.745303,long_term_forecast_96_96ETTm2_w1251_pfarm.csv_PatchTST_ETTm2_ftMS_sl96_ll48_pl96_dm512_nh8_el3_dl1_df2048_expand2_dc4_fc3_ebtimeF_dtTrue_Exp_0,PatchTST,96,96,1251,pfarm.csv,ETTm2
0,0.1839799,0.06403813,0.25305757,0.46982992,8.893053,long_term_forecast_96_96ETTm2_w1251_psmoothrandomwalk.csv_PatchTST_ETTm2_ftMS_sl96_ll48_pl96_dm512_nh8_el3_dl1_df2048_expand2_dc4_fc3_ebtimeF_dtTrue_Exp_0,PatchTST,96,96,1251,psmoothrandomwalk.csv,ETTm2
0,0.18304391,0.06406813,0.25311685,0.4643826,8.487387,long_term_forecast_96_96ETTm2_w501_prollcorr.csv_PatchTST_ETTm2_ftMS_sl96_ll48_pl96_dm512_nh8_el3_dl1_df2048_expand2_dc4_fc3_ebtimeF_dtTrue_Exp_0,PatchTST,96,96,501,prollcorr.csv,ETTm2
0,0.1832995,0.06406903,0.2531186,0.4712223,9.012585,long_term_forecast_96_96ETTm2_w751_iprollcorr.csv_PatchTST_ETTm2_ftMS_sl96_ll48_pl96_dm512_nh8_el3_dl1_df2048_expand2_dc4_fc3_ebtimeF_dtTrue_Exp_0,PatchTST,96,96,751,iprollcorr.csv,ETTm2
0,0.18393698,0.06407546,0.2531313,0.46649325,8.759969,long_term_forecast_96_96ETTm2_w1001_ipmutual_info.csv_PatchTST_ETTm2_ftMS_sl96_ll48_pl96_dm512_nh8_el3_dl1_df2048_expand2_dc4_fc3_ebtimeF_dtTrue_Exp_0,PatchTST,96,96,1001,ipmutual_info.csv,ETTm2
0,0.18392055,0.06408157,0.25314337,0.46699628,8.751628,long_term_forecast_96_96ETTm2_w751_prollcorr.csv_PatchTST_ETTm2_ftMS_sl96_ll48_pl96_dm512_nh8_el3_dl1_df2048_expand2_dc4_fc3_ebtimeF_dtTrue_Exp_0,PatchTST,96,96,751,prollcorr.csv,ETTm2
0,0.18363367,0.06416812,0.25331426,0.46747187,8.685245,long_term_forecast_96_96ETTm2_w751_ipfarm.csv_PatchTST_ETTm2_ftMS_sl96_ll48_pl96_dm512_nh8_el3_dl1_df2048_expand2_dc4_fc3_ebtimeF_dtTrue_Exp_0,PatchTST,96,96,751,ipfarm.csv,ETTm2
0,0.18387015,0.0642197,0.25341606,0.47285938,9.057617,long_term_forecast_96_96ETTm2_w501_ipmutual_info.csv_PatchTST_ETTm2_ftMS_sl96_ll48_pl96_dm512_nh8_el3_dl1_df2048_expand2_dc4_fc3_ebtimeF_dtTrue_Exp_0,PatchTST,96,96,501,ipmutual_info.csv,ETTm2
0,0.18361667,0.0642758,0.25352672,0.46728602,8.725478,long_term_forecast_96_96ETTm2_w1001_ipentropy.csv_PatchTST_ETTm2_ftMS_sl96_ll48_pl96_dm512_nh8_el3_dl1_df2048_expand2_dc4_fc3_ebtimeF_dtTrue_Exp_0,PatchTST,96,96,1001,ipentropy.csv,ETTm2
0,0.18366449,0.064307086,0.2535884,0.46750957,8.654894,long_term_forecast_96_96ETTm2_w1501_iprollcorr.csv_PatchTST_ETTm2_ftMS_sl96_ll48_pl96_dm512_nh8_el3_dl1_df2048_expand2_dc4_fc3_ebtimeF_dtTrue_Exp_0,PatchTST,96,96,1501,iprollcorr.csv,ETTm2
0,0.18359476,0.064370915,0.25371423,0.46590886,8.621893,long_term_forecast_96_96ETTm2_w1001_pfarm.csv_PatchTST_ETTm2_ftMS_sl96_ll48_pl96_dm512_nh8_el3_dl1_df2048_expand2_dc4_fc3_ebtimeF_dtTrue_Exp_0,PatchTST,96,96,1001,pfarm.csv,ETTm2
0,0.18497762,0.06437114,0.25371468,0.47602633,9.214887,long_term_forecast_96_96ETTm2_w501_ipsmoothrandomwalk.csv_PatchTST_ETTm2_ftMS_sl96_ll48_pl96_dm512_nh8_el3_dl1_df2048_expand2_dc4_fc3_ebtimeF_dtTrue_Exp_0,PatchTST,96,96,501,ipsmoothrandomwalk.csv,ETTm2
0,0.18401745,0.06438894,0.25374976,0.46662593,8.791136,long_term_forecast_96_96ETTm2_w1501_ipmutual_info.csv_PatchTST_ETTm2_ftMS_sl96_ll48_pl96_dm512_nh8_el3_dl1_df2048_expand2_dc4_fc3_ebtimeF_dtTrue_Exp_0,PatchTST,96,96,1501,ipmutual_info.csv,ETTm2
0,0.18475793,0.06439067,0.25375316,0.47369358,9.120498,long_term_forecast_96_96ETTm2_w1001_psmoothrandomwalk.csv_PatchTST_ETTm2_ftMS_sl96_ll48_pl96_dm512_nh8_el3_dl1_df2048_expand2_dc4_fc3_ebtimeF_dtTrue_Exp_0,PatchTST,96,96,1001,psmoothrandomwalk.csv,ETTm2
0,0.18411176,0.0644034,0.25377825,0.47013518,8.814992,long_term_forecast_96_96ETTm2_w501_pfarm.csv_PatchTST_ETTm2_ftMS_sl96_ll48_pl96_dm512_nh8_el3_dl1_df2048_expand2_dc4_fc3_ebtimeF_dtTrue_Exp_0,PatchTST,96,96,501,pfarm.csv,ETTm2
0,0.18349245,0.06440421,0.25377986,0.4686636,9.008354,long_term_forecast_96_96ETTm2_w751_prollcov.csv_PatchTST_ETTm2_ftMS_sl96_ll48_pl96_dm512_nh8_el3_dl1_df2048_expand2_dc4_fc3_ebtimeF_dtTrue_Exp_0,PatchTST,96,96,751,prollcov.csv,ETTm2
0,0.18474165,0.06441702,0.25380507,0.46856973,8.569803,long_term_forecast_96_96ETTm2.csv_PatchTST_ETTm2_ftMS_sl96_ll48_pl96_dm512_nh8_el3_dl1_df2048_expand2_dc4_fc3_ebtimeF_dtTrue_Exp_0,PatchTST,96,96,,identity,ETTm2
0,0.18348004,0.06442184,0.25381458,0.46791062,8.658232,long_term_forecast_96_96ETTm2_w1501_prollcorr.csv_PatchTST_ETTm2_ftMS_sl96_ll48_pl96_dm512_nh8_el3_dl1_df2048_expand2_dc4_fc3_ebtimeF_dtTrue_Exp_0,PatchTST,96,96,1501,prollcorr.csv,ETTm2
0,0.18396688,0.06445861,0.253887,0.46726277,8.664459,long_term_forecast_96_96ETTm2_w1251_iprollcorr.csv_PatchTST_ETTm2_ftMS_sl96_ll48_pl96_dm512_nh8_el3_dl1_df2048_expand2_dc4_fc3_ebtimeF_dtTrue_Exp_0,PatchTST,96,96,1251,iprollcorr.csv,ETTm2
0,0.20134999,0.06446685,0.25390324,0.16446693,0.050811138,long_term_forecast_96_96ETTm1_w751_ipmutual_info.csv_Autoformer_ETTm1_ftMS_sl96_ll48_pl96_dm512_nh8_el2_dl1_df2048_expand2_dc4_fc3_ebtimeF_dtTrue_Exp_0,Autoformer,96,96,751,ipmutual_info.csv,ETTm1
0,0.18423064,0.06449025,0.2539493,0.4692568,8.826471,long_term_forecast_96_96ETTm2_w751_ipmutual_info.csv_PatchTST_ETTm2_ftMS_sl96_ll48_pl96_dm512_nh8_el3_dl1_df2048_expand2_dc4_fc3_ebtimeF_dtTrue_Exp_0,PatchTST,96,96,751,ipmutual_info.csv,ETTm2
0,0.18366006,0.06450632,0.25398093,0.46969506,8.991145,long_term_forecast_96_96ETTm2_w501_pmutual_info.csv_PatchTST_ETTm2_ftMS_sl96_ll48_pl96_dm512_nh8_el3_dl1_df2048_expand2_dc4_fc3_ebtimeF_dtTrue_Exp_0,PatchTST,96,96,501,pmutual_info.csv,ETTm2
0,0.18405797,0.06455466,0.2540761,0.4671136,8.5718,long_term_forecast_96_96ETTm2_w501_ipentropy.csv_PatchTST_ETTm2_ftMS_sl96_ll48_pl96_dm512_nh8_el3_dl1_df2048_expand2_dc4_fc3_ebtimeF_dtTrue_Exp_0,PatchTST,96,96,501,ipentropy.csv,ETTm2
0,0.18428798,0.064572796,0.25411177,0.4704055,8.900302,long_term_forecast_96_96ETTm2_w1501_pmutual_info.csv_PatchTST_ETTm2_ftMS_sl96_ll48_pl96_dm512_nh8_el3_dl1_df2048_expand2_dc4_fc3_ebtimeF_dtTrue_Exp_0,PatchTST,96,96,1501,pmutual_info.csv,ETTm2
0,0.18411857,0.06458929,0.25414422,0.47078538,8.965241,long_term_forecast_96_96ETTm2_w501_ipfarm.csv_PatchTST_ETTm2_ftMS_sl96_ll48_pl96_dm512_nh8_el3_dl1_df2048_expand2_dc4_fc3_ebtimeF_dtTrue_Exp_0,PatchTST,96,96,501,ipfarm.csv,ETTm2
0,0.18531625,0.06462712,0.25421864,0.47458658,9.112437,long_term_forecast_96_96ETTm2_w501_prandomwalk.csv_PatchTST_ETTm2_ftMS_sl96_ll48_pl96_dm512_nh8_el3_dl1_df2048_expand2_dc4_fc3_ebtimeF_dtTrue_Exp_0,PatchTST,96,96,501,prandomwalk.csv,ETTm2
0,0.18500744,0.06467669,0.25431612,0.47067773,8.908496,long_term_forecast_96_96ETTm2_w1001_ipsmoothrandomwalk.csv_PatchTST_ETTm2_ftMS_sl96_ll48_pl96_dm512_nh8_el3_dl1_df2048_expand2_dc4_fc3_ebtimeF_dtTrue_Exp_0,PatchTST,96,96,1001,ipsmoothrandomwalk.csv,ETTm2
0,0.1842138,0.06467727,0.25431725,0.46883854,8.8082,long_term_forecast_96_96ETTm2_w1251_ipfarm.csv_PatchTST_ETTm2_ftMS_sl96_ll48_pl96_dm512_nh8_el3_dl1_df2048_expand2_dc4_fc3_ebtimeF_dtTrue_Exp_0,PatchTST,96,96,1251,ipfarm.csv,ETTm2
0,0.18418978,0.064685985,0.2543344,0.4702851,8.983819,long_term_forecast_96_96ETTm2_w501_iprollcorr.csv_PatchTST_ETTm2_ftMS_sl96_ll48_pl96_dm512_nh8_el3_dl1_df2048_expand2_dc4_fc3_ebtimeF_dtTrue_Exp_0,PatchTST,96,96,501,iprollcorr.csv,ETTm2
0,0.18464348,0.06470687,0.25437546,0.47447553,9.252273,long_term_forecast_96_96ETTm2_w1501_psmoothrandomwalk.csv_PatchTST_ETTm2_ftMS_sl96_ll48_pl96_dm512_nh8_el3_dl1_df2048_expand2_dc4_fc3_ebtimeF_dtTrue_Exp_0,PatchTST,96,96,1501,psmoothrandomwalk.csv,ETTm2
0,0.1851398,0.06471422,0.2543899,0.4733364,9.216361,long_term_forecast_96_96ETTm2_w751_ipsmoothrandomwalk.csv_PatchTST_ETTm2_ftMS_sl96_ll48_pl96_dm512_nh8_el3_dl1_df2048_expand2_dc4_fc3_ebtimeF_dtTrue_Exp_0,PatchTST,96,96,751,ipsmoothrandomwalk.csv,ETTm2
0,0.18451487,0.06474213,0.25444475,0.47198352,9.01724,long_term_forecast_96_96ETTm2_w1501_ipentropy.csv_PatchTST_ETTm2_ftMS_sl96_ll48_pl96_dm512_nh8_el3_dl1_df2048_expand2_dc4_fc3_ebtimeF_dtTrue_Exp_0,PatchTST,96,96,1501,ipentropy.csv,ETTm2
0,0.18485662,0.064779386,0.25451794,0.48105955,9.545973,long_term_forecast_96_96ETTm2_w1001_pmutual_info.csv_PatchTST_ETTm2_ftMS_sl96_ll48_pl96_dm512_nh8_el3_dl1_df2048_expand2_dc4_fc3_ebtimeF_dtTrue_Exp_0,PatchTST,96,96,1001,pmutual_info.csv,ETTm2
0,0.18404093,0.064807594,0.25457335,0.46701786,8.730785,long_term_forecast_96_96ETTm2_w1501_prollcov.csv_PatchTST_ETTm2_ftMS_sl96_ll48_pl96_dm512_nh8_el3_dl1_df2048_expand2_dc4_fc3_ebtimeF_dtTrue_Exp_0,PatchTST,96,96,1501,prollcov.csv,ETTm2
0,0.1847203,0.06481132,0.25458068,0.47158074,9.078265,long_term_forecast_96_96ETTm2_w751_pmutual_info.csv_PatchTST_ETTm2_ftMS_sl96_ll48_pl96_dm512_nh8_el3_dl1_df2048_expand2_dc4_fc3_ebtimeF_dtTrue_Exp_0,PatchTST,96,96,751,pmutual_info.csv,ETTm2
0,0.18521686,0.06484307,0.25464302,0.46838674,8.783415,long_term_forecast_96_96ETTm2_w501_iprollcov.csv_PatchTST_ETTm2_ftMS_sl96_ll48_pl96_dm512_nh8_el3_dl1_df2048_expand2_dc4_fc3_ebtimeF_dtTrue_Exp_0,PatchTST,96,96,501,iprollcov.csv,ETTm2
0,0.19860442,0.06484714,0.254651,0.16112985,0.050721247,long_term_forecast_96_96ETTm1_w751_iprollcov.csv_Autoformer_ETTm1_ftMS_sl96_ll48_pl96_dm512_nh8_el2_dl1_df2048_expand2_dc4_fc3_ebtimeF_dtTrue_Exp_0,Autoformer,96,96,751,iprollcov.csv,ETTm1
0,0.18489227,0.06493633,0.25482607,0.47233465,9.000034,long_term_forecast_96_96ETTm2_w1251_prollcorr.csv_PatchTST_ETTm2_ftMS_sl96_ll48_pl96_dm512_nh8_el3_dl1_df2048_expand2_dc4_fc3_ebtimeF_dtTrue_Exp_0,PatchTST,96,96,1251,prollcorr.csv,ETTm2
0,0.18529432,0.06495679,0.2548662,0.4769247,9.236265,long_term_forecast_96_96ETTm2_w751_pentropy.csv_PatchTST_ETTm2_ftMS_sl96_ll48_pl96_dm512_nh8_el3_dl1_df2048_expand2_dc4_fc3_ebtimeF_dtTrue_Exp_0,PatchTST,96,96,751,pentropy.csv,ETTm2
0,0.18490036,0.06496117,0.25487483,0.46973902,8.682809,long_term_forecast_96_96ETTm2_w1001_pentropy.csv_PatchTST_ETTm2_ftMS_sl96_ll48_pl96_dm512_nh8_el3_dl1_df2048_expand2_dc4_fc3_ebtimeF_dtTrue_Exp_0,PatchTST,96,96,1001,pentropy.csv,ETTm2
0,0.18541977,0.06497547,0.25490287,0.47557688,9.241296,long_term_forecast_96_96ETTm2_w1501_ipsmoothrandomwalk.csv_PatchTST_ETTm2_ftMS_sl96_ll48_pl96_dm512_nh8_el3_dl1_df2048_expand2_dc4_fc3_ebtimeF_dtTrue_Exp_0,PatchTST,96,96,1501,ipsmoothrandomwalk.csv,ETTm2
0,0.20073657,0.0649977,0.25494647,0.16370055,0.051532358,long_term_forecast_96_96ETTm1_w751_prollcov.csv_Autoformer_ETTm1_ftMS_sl96_ll48_pl96_dm512_nh8_el2_dl1_df2048_expand2_dc4_fc3_ebtimeF_dtTrue_Exp_0,Autoformer,96,96,751,prollcov.csv,ETTm1
0,0.18484345,0.06502742,0.25500476,0.46777296,8.847601,long_term_forecast_96_96ETTm2_w1251_prollcov.csv_PatchTST_ETTm2_ftMS_sl96_ll48_pl96_dm512_nh8_el3_dl1_df2048_expand2_dc4_fc3_ebtimeF_dtTrue_Exp_0,PatchTST,96,96,1251,prollcov.csv,ETTm2
0,0.1848084,0.0650368,0.25502315,0.46928358,8.808932,long_term_forecast_96_96ETTm2_w1251_ipentropy.csv_PatchTST_ETTm2_ftMS_sl96_ll48_pl96_dm512_nh8_el3_dl1_df2048_expand2_dc4_fc3_ebtimeF_dtTrue_Exp_0,PatchTST,96,96,1251,ipentropy.csv,ETTm2
0,0.18523662,0.06504936,0.25504777,0.47302556,8.872391,long_term_forecast_96_96ETTm2_w501_pentropy.csv_PatchTST_ETTm2_ftMS_sl96_ll48_pl96_dm512_nh8_el3_dl1_df2048_expand2_dc4_fc3_ebtimeF_dtTrue_Exp_0,PatchTST,96,96,501,pentropy.csv,ETTm2
0,0.20001894,0.065060586,0.25506976,0.16229683,0.05116907,long_term_forecast_96_96ETTm1_w501_prollcov.csv_Autoformer_ETTm1_ftMS_sl96_ll48_pl96_dm512_nh8_el2_dl1_df2048_expand2_dc4_fc3_ebtimeF_dtTrue_Exp_0,Autoformer,96,96,501,prollcov.csv,ETTm1
0,0.20037897,0.06507356,0.25509518,0.16381517,0.05225498,long_term_forecast_96_96ETTm1_w1251_iprollcorr.csv_Autoformer_ETTm1_ftMS_sl96_ll48_pl96_dm512_nh8_el2_dl1_df2048_expand2_dc4_fc3_ebtimeF_dtTrue_Exp_0,Autoformer,96,96,1251,iprollcorr.csv,ETTm1
0,0.19968298,0.065105475,0.25515774,0.16285683,0.0516559,long_term_forecast_96_96ETTm1_w501_iprollcov.csv_Autoformer_ETTm1_ftMS_sl96_ll48_pl96_dm512_nh8_el2_dl1_df2048_expand2_dc4_fc3_ebtimeF_dtTrue_Exp_0,Autoformer,96,96,501,iprollcov.csv,ETTm1
0,0.19921918,0.065114185,0.25517482,0.16197385,0.050473496,long_term_forecast_96_96ETTm1_w501_pmutual_info.csv_Autoformer_ETTm1_ftMS_sl96_ll48_pl96_dm512_nh8_el2_dl1_df2048_expand2_dc4_fc3_ebtimeF_dtTrue_Exp_0,Autoformer,96,96,501,pmutual_info.csv,ETTm1
0,0.1850864,0.06519389,0.25533095,0.47066244,8.735201,long_term_forecast_96_96ETTm2_w1001_iprollcorr.csv_PatchTST_ETTm2_ftMS_sl96_ll48_pl96_dm512_nh8_el3_dl1_df2048_expand2_dc4_fc3_ebtimeF_dtTrue_Exp_0,PatchTST,96,96,1001,iprollcorr.csv,ETTm2
0,0.18489316,0.06519504,0.2553332,0.470969,8.8341055,long_term_forecast_96_96ETTm2_w1251_pmutual_info.csv_PatchTST_ETTm2_ftMS_sl96_ll48_pl96_dm512_nh8_el3_dl1_df2048_expand2_dc4_fc3_ebtimeF_dtTrue_Exp_0,PatchTST,96,96,1251,pmutual_info.csv,ETTm2
0,0.18502647,0.06522664,0.25539505,0.4712258,9.203185,long_term_forecast_96_96ETTm2_w501_psmoothrandomwalk.csv_PatchTST_ETTm2_ftMS_sl96_ll48_pl96_dm512_nh8_el3_dl1_df2048_expand2_dc4_fc3_ebtimeF_dtTrue_Exp_0,PatchTST,96,96,501,psmoothrandomwalk.csv,ETTm2
0,0.18447393,0.065233186,0.25540787,0.4630384,8.393472,long_term_forecast_96_96ETTm2_w1251_ipmutual_info.csv_PatchTST_ETTm2_ftMS_sl96_ll48_pl96_dm512_nh8_el3_dl1_df2048_expand2_dc4_fc3_ebtimeF_dtTrue_Exp_0,PatchTST,96,96,1251,ipmutual_info.csv,ETTm2
0,0.18497276,0.065271035,0.25548196,0.47181532,8.852518,long_term_forecast_96_96ETTm2_w1251_pentropy.csv_PatchTST_ETTm2_ftMS_sl96_ll48_pl96_dm512_nh8_el3_dl1_df2048_expand2_dc4_fc3_ebtimeF_dtTrue_Exp_0,PatchTST,96,96,1251,pentropy.csv,ETTm2
0,0.20128474,0.065343425,0.2556236,0.15076126,0.036155228,long_term_forecast_96_96ETTm1_w1001_prollcov.csv_Crossformer_ETTm1_ftMS_sl96_ll48_pl96_dm512_nh8_el2_dl1_df2048_expand2_dc4_fc1_ebtimeF_dtTrue_Exp_0,Crossformer,96,96,1001,prollcov.csv,ETTm1
0,0.18548942,0.06542245,0.25577813,0.47087207,8.920425,long_term_forecast_96_96ETTm2_w1501_ipfarm.csv_PatchTST_ETTm2_ftMS_sl96_ll48_pl96_dm512_nh8_el3_dl1_df2048_expand2_dc4_fc3_ebtimeF_dtTrue_Exp_0,PatchTST,96,96,1501,ipfarm.csv,ETTm2
0,0.2014933,0.065474235,0.25587934,0.15018938,0.03559122,long_term_forecast_96_96ETTm1_w1251_pmutual_info.csv_Crossformer_ETTm1_ftMS_sl96_ll48_pl96_dm512_nh8_el2_dl1_df2048_expand2_dc4_fc1_ebtimeF_dtTrue_Exp_0,Crossformer,96,96,1251,pmutual_info.csv,ETTm1
0,0.18542768,0.0655598,0.25604647,0.4750381,9.118032,long_term_forecast_96_96ETTm2_w751_ipentropy.csv_PatchTST_ETTm2_ftMS_sl96_ll48_pl96_dm512_nh8_el3_dl1_df2048_expand2_dc4_fc3_ebtimeF_dtTrue_Exp_0,PatchTST,96,96,751,ipentropy.csv,ETTm2
0,0.18596688,0.065562904,0.25605255,0.47369114,8.968097,long_term_forecast_96_96ETTm2_w1501_pentropy.csv_PatchTST_ETTm2_ftMS_sl96_ll48_pl96_dm512_nh8_el3_dl1_df2048_expand2_dc4_fc3_ebtimeF_dtTrue_Exp_0,PatchTST,96,96,1501,pentropy.csv,ETTm2
0,0.1859275,0.06557984,0.2560856,0.47237834,9.199327,long_term_forecast_96_96ETTm2_w751_psmoothrandomwalk.csv_PatchTST_ETTm2_ftMS_sl96_ll48_pl96_dm512_nh8_el3_dl1_df2048_expand2_dc4_fc3_ebtimeF_dtTrue_Exp_0,PatchTST,96,96,751,psmoothrandomwalk.csv,ETTm2
0,0.18545868,0.06559924,0.25612348,0.47348985,9.213739,long_term_forecast_96_96ETTm2_w1251_ipsmoothrandomwalk.csv_PatchTST_ETTm2_ftMS_sl96_ll48_pl96_dm512_nh8_el3_dl1_df2048_expand2_dc4_fc3_ebtimeF_dtTrue_Exp_0,PatchTST,96,96,1251,ipsmoothrandomwalk.csv,ETTm2
0,0.18499865,0.06562737,0.25617838,0.46895504,8.748929,long_term_forecast_96_96ETTm2_w1251_iprollcov.csv_PatchTST_ETTm2_ftMS_sl96_ll48_pl96_dm512_nh8_el3_dl1_df2048_expand2_dc4_fc3_ebtimeF_dtTrue_Exp_0,PatchTST,96,96,1251,iprollcov.csv,ETTm2
0,0.18611918,0.06563192,0.25618726,0.4793792,9.286938,long_term_forecast_96_96ETTm2_w1001_iprollcov.csv_PatchTST_ETTm2_ftMS_sl96_ll48_pl96_dm512_nh8_el3_dl1_df2048_expand2_dc4_fc3_ebtimeF_dtTrue_Exp_0,PatchTST,96,96,1001,iprollcov.csv,ETTm2
0,0.18628316,0.06566627,0.25625432,0.4823014,9.59269,long_term_forecast_96_96ETTm2_w501_iprandomwalk.csv_PatchTST_ETTm2_ftMS_sl96_ll48_pl96_dm512_nh8_el3_dl1_df2048_expand2_dc4_fc3_ebtimeF_dtTrue_Exp_0,PatchTST,96,96,501,iprandomwalk.csv,ETTm2
0,0.20137891,0.065673545,0.2562685,0.1665532,0.055722862,long_term_forecast_96_96ETTm1_w501_iprollcorr.csv_Autoformer_ETTm1_ftMS_sl96_ll48_pl96_dm512_nh8_el2_dl1_df2048_expand2_dc4_fc3_ebtimeF_dtTrue_Exp_0,Autoformer,96,96,501,iprollcorr.csv,ETTm1
0,0.18674473,0.065676354,0.25627398,0.4709497,8.816771,long_term_forecast_96_96ETTm2_w1501_pfarm.csv_PatchTST_ETTm2_ftMS_sl96_ll48_pl96_dm512_nh8_el3_dl1_df2048_expand2_dc4_fc3_ebtimeF_dtTrue_Exp_0,PatchTST,96,96,1501,pfarm.csv,ETTm2
0,0.2006001,0.06571579,0.2563509,0.1477131,0.034715526,long_term_forecast_96_96ETTm1_w501_iprollcorr.csv_Crossformer_ETTm1_ftMS_sl96_ll48_pl96_dm512_nh8_el2_dl1_df2048_expand2_dc4_fc1_ebtimeF_dtTrue_Exp_0,Crossformer,96,96,501,iprollcorr.csv,ETTm1
0,0.20280737,0.065793924,0.25650325,0.16569795,0.052355655,long_term_forecast_96_96ETTm1_w1001_ipmutual_info.csv_Autoformer_ETTm1_ftMS_sl96_ll48_pl96_dm512_nh8_el2_dl1_df2048_expand2_dc4_fc3_ebtimeF_dtTrue_Exp_0,Autoformer,96,96,1001,ipmutual_info.csv,ETTm1
0,0.20101929,0.06599218,0.25688943,0.16727956,0.057188887,long_term_forecast_96_96ETTm1_w501_psmoothrandomwalk.csv_Autoformer_ETTm1_ftMS_sl96_ll48_pl96_dm512_nh8_el2_dl1_df2048_expand2_dc4_fc3_ebtimeF_dtTrue_Exp_0,Autoformer,96,96,501,psmoothrandomwalk.csv,ETTm1
0,0.18575563,0.06600022,0.25690508,0.4695259,8.805975,long_term_forecast_96_96ETTm2_w1501_iprollcov.csv_PatchTST_ETTm2_ftMS_sl96_ll48_pl96_dm512_nh8_el3_dl1_df2048_expand2_dc4_fc3_ebtimeF_dtTrue_Exp_0,PatchTST,96,96,1501,iprollcov.csv,ETTm2
0,0.18548694,0.06609039,0.25708053,0.47620198,10.327122,long_term_forecast_96_96ETTm2_w1251_pentropy.csv_TimeXer_ETTm2_ftMS_sl96_ll48_pl96_dm512_nh8_el1_dl1_df2048_expand2_dc4_fc3_ebtimeF_dtTrue_Exp_0,TimeXer,96,96,1251,pentropy.csv,ETTm2
0,0.185963,0.06617173,0.25723866,0.47600332,9.218898,long_term_forecast_96_96ETTm2_w1001_ipfarm.csv_PatchTST_ETTm2_ftMS_sl96_ll48_pl96_dm512_nh8_el3_dl1_df2048_expand2_dc4_fc3_ebtimeF_dtTrue_Exp_0,PatchTST,96,96,1001,ipfarm.csv,ETTm2
0,0.18678269,0.066198125,0.25728998,0.47865865,9.262056,long_term_forecast_96_96ETTm2_w751_iprollcov.csv_PatchTST_ETTm2_ftMS_sl96_ll48_pl96_dm512_nh8_el3_dl1_df2048_expand2_dc4_fc3_ebtimeF_dtTrue_Exp_0,PatchTST,96,96,751,iprollcov.csv,ETTm2
0,0.1854324,0.06619869,0.25729108,0.47884002,10.265781,long_term_forecast_96_96ETTm2_w501_iprollcov.csv_TimeXer_ETTm2_ftMS_sl96_ll48_pl96_dm512_nh8_el1_dl1_df2048_expand2_dc4_fc3_ebtimeF_dtTrue_Exp_0,TimeXer,96,96,501,iprollcov.csv,ETTm2
0,0.18568589,0.066237,0.2573655,0.47268686,10.041428,long_term_forecast_96_96ETTm2_w501_prollcorr.csv_TimeXer_ETTm2_ftMS_sl96_ll48_pl96_dm512_nh8_el1_dl1_df2048_expand2_dc4_fc3_ebtimeF_dtTrue_Exp_0,TimeXer,96,96,501,prollcorr.csv,ETTm2
0,0.18555091,0.06630753,0.2575025,0.46939307,9.8533745,long_term_forecast_96_96ETTm2_w501_ipfarm.csv_TimeXer_ETTm2_ftMS_sl96_ll48_pl96_dm512_nh8_el1_dl1_df2048_expand2_dc4_fc3_ebtimeF_dtTrue_Exp_0,TimeXer,96,96,501,ipfarm.csv,ETTm2
0,0.18535174,0.06631464,0.2575163,0.47118157,9.892726,long_term_forecast_96_96ETTm2_w1251_iprollcorr.csv_TimeXer_ETTm2_ftMS_sl96_ll48_pl96_dm512_nh8_el1_dl1_df2048_expand2_dc4_fc3_ebtimeF_dtTrue_Exp_0,TimeXer,96,96,1251,iprollcorr.csv,ETTm2
0,0.18570788,0.06640703,0.25769562,0.47721782,10.228111,long_term_forecast_96_96ETTm2_w1501_iprollcorr.csv_TimeXer_ETTm2_ftMS_sl96_ll48_pl96_dm512_nh8_el1_dl1_df2048_expand2_dc4_fc3_ebtimeF_dtTrue_Exp_0,TimeXer,96,96,1501,iprollcorr.csv,ETTm2
0,0.20061901,0.06653816,0.25794992,0.161102,0.049040884,long_term_forecast_96_96ETTm1_w1001_ipsmoothrandomwalk.csv_Autoformer_ETTm1_ftMS_sl96_ll48_pl96_dm512_nh8_el2_dl1_df2048_expand2_dc4_fc3_ebtimeF_dtTrue_Exp_0,Autoformer,96,96,1001,ipsmoothrandomwalk.csv,ETTm1
0,0.18534014,0.06658026,0.25803152,0.4749324,10.339968,long_term_forecast_96_96ETTm2_w1251_pfarm.csv_TimeXer_ETTm2_ftMS_sl96_ll48_pl96_dm512_nh8_el1_dl1_df2048_expand2_dc4_fc3_ebtimeF_dtTrue_Exp_0,TimeXer,96,96,1251,pfarm.csv,ETTm2
0,0.18628477,0.06660423,0.25807795,0.47461522,9.983453,long_term_forecast_96_96ETTm2_w501_psmoothrandomwalk.csv_TimeXer_ETTm2_ftMS_sl96_ll48_pl96_dm512_nh8_el1_dl1_df2048_expand2_dc4_fc3_ebtimeF_dtTrue_Exp_0,TimeXer,96,96,501,psmoothrandomwalk.csv,ETTm2
0,0.18665081,0.0666051,0.25807965,0.4753432,10.007528,long_term_forecast_96_96ETTm2_w1001_psmoothrandomwalk.csv_TimeXer_ETTm2_ftMS_sl96_ll48_pl96_dm512_nh8_el1_dl1_df2048_expand2_dc4_fc3_ebtimeF_dtTrue_Exp_0,TimeXer,96,96,1001,psmoothrandomwalk.csv,ETTm2
0,0.20099425,0.06660668,0.2580827,0.16385756,0.05223092,long_term_forecast_96_96ETTm1_w1501_pentropy.csv_Autoformer_ETTm1_ftMS_sl96_ll48_pl96_dm512_nh8_el2_dl1_df2048_expand2_dc4_fc3_ebtimeF_dtTrue_Exp_0,Autoformer,96,96,1501,pentropy.csv,ETTm1
0,0.18617024,0.06660671,0.25808275,0.4792305,10.2777815,long_term_forecast_96_96ETTm2_w1501_ipmutual_info.csv_TimeXer_ETTm2_ftMS_sl96_ll48_pl96_dm512_nh8_el1_dl1_df2048_expand2_dc4_fc3_ebtimeF_dtTrue_Exp_0,TimeXer,96,96,1501,ipmutual_info.csv,ETTm2
0,0.18627383,0.066628434,0.25812483,0.47520357,9.937479,long_term_forecast_96_96ETTm2_w1251_ipfarm.csv_TimeXer_ETTm2_ftMS_sl96_ll48_pl96_dm512_nh8_el1_dl1_df2048_expand2_dc4_fc3_ebtimeF_dtTrue_Exp_0,TimeXer,96,96,1251,ipfarm.csv,ETTm2
0,0.18609197,0.06664601,0.2581589,0.47273606,9.741413,long_term_forecast_96_96ETTm2_w751_prollcov.csv_TimeXer_ETTm2_ftMS_sl96_ll48_pl96_dm512_nh8_el1_dl1_df2048_expand2_dc4_fc3_ebtimeF_dtTrue_Exp_0,TimeXer,96,96,751,prollcov.csv,ETTm2
0,0.1857915,0.06671581,0.25829405,0.47820467,10.078013,long_term_forecast_96_96ETTm2_w1251_iprollcov.csv_TimeXer_ETTm2_ftMS_sl96_ll48_pl96_dm512_nh8_el1_dl1_df2048_expand2_dc4_fc3_ebtimeF_dtTrue_Exp_0,TimeXer,96,96,1251,iprollcov.csv,ETTm2
0,0.18588498,0.06671645,0.25829527,0.47770247,10.022159,long_term_forecast_96_96ETTm2_w1501_ipentropy.csv_TimeXer_ETTm2_ftMS_sl96_ll48_pl96_dm512_nh8_el1_dl1_df2048_expand2_dc4_fc3_ebtimeF_dtTrue_Exp_0,TimeXer,96,96,1501,ipentropy.csv,ETTm2
0,0.18600017,0.066756986,0.25837374,0.46943545,9.771292,long_term_forecast_96_96ETTm2_w501_ipsmoothrandomwalk.csv_TimeXer_ETTm2_ftMS_sl96_ll48_pl96_dm512_nh8_el1_dl1_df2048_expand2_dc4_fc3_ebtimeF_dtTrue_Exp_0,TimeXer,96,96,501,ipsmoothrandomwalk.csv,ETTm2
0,0.20289609,0.0668454,0.25854477,0.16762143,0.056245685,long_term_forecast_96_96ETTm1_w751_iprollcorr.csv_Autoformer_ETTm1_ftMS_sl96_ll48_pl96_dm512_nh8_el2_dl1_df2048_expand2_dc4_fc3_ebtimeF_dtTrue_Exp_0,Autoformer,96,96,751,iprollcorr.csv,ETTm1
0,0.18613744,0.06692259,0.25869402,0.48348612,10.382013,long_term_forecast_96_96ETTm2_w1001_prollcorr.csv_TimeXer_ETTm2_ftMS_sl96_ll48_pl96_dm512_nh8_el1_dl1_df2048_expand2_dc4_fc3_ebtimeF_dtTrue_Exp_0,TimeXer,96,96,1001,prollcorr.csv,ETTm2
0,0.18743157,0.066948876,0.2587448,0.47902563,10.150001,long_term_forecast_96_96ETTm2_w1001_iprollcov.csv_TimeXer_ETTm2_ftMS_sl96_ll48_pl96_dm512_nh8_el1_dl1_df2048_expand2_dc4_fc3_ebtimeF_dtTrue_Exp_0,TimeXer,96,96,1001,iprollcov.csv,ETTm2
0,0.20269044,0.06695287,0.25875252,0.15039615,0.035627544,long_term_forecast_96_96ETTm1_w751_prollcorr.csv_Crossformer_ETTm1_ftMS_sl96_ll48_pl96_dm512_nh8_el2_dl1_df2048_expand2_dc4_fc1_ebtimeF_dtTrue_Exp_0,Crossformer,96,96,751,prollcorr.csv,ETTm1
0,0.18622588,0.06695921,0.25876477,0.4786502,10.595586,long_term_forecast_96_96ETTm2_w1501_pentropy.csv_TimeXer_ETTm2_ftMS_sl96_ll48_pl96_dm512_nh8_el1_dl1_df2048_expand2_dc4_fc3_ebtimeF_dtTrue_Exp_0,TimeXer,96,96,1501,pentropy.csv,ETTm2
0,0.1863453,0.06696919,0.25878406,0.48210973,10.506969,long_term_forecast_96_96ETTm2_w501_iprollcorr.csv_TimeXer_ETTm2_ftMS_sl96_ll48_pl96_dm512_nh8_el1_dl1_df2048_expand2_dc4_fc3_ebtimeF_dtTrue_Exp_0,TimeXer,96,96,501,iprollcorr.csv,ETTm2
0,0.18649329,0.0669902,0.25882465,0.4778405,10.052262,long_term_forecast_96_96ETTm2_w751_ipsmoothrandomwalk.csv_TimeXer_ETTm2_ftMS_sl96_ll48_pl96_dm512_nh8_el1_dl1_df2048_expand2_dc4_fc3_ebtimeF_dtTrue_Exp_0,TimeXer,96,96,751,ipsmoothrandomwalk.csv,ETTm2
0,0.18652362,0.06707546,0.2589893,0.4759261,10.169809,long_term_forecast_96_96ETTm2_w751_psmoothrandomwalk.csv_TimeXer_ETTm2_ftMS_sl96_ll48_pl96_dm512_nh8_el1_dl1_df2048_expand2_dc4_fc3_ebtimeF_dtTrue_Exp_0,TimeXer,96,96,751,psmoothrandomwalk.csv,ETTm2
0,0.1873377,0.06707974,0.25899756,0.47544694,9.901458,long_term_forecast_96_96ETTm2_w1251_psmoothrandomwalk.csv_TimeXer_ETTm2_ftMS_sl96_ll48_pl96_dm512_nh8_el1_dl1_df2048_expand2_dc4_fc3_ebtimeF_dtTrue_Exp_0,TimeXer,96,96,1251,psmoothrandomwalk.csv,ETTm2
0,0.18584722,0.06715876,0.25915006,0.47923425,10.959128,long_term_forecast_96_96ETTm2_w501_ipmutual_info.csv_TimeXer_ETTm2_ftMS_sl96_ll48_pl96_dm512_nh8_el1_dl1_df2048_expand2_dc4_fc3_ebtimeF_dtTrue_Exp_0,TimeXer,96,96,501,ipmutual_info.csv,ETTm2
0,0.18762647,0.06717318,0.2591779,0.48070517,10.077887,long_term_forecast_96_96ETTm2_w501_prandomwalk.csv_TimeXer_ETTm2_ftMS_sl96_ll48_pl96_dm512_nh8_el1_dl1_df2048_expand2_dc4_fc3_ebtimeF_dtTrue_Exp_0,TimeXer,96,96,501,prandomwalk.csv,ETTm2
0,0.18682641,0.06717766,0.25918654,0.48036733,10.605852,long_term_forecast_96_96ETTm2_w1001_iprollcorr.csv_TimeXer_ETTm2_ftMS_sl96_ll48_pl96_dm512_nh8_el1_dl1_df2048_expand2_dc4_fc3_ebtimeF_dtTrue_Exp_0,TimeXer,96,96,1001,iprollcorr.csv,ETTm2
0,0.18766637,0.06721668,0.2592618,0.48079813,10.215212,long_term_forecast_96_96ETTm2_w1001_pentropy.csv_TimeXer_ETTm2_ftMS_sl96_ll48_pl96_dm512_nh8_el1_dl1_df2048_expand2_dc4_fc3_ebtimeF_dtTrue_Exp_0,TimeXer,96,96,1001,pentropy.csv,ETTm2
0,0.18686126,0.06723399,0.25929517,0.48517427,10.623476,long_term_forecast_96_96ETTm2_w751_pentropy.csv_TimeXer_ETTm2_ftMS_sl96_ll48_pl96_dm512_nh8_el1_dl1_df2048_expand2_dc4_fc3_ebtimeF_dtTrue_Exp_0,TimeXer,96,96,751,pentropy.csv,ETTm2
0,0.18576324,0.06723472,0.2592966,0.47444943,10.253366,long_term_forecast_96_96ETTm2_w501_prollcov.csv_TimeXer_ETTm2_ftMS_sl96_ll48_pl96_dm512_nh8_el1_dl1_df2048_expand2_dc4_fc3_ebtimeF_dtTrue_Exp_0,TimeXer,96,96,501,prollcov.csv,ETTm2
0,0.18760872,0.067237064,0.2593011,0.47933483,10.319405,long_term_forecast_96_96ETTm2_w1501_psmoothrandomwalk.csv_TimeXer_ETTm2_ftMS_sl96_ll48_pl96_dm512_nh8_el1_dl1_df2048_expand2_dc4_fc3_ebtimeF_dtTrue_Exp_0,TimeXer,96,96,1501,psmoothrandomwalk.csv,ETTm2
0,0.18597366,0.067250475,0.25932696,0.47765103,10.153349,long_term_forecast_96_96ETTm2_w1251_ipmutual_info.csv_TimeXer_ETTm2_ftMS_sl96_ll48_pl96_dm512_nh8_el1_dl1_df2048_expand2_dc4_fc3_ebtimeF_dtTrue_Exp_0,TimeXer,96,96,1251,ipmutual_info.csv,ETTm2
0,0.18683834,0.067277566,0.25937918,0.4895283,10.675882,long_term_forecast_96_96ETTm2_w1001_ipfarm.csv_TimeXer_ETTm2_ftMS_sl96_ll48_pl96_dm512_nh8_el1_dl1_df2048_expand2_dc4_fc3_ebtimeF_dtTrue_Exp_0,TimeXer,96,96,1001,ipfarm.csv,ETTm2
0,0.18621458,0.06729934,0.25942117,0.47804937,10.334009,long_term_forecast_96_96ETTm2_w1251_prollcov.csv_TimeXer_ETTm2_ftMS_sl96_ll48_pl96_dm512_nh8_el1_dl1_df2048_expand2_dc4_fc3_ebtimeF_dtTrue_Exp_0,TimeXer,96,96,1251,prollcov.csv,ETTm2
0,0.18736966,0.06730119,0.25942475,0.4811074,10.63358,long_term_forecast_96_96ETTm2_w1501_iprollcov.csv_TimeXer_ETTm2_ftMS_sl96_ll48_pl96_dm512_nh8_el1_dl1_df2048_expand2_dc4_fc3_ebtimeF_dtTrue_Exp_0,TimeXer,96,96,1501,iprollcov.csv,ETTm2
0,0.18672277,0.06737969,0.259576,0.49036157,10.461984,long_term_forecast_96_96ETTm2_w1251_pmutual_info.csv_TimeXer_ETTm2_ftMS_sl96_ll48_pl96_dm512_nh8_el1_dl1_df2048_expand2_dc4_fc3_ebtimeF_dtTrue_Exp_0,TimeXer,96,96,1251,pmutual_info.csv,ETTm2
0,0.18708211,0.067387305,0.25959066,0.47792175,10.351724,long_term_forecast_96_96ETTm2_w751_ipfarm.csv_TimeXer_ETTm2_ftMS_sl96_ll48_pl96_dm512_nh8_el1_dl1_df2048_expand2_dc4_fc3_ebtimeF_dtTrue_Exp_0,TimeXer,96,96,751,ipfarm.csv,ETTm2
0,0.18656586,0.06748866,0.2597858,0.47938234,10.208708,long_term_forecast_96_96ETTm2_w501_pmutual_info.csv_TimeXer_ETTm2_ftMS_sl96_ll48_pl96_dm512_nh8_el1_dl1_df2048_expand2_dc4_fc3_ebtimeF_dtTrue_Exp_0,TimeXer,96,96,501,pmutual_info.csv,ETTm2
0,0.18627958,0.06749455,0.25979713,0.47723156,10.217615,long_term_forecast_96_96ETTm2_w1501_prollcorr.csv_TimeXer_ETTm2_ftMS_sl96_ll48_pl96_dm512_nh8_el1_dl1_df2048_expand2_dc4_fc3_ebtimeF_dtTrue_Exp_0,TimeXer,96,96,1501,prollcorr.csv,ETTm2
0,0.18700173,0.06749579,0.2597995,0.4766461,10.32788,long_term_forecast_96_96ETTm2_w1001_ipmutual_info.csv_TimeXer_ETTm2_ftMS_sl96_ll48_pl96_dm512_nh8_el1_dl1_df2048_expand2_dc4_fc3_ebtimeF_dtTrue_Exp_0,TimeXer,96,96,1001,ipmutual_info.csv,ETTm2
0,0.18793787,0.06749941,0.25980648,0.48110402,10.321938,long_term_forecast_96_96ETTm2_w1501_ipsmoothrandomwalk.csv_TimeXer_ETTm2_ftMS_sl96_ll48_pl96_dm512_nh8_el1_dl1_df2048_expand2_dc4_fc3_ebtimeF_dtTrue_Exp_0,TimeXer,96,96,1501,ipsmoothrandomwalk.csv,ETTm2
0,0.18709429,0.06752451,0.2598548,0.49124733,10.671883,long_term_forecast_96_96ETTm2_w751_prollcorr.csv_TimeXer_ETTm2_ftMS_sl96_ll48_pl96_dm512_nh8_el1_dl1_df2048_expand2_dc4_fc3_ebtimeF_dtTrue_Exp_0,TimeXer,96,96,751,prollcorr.csv,ETTm2
0,0.2031818,0.06755695,0.2599172,0.16319083,0.04890181,long_term_forecast_96_96ETTm1_w501_ipsmoothrandomwalk.csv_Autoformer_ETTm1_ftMS_sl96_ll48_pl96_dm512_nh8_el2_dl1_df2048_expand2_dc4_fc3_ebtimeF_dtTrue_Exp_0,Autoformer,96,96,501,ipsmoothrandomwalk.csv,ETTm1
0,0.18730743,0.0676089,0.26001713,0.48079634,10.3278,long_term_forecast_96_96ETTm2_w751_ipentropy.csv_TimeXer_ETTm2_ftMS_sl96_ll48_pl96_dm512_nh8_el1_dl1_df2048_expand2_dc4_fc3_ebtimeF_dtTrue_Exp_0,TimeXer,96,96,751,ipentropy.csv,ETTm2
0,0.20331109,0.06763113,0.26005986,0.16473377,0.05222458,long_term_forecast_96_96ETTm1_w751_ipsmoothrandomwalk.csv_Autoformer_ETTm1_ftMS_sl96_ll48_pl96_dm512_nh8_el2_dl1_df2048_expand2_dc4_fc3_ebtimeF_dtTrue_Exp_0,Autoformer,96,96,751,ipsmoothrandomwalk.csv,ETTm1
0,0.18735495,0.06769054,0.26017404,0.48476157,10.461806,long_term_forecast_96_96ETTm2_w1251_prollcorr.csv_TimeXer_ETTm2_ftMS_sl96_ll48_pl96_dm512_nh8_el1_dl1_df2048_expand2_dc4_fc3_ebtimeF_dtTrue_Exp_0,TimeXer,96,96,1251,prollcorr.csv,ETTm2
0,0.18693578,0.067763776,0.26031476,0.4810228,10.410649,long_term_forecast_96_96ETTm2_w1501_pfarm.csv_TimeXer_ETTm2_ftMS_sl96_ll48_pl96_dm512_nh8_el1_dl1_df2048_expand2_dc4_fc3_ebtimeF_dtTrue_Exp_0,TimeXer,96,96,1501,pfarm.csv,ETTm2
0,0.18799819,0.06781768,0.26041827,0.4831091,10.364022,long_term_forecast_96_96ETTm2.csv_TimeXer_ETTm2_ftMS_sl96_ll48_pl96_dm512_nh8_el1_dl1_df2048_expand2_dc4_fc3_ebtimeF_dtTrue_Exp_0,TimeXer,96,96,,identity,ETTm2
0,0.18848915,0.06806699,0.2608965,0.48522526,10.338534,long_term_forecast_96_96ETTm2_w1001_ipentropy.csv_TimeXer_ETTm2_ftMS_sl96_ll48_pl96_dm512_nh8_el1_dl1_df2048_expand2_dc4_fc3_ebtimeF_dtTrue_Exp_0,TimeXer,96,96,1001,ipentropy.csv,ETTm2
0,0.18796387,0.06812374,0.26100525,0.48372003,10.213118,long_term_forecast_96_96ETTm2_w1501_ipfarm.csv_TimeXer_ETTm2_ftMS_sl96_ll48_pl96_dm512_nh8_el1_dl1_df2048_expand2_dc4_fc3_ebtimeF_dtTrue_Exp_0,TimeXer,96,96,1501,ipfarm.csv,ETTm2
0,0.19131614,0.06817696,0.26110718,0.508263,10.870232,long_term_forecast_ETTh1_96_96ETTm2_w751_iprollcov.csv_iTransformer_ETTm2_ftMS_sl96_ll48_pl96_dm512_nh8_el2_dl1_df2048_expand2_dc4_fc1_ebtimeF_dtTrue_Exp_0,iTransformer,96,96,751,iprollcov.csv,ETTm2
0,0.18858619,0.06821767,0.26118514,0.4826704,10.434917,long_term_forecast_96_96ETTm2_w1251_ipsmoothrandomwalk.csv_TimeXer_ETTm2_ftMS_sl96_ll48_pl96_dm512_nh8_el1_dl1_df2048_expand2_dc4_fc3_ebtimeF_dtTrue_Exp_0,TimeXer,96,96,1251,ipsmoothrandomwalk.csv,ETTm2
0,0.18831444,0.06827343,0.26129186,0.47763935,10.491314,long_term_forecast_96_96ETTm2_w1001_pfarm.csv_TimeXer_ETTm2_ftMS_sl96_ll48_pl96_dm512_nh8_el1_dl1_df2048_expand2_dc4_fc3_ebtimeF_dtTrue_Exp_0,TimeXer,96,96,1001,pfarm.csv,ETTm2
0,0.18880379,0.06830581,0.26135382,0.4860942,10.546334,long_term_forecast_96_96ETTm2_w501_pentropy.csv_TimeXer_ETTm2_ftMS_sl96_ll48_pl96_dm512_nh8_el1_dl1_df2048_expand2_dc4_fc3_ebtimeF_dtTrue_Exp_0,TimeXer,96,96,501,pentropy.csv,ETTm2
0,0.18829995,0.068349175,0.26143676,0.4831078,10.745126,long_term_forecast_96_96ETTm2_w751_pfarm.csv_TimeXer_ETTm2_ftMS_sl96_ll48_pl96_dm512_nh8_el1_dl1_df2048_expand2_dc4_fc3_ebtimeF_dtTrue_Exp_0,TimeXer,96,96,751,pfarm.csv,ETTm2
0,0.18748096,0.06836459,0.26146623,0.48196492,10.049009,long_term_forecast_96_96ETTm2_w501_iprandomwalk.csv_TimeXer_ETTm2_ftMS_sl96_ll48_pl96_dm512_nh8_el1_dl1_df2048_expand2_dc4_fc3_ebtimeF_dtTrue_Exp_0,TimeXer,96,96,501,iprandomwalk.csv,ETTm2
0,0.18775716,0.06843758,0.26160577,0.48019272,11.158487,long_term_forecast_96_96ETTm2_w751_iprollcorr.csv_TimeXer_ETTm2_ftMS_sl96_ll48_pl96_dm512_nh8_el1_dl1_df2048_expand2_dc4_fc3_ebtimeF_dtTrue_Exp_0,TimeXer,96,96,751,iprollcorr.csv,ETTm2
0,0.18851173,0.06850485,0.2617343,0.4869779,10.542486,long_term_forecast_96_96ETTm2_w751_iprollcov.csv_TimeXer_ETTm2_ftMS_sl96_ll48_pl96_dm512_nh8_el1_dl1_df2048_expand2_dc4_fc3_ebtimeF_dtTrue_Exp_0,TimeXer,96,96,751,iprollcov.csv,ETTm2
0,0.18851593,0.06857807,0.26187414,0.48535547,10.609827,long_term_forecast_96_96ETTm2_w1001_ipsmoothrandomwalk.csv_TimeXer_ETTm2_ftMS_sl96_ll48_pl96_dm512_nh8_el1_dl1_df2048_expand2_dc4_fc3_ebtimeF_dtTrue_Exp_0,TimeXer,96,96,1001,ipsmoothrandomwalk.csv,ETTm2
0,0.18763198,0.06863615,0.261985,0.4808803,10.718548,long_term_forecast_96_96ETTm2_w751_ipmutual_info.csv_TimeXer_ETTm2_ftMS_sl96_ll48_pl96_dm512_nh8_el1_dl1_df2048_expand2_dc4_fc3_ebtimeF_dtTrue_Exp_0,TimeXer,96,96,751,ipmutual_info.csv,ETTm2
0,0.18778695,0.06864279,0.2619977,0.48509806,10.571866,long_term_forecast_96_96ETTm2_w1501_prollcov.csv_TimeXer_ETTm2_ftMS_sl96_ll48_pl96_dm512_nh8_el1_dl1_df2048_expand2_dc4_fc3_ebtimeF_dtTrue_Exp_0,TimeXer,96,96,1501,prollcov.csv,ETTm2
0,0.18834038,0.06886765,0.26242647,0.49344093,10.99093,long_term_forecast_96_96ETTm2_w1001_pmutual_info.csv_TimeXer_ETTm2_ftMS_sl96_ll48_pl96_dm512_nh8_el1_dl1_df2048_expand2_dc4_fc3_ebtimeF_dtTrue_Exp_0,TimeXer,96,96,1001,pmutual_info.csv,ETTm2
0,0.18835935,0.06887744,0.26244512,0.48188183,10.545713,long_term_forecast_96_96ETTm2_w501_pfarm.csv_TimeXer_ETTm2_ftMS_sl96_ll48_pl96_dm512_nh8_el1_dl1_df2048_expand2_dc4_fc3_ebtimeF_dtTrue_Exp_0,TimeXer,96,96,501,pfarm.csv,ETTm2
0,0.1879862,0.069259174,0.26317137,0.47893304,10.371323,long_term_forecast_96_96ETTm2_w751_pmutual_info.csv_TimeXer_ETTm2_ftMS_sl96_ll48_pl96_dm512_nh8_el1_dl1_df2048_expand2_dc4_fc3_ebtimeF_dtTrue_Exp_0,TimeXer,96,96,751,pmutual_info.csv,ETTm2
0,0.19396102,0.06930745,0.26326308,0.50734335,10.265623,long_term_forecast_ETTh1_96_96ETTm2_w1001_prollcorr.csv_iTransformer_ETTm2_ftMS_sl96_ll48_pl96_dm512_nh8_el2_dl1_df2048_expand2_dc4_fc1_ebtimeF_dtTrue_Exp_0,iTransformer,96,96,1001,prollcorr.csv,ETTm2
0,0.20713215,0.069324836,0.2632961,0.17128684,0.057395067,long_term_forecast_96_96ETTm1_w1501_prollcorr.csv_Autoformer_ETTm1_ftMS_sl96_ll48_pl96_dm512_nh8_el2_dl1_df2048_expand2_dc4_fc3_ebtimeF_dtTrue_Exp_0,Autoformer,96,96,1501,prollcorr.csv,ETTm1
0,0.18885861,0.069464006,0.26356024,0.48796687,10.384279,long_term_forecast_96_96ETTm2_w1001_prollcov.csv_TimeXer_ETTm2_ftMS_sl96_ll48_pl96_dm512_nh8_el1_dl1_df2048_expand2_dc4_fc3_ebtimeF_dtTrue_Exp_0,TimeXer,96,96,1001,prollcov.csv,ETTm2
0,0.21442781,0.06959791,0.26381415,0.15861765,0.03843181,long_term_forecast_96_96ETTm1_w1251_psmoothrandomwalk.csv_Crossformer_ETTm1_ftMS_sl96_ll48_pl96_dm512_nh8_el2_dl1_df2048_expand2_dc4_fc1_ebtimeF_dtTrue_Exp_0,Crossformer,96,96,1251,psmoothrandomwalk.csv,ETTm1
0,0.19123937,0.06963253,0.26387978,0.51278585,11.5222025,long_term_forecast_ETTh1_96_96ETTm2_w1001_iprollcov.csv_iTransformer_ETTm2_ftMS_sl96_ll48_pl96_dm512_nh8_el2_dl1_df2048_expand2_dc4_fc1_ebtimeF_dtTrue_Exp_0,iTransformer,96,96,1001,iprollcov.csv,ETTm2
0,0.1890748,0.069655925,0.2639241,0.482741,10.8026705,long_term_forecast_96_96ETTm2_w501_ipentropy.csv_TimeXer_ETTm2_ftMS_sl96_ll48_pl96_dm512_nh8_el1_dl1_df2048_expand2_dc4_fc3_ebtimeF_dtTrue_Exp_0,TimeXer,96,96,501,ipentropy.csv,ETTm2
0,0.19433174,0.06969594,0.26399988,0.5146342,10.812081,long_term_forecast_ETTh1_96_96ETTm2_w1501_prollcov.csv_iTransformer_ETTm2_ftMS_sl96_ll48_pl96_dm512_nh8_el2_dl1_df2048_expand2_dc4_fc1_ebtimeF_dtTrue_Exp_0,iTransformer,96,96,1501,prollcov.csv,ETTm2
0,0.18940695,0.06973688,0.26407743,0.48422393,11.171335,long_term_forecast_96_96ETTm2_w1251_ipentropy.csv_TimeXer_ETTm2_ftMS_sl96_ll48_pl96_dm512_nh8_el1_dl1_df2048_expand2_dc4_fc3_ebtimeF_dtTrue_Exp_0,TimeXer,96,96,1251,ipentropy.csv,ETTm2
0,0.2049808,0.06982029,0.2642353,0.16641001,0.053950008,long_term_forecast_96_96ETTm1_w1251_prollcorr.csv_Autoformer_ETTm1_ftMS_sl96_ll48_pl96_dm512_nh8_el2_dl1_df2048_expand2_dc4_fc3_ebtimeF_dtTrue_Exp_0,Autoformer,96,96,1251,prollcorr.csv,ETTm1
0,0.20708108,0.06983008,0.26425382,0.17114228,0.058634777,long_term_forecast_96_96ETTm1_w751_prollcorr.csv_Autoformer_ETTm1_ftMS_sl96_ll48_pl96_dm512_nh8_el2_dl1_df2048_expand2_dc4_fc3_ebtimeF_dtTrue_Exp_0,Autoformer,96,96,751,prollcorr.csv,ETTm1
0,0.18987803,0.070126176,0.26481348,0.4899976,11.5016165,long_term_forecast_96_96ETTm2_w1501_pmutual_info.csv_TimeXer_ETTm2_ftMS_sl96_ll48_pl96_dm512_nh8_el1_dl1_df2048_expand2_dc4_fc3_ebtimeF_dtTrue_Exp_0,TimeXer,96,96,1501,pmutual_info.csv,ETTm2
0,0.2027709,0.0703008,0.26514298,0.15790783,0.045261815,long_term_forecast_ETTh1_192_96ETTh1_w1251_pmutual_info.csv_iTransformer_ETTh1_ftMS_sl96_ll48_pl192_dm512_nh8_el2_dl1_df2048_expand2_dc4_fc1_ebtimeF_dtTrue_Exp_0,iTransformer,192,96,1251,pmutual_info.csv,ETTh1
0,0.20219134,0.07036723,0.26526824,0.15699133,0.044784985,long_term_forecast_ETTh1_192_96ETTh1_w1501_pmutual_info.csv_iTransformer_ETTh1_ftMS_sl96_ll48_pl192_dm512_nh8_el2_dl1_df2048_expand2_dc4_fc1_ebtimeF_dtTrue_Exp_0,iTransformer,192,96,1501,pmutual_info.csv,ETTh1
0,0.20678936,0.070500046,0.26551846,0.16953279,0.05638946,long_term_forecast_96_96ETTm1_w1501_pmutual_info.csv_Autoformer_ETTm1_ftMS_sl96_ll48_pl96_dm512_nh8_el2_dl1_df2048_expand2_dc4_fc3_ebtimeF_dtTrue_Exp_0,Autoformer,96,96,1501,pmutual_info.csv,ETTm1
0,0.1926633,0.07050209,0.2655223,0.5041233,10.318728,long_term_forecast_ETTh1_96_96ETTm2_w1251_ipfarm.csv_iTransformer_ETTm2_ftMS_sl96_ll48_pl96_dm512_nh8_el2_dl1_df2048_expand2_dc4_fc1_ebtimeF_dtTrue_Exp_0,iTransformer,96,96,1251,ipfarm.csv,ETTm2
0,0.21071014,0.0706138,0.2657326,0.17746201,0.063543096,long_term_forecast_96_96ETTm1_w1501_ipmutual_info.csv_Autoformer_ETTm1_ftMS_sl96_ll48_pl96_dm512_nh8_el2_dl1_df2048_expand2_dc4_fc3_ebtimeF_dtTrue_Exp_0,Autoformer,96,96,1501,ipmutual_info.csv,ETTm1
0,0.19351481,0.07063255,0.26576784,0.5168643,11.661364,long_term_forecast_96_96ETTm2_w1001_psmoothrandomwalk.csv_iTransformer_ETTm2_ftMS_sl96_ll48_pl96_dm512_nh8_el2_dl1_df2048_expand2_dc4_fc1_ebtimeF_dtTrue_Exp_0,iTransformer,96,96,1001,psmoothrandomwalk.csv,ETTm2
0,0.19318746,0.07072228,0.2659366,0.5005829,10.354238,long_term_forecast_ETTh1_96_96ETTm2_w751_ipfarm.csv_iTransformer_ETTm2_ftMS_sl96_ll48_pl96_dm512_nh8_el2_dl1_df2048_expand2_dc4_fc1_ebtimeF_dtTrue_Exp_0,iTransformer,96,96,751,ipfarm.csv,ETTm2
0,0.19491147,0.07077638,0.2660383,0.5173338,11.296413,long_term_forecast_ETTh1_96_96ETTm2_w501_iprollcorr.csv_iTransformer_ETTm2_ftMS_sl96_ll48_pl96_dm512_nh8_el2_dl1_df2048_expand2_dc4_fc1_ebtimeF_dtTrue_Exp_0,iTransformer,96,96,501,iprollcorr.csv,ETTm2
0,0.19313286,0.070926026,0.2663194,0.49711284,10.600464,long_term_forecast_ETTh1_96_96ETTm2_w1501_pfarm.csv_iTransformer_ETTm2_ftMS_sl96_ll48_pl96_dm512_nh8_el2_dl1_df2048_expand2_dc4_fc1_ebtimeF_dtTrue_Exp_0,iTransformer,96,96,1501,pfarm.csv,ETTm2
0,0.21016726,0.0710482,0.2665487,0.15703543,0.03900173,long_term_forecast_96_96ETTm1_w1001_prollcorr.csv_Crossformer_ETTm1_ftMS_sl96_ll48_pl96_dm512_nh8_el2_dl1_df2048_expand2_dc4_fc1_ebtimeF_dtTrue_Exp_0,Crossformer,96,96,1001,prollcorr.csv,ETTm1
0,0.20398557,0.07107834,0.2666052,0.15840326,0.04503347,long_term_forecast_ETTh1_192_96ETTh1_w751_pmutual_info.csv_iTransformer_ETTh1_ftMS_sl96_ll48_pl192_dm512_nh8_el2_dl1_df2048_expand2_dc4_fc1_ebtimeF_dtTrue_Exp_0,iTransformer,192,96,751,pmutual_info.csv,ETTh1
0,0.19479546,0.07109724,0.26664066,0.50966406,10.855692,long_term_forecast_ETTh1_96_96ETTm2_w1001_iprollcorr.csv_iTransformer_ETTm2_ftMS_sl96_ll48_pl96_dm512_nh8_el2_dl1_df2048_expand2_dc4_fc1_ebtimeF_dtTrue_Exp_0,iTransformer,96,96,1001,iprollcorr.csv,ETTm2
0,0.19570976,0.07113162,0.26670513,0.52587855,12.225088,long_term_forecast_ETTh1_96_96ETTm2_w751_pfarm.csv_iTransformer_ETTm2_ftMS_sl96_ll48_pl96_dm512_nh8_el2_dl1_df2048_expand2_dc4_fc1_ebtimeF_dtTrue_Exp_0,iTransformer,96,96,751,pfarm.csv,ETTm2
0,0.19420679,0.071331345,0.2670793,0.51091415,10.465761,long_term_forecast_ETTh1_96_96ETTm2_w1001_ipfarm.csv_iTransformer_ETTm2_ftMS_sl96_ll48_pl96_dm512_nh8_el2_dl1_df2048_expand2_dc4_fc1_ebtimeF_dtTrue_Exp_0,iTransformer,96,96,1001,ipfarm.csv,ETTm2
0,0.19370748,0.07135704,0.2671274,0.51841944,12.248269,long_term_forecast_ETTh1_96_96ETTm2_w1251_pfarm.csv_iTransformer_ETTm2_ftMS_sl96_ll48_pl96_dm512_nh8_el2_dl1_df2048_expand2_dc4_fc1_ebtimeF_dtTrue_Exp_0,iTransformer,96,96,1251,pfarm.csv,ETTm2
0,0.20933619,0.07139085,0.26719067,0.17292286,0.05991877,long_term_forecast_96_96ETTm1_w1001_iprollcorr.csv_Autoformer_ETTm1_ftMS_sl96_ll48_pl96_dm512_nh8_el2_dl1_df2048_expand2_dc4_fc3_ebtimeF_dtTrue_Exp_0,Autoformer,96,96,1001,iprollcorr.csv,ETTm1
0,0.1970488,0.071397446,0.267203,0.5247817,11.24025,long_term_forecast_ETTh1_96_96ETTm2_w1251_iprollcorr.csv_iTransformer_ETTm2_ftMS_sl96_ll48_pl96_dm512_nh8_el2_dl1_df2048_expand2_dc4_fc1_ebtimeF_dtTrue_Exp_0,iTransformer,96,96,1251,iprollcorr.csv,ETTm2
0,0.20500518,0.07173058,0.26782563,0.16033223,0.04697004,long_term_forecast_ETTh1_192_96ETTh1_w1001_pmutual_info.csv_iTransformer_ETTh1_ftMS_sl96_ll48_pl192_dm512_nh8_el2_dl1_df2048_expand2_dc4_fc1_ebtimeF_dtTrue_Exp_0,iTransformer,192,96,1001,pmutual_info.csv,ETTh1
0,0.19418791,0.07173591,0.26783562,0.5111531,10.990104,long_term_forecast_ETTh1_96_96ETTm2_w1501_prollcorr.csv_iTransformer_ETTm2_ftMS_sl96_ll48_pl96_dm512_nh8_el2_dl1_df2048_expand2_dc4_fc1_ebtimeF_dtTrue_Exp_0,iTransformer,96,96,1501,prollcorr.csv,ETTm2
0,0.2139492,0.071753606,0.26786864,0.1753753,0.057927344,long_term_forecast_192_96ETTm1.csv_Autoformer_ETTm1_ftMS_sl96_ll48_pl192_dm512_nh8_el2_dl1_df2048_expand2_dc4_fc3_ebtimeF_dtTrue_Exp_0,Autoformer,192,96,,identity,ETTm1
0,0.20996003,0.07176849,0.2678964,0.1693233,0.05337699,long_term_forecast_192_96ETTm1_w1251_ipfarm.csv_Autoformer_ETTm1_ftMS_sl96_ll48_pl192_dm512_nh8_el2_dl1_df2048_expand2_dc4_fc3_ebtimeF_dtTrue_Exp_0,Autoformer,192,96,1251,ipfarm.csv,ETTm1
0,0.19534202,0.071772374,0.26790366,0.5161311,10.850805,long_term_forecast_ETTh1_96_96ETTm2_w501_ipfarm.csv_iTransformer_ETTm2_ftMS_sl96_ll48_pl96_dm512_nh8_el2_dl1_df2048_expand2_dc4_fc1_ebtimeF_dtTrue_Exp_0,iTransformer,96,96,501,ipfarm.csv,ETTm2
0,0.20357083,0.07185943,0.26806608,0.15743096,0.044725783,long_term_forecast_ETTh1_192_96ETTh1_w1501_prollcorr.csv_iTransformer_ETTh1_ftMS_sl96_ll48_pl192_dm512_nh8_el2_dl1_df2048_expand2_dc4_fc1_ebtimeF_dtTrue_Exp_0,iTransformer,192,96,1501,prollcorr.csv,ETTh1
0,0.19539888,0.07189988,0.26814154,0.52949786,12.007885,long_term_forecast_96_96ETTm2_w501_psmoothrandomwalk.csv_iTransformer_ETTm2_ftMS_sl96_ll48_pl96_dm512_nh8_el2_dl1_df2048_expand2_dc4_fc1_ebtimeF_dtTrue_Exp_0,iTransformer,96,96,501,psmoothrandomwalk.csv,ETTm2
0,0.20430467,0.07208224,0.26848134,0.15876564,0.045964766,long_term_forecast_ETTh1_192_96ETTh1_w1001_ipmutual_info.csv_iTransformer_ETTh1_ftMS_sl96_ll48_pl192_dm512_nh8_el2_dl1_df2048_expand2_dc4_fc1_ebtimeF_dtTrue_Exp_0,iTransformer,192,96,1001,ipmutual_info.csv,ETTh1
0,0.21074605,0.07212835,0.2685672,0.17032383,0.054415964,long_term_forecast_96_96ETTm1_w1501_pfarm.csv_Autoformer_ETTm1_ftMS_sl96_ll48_pl96_dm512_nh8_el2_dl1_df2048_expand2_dc4_fc3_ebtimeF_dtTrue_Exp_0,Autoformer,96,96,1501,pfarm.csv,ETTm1
0,0.19451566,0.072146714,0.26860142,0.5229247,11.705651,long_term_forecast_ETTh1_96_96ETTm2_w1501_ipmutual_info.csv_iTransformer_ETTm2_ftMS_sl96_ll48_pl96_dm512_nh8_el2_dl1_df2048_expand2_dc4_fc1_ebtimeF_dtTrue_Exp_0,iTransformer,96,96,1501,ipmutual_info.csv,ETTm2
0,0.20405582,0.07216488,0.2686352,0.15750127,0.044693634,long_term_forecast_ETTh1_192_96ETTh1_w501_prollcorr.csv_iTransformer_ETTh1_ftMS_sl96_ll48_pl192_dm512_nh8_el2_dl1_df2048_expand2_dc4_fc1_ebtimeF_dtTrue_Exp_0,iTransformer,192,96,501,prollcorr.csv,ETTh1
0,0.2043984,0.07219355,0.26868856,0.15832742,0.045259036,long_term_forecast_ETTh1_192_96ETTh1_w751_ipmutual_info.csv_iTransformer_ETTh1_ftMS_sl96_ll48_pl192_dm512_nh8_el2_dl1_df2048_expand2_dc4_fc1_ebtimeF_dtTrue_Exp_0,iTransformer,192,96,751,ipmutual_info.csv,ETTh1
0,0.20468415,0.072254695,0.26880234,0.1581805,0.044869922,long_term_forecast_ETTh1_192_96ETTh1_w1001_iprollcorr.csv_iTransformer_ETTh1_ftMS_sl96_ll48_pl192_dm512_nh8_el2_dl1_df2048_expand2_dc4_fc1_ebtimeF_dtTrue_Exp_0,iTransformer,192,96,1001,iprollcorr.csv,ETTh1
0,0.19679049,0.072298765,0.2688843,0.51642466,10.773679,long_term_forecast_ETTh1_96_96ETTm2_w501_pentropy.csv_iTransformer_ETTm2_ftMS_sl96_ll48_pl96_dm512_nh8_el2_dl1_df2048_expand2_dc4_fc1_ebtimeF_dtTrue_Exp_0,iTransformer,96,96,501,pentropy.csv,ETTm2
0,0.20452257,0.07232307,0.26892948,0.15854618,0.04543931,long_term_forecast_ETTh1_192_96ETTh1_w501_ipfarm.csv_iTransformer_ETTh1_ftMS_sl96_ll48_pl192_dm512_nh8_el2_dl1_df2048_expand2_dc4_fc1_ebtimeF_dtTrue_Exp_0,iTransformer,192,96,501,ipfarm.csv,ETTh1
0,0.20492278,0.07235101,0.26898143,0.15888268,0.04557857,long_term_forecast_ETTh1_192_96ETTh1_w1251_pfarm.csv_iTransformer_ETTh1_ftMS_sl96_ll48_pl192_dm512_nh8_el2_dl1_df2048_expand2_dc4_fc1_ebtimeF_dtTrue_Exp_0,iTransformer,192,96,1251,pfarm.csv,ETTh1
0,0.20476574,0.07235396,0.2689869,0.15901893,0.046014138,long_term_forecast_ETTh1_192_96ETTh1_w1001_prollcorr.csv_iTransformer_ETTh1_ftMS_sl96_ll48_pl192_dm512_nh8_el2_dl1_df2048_expand2_dc4_fc1_ebtimeF_dtTrue_Exp_0,iTransformer,192,96,1001,prollcorr.csv,ETTh1
0,0.20491375,0.07235954,0.26899728,0.15867586,0.04532072,long_term_forecast_ETTh1_192_96ETTh1_w501_ipentropy.csv_iTransformer_ETTh1_ftMS_sl96_ll48_pl192_dm512_nh8_el2_dl1_df2048_expand2_dc4_fc1_ebtimeF_dtTrue_Exp_0,iTransformer,192,96,501,ipentropy.csv,ETTh1
0,0.20493083,0.072363295,0.26900426,0.15852587,0.0451147,long_term_forecast_ETTh1_192_96ETTh1_w1001_iprollcov.csv_iTransformer_ETTh1_ftMS_sl96_ll48_pl192_dm512_nh8_el2_dl1_df2048_expand2_dc4_fc1_ebtimeF_dtTrue_Exp_0,iTransformer,192,96,1001,iprollcov.csv,ETTh1
0,0.19727768,0.07236734,0.2690118,0.5237651,11.361101,long_term_forecast_ETTh1_96_96ETTm2_w1251_ipentropy.csv_iTransformer_ETTm2_ftMS_sl96_ll48_pl96_dm512_nh8_el2_dl1_df2048_expand2_dc4_fc1_ebtimeF_dtTrue_Exp_0,iTransformer,96,96,1251,ipentropy.csv,ETTm2
0,0.2121888,0.072369024,0.26901492,0.1585495,0.0396467,long_term_forecast_96_96ETTm1_w751_pmutual_info.csv_Crossformer_ETTm1_ftMS_sl96_ll48_pl96_dm512_nh8_el2_dl1_df2048_expand2_dc4_fc1_ebtimeF_dtTrue_Exp_0,Crossformer,96,96,751,pmutual_info.csv,ETTm1
0,0.20436804,0.07237616,0.2690282,0.15796842,0.04495801,long_term_forecast_ETTh1_192_96ETTh1_w1501_prollcov.csv_iTransformer_ETTh1_ftMS_sl96_ll48_pl192_dm512_nh8_el2_dl1_df2048_expand2_dc4_fc1_ebtimeF_dtTrue_Exp_0,iTransformer,192,96,1501,prollcov.csv,ETTh1
0,0.20464614,0.07242318,0.26911557,0.15823644,0.04507987,long_term_forecast_ETTh1_192_96ETTh1_w1001_pfarm.csv_iTransformer_ETTh1_ftMS_sl96_ll48_pl192_dm512_nh8_el2_dl1_df2048_expand2_dc4_fc1_ebtimeF_dtTrue_Exp_0,iTransformer,192,96,1001,pfarm.csv,ETTh1
0,0.20499972,0.07242473,0.26911843,0.15871373,0.045326862,long_term_forecast_ETTh1_192_96ETTh1_w751_ipentropy.csv_iTransformer_ETTh1_ftMS_sl96_ll48_pl192_dm512_nh8_el2_dl1_df2048_expand2_dc4_fc1_ebtimeF_dtTrue_Exp_0,iTransformer,192,96,751,ipentropy.csv,ETTh1
0,0.20449513,0.07243184,0.26913163,0.15825169,0.045153823,long_term_forecast_ETTh1_192_96ETTh1_w751_prollcorr.csv_iTransformer_ETTh1_ftMS_sl96_ll48_pl192_dm512_nh8_el2_dl1_df2048_expand2_dc4_fc1_ebtimeF_dtTrue_Exp_0,iTransformer,192,96,751,prollcorr.csv,ETTh1
0,0.20485587,0.07243306,0.26913393,0.15844373,0.045021456,long_term_forecast_ETTh1_192_96ETTh1_w751_ipfarm.csv_iTransformer_ETTh1_ftMS_sl96_ll48_pl192_dm512_nh8_el2_dl1_df2048_expand2_dc4_fc1_ebtimeF_dtTrue_Exp_0,iTransformer,192,96,751,ipfarm.csv,ETTh1
0,0.20493615,0.072433464,0.26913467,0.15854426,0.045125976,long_term_forecast_ETTh1_192_96ETTh1_w1501_ipfarm.csv_iTransformer_ETTh1_ftMS_sl96_ll48_pl192_dm512_nh8_el2_dl1_df2048_expand2_dc4_fc1_ebtimeF_dtTrue_Exp_0,iTransformer,192,96,1501,ipfarm.csv,ETTh1
0,0.20501254,0.072443195,0.26915273,0.15872169,0.04534334,long_term_forecast_ETTh1_192_96ETTh1_w1251_ipentropy.csv_iTransformer_ETTh1_ftMS_sl96_ll48_pl192_dm512_nh8_el2_dl1_df2048_expand2_dc4_fc1_ebtimeF_dtTrue_Exp_0,iTransformer,192,96,1251,ipentropy.csv,ETTh1
0,0.20516296,0.07246688,0.26919672,0.15898427,0.045588624,long_term_forecast_ETTh1_192_96ETTh1_w751_pfarm.csv_iTransformer_ETTh1_ftMS_sl96_ll48_pl192_dm512_nh8_el2_dl1_df2048_expand2_dc4_fc1_ebtimeF_dtTrue_Exp_0,iTransformer,192,96,751,pfarm.csv,ETTh1
0,0.20503698,0.0724801,0.26922128,0.15870808,0.045305982,long_term_forecast_ETTh1_192_96ETTh1_w1251_pentropy.csv_iTransformer_ETTh1_ftMS_sl96_ll48_pl192_dm512_nh8_el2_dl1_df2048_expand2_dc4_fc1_ebtimeF_dtTrue_Exp_0,iTransformer,192,96,1251,pentropy.csv,ETTh1
0,0.20502625,0.07248095,0.26922286,0.1587324,0.04533233,long_term_forecast_ETTh1_192_96ETTh1_w501_pentropy.csv_iTransformer_ETTh1_ftMS_sl96_ll48_pl192_dm512_nh8_el2_dl1_df2048_expand2_dc4_fc1_ebtimeF_dtTrue_Exp_0,iTransformer,192,96,501,pentropy.csv,ETTh1
0,0.21314716,0.07248359,0.26922777,0.15839516,0.03922987,long_term_forecast_96_96ETTm1_w751_iprollcov.csv_Crossformer_ETTm1_ftMS_sl96_ll48_pl96_dm512_nh8_el2_dl1_df2048_expand2_dc4_fc1_ebtimeF_dtTrue_Exp_0,Crossformer,96,96,751,iprollcov.csv,ETTm1
0,0.20509028,0.07248679,0.2692337,0.15877077,0.0453434,long_term_forecast_ETTh1_192_96ETTh1.csv_iTransformer_ETTh1_ftMS_sl96_ll48_pl192_dm512_nh8_el2_dl1_df2048_expand2_dc4_fc1_ebtimeF_dtTrue_Exp_0,iTransformer,192,96,,identity,ETTh1
0,0.20506243,0.0724915,0.26924244,0.15880263,0.045389425,long_term_forecast_ETTh1_192_96ETTh1_w751_pentropy.csv_iTransformer_ETTh1_ftMS_sl96_ll48_pl192_dm512_nh8_el2_dl1_df2048_expand2_dc4_fc1_ebtimeF_dtTrue_Exp_0,iTransformer,192,96,751,pentropy.csv,ETTh1
0,0.19772951,0.07250956,0.269276,0.52801615,11.445078,long_term_forecast_ETTh1_96_96ETTm2_w1501_pentropy.csv_iTransformer_ETTm2_ftMS_sl96_ll48_pl96_dm512_nh8_el2_dl1_df2048_expand2_dc4_fc1_ebtimeF_dtTrue_Exp_0,iTransformer,96,96,1501,pentropy.csv,ETTm2
0,0.20514712,0.07251789,0.26929146,0.15885642,0.045426466,long_term_forecast_ETTh1_192_96ETTh1_w1001_ipentropy.csv_iTransformer_ETTh1_ftMS_sl96_ll48_pl192_dm512_nh8_el2_dl1_df2048_expand2_dc4_fc1_ebtimeF_dtTrue_Exp_0,iTransformer,192,96,1001,ipentropy.csv,ETTh1
0,0.20511745,0.07252783,0.2693099,0.1594007,0.046207823,long_term_forecast_ETTh1_192_96ETTh1_w1001_prollcov.csv_iTransformer_ETTh1_ftMS_sl96_ll48_pl192_dm512_nh8_el2_dl1_df2048_expand2_dc4_fc1_ebtimeF_dtTrue_Exp_0,iTransformer,192,96,1001,prollcov.csv,ETTh1
0,0.20506474,0.07252795,0.26931015,0.15864214,0.045228772,long_term_forecast_ETTh1_192_96ETTh1_w1001_pentropy.csv_iTransformer_ETTh1_ftMS_sl96_ll48_pl192_dm512_nh8_el2_dl1_df2048_expand2_dc4_fc1_ebtimeF_dtTrue_Exp_0,iTransformer,192,96,1001,pentropy.csv,ETTh1
0,0.20502654,0.072570525,0.26938918,0.15869233,0.045229223,long_term_forecast_ETTh1_192_96ETTh1_w1251_ipmutual_info.csv_iTransformer_ETTh1_ftMS_sl96_ll48_pl192_dm512_nh8_el2_dl1_df2048_expand2_dc4_fc1_ebtimeF_dtTrue_Exp_0,iTransformer,192,96,1251,ipmutual_info.csv,ETTh1
0,0.20519295,0.07259311,0.26943108,0.15878189,0.045314845,long_term_forecast_ETTh1_192_96ETTh1_w1501_pentropy.csv_iTransformer_ETTh1_ftMS_sl96_ll48_pl192_dm512_nh8_el2_dl1_df2048_expand2_dc4_fc1_ebtimeF_dtTrue_Exp_0,iTransformer,192,96,1501,pentropy.csv,ETTh1
0,0.20519178,0.0726249,0.26949006,0.15863463,0.045098905,long_term_forecast_ETTh1_192_96ETTh1_w1251_ipfarm.csv_iTransformer_ETTh1_ftMS_sl96_ll48_pl192_dm512_nh8_el2_dl1_df2048_expand2_dc4_fc1_ebtimeF_dtTrue_Exp_0,iTransformer,192,96,1251,ipfarm.csv,ETTh1
0,0.19593833,0.072648704,0.26953423,0.51904005,11.4951105,long_term_forecast_ETTh1_96_96ETTm2_w1251_prollcov.csv_iTransformer_ETTm2_ftMS_sl96_ll48_pl96_dm512_nh8_el2_dl1_df2048_expand2_dc4_fc1_ebtimeF_dtTrue_Exp_0,iTransformer,96,96,1251,prollcov.csv,ETTm2
0,0.1966833,0.07266418,0.26956293,0.52260303,11.286318,long_term_forecast_ETTh1_96_96ETTm2_w501_ipentropy.csv_iTransformer_ETTm2_ftMS_sl96_ll48_pl96_dm512_nh8_el2_dl1_df2048_expand2_dc4_fc1_ebtimeF_dtTrue_Exp_0,iTransformer,96,96,501,ipentropy.csv,ETTm2
0,0.20501798,0.072681636,0.26959532,0.15961336,0.046538435,long_term_forecast_ETTh1_192_96ETTh1_w501_ipmutual_info.csv_iTransformer_ETTh1_ftMS_sl96_ll48_pl192_dm512_nh8_el2_dl1_df2048_expand2_dc4_fc1_ebtimeF_dtTrue_Exp_0,iTransformer,192,96,501,ipmutual_info.csv,ETTh1
0,0.20541885,0.0726841,0.26959988,0.15904276,0.04552492,long_term_forecast_ETTh1_192_96ETTh1_w1501_pfarm.csv_iTransformer_ETTh1_ftMS_sl96_ll48_pl192_dm512_nh8_el2_dl1_df2048_expand2_dc4_fc1_ebtimeF_dtTrue_Exp_0,iTransformer,192,96,1501,pfarm.csv,ETTh1
0,0.20491637,0.072750054,0.2697222,0.15816338,0.04483144,long_term_forecast_ETTh1_192_96ETTh1_w751_prollcov.csv_iTransformer_ETTh1_ftMS_sl96_ll48_pl192_dm512_nh8_el2_dl1_df2048_expand2_dc4_fc1_ebtimeF_dtTrue_Exp_0,iTransformer,192,96,751,prollcov.csv,ETTh1
0,0.2054859,0.07278129,0.26978007,0.15904771,0.04550624,long_term_forecast_ETTh1_192_96ETTh1_w1501_ipentropy.csv_iTransformer_ETTh1_ftMS_sl96_ll48_pl192_dm512_nh8_el2_dl1_df2048_expand2_dc4_fc1_ebtimeF_dtTrue_Exp_0,iTransformer,192,96,1501,ipentropy.csv,ETTh1
0,0.20561214,0.072810374,0.26983398,0.15895107,0.045176372,long_term_forecast_ETTh1_192_96ETTh1_w1001_ipfarm.csv_iTransformer_ETTh1_ftMS_sl96_ll48_pl192_dm512_nh8_el2_dl1_df2048_expand2_dc4_fc1_ebtimeF_dtTrue_Exp_0,iTransformer,192,96,1001,ipfarm.csv,ETTh1
0,0.20557058,0.072831064,0.2698723,0.15895738,0.045367777,long_term_forecast_ETTh1_192_96ETTh1_w751_iprollcov.csv_iTransformer_ETTh1_ftMS_sl96_ll48_pl192_dm512_nh8_el2_dl1_df2048_expand2_dc4_fc1_ebtimeF_dtTrue_Exp_0,iTransformer,192,96,751,iprollcov.csv,ETTh1
0,0.20558001,0.07283287,0.26987565,0.158885,0.045153752,long_term_forecast_ETTh1_192_96ETTh1_w1251_iprollcov.csv_iTransformer_ETTh1_ftMS_sl96_ll48_pl192_dm512_nh8_el2_dl1_df2048_expand2_dc4_fc1_ebtimeF_dtTrue_Exp_0,iTransformer,192,96,1251,iprollcov.csv,ETTh1
0,0.19637984,0.0728432,0.2698948,0.52610093,11.656268,long_term_forecast_ETTh1_96_96ETTm2_w1251_prollcorr.csv_iTransformer_ETTm2_ftMS_sl96_ll48_pl96_dm512_nh8_el2_dl1_df2048_expand2_dc4_fc1_ebtimeF_dtTrue_Exp_0,iTransformer,96,96,1251,prollcorr.csv,ETTm2
0,0.20531702,0.07285762,0.2699215,0.15830538,0.044690188,long_term_forecast_ETTh1_192_96ETTh1_w1501_ipmutual_info.csv_iTransformer_ETTh1_ftMS_sl96_ll48_pl192_dm512_nh8_el2_dl1_df2048_expand2_dc4_fc1_ebtimeF_dtTrue_Exp_0,iTransformer,192,96,1501,ipmutual_info.csv,ETTh1
0,0.20496717,0.0728739,0.26995167,0.15780886,0.044482376,long_term_forecast_ETTh1_192_96ETTh1_w1251_prollcorr.csv_iTransformer_ETTh1_ftMS_sl96_ll48_pl192_dm512_nh8_el2_dl1_df2048_expand2_dc4_fc1_ebtimeF_dtTrue_Exp_0,iTransformer,192,96,1251,prollcorr.csv,ETTh1
0,0.19752191,0.07298131,0.27015054,0.517881,10.856189,long_term_forecast_ETTh1_96_96ETTm2_w1251_pmutual_info.csv_iTransformer_ETTm2_ftMS_sl96_ll48_pl96_dm512_nh8_el2_dl1_df2048_expand2_dc4_fc1_ebtimeF_dtTrue_Exp_0,iTransformer,96,96,1251,pmutual_info.csv,ETTm2
0,0.19710895,0.073040724,0.27026048,0.52264184,11.157856,long_term_forecast_ETTh1_96_96ETTm2_w1251_pentropy.csv_iTransformer_ETTm2_ftMS_sl96_ll48_pl96_dm512_nh8_el2_dl1_df2048_expand2_dc4_fc1_ebtimeF_dtTrue_Exp_0,iTransformer,96,96,1251,pentropy.csv,ETTm2
0,0.20581797,0.07304305,0.27026477,0.15921165,0.045385685,long_term_forecast_ETTh1_192_96ETTh1_w1251_iprollcorr.csv_iTransformer_ETTh1_ftMS_sl96_ll48_pl192_dm512_nh8_el2_dl1_df2048_expand2_dc4_fc1_ebtimeF_dtTrue_Exp_0,iTransformer,192,96,1251,iprollcorr.csv,ETTh1
0,0.19672307,0.073066555,0.27030826,0.5098066,11.190324,long_term_forecast_ETTh1_96_96ETTm2_w501_ipmutual_info.csv_iTransformer_ETTm2_ftMS_sl96_ll48_pl96_dm512_nh8_el2_dl1_df2048_expand2_dc4_fc1_ebtimeF_dtTrue_Exp_0,iTransformer,96,96,501,ipmutual_info.csv,ETTm2
0,0.20617697,0.07306721,0.27030948,0.15915969,0.044988107,long_term_forecast_ETTh1_192_96ETTh1_w1501_iprollcov.csv_iTransformer_ETTh1_ftMS_sl96_ll48_pl192_dm512_nh8_el2_dl1_df2048_expand2_dc4_fc1_ebtimeF_dtTrue_Exp_0,iTransformer,192,96,1501,iprollcov.csv,ETTh1
0,0.20570251,0.07321976,0.2705915,0.15854172,0.04489224,long_term_forecast_ETTh1_192_96ETTh1_w1251_prollcov.csv_iTransformer_ETTh1_ftMS_sl96_ll48_pl192_dm512_nh8_el2_dl1_df2048_expand2_dc4_fc1_ebtimeF_dtTrue_Exp_0,iTransformer,192,96,1251,prollcov.csv,ETTh1
0,0.19592452,0.07328979,0.27072087,0.52012163,11.841955,long_term_forecast_ETTh1_96_96ETTm2_w751_ipmutual_info.csv_iTransformer_ETTm2_ftMS_sl96_ll48_pl96_dm512_nh8_el2_dl1_df2048_expand2_dc4_fc1_ebtimeF_dtTrue_Exp_0,iTransformer,96,96,751,ipmutual_info.csv,ETTm2
0,0.046549406,0.07329105,0.2707232,0.93887323,35.308777,long_term_forecast_96_96Weather_w1501_ipsmoothrandomwalk.csv_Crossformer_Weather_ftMS_sl96_ll48_pl96_dm512_nh8_el2_dl1_df2048_expand2_dc4_fc3_ebtimeF_dtTrue_Exp_0,Crossformer,96,96,1501,ipsmoothrandomwalk.csv,Weather
0,0.20743722,0.07332323,0.27078262,0.1599435,0.045244567,long_term_forecast_192_96ETTh1.csv_TimeXer_ETTh1_ftMS_sl96_ll48_pl192_dm512_nh8_el2_dl1_df2048_expand2_dc4_fc3_ebtimeF_dtTrue_Exp_0,TimeXer,192,96,,identity,ETTh1
0,0.20661457,0.07339107,0.27090788,0.15953442,0.045536015,long_term_forecast_ETTh1_192_96ETTh1_w501_prollcov.csv_iTransformer_ETTh1_ftMS_sl96_ll48_pl192_dm512_nh8_el2_dl1_df2048_expand2_dc4_fc1_ebtimeF_dtTrue_Exp_0,iTransformer,192,96,501,prollcov.csv,ETTh1
0,0.19826294,0.07346365,0.27104178,0.506386,10.810916,long_term_forecast_ETTh1_96_96ETTm2_w751_iprollcorr.csv_iTransformer_ETTm2_ftMS_sl96_ll48_pl96_dm512_nh8_el2_dl1_df2048_expand2_dc4_fc1_ebtimeF_dtTrue_Exp_0,iTransformer,96,96,751,iprollcorr.csv,ETTm2
0,0.20619999,0.07349056,0.27109143,0.15931919,0.045641057,long_term_forecast_ETTh1_192_96ETTh1_w751_iprollcorr.csv_iTransformer_ETTh1_ftMS_sl96_ll48_pl192_dm512_nh8_el2_dl1_df2048_expand2_dc4_fc1_ebtimeF_dtTrue_Exp_0,iTransformer,192,96,751,iprollcorr.csv,ETTh1
0,0.2095522,0.0735246,0.2711542,0.16886002,0.05344669,long_term_forecast_96_96ETTm1_w1001_pfarm.csv_Autoformer_ETTm1_ftMS_sl96_ll48_pl96_dm512_nh8_el2_dl1_df2048_expand2_dc4_fc3_ebtimeF_dtTrue_Exp_0,Autoformer,96,96,1001,pfarm.csv,ETTm1
0,0.19718264,0.07353659,0.2711763,0.5304578,12.338336,long_term_forecast_ETTh1_96_96ETTm2_w1001_pentropy.csv_iTransformer_ETTm2_ftMS_sl96_ll48_pl96_dm512_nh8_el2_dl1_df2048_expand2_dc4_fc1_ebtimeF_dtTrue_Exp_0,iTransformer,96,96,1001,pentropy.csv,ETTm2
0,0.2070935,0.07366245,0.2714083,0.16047986,0.04633048,long_term_forecast_ETTh1_192_96ETTh1_w501_iprollcorr.csv_iTransformer_ETTh1_ftMS_sl96_ll48_pl192_dm512_nh8_el2_dl1_df2048_expand2_dc4_fc1_ebtimeF_dtTrue_Exp_0,iTransformer,192,96,501,iprollcorr.csv,ETTh1
0,0.19734536,0.0738611,0.271774,0.5322061,12.536756,long_term_forecast_ETTh1_96_96ETTm2_w751_pentropy.csv_iTransformer_ETTm2_ftMS_sl96_ll48_pl96_dm512_nh8_el2_dl1_df2048_expand2_dc4_fc1_ebtimeF_dtTrue_Exp_0,iTransformer,96,96,751,pentropy.csv,ETTm2
0,0.20727639,0.07387171,0.2717935,0.1603204,0.04596097,long_term_forecast_ETTh1_192_96ETTh1_w501_iprollcov.csv_iTransformer_ETTh1_ftMS_sl96_ll48_pl192_dm512_nh8_el2_dl1_df2048_expand2_dc4_fc1_ebtimeF_dtTrue_Exp_0,iTransformer,192,96,501,iprollcov.csv,ETTh1
0,0.19727042,0.07391676,0.27187636,0.527849,11.5003395,long_term_forecast_ETTh1_96_96ETTm2_w1501_ipentropy.csv_iTransformer_ETTm2_ftMS_sl96_ll48_pl96_dm512_nh8_el2_dl1_df2048_expand2_dc4_fc1_ebtimeF_dtTrue_Exp_0,iTransformer,96,96,1501,ipentropy.csv,ETTm2
0,0.22243707,0.073949724,0.27193698,0.16582261,0.04116414,long_term_forecast_96_96ETTm1_w501_prandomwalk.csv_Crossformer_ETTm1_ftMS_sl96_ll48_pl96_dm512_nh8_el2_dl1_df2048_expand2_dc4_fc1_ebtimeF_dtTrue_Exp_0,Crossformer,96,96,501,prandomwalk.csv,ETTm1
0,0.19759351,0.07396502,0.27196512,0.5320359,11.669067,long_term_forecast_96_96ETTm2_w751_psmoothrandomwalk.csv_iTransformer_ETTm2_ftMS_sl96_ll48_pl96_dm512_nh8_el2_dl1_df2048_expand2_dc4_fc1_ebtimeF_dtTrue_Exp_0,iTransformer,96,96,751,psmoothrandomwalk.csv,ETTm2
0,0.21338025,0.07411912,0.27224827,0.17367184,0.056782253,long_term_forecast_96_96ETTm1_w1501_ipsmoothrandomwalk.csv_Autoformer_ETTm1_ftMS_sl96_ll48_pl96_dm512_nh8_el2_dl1_df2048_expand2_dc4_fc3_ebtimeF_dtTrue_Exp_0,Autoformer,96,96,1501,ipsmoothrandomwalk.csv,ETTm1
0,0.21154353,0.07412233,0.27225417,0.17148355,0.055810843,long_term_forecast_96_96ETTm1_w501_pfarm.csv_Autoformer_ETTm1_ftMS_sl96_ll48_pl96_dm512_nh8_el2_dl1_df2048_expand2_dc4_fc3_ebtimeF_dtTrue_Exp_0,Autoformer,96,96,501,pfarm.csv,ETTm1
0,0.20711929,0.07416047,0.2723242,0.15946889,0.045088414,long_term_forecast_ETTh1_192_96ETTh1_w501_pmutual_info.csv_iTransformer_ETTh1_ftMS_sl96_ll48_pl192_dm512_nh8_el2_dl1_df2048_expand2_dc4_fc1_ebtimeF_dtTrue_Exp_0,iTransformer,192,96,501,pmutual_info.csv,ETTh1
0,0.1980935,0.07429389,0.27256906,0.53581,11.782969,long_term_forecast_96_96ETTm2_w1001_ipsmoothrandomwalk.csv_iTransformer_ETTm2_ftMS_sl96_ll48_pl96_dm512_nh8_el2_dl1_df2048_expand2_dc4_fc1_ebtimeF_dtTrue_Exp_0,iTransformer,96,96,1001,ipsmoothrandomwalk.csv,ETTm2
0,0.20966323,0.07444381,0.27284393,0.16115813,0.04506469,long_term_forecast_192_96ETTh1.csv_PatchTST_ETTh1_ftMS_sl96_ll48_pl192_dm512_nh8_el1_dl1_df2048_expand2_dc4_fc3_ebtimeF_dtTrue_Exp_0,PatchTST,192,96,,identity,ETTh1
0,0.20938224,0.07447643,0.2729037,0.16058719,0.044669006,long_term_forecast_192_96ETTh1_w1001_pfarm.csv_PatchTST_ETTh1_ftMS_sl96_ll48_pl192_dm512_nh8_el1_dl1_df2048_expand2_dc4_fc3_ebtimeF_dtTrue_Exp_0,PatchTST,192,96,1001,pfarm.csv,ETTh1
0,0.1978688,0.074535765,0.2730124,0.54191387,12.4508705,long_term_forecast_ETTh1_96_96ETTm2_w501_iprollcov.csv_iTransformer_ETTm2_ftMS_sl96_ll48_pl96_dm512_nh8_el2_dl1_df2048_expand2_dc4_fc1_ebtimeF_dtTrue_Exp_0,iTransformer,96,96,501,iprollcov.csv,ETTm2
0,0.19765356,0.074544296,0.27302802,0.5359011,11.781274,long_term_forecast_ETTh1_96_96ETTm2_w1501_ipfarm.csv_iTransformer_ETTm2_ftMS_sl96_ll48_pl96_dm512_nh8_el2_dl1_df2048_expand2_dc4_fc1_ebtimeF_dtTrue_Exp_0,iTransformer,96,96,1501,ipfarm.csv,ETTm2
0,0.19660723,0.07464604,0.27321428,0.50704026,10.7378435,long_term_forecast_ETTh1_96_96ETTm2_w1501_iprollcorr.csv_iTransformer_ETTm2_ftMS_sl96_ll48_pl96_dm512_nh8_el2_dl1_df2048_expand2_dc4_fc1_ebtimeF_dtTrue_Exp_0,iTransformer,96,96,1501,iprollcorr.csv,ETTm2
0,0.20878193,0.07468907,0.27329302,0.1604131,0.04486981,long_term_forecast_ETTh1_192_96ETTh1_w1501_iprollcorr.csv_iTransformer_ETTh1_ftMS_sl96_ll48_pl192_dm512_nh8_el2_dl1_df2048_expand2_dc4_fc1_ebtimeF_dtTrue_Exp_0,iTransformer,192,96,1501,iprollcorr.csv,ETTh1
0,0.19850804,0.074922815,0.27372032,0.5399732,11.965464,long_term_forecast_ETTh1_96_96ETTm2_w751_ipentropy.csv_iTransformer_ETTm2_ftMS_sl96_ll48_pl96_dm512_nh8_el2_dl1_df2048_expand2_dc4_fc1_ebtimeF_dtTrue_Exp_0,iTransformer,96,96,751,ipentropy.csv,ETTm2
0,0.19964182,0.07496069,0.2737895,0.54356486,12.14476,long_term_forecast_96_96ETTm2_w1501_psmoothrandomwalk.csv_iTransformer_ETTm2_ftMS_sl96_ll48_pl96_dm512_nh8_el2_dl1_df2048_expand2_dc4_fc1_ebtimeF_dtTrue_Exp_0,iTransformer,96,96,1501,psmoothrandomwalk.csv,ETTm2
0,0.19827443,0.07501544,0.27388948,0.5174985,10.9235525,long_term_forecast_ETTh1_96_96ETTm2_w1251_iprollcov.csv_iTransformer_ETTm2_ftMS_sl96_ll48_pl96_dm512_nh8_el2_dl1_df2048_expand2_dc4_fc1_ebtimeF_dtTrue_Exp_0,iTransformer,96,96,1251,iprollcov.csv,ETTm2
0,0.19846287,0.07503479,0.2739248,0.5385528,11.793541,long_term_forecast_ETTh1_96_96ETTm2_w1001_prollcov.csv_iTransformer_ETTm2_ftMS_sl96_ll48_pl96_dm512_nh8_el2_dl1_df2048_expand2_dc4_fc1_ebtimeF_dtTrue_Exp_0,iTransformer,96,96,1001,prollcov.csv,ETTm2
0,0.21343635,0.075292096,0.27439407,0.17467801,0.062375866,long_term_forecast_96_96ETTm1_w501_prandomwalk.csv_Autoformer_ETTm1_ftMS_sl96_ll48_pl96_dm512_nh8_el2_dl1_df2048_expand2_dc4_fc3_ebtimeF_dtTrue_Exp_0,Autoformer,96,96,501,prandomwalk.csv,ETTm1
0,0.21054167,0.075536475,0.27483898,0.1636949,0.048291206,long_term_forecast_ETTh1_192_96ETTh1_w501_pfarm.csv_iTransformer_ETTh1_ftMS_sl96_ll48_pl192_dm512_nh8_el2_dl1_df2048_expand2_dc4_fc1_ebtimeF_dtTrue_Exp_0,iTransformer,192,96,501,pfarm.csv,ETTh1
0,0.20120388,0.0755728,0.2749051,0.54259217,11.655859,long_term_forecast_96_96ETTm2_w751_ipsmoothrandomwalk.csv_iTransformer_ETTm2_ftMS_sl96_ll48_pl96_dm512_nh8_el2_dl1_df2048_expand2_dc4_fc1_ebtimeF_dtTrue_Exp_0,iTransformer,96,96,751,ipsmoothrandomwalk.csv,ETTm2
0,0.19844125,0.07559373,0.27494314,0.550991,13.441351,long_term_forecast_96_96ETTm2_w1251_ipsmoothrandomwalk.csv_iTransformer_ETTm2_ftMS_sl96_ll48_pl96_dm512_nh8_el2_dl1_df2048_expand2_dc4_fc1_ebtimeF_dtTrue_Exp_0,iTransformer,96,96,1251,ipsmoothrandomwalk.csv,ETTm2
0,0.20015132,0.0756582,0.27506036,0.5432908,12.716517,long_term_forecast_ETTh1_96_96ETTm2_w1001_pfarm.csv_iTransformer_ETTm2_ftMS_sl96_ll48_pl96_dm512_nh8_el2_dl1_df2048_expand2_dc4_fc1_ebtimeF_dtTrue_Exp_0,iTransformer,96,96,1001,pfarm.csv,ETTm2
0,0.1979374,0.07575421,0.27523482,0.5306934,11.594972,long_term_forecast_ETTh1_96_96ETTm2_w1501_iprollcov.csv_iTransformer_ETTm2_ftMS_sl96_ll48_pl96_dm512_nh8_el2_dl1_df2048_expand2_dc4_fc1_ebtimeF_dtTrue_Exp_0,iTransformer,96,96,1501,iprollcov.csv,ETTm2
0,0.19919764,0.07576608,0.2752564,0.5231666,10.674259,long_term_forecast_ETTh1_96_96ETTm2_w501_prollcorr.csv_iTransformer_ETTm2_ftMS_sl96_ll48_pl96_dm512_nh8_el2_dl1_df2048_expand2_dc4_fc1_ebtimeF_dtTrue_Exp_0,iTransformer,96,96,501,prollcorr.csv,ETTm2
0,0.199551,0.0758165,0.27534795,0.5397596,12.178823,long_term_forecast_ETTh1_96_96ETTm2.csv_iTransformer_ETTm2_ftMS_sl96_ll48_pl96_dm512_nh8_el2_dl1_df2048_expand2_dc4_fc1_ebtimeF_dtTrue_Exp_0,iTransformer,96,96,,identity,ETTm2
0,0.22023363,0.07589579,0.2754919,0.1665935,0.04284477,long_term_forecast_96_96ETTm1_w1251_iprollcov.csv_Crossformer_ETTm1_ftMS_sl96_ll48_pl96_dm512_nh8_el2_dl1_df2048_expand2_dc4_fc1_ebtimeF_dtTrue_Exp_0,Crossformer,96,96,1251,iprollcov.csv,ETTm1
0,0.1999597,0.07599706,0.27567565,0.5341868,11.545614,long_term_forecast_96_96ETTm2_w501_ipsmoothrandomwalk.csv_iTransformer_ETTm2_ftMS_sl96_ll48_pl96_dm512_nh8_el2_dl1_df2048_expand2_dc4_fc1_ebtimeF_dtTrue_Exp_0,iTransformer,96,96,501,ipsmoothrandomwalk.csv,ETTm2
0,0.2217682,0.07604618,0.27576473,0.1640619,0.0403576,long_term_forecast_96_96ETTm1_w1001_pmutual_info.csv_Crossformer_ETTm1_ftMS_sl96_ll48_pl96_dm512_nh8_el2_dl1_df2048_expand2_dc4_fc1_ebtimeF_dtTrue_Exp_0,Crossformer,96,96,1001,pmutual_info.csv,ETTm1
0,0.19989772,0.076132774,0.27592167,0.5313409,12.439094,long_term_forecast_ETTh1_96_96ETTm2_w1251_ipmutual_info.csv_iTransformer_ETTm2_ftMS_sl96_ll48_pl96_dm512_nh8_el2_dl1_df2048_expand2_dc4_fc1_ebtimeF_dtTrue_Exp_0,iTransformer,96,96,1251,ipmutual_info.csv,ETTm2
0,0.19949445,0.07619348,0.27603167,0.5319028,11.622639,long_term_forecast_96_96ETTm2_w1501_ipsmoothrandomwalk.csv_iTransformer_ETTm2_ftMS_sl96_ll48_pl96_dm512_nh8_el2_dl1_df2048_expand2_dc4_fc1_ebtimeF_dtTrue_Exp_0,iTransformer,96,96,1501,ipsmoothrandomwalk.csv,ETTm2
0,0.20082504,0.07631205,0.27624637,0.54045165,11.809325,long_term_forecast_ETTh1_96_96ETTm2_w751_prollcov.csv_iTransformer_ETTm2_ftMS_sl96_ll48_pl96_dm512_nh8_el2_dl1_df2048_expand2_dc4_fc1_ebtimeF_dtTrue_Exp_0,iTransformer,96,96,751,prollcov.csv,ETTm2
0,0.20010379,0.07661136,0.27678758,0.53350955,11.954937,long_term_forecast_96_96ETTm2_w1251_psmoothrandomwalk.csv_iTransformer_ETTm2_ftMS_sl96_ll48_pl96_dm512_nh8_el2_dl1_df2048_expand2_dc4_fc1_ebtimeF_dtTrue_Exp_0,iTransformer,96,96,1251,psmoothrandomwalk.csv,ETTm2
0,0.20076089,0.07670974,0.27696523,0.519321,10.364507,long_term_forecast_ETTh1_96_96ETTm2_w1001_ipmutual_info.csv_iTransformer_ETTm2_ftMS_sl96_ll48_pl96_dm512_nh8_el2_dl1_df2048_expand2_dc4_fc1_ebtimeF_dtTrue_Exp_0,iTransformer,96,96,1001,ipmutual_info.csv,ETTm2
0,0.22879899,0.07676995,0.2770739,0.16846491,0.04143689,long_term_forecast_96_96ETTm1_w1001_psmoothrandomwalk.csv_Crossformer_ETTm1_ftMS_sl96_ll48_pl96_dm512_nh8_el2_dl1_df2048_expand2_dc4_fc1_ebtimeF_dtTrue_Exp_0,Crossformer,96,96,1001,psmoothrandomwalk.csv,ETTm1
0,0.20262846,0.07686899,0.27725258,0.5452721,11.716138,long_term_forecast_ETTh1_96_96ETTm2_w501_pfarm.csv_iTransformer_ETTm2_ftMS_sl96_ll48_pl96_dm512_nh8_el2_dl1_df2048_expand2_dc4_fc1_ebtimeF_dtTrue_Exp_0,iTransformer,96,96,501,pfarm.csv,ETTm2
0,0.22835465,0.076876834,0.2772667,0.16834645,0.04141378,long_term_forecast_96_96ETTm1_w1501_psmoothrandomwalk.csv_Crossformer_ETTm1_ftMS_sl96_ll48_pl96_dm512_nh8_el2_dl1_df2048_expand2_dc4_fc1_ebtimeF_dtTrue_Exp_0,Crossformer,96,96,1501,psmoothrandomwalk.csv,ETTm1
0,0.20164552,0.076903306,0.27731445,0.5507286,13.721949,long_term_forecast_ETTh1_96_96ETTm2_w1501_pmutual_info.csv_iTransformer_ETTm2_ftMS_sl96_ll48_pl96_dm512_nh8_el2_dl1_df2048_expand2_dc4_fc1_ebtimeF_dtTrue_Exp_0,iTransformer,96,96,1501,pmutual_info.csv,ETTm2
0,0.20144032,0.077090144,0.27765113,0.5326261,11.335581,long_term_forecast_ETTh1_96_96ETTm2_w1001_ipentropy.csv_iTransformer_ETTm2_ftMS_sl96_ll48_pl96_dm512_nh8_el2_dl1_df2048_expand2_dc4_fc1_ebtimeF_dtTrue_Exp_0,iTransformer,96,96,1001,ipentropy.csv,ETTm2
0,0.2198341,0.07717267,0.2777997,0.1628019,0.041059006,long_term_forecast_96_96ETTm1_w1501_pmutual_info.csv_Crossformer_ETTm1_ftMS_sl96_ll48_pl96_dm512_nh8_el2_dl1_df2048_expand2_dc4_fc1_ebtimeF_dtTrue_Exp_0,Crossformer,96,96,1501,pmutual_info.csv,ETTm1
0,0.21921659,0.07722629,0.2778962,0.1778079,0.057994056,long_term_forecast_96_96ETTm1_w1251_ipsmoothrandomwalk.csv_Autoformer_ETTm1_ftMS_sl96_ll48_pl96_dm512_nh8_el2_dl1_df2048_expand2_dc4_fc3_ebtimeF_dtTrue_Exp_0,Autoformer,96,96,1251,ipsmoothrandomwalk.csv,ETTm1
0,0.20059171,0.077260785,0.27795824,0.5163165,10.9468975,long_term_forecast_ETTh1_96_96ETTm2_w501_prollcov.csv_iTransformer_ETTm2_ftMS_sl96_ll48_pl96_dm512_nh8_el2_dl1_df2048_expand2_dc4_fc1_ebtimeF_dtTrue_Exp_0,iTransformer,96,96,501,prollcov.csv,ETTm2
0,0.22978178,0.07770367,0.2787538,0.16977382,0.041973412,long_term_forecast_96_96ETTm1_w501_psmoothrandomwalk.csv_Crossformer_ETTm1_ftMS_sl96_ll48_pl96_dm512_nh8_el2_dl1_df2048_expand2_dc4_fc1_ebtimeF_dtTrue_Exp_0,Crossformer,96,96,501,psmoothrandomwalk.csv,ETTm1
0,0.20478295,0.077982455,0.2792534,0.55762225,13.087384,long_term_forecast_96_96ETTm2_w501_iprandomwalk.csv_iTransformer_ETTm2_ftMS_sl96_ll48_pl96_dm512_nh8_el2_dl1_df2048_expand2_dc4_fc1_ebtimeF_dtTrue_Exp_0,iTransformer,96,96,501,iprandomwalk.csv,ETTm2
0,0.21541494,0.07801075,0.27930406,0.16651842,0.048788354,long_term_forecast_192_96ETTh1_w751_pmutual_info.csv_TimeXer_ETTh1_ftMS_sl96_ll48_pl192_dm512_nh8_el2_dl1_df2048_expand2_dc4_fc3_ebtimeF_dtTrue_Exp_0,TimeXer,192,96,751,pmutual_info.csv,ETTh1
0,0.21871391,0.07814237,0.27953956,0.18002558,0.06323798,long_term_forecast_96_96ETTm1_w1001_pmutual_info.csv_Autoformer_ETTm1_ftMS_sl96_ll48_pl96_dm512_nh8_el2_dl1_df2048_expand2_dc4_fc3_ebtimeF_dtTrue_Exp_0,Autoformer,96,96,1001,pmutual_info.csv,ETTm1
0,0.20267719,0.078272544,0.2797723,0.5425564,11.898813,long_term_forecast_ETTh1_96_96ETTm2_w751_prollcorr.csv_iTransformer_ETTm2_ftMS_sl96_ll48_pl96_dm512_nh8_el2_dl1_df2048_expand2_dc4_fc1_ebtimeF_dtTrue_Exp_0,iTransformer,96,96,751,prollcorr.csv,ETTm2
0,0.20153148,0.07828044,0.2797864,0.53601545,11.392109,long_term_forecast_ETTh1_96_96ETTm2_w1001_pmutual_info.csv_iTransformer_ETTm2_ftMS_sl96_ll48_pl96_dm512_nh8_el2_dl1_df2048_expand2_dc4_fc1_ebtimeF_dtTrue_Exp_0,iTransformer,96,96,1001,pmutual_info.csv,ETTm2
0,0.23045497,0.07839137,0.2799846,0.1685645,0.041344006,long_term_forecast_96_96ETTm1_w1251_ipsmoothrandomwalk.csv_Crossformer_ETTm1_ftMS_sl96_ll48_pl96_dm512_nh8_el2_dl1_df2048_expand2_dc4_fc1_ebtimeF_dtTrue_Exp_0,Crossformer,96,96,1251,ipsmoothrandomwalk.csv,ETTm1
0,0.20352003,0.07873955,0.2806057,0.54406637,12.107798,long_term_forecast_ETTh1_96_96ETTm2_w501_pmutual_info.csv_iTransformer_ETTm2_ftMS_sl96_ll48_pl96_dm512_nh8_el2_dl1_df2048_expand2_dc4_fc1_ebtimeF_dtTrue_Exp_0,iTransformer,96,96,501,pmutual_info.csv,ETTm2
0,0.2029543,0.07951378,0.2819819,0.54425615,12.219512,long_term_forecast_96_96ETTm2_w501_prandomwalk.csv_iTransformer_ETTm2_ftMS_sl96_ll48_pl96_dm512_nh8_el2_dl1_df2048_expand2_dc4_fc1_ebtimeF_dtTrue_Exp_0,iTransformer,96,96,501,prandomwalk.csv,ETTm2
0,0.22658353,0.079551645,0.282049,0.1701474,0.044083882,long_term_forecast_96_96ETTm1_w1251_iprollcorr.csv_Crossformer_ETTm1_ftMS_sl96_ll48_pl96_dm512_nh8_el2_dl1_df2048_expand2_dc4_fc1_ebtimeF_dtTrue_Exp_0,Crossformer,96,96,1251,iprollcorr.csv,ETTm1
0,0.22750285,0.0796317,0.2821909,0.16669913,0.04103686,long_term_forecast_96_96ETTm1.csv_Crossformer_ETTm1_ftMS_sl96_ll48_pl96_dm512_nh8_el2_dl1_df2048_expand2_dc4_fc1_ebtimeF_dtTrue_Exp_0,Crossformer,96,96,,identity,ETTm1
0,0.22048964,0.079727225,0.2823601,0.17760469,0.057446104,long_term_forecast_96_96ETTm1_w501_iprandomwalk.csv_Autoformer_ETTm1_ftMS_sl96_ll48_pl96_dm512_nh8_el2_dl1_df2048_expand2_dc4_fc3_ebtimeF_dtTrue_Exp_0,Autoformer,96,96,501,iprandomwalk.csv,ETTm1
0,0.21940383,0.07976395,0.28242514,0.16692159,0.048144773,long_term_forecast_336_96ETTh1_w1251_pmutual_info.csv_iTransformer_ETTh1_ftMS_sl96_ll48_pl336_dm512_nh8_el2_dl1_df2048_expand2_dc4_fc1_ebtimeF_dtTrue_Exp_0,iTransformer,336,96,1251,pmutual_info.csv,ETTh1
0,0.21821964,0.08034597,0.28345364,0.16996396,0.05188346,long_term_forecast_720_96ETTm1_w1501_ipmutual_info.csv_iTransformer_ETTm1_ftMS_sl96_ll48_pl720_dm512_nh8_el2_dl1_df2048_expand2_dc4_fc1_ebtimeF_dtTrue_Exp_0,iTransformer,720,96,1501,ipmutual_info.csv,ETTm1
0,0.21866192,0.080479115,0.28368843,0.17098211,0.052879263,long_term_forecast_720_96ETTm1.csv_iTransformer_ETTm1_ftMS_sl96_ll48_pl720_dm512_nh8_el2_dl1_df2048_expand2_dc4_fc1_ebtimeF_dtTrue_Exp_0,iTransformer,720,96,,identity,ETTm1
0,0.21821263,0.08063572,0.2839643,0.16821936,0.049896996,long_term_forecast_720_96ETTm1.csv_TimeXer_ETTm1_ftMS_sl96_ll48_pl720_dm512_nh8_el1_dl1_df2048_expand2_dc4_fc3_ebtimeF_dtTrue_Exp_0,TimeXer,720,96,,identity,ETTm1
0,0.21954985,0.08070049,0.2840783,0.1724227,0.051162872,long_term_forecast_96_96ETTh1_w501_pmutual_info.csv_Autoformer_ETTh1_ftMS_sl96_ll48_pl96_dm512_nh8_el2_dl1_df2048_expand2_dc4_fc3_ebtimeF_dtTrue_Exp_0,Autoformer,96,96,501,pmutual_info.csv,ETTh1
0,0.21940899,0.08070111,0.2840794,0.16651924,0.0480074,long_term_forecast_ETTh1_336_96ETTh1_w751_pmutual_info.csv_iTransformer_ETTh1_ftMS_sl96_ll48_pl336_dm512_nh8_el2_dl1_df2048_expand2_dc4_fc1_ebtimeF_dtTrue_Exp_0,iTransformer,336,96,751,pmutual_info.csv,ETTh1
0,0.22013932,0.08079111,0.28423777,0.17250803,0.053922404,long_term_forecast_720_96ETTm1.csv_PatchTST_ETTm1_ftMS_sl96_ll48_pl720_dm512_nh8_el3_dl1_df2048_expand2_dc4_fc3_ebtimeF_dtTrue_Exp_0,PatchTST,720,96,,identity,ETTm1
0,0.21964684,0.08160588,0.28566742,0.1702992,0.051836215,long_term_forecast_720_96ETTm1_w751_iprollcorr.csv_TimeXer_ETTm1_ftMS_sl96_ll48_pl720_dm512_nh8_el1_dl1_df2048_expand2_dc4_fc3_ebtimeF_dtTrue_Exp_0,TimeXer,720,96,751,iprollcorr.csv,ETTm1
0,0.22906035,0.081655785,0.28575477,0.18987112,0.06697801,long_term_forecast_96_96ETTm1_w1501_iprollcorr.csv_Autoformer_ETTm1_ftMS_sl96_ll48_pl96_dm512_nh8_el2_dl1_df2048_expand2_dc4_fc3_ebtimeF_dtTrue_Exp_0,Autoformer,96,96,1501,iprollcorr.csv,ETTm1
0,0.2069902,0.0822083,0.2867199,0.54231215,11.404284,long_term_forecast_ETTh1_96_96ETTm2_w751_pmutual_info.csv_iTransformer_ETTm2_ftMS_sl96_ll48_pl96_dm512_nh8_el2_dl1_df2048_expand2_dc4_fc1_ebtimeF_dtTrue_Exp_0,iTransformer,96,96,751,pmutual_info.csv,ETTm2
0,0.2210825,0.082646415,0.2874829,0.17332517,0.051651444,long_term_forecast_96_96ETTh1_w751_pmutual_info.csv_Autoformer_ETTh1_ftMS_sl96_ll48_pl96_dm512_nh8_el2_dl1_df2048_expand2_dc4_fc3_ebtimeF_dtTrue_Exp_0,Autoformer,96,96,751,pmutual_info.csv,ETTh1
0,0.22781171,0.082777575,0.28771093,0.18617642,0.064309604,long_term_forecast_96_96ETTm1_w1251_prollcov.csv_Autoformer_ETTm1_ftMS_sl96_ll48_pl96_dm512_nh8_el2_dl1_df2048_expand2_dc4_fc3_ebtimeF_dtTrue_Exp_0,Autoformer,96,96,1251,prollcov.csv,ETTm1
0,0.23954216,0.083135955,0.28833306,0.17394519,0.042912897,long_term_forecast_96_96ETTm1_w501_iprandomwalk.csv_Crossformer_ETTm1_ftMS_sl96_ll48_pl96_dm512_nh8_el2_dl1_df2048_expand2_dc4_fc1_ebtimeF_dtTrue_Exp_0,Crossformer,96,96,501,iprandomwalk.csv,ETTm1
0,0.23985426,0.083230115,0.28849632,0.1769295,0.04459386,long_term_forecast_96_96ETTm1_w751_psmoothrandomwalk.csv_Crossformer_ETTm1_ftMS_sl96_ll48_pl96_dm512_nh8_el2_dl1_df2048_expand2_dc4_fc1_ebtimeF_dtTrue_Exp_0,Crossformer,96,96,751,psmoothrandomwalk.csv,ETTm1
0,0.22690691,0.08372944,0.2893604,0.18127489,0.057178937,long_term_forecast_96_96ETTh1_w1501_prollcorr.csv_Autoformer_ETTh1_ftMS_sl96_ll48_pl96_dm512_nh8_el2_dl1_df2048_expand2_dc4_fc3_ebtimeF_dtTrue_Exp_0,Autoformer,96,96,1501,prollcorr.csv,ETTh1
0,0.2349435,0.083954416,0.28974888,0.17268069,0.04353558,long_term_forecast_96_96ETTm1_w1501_ipfarm.csv_Crossformer_ETTm1_ftMS_sl96_ll48_pl96_dm512_nh8_el2_dl1_df2048_expand2_dc4_fc1_ebtimeF_dtTrue_Exp_0,Crossformer,96,96,1501,ipfarm.csv,ETTm1
0,0.2244956,0.08409235,0.28998682,0.1695525,0.04906817,long_term_forecast_336_96ETTh1.csv_iTransformer_ETTh1_ftMS_sl96_ll48_pl336_dm512_nh8_el2_dl1_df2048_expand2_dc4_fc1_ebtimeF_dtTrue_Exp_0,iTransformer,336,96,,identity,ETTh1
0,0.22454937,0.0841726,0.29012513,0.16953154,0.04905226,long_term_forecast_ETTh1_336_96ETTh1_w1501_pfarm.csv_iTransformer_ETTh1_ftMS_sl96_ll48_pl336_dm512_nh8_el2_dl1_df2048_expand2_dc4_fc1_ebtimeF_dtTrue_Exp_0,iTransformer,336,96,1501,pfarm.csv,ETTh1
0,0.22171739,0.084351376,0.29043308,0.17306727,0.051589333,long_term_forecast_96_96ETTh1_w1251_prollcorr.csv_Autoformer_ETTh1_ftMS_sl96_ll48_pl96_dm512_nh8_el2_dl1_df2048_expand2_dc4_fc3_ebtimeF_dtTrue_Exp_0,Autoformer,96,96,1251,prollcorr.csv,ETTh1
0,0.22823812,0.08462761,0.29090825,0.18737634,0.068250634,long_term_forecast_96_96ETTm1_w1251_pmutual_info.csv_Autoformer_ETTm1_ftMS_sl96_ll48_pl96_dm512_nh8_el2_dl1_df2048_expand2_dc4_fc3_ebtimeF_dtTrue_Exp_0,Autoformer,96,96,1251,pmutual_info.csv,ETTm1
0,0.2251871,0.085037135,0.29161128,0.17485051,0.052247304,long_term_forecast_96_96ETTh1_w1001_pmutual_info.csv_Autoformer_ETTh1_ftMS_sl96_ll48_pl96_dm512_nh8_el2_dl1_df2048_expand2_dc4_fc3_ebtimeF_dtTrue_Exp_0,Autoformer,96,96,1001,pmutual_info.csv,ETTh1
0,0.23900768,0.08504519,0.29162508,0.17970027,0.047228973,long_term_forecast_96_96ETTm1_w501_pentropy.csv_Crossformer_ETTm1_ftMS_sl96_ll48_pl96_dm512_nh8_el2_dl1_df2048_expand2_dc4_fc1_ebtimeF_dtTrue_Exp_0,Crossformer,96,96,501,pentropy.csv,ETTm1
0,0.22580554,0.08508201,0.2916882,0.17056295,0.049595945,long_term_forecast_ETTh1_336_96ETTh1_w1251_iprollcorr.csv_iTransformer_ETTh1_ftMS_sl96_ll48_pl336_dm512_nh8_el2_dl1_df2048_expand2_dc4_fc1_ebtimeF_dtTrue_Exp_0,iTransformer,336,96,1251,iprollcorr.csv,ETTh1
0,0.22736087,0.08539877,0.2922307,0.17004424,0.04784595,long_term_forecast_336_96ETTh1.csv_TimeXer_ETTh1_ftMS_sl96_ll48_pl336_dm512_nh8_el1_dl1_df2048_expand2_dc4_fc3_ebtimeF_dtTrue_Exp_0,TimeXer,336,96,,identity,ETTh1
0,0.23429644,0.085535325,0.29246423,0.19228491,0.06871127,long_term_forecast_336_96ETTm1_w1251_ipfarm.csv_Autoformer_ETTm1_ftMS_sl96_ll48_pl336_dm512_nh8_el2_dl1_df2048_expand2_dc4_fc3_ebtimeF_dtTrue_Exp_0,Autoformer,336,96,1251,ipfarm.csv,ETTm1
0,0.22662097,0.08556911,0.29252198,0.17741196,0.053724226,long_term_forecast_96_96ETTh1_w1001_pentropy.csv_Autoformer_ETTh1_ftMS_sl96_ll48_pl96_dm512_nh8_el2_dl1_df2048_expand2_dc4_fc3_ebtimeF_dtTrue_Exp_0,Autoformer,96,96,1001,pentropy.csv,ETTh1
0,0.22536911,0.085586,0.29255083,0.1769331,0.05722956,long_term_forecast_720_96ETTm1_w501_pmutual_info.csv_PatchTST_ETTm1_ftMS_sl96_ll48_pl720_dm512_nh8_el3_dl1_df2048_expand2_dc4_fc3_ebtimeF_dtTrue_Exp_0,PatchTST,720,96,501,pmutual_info.csv,ETTm1
0,0.2276615,0.0858271,0.2929626,0.17042576,0.04843785,long_term_forecast_336_96ETTh1_w751_pmutual_info.csv_TimeXer_ETTh1_ftMS_sl96_ll48_pl336_dm512_nh8_el1_dl1_df2048_expand2_dc4_fc3_ebtimeF_dtTrue_Exp_0,TimeXer,336,96,751,pmutual_info.csv,ETTh1
0,0.23480499,0.086353295,0.2938593,0.1915841,0.067255266,long_term_forecast_336_96ETTm1.csv_Autoformer_ETTm1_ftMS_sl96_ll48_pl336_dm512_nh8_el2_dl1_df2048_expand2_dc4_fc3_ebtimeF_dtTrue_Exp_0,Autoformer,336,96,,identity,ETTm1
0,0.22753522,0.08666221,0.29438445,0.17464946,0.051978014,long_term_forecast_192_96ETTh1_w501_pmutual_info.csv_Autoformer_ETTh1_ftMS_sl96_ll48_pl192_dm512_nh8_el2_dl1_df2048_expand2_dc4_fc3_ebtimeF_dtTrue_Exp_0,Autoformer,192,96,501,pmutual_info.csv,ETTh1
0,0.22781771,0.08668004,0.29441473,0.17698239,0.05135315,long_term_forecast_96_96ETTh1_w1001_prollcov.csv_Autoformer_ETTh1_ftMS_sl96_ll48_pl96_dm512_nh8_el2_dl1_df2048_expand2_dc4_fc3_ebtimeF_dtTrue_Exp_0,Autoformer,96,96,1001,prollcov.csv,ETTh1
0,0.22857074,0.08689124,0.2947732,0.17784935,0.052812506,long_term_forecast_96_96ETTh1_w501_iprollcorr.csv_Autoformer_ETTh1_ftMS_sl96_ll48_pl96_dm512_nh8_el2_dl1_df2048_expand2_dc4_fc3_ebtimeF_dtTrue_Exp_0,Autoformer,96,96,501,iprollcorr.csv,ETTh1
0,0.23322311,0.08716655,0.2952398,0.16955084,0.045634326,long_term_forecast_720_96ETTh1_w751_pmutual_info.csv_TimeXer_ETTh1_ftMS_sl96_ll48_pl720_dm512_nh8_el1_dl1_df2048_expand2_dc4_fc3_ebtimeF_dtTrue_Exp_0,TimeXer,720,96,751,pmutual_info.csv,ETTh1
0,0.23374677,0.087315805,0.29549247,0.18624109,0.05906468,long_term_forecast_96_96ETTh1_w501_ipsmoothrandomwalk.csv_Autoformer_ETTh1_ftMS_sl96_ll48_pl96_dm512_nh8_el2_dl1_df2048_expand2_dc4_fc3_ebtimeF_dtTrue_Exp_0,Autoformer,96,96,501,ipsmoothrandomwalk.csv,ETTh1
0,0.22982003,0.088338524,0.29721797,0.1817043,0.056542702,long_term_forecast_96_96ETTh1_w501_iprandomwalk.csv_Autoformer_ETTh1_ftMS_sl96_ll48_pl96_dm512_nh8_el2_dl1_df2048_expand2_dc4_fc3_ebtimeF_dtTrue_Exp_0,Autoformer,96,96,501,iprandomwalk.csv,ETTh1
0,0.23300318,0.08836263,0.29725853,0.17274354,0.04808479,long_term_forecast_336_96ETTh1_w1001_pfarm.csv_PatchTST_ETTh1_ftMS_sl96_ll48_pl336_dm512_nh8_el1_dl1_df2048_expand2_dc4_fc3_ebtimeF_dtTrue_Exp_0,PatchTST,336,96,1001,pfarm.csv,ETTh1
0,0.23311158,0.088455945,0.29741544,0.17279229,0.048091646,long_term_forecast_336_96ETTh1.csv_PatchTST_ETTh1_ftMS_sl96_ll48_pl336_dm512_nh8_el1_dl1_df2048_expand2_dc4_fc3_ebtimeF_dtTrue_Exp_0,PatchTST,336,96,,identity,ETTh1
0,0.24415883,0.08931974,0.2988641,0.17910735,0.045666587,long_term_forecast_96_96ETTm1_w1251_ipfarm.csv_Crossformer_ETTm1_ftMS_sl96_ll48_pl96_dm512_nh8_el2_dl1_df2048_expand2_dc4_fc1_ebtimeF_dtTrue_Exp_0,Crossformer,96,96,1251,ipfarm.csv,ETTm1
0,0.22802386,0.08934007,0.2988981,0.17613395,0.052769106,long_term_forecast_96_96ETTh1_w1501_prollcov.csv_Autoformer_ETTh1_ftMS_sl96_ll48_pl96_dm512_nh8_el2_dl1_df2048_expand2_dc4_fc3_ebtimeF_dtTrue_Exp_0,Autoformer,96,96,1501,prollcov.csv,ETTh1
0,0.24382558,0.089433365,0.29905412,0.18557468,0.052076727,long_term_forecast_96_96ETTm1_w1001_ipentropy.csv_Crossformer_ETTm1_ftMS_sl96_ll48_pl96_dm512_nh8_el2_dl1_df2048_expand2_dc4_fc1_ebtimeF_dtTrue_Exp_0,Crossformer,96,96,1001,ipentropy.csv,ETTm1
0,0.25006324,0.089574166,0.29928944,0.18263145,0.04684582,long_term_forecast_96_96ETTm1_w1501_ipsmoothrandomwalk.csv_Crossformer_ETTm1_ftMS_sl96_ll48_pl96_dm512_nh8_el2_dl1_df2048_expand2_dc4_fc1_ebtimeF_dtTrue_Exp_0,Crossformer,96,96,1501,ipsmoothrandomwalk.csv,ETTm1
0,0.24460302,0.08985922,0.29976526,0.18497345,0.050487243,long_term_forecast_96_96ETTm1_w1251_prollcov.csv_Crossformer_ETTm1_ftMS_sl96_ll48_pl96_dm512_nh8_el2_dl1_df2048_expand2_dc4_fc1_ebtimeF_dtTrue_Exp_0,Crossformer,96,96,1251,prollcov.csv,ETTm1
0,0.23485006,0.09004132,0.30006886,0.19390221,0.07317603,long_term_forecast_96_96ETTm1_w751_pmutual_info.csv_Autoformer_ETTm1_ftMS_sl96_ll48_pl96_dm512_nh8_el2_dl1_df2048_expand2_dc4_fc3_ebtimeF_dtTrue_Exp_0,Autoformer,96,96,751,pmutual_info.csv,ETTm1
0,0.23392665,0.09007969,0.30013278,0.18524042,0.05960658,long_term_forecast_96_96ETTh1_w751_ipsmoothrandomwalk.csv_Autoformer_ETTh1_ftMS_sl96_ll48_pl96_dm512_nh8_el2_dl1_df2048_expand2_dc4_fc3_ebtimeF_dtTrue_Exp_0,Autoformer,96,96,751,ipsmoothrandomwalk.csv,ETTh1
0,0.23664297,0.0901985,0.30033067,0.17031738,0.0451878,long_term_forecast_720_96ETTh1.csv_PatchTST_ETTh1_ftMS_sl96_ll48_pl720_dm512_nh8_el1_dl1_df2048_expand2_dc4_fc3_ebtimeF_dtTrue_Exp_0,PatchTST,720,96,,identity,ETTh1
0,0.23664558,0.09020185,0.3003362,0.17033784,0.045211364,long_term_forecast_720_96ETTh1_w1001_pfarm.csv_PatchTST_ETTh1_ftMS_sl96_ll48_pl720_dm512_nh8_el1_dl1_df2048_expand2_dc4_fc3_ebtimeF_dtTrue_Exp_0,PatchTST,720,96,1001,pfarm.csv,ETTh1
0,0.2339877,0.09025511,0.30042487,0.18416192,0.058469594,long_term_forecast_96_96ETTh1_w751_prollcov.csv_Autoformer_ETTh1_ftMS_sl96_ll48_pl96_dm512_nh8_el2_dl1_df2048_expand2_dc4_fc3_ebtimeF_dtTrue_Exp_0,Autoformer,96,96,751,prollcov.csv,ETTh1
0,0.24817623,0.091252126,0.30207968,0.18885227,0.05333448,long_term_forecast_96_96ETTm1_w1501_pentropy.csv_Crossformer_ETTm1_ftMS_sl96_ll48_pl96_dm512_nh8_el2_dl1_df2048_expand2_dc4_fc1_ebtimeF_dtTrue_Exp_0,Crossformer,96,96,1501,pentropy.csv,ETTm1
0,0.2462182,0.09126769,0.30210543,0.18668352,0.05261034,long_term_forecast_96_96ETTm1_w1251_pentropy.csv_Crossformer_ETTm1_ftMS_sl96_ll48_pl96_dm512_nh8_el2_dl1_df2048_expand2_dc4_fc1_ebtimeF_dtTrue_Exp_0,Crossformer,96,96,1251,pentropy.csv,ETTm1
0,0.24437729,0.09132376,0.30219823,0.18096414,0.04879516,long_term_forecast_96_96ETTm1_w751_ipmutual_info.csv_Crossformer_ETTm1_ftMS_sl96_ll48_pl96_dm512_nh8_el2_dl1_df2048_expand2_dc4_fc1_ebtimeF_dtTrue_Exp_0,Crossformer,96,96,751,ipmutual_info.csv,ETTm1
0,0.24012482,0.09152928,0.30253807,0.20147514,0.07935946,long_term_forecast_96_96ETTm1_w1501_psmoothrandomwalk.csv_Autoformer_ETTm1_ftMS_sl96_ll48_pl96_dm512_nh8_el2_dl1_df2048_expand2_dc4_fc3_ebtimeF_dtTrue_Exp_0,Autoformer,96,96,1501,psmoothrandomwalk.csv,ETTm1
0,0.23420796,0.091748275,0.30289978,0.18154076,0.054964326,long_term_forecast_96_96ETTh1_w1251_pmutual_info.csv_Autoformer_ETTh1_ftMS_sl96_ll48_pl96_dm512_nh8_el2_dl1_df2048_expand2_dc4_fc3_ebtimeF_dtTrue_Exp_0,Autoformer,96,96,1251,pmutual_info.csv,ETTh1
0,0.2336192,0.09197663,0.30327648,0.18173291,0.055728264,long_term_forecast_96_96ETTh1_w751_iprollcorr.csv_Autoformer_ETTh1_ftMS_sl96_ll48_pl96_dm512_nh8_el2_dl1_df2048_expand2_dc4_fc3_ebtimeF_dtTrue_Exp_0,Autoformer,96,96,751,iprollcorr.csv,ETTh1
0,0.24614595,0.09226023,0.3037437,0.18595451,0.052269522,long_term_forecast_96_96ETTm1_w751_ipentropy.csv_Crossformer_ETTm1_ftMS_sl96_ll48_pl96_dm512_nh8_el2_dl1_df2048_expand2_dc4_fc1_ebtimeF_dtTrue_Exp_0,Crossformer,96,96,751,ipentropy.csv,ETTm1
0,0.23421013,0.092345394,0.30388385,0.18340535,0.05717628,long_term_forecast_96_96ETTh1_w501_prollcov.csv_Autoformer_ETTh1_ftMS_sl96_ll48_pl96_dm512_nh8_el2_dl1_df2048_expand2_dc4_fc3_ebtimeF_dtTrue_Exp_0,Autoformer,96,96,501,prollcov.csv,ETTh1
0,0.24819414,0.0926425,0.3043723,0.18178116,0.047094878,long_term_forecast_96_96ETTm1_w1001_iprollcov.csv_Crossformer_ETTm1_ftMS_sl96_ll48_pl96_dm512_nh8_el2_dl1_df2048_expand2_dc4_fc1_ebtimeF_dtTrue_Exp_0,Crossformer,96,96,1001,iprollcov.csv,ETTm1
0,0.046425983,0.0928316,0.3046828,0.9061081,35.33404,long_term_forecast_96_96Weather_w1251_prollcov.csv_Crossformer_Weather_ftMS_sl96_ll48_pl96_dm512_nh8_el2_dl1_df2048_expand2_dc4_fc3_ebtimeF_dtTrue_Exp_0,Crossformer,96,96,1251,prollcov.csv,Weather
0,0.23806308,0.09301793,0.3049884,0.18658176,0.062207382,long_term_forecast_192_96ETTh1.csv_Autoformer_ETTh1_ftMS_sl96_ll48_pl192_dm512_nh8_el2_dl1_df2048_expand2_dc4_fc3_ebtimeF_dtTrue_Exp_0,Autoformer,192,96,,identity,ETTh1
0,0.23601209,0.09309369,0.3051126,0.18352972,0.05619952,long_term_forecast_96_96ETTh1_w1001_iprollcov.csv_Autoformer_ETTh1_ftMS_sl96_ll48_pl96_dm512_nh8_el2_dl1_df2048_expand2_dc4_fc3_ebtimeF_dtTrue_Exp_0,Autoformer,96,96,1001,iprollcov.csv,ETTh1
0,0.25097346,0.09369829,0.30610177,0.18442693,0.048004914,long_term_forecast_96_96ETTm1_w1001_ipfarm.csv_Crossformer_ETTm1_ftMS_sl96_ll48_pl96_dm512_nh8_el2_dl1_df2048_expand2_dc4_fc1_ebtimeF_dtTrue_Exp_0,Crossformer,96,96,1001,ipfarm.csv,ETTm1
0,0.24163662,0.09437679,0.30720806,0.17447607,0.047915954,long_term_forecast_720_96ETTh1.csv_TimeXer_ETTh1_ftMS_sl96_ll48_pl720_dm512_nh8_el1_dl1_df2048_expand2_dc4_fc3_ebtimeF_dtTrue_Exp_0,TimeXer,720,96,,identity,ETTh1
0,0.25879467,0.09439922,0.30724457,0.18857914,0.048591994,long_term_forecast_96_96ETTm1_w1001_ipsmoothrandomwalk.csv_Crossformer_ETTm1_ftMS_sl96_ll48_pl96_dm512_nh8_el2_dl1_df2048_expand2_dc4_fc1_ebtimeF_dtTrue_Exp_0,Crossformer,96,96,1001,ipsmoothrandomwalk.csv,ETTm1
0,0.2582566,0.094524175,0.30744785,0.1874762,0.047951285,long_term_forecast_96_96ETTm1_w751_ipsmoothrandomwalk.csv_Crossformer_ETTm1_ftMS_sl96_ll48_pl96_dm512_nh8_el2_dl1_df2048_expand2_dc4_fc1_ebtimeF_dtTrue_Exp_0,Crossformer,96,96,751,ipsmoothrandomwalk.csv,ETTm1
0,0.23701093,0.09464948,0.30765155,0.18237281,0.05544973,long_term_forecast_96_96ETTh1_w1251_iprollcov.csv_Autoformer_ETTh1_ftMS_sl96_ll48_pl96_dm512_nh8_el2_dl1_df2048_expand2_dc4_fc3_ebtimeF_dtTrue_Exp_0,Autoformer,96,96,1251,iprollcov.csv,ETTh1
0,0.04405778,0.094824664,0.30793613,0.943728,44.51957,long_term_forecast_96_96Weather_w751_prollcov.csv_Crossformer_Weather_ftMS_sl96_ll48_pl96_dm512_nh8_el2_dl1_df2048_expand2_dc4_fc3_ebtimeF_dtTrue_Exp_0,Crossformer,96,96,751,prollcov.csv,Weather
0,0.25950512,0.09491018,0.30807495,0.18837388,0.048136454,long_term_forecast_96_96ETTm1_w501_ipsmoothrandomwalk.csv_Crossformer_ETTm1_ftMS_sl96_ll48_pl96_dm512_nh8_el2_dl1_df2048_expand2_dc4_fc1_ebtimeF_dtTrue_Exp_0,Crossformer,96,96,501,ipsmoothrandomwalk.csv,ETTm1
0,0.23832737,0.0952764,0.30866876,0.18447445,0.056658763,long_term_forecast_96_96ETTh1_w1501_pentropy.csv_Autoformer_ETTh1_ftMS_sl96_ll48_pl96_dm512_nh8_el2_dl1_df2048_expand2_dc4_fc3_ebtimeF_dtTrue_Exp_0,Autoformer,96,96,1501,pentropy.csv,ETTh1
0,0.23688471,0.09576008,0.30945125,0.18311237,0.055798158,long_term_forecast_96_96ETTh1_w501_ipentropy.csv_Autoformer_ETTh1_ftMS_sl96_ll48_pl96_dm512_nh8_el2_dl1_df2048_expand2_dc4_fc3_ebtimeF_dtTrue_Exp_0,Autoformer,96,96,501,ipentropy.csv,ETTh1
0,0.25206852,0.09583807,0.30957726,0.18650442,0.05026015,long_term_forecast_96_96ETTm1_w501_prollcorr.csv_Crossformer_ETTm1_ftMS_sl96_ll48_pl96_dm512_nh8_el2_dl1_df2048_expand2_dc4_fc1_ebtimeF_dtTrue_Exp_0,Crossformer,96,96,501,prollcorr.csv,ETTm1
0,0.24548309,0.09637662,0.31044585,0.1773608,0.049104635,long_term_forecast_720_96ETTh1_w1251_pmutual_info.csv_iTransformer_ETTh1_ftMS_sl96_ll48_pl720_dm512_nh8_el2_dl1_df2048_expand2_dc4_fc1_ebtimeF_dtTrue_Exp_0,iTransformer,720,96,1251,pmutual_info.csv,ETTh1
0,0.253868,0.096843325,0.3111966,0.18840167,0.05163999,long_term_forecast_96_96ETTm1_w1001_ipmutual_info.csv_Crossformer_ETTm1_ftMS_sl96_ll48_pl96_dm512_nh8_el2_dl1_df2048_expand2_dc4_fc1_ebtimeF_dtTrue_Exp_0,Crossformer,96,96,1001,ipmutual_info.csv,ETTm1
0,0.23918329,0.097246625,0.3118439,0.18675604,0.0583542,long_term_forecast_96_96ETTh1_w1251_ipentropy.csv_Autoformer_ETTh1_ftMS_sl96_ll48_pl96_dm512_nh8_el2_dl1_df2048_expand2_dc4_fc3_ebtimeF_dtTrue_Exp_0,Autoformer,96,96,1251,ipentropy.csv,ETTh1
0,0.2403668,0.09752831,0.31229523,0.1855846,0.05767727,long_term_forecast_96_96ETTh1_w1001_iprollcorr.csv_Autoformer_ETTh1_ftMS_sl96_ll48_pl96_dm512_nh8_el2_dl1_df2048_expand2_dc4_fc3_ebtimeF_dtTrue_Exp_0,Autoformer,96,96,1001,iprollcorr.csv,ETTh1
0,0.23929873,0.097761944,0.31266907,0.6457762,13.501751,long_term_forecast_96_96ETTm2_w501_iprollcorr.csv_Crossformer_ETTm2_ftMS_sl96_ll48_pl96_dm512_nh8_el2_dl1_df2048_expand2_dc4_fc1_ebtimeF_dtTrue_Exp_0,Crossformer,96,96,501,iprollcorr.csv,ETTm2
0,0.2433386,0.09817294,0.3133256,0.19563778,0.068312824,long_term_forecast_96_96ETTh1_w751_pentropy.csv_Autoformer_ETTh1_ftMS_sl96_ll48_pl96_dm512_nh8_el2_dl1_df2048_expand2_dc4_fc3_ebtimeF_dtTrue_Exp_0,Autoformer,96,96,751,pentropy.csv,ETTh1
0,0.2585058,0.09830775,0.31354067,0.19839664,0.059004612,long_term_forecast_96_96ETTm1_w1251_ipentropy.csv_Crossformer_ETTm1_ftMS_sl96_ll48_pl96_dm512_nh8_el2_dl1_df2048_expand2_dc4_fc1_ebtimeF_dtTrue_Exp_0,Crossformer,96,96,1251,ipentropy.csv,ETTm1
0,0.24244945,0.09842739,0.3137314,0.18938833,0.05920265,long_term_forecast_96_96ETTh1_w1001_prollcorr.csv_Autoformer_ETTh1_ftMS_sl96_ll48_pl96_dm512_nh8_el2_dl1_df2048_expand2_dc4_fc3_ebtimeF_dtTrue_Exp_0,Autoformer,96,96,1001,prollcorr.csv,ETTh1
0,0.24269448,0.09860732,0.314018,0.19496593,0.06978055,long_term_forecast_96_96ETTh1_w501_ipfarm.csv_Autoformer_ETTh1_ftMS_sl96_ll48_pl96_dm512_nh8_el2_dl1_df2048_expand2_dc4_fc3_ebtimeF_dtTrue_Exp_0,Autoformer,96,96,501,ipfarm.csv,ETTh1
0,0.24622113,0.09882064,0.31435752,0.19250023,0.06109944,long_term_forecast_96_96ETTh1_w1501_pfarm.csv_Autoformer_ETTh1_ftMS_sl96_ll48_pl96_dm512_nh8_el2_dl1_df2048_expand2_dc4_fc3_ebtimeF_dtTrue_Exp_0,Autoformer,96,96,1501,pfarm.csv,ETTh1
0,0.24473944,0.09884703,0.31439948,0.19485863,0.0655326,long_term_forecast_96_96ETTh1_w1251_psmoothrandomwalk.csv_Autoformer_ETTh1_ftMS_sl96_ll48_pl96_dm512_nh8_el2_dl1_df2048_expand2_dc4_fc3_ebtimeF_dtTrue_Exp_0,Autoformer,96,96,1251,psmoothrandomwalk.csv,ETTh1
0,0.26044095,0.09894088,0.3145487,0.20091595,0.06070292,long_term_forecast_96_96ETTm1_w1501_ipentropy.csv_Crossformer_ETTm1_ftMS_sl96_ll48_pl96_dm512_nh8_el2_dl1_df2048_expand2_dc4_fc1_ebtimeF_dtTrue_Exp_0,Crossformer,96,96,1501,ipentropy.csv,ETTm1
0,0.23651066,0.09905751,0.31473404,0.18345079,0.05849726,long_term_forecast_96_96ETTh1_w1251_ipmutual_info.csv_Autoformer_ETTh1_ftMS_sl96_ll48_pl96_dm512_nh8_el2_dl1_df2048_expand2_dc4_fc3_ebtimeF_dtTrue_Exp_0,Autoformer,96,96,1251,ipmutual_info.csv,ETTh1
0,0.24682452,0.099431664,0.31532785,0.19264743,0.06380072,long_term_forecast_720_96ETTm1.csv_Autoformer_ETTm1_ftMS_sl96_ll48_pl720_dm512_nh8_el2_dl1_df2048_expand2_dc4_fc3_ebtimeF_dtTrue_Exp_0,Autoformer,720,96,,identity,ETTm1
0,0.24188487,0.09961134,0.31561264,0.18714966,0.057700727,long_term_forecast_96_96ETTh1_w501_prollcorr.csv_Autoformer_ETTh1_ftMS_sl96_ll48_pl96_dm512_nh8_el2_dl1_df2048_expand2_dc4_fc3_ebtimeF_dtTrue_Exp_0,Autoformer,96,96,501,prollcorr.csv,ETTh1
0,0.24268596,0.09964746,0.31566986,0.18690287,0.05870716,long_term_forecast_96_96ETTh1_w1501_psmoothrandomwalk.csv_Autoformer_ETTh1_ftMS_sl96_ll48_pl96_dm512_nh8_el2_dl1_df2048_expand2_dc4_fc3_ebtimeF_dtTrue_Exp_0,Autoformer,96,96,1501,psmoothrandomwalk.csv,ETTh1
0,0.24370682,0.09982051,0.31594384,0.19233835,0.06599333,long_term_forecast_96_96ETTh1_w1251_prollcov.csv_Autoformer_ETTh1_ftMS_sl96_ll48_pl96_dm512_nh8_el2_dl1_df2048_expand2_dc4_fc3_ebtimeF_dtTrue_Exp_0,Autoformer,96,96,1251,prollcov.csv,ETTh1
0,0.24282558,0.09994375,0.3161388,0.19010332,0.061614387,long_term_forecast_96_96ETTh1_w1001_ipmutual_info.csv_Autoformer_ETTh1_ftMS_sl96_ll48_pl96_dm512_nh8_el2_dl1_df2048_expand2_dc4_fc3_ebtimeF_dtTrue_Exp_0,Autoformer,96,96,1001,ipmutual_info.csv,ETTh1
0,0.2415408,0.10015133,0.31646696,0.1870468,0.058642022,long_term_forecast_96_96ETTh1_w501_ipmutual_info.csv_Autoformer_ETTh1_ftMS_sl96_ll48_pl96_dm512_nh8_el2_dl1_df2048_expand2_dc4_fc3_ebtimeF_dtTrue_Exp_0,Autoformer,96,96,501,ipmutual_info.csv,ETTh1
0,0.25616708,0.100225985,0.3165849,0.19606315,0.058981515,long_term_forecast_96_96ETTm1_w1501_prollcorr.csv_Crossformer_ETTm1_ftMS_sl96_ll48_pl96_dm512_nh8_el2_dl1_df2048_expand2_dc4_fc1_ebtimeF_dtTrue_Exp_0,Crossformer,96,96,1501,prollcorr.csv,ETTm1
0,0.26455063,0.10082248,0.31752557,0.20313862,0.06089482,long_term_forecast_96_96ETTm1_w751_pentropy.csv_Crossformer_ETTm1_ftMS_sl96_ll48_pl96_dm512_nh8_el2_dl1_df2048_expand2_dc4_fc1_ebtimeF_dtTrue_Exp_0,Crossformer,96,96,751,pentropy.csv,ETTm1
0,0.24512449,0.10097627,0.31776765,0.19348848,0.06508463,long_term_forecast_96_96ETTh1_w751_prollcorr.csv_Autoformer_ETTh1_ftMS_sl96_ll48_pl96_dm512_nh8_el2_dl1_df2048_expand2_dc4_fc3_ebtimeF_dtTrue_Exp_0,Autoformer,96,96,751,prollcorr.csv,ETTh1
0,0.26123202,0.101093814,0.31795254,0.19125503,0.05121391,long_term_forecast_96_96ETTm1_w501_iprollcov.csv_Crossformer_ETTm1_ftMS_sl96_ll48_pl96_dm512_nh8_el2_dl1_df2048_expand2_dc4_fc1_ebtimeF_dtTrue_Exp_0,Crossformer,96,96,501,iprollcov.csv,ETTm1
0,0.2359287,0.10129113,0.31826267,0.58073914,13.931169,long_term_forecast_192_96ETTm2_w1001_prollcorr.csv_PatchTST_ETTm2_ftMS_sl96_ll48_pl192_dm512_nh8_el3_dl1_df2048_expand2_dc4_fc3_ebtimeF_dtTrue_Exp_0,PatchTST,192,96,1001,prollcorr.csv,ETTm2
0,0.25064415,0.10129994,0.31827652,0.18001343,0.05055603,long_term_forecast_720_96ETTh1.csv_iTransformer_ETTh1_ftMS_sl96_ll48_pl720_dm512_nh8_el2_dl1_df2048_expand2_dc4_fc1_ebtimeF_dtTrue_Exp_0,iTransformer,720,96,,identity,ETTh1
0,0.24616943,0.10155166,0.3186717,0.19467264,0.06433861,long_term_forecast_96_96ETTh1_w1501_ipentropy.csv_Autoformer_ETTh1_ftMS_sl96_ll48_pl96_dm512_nh8_el2_dl1_df2048_expand2_dc4_fc3_ebtimeF_dtTrue_Exp_0,Autoformer,96,96,1501,ipentropy.csv,ETTh1
0,0.2367659,0.10171682,0.31893075,0.6004605,16.40342,long_term_forecast_192_96ETTm2_w1251_pentropy.csv_TimeXer_ETTm2_ftMS_sl96_ll48_pl192_dm512_nh8_el1_dl1_df2048_expand2_dc4_fc3_ebtimeF_dtTrue_Exp_0,TimeXer,192,96,1251,pentropy.csv,ETTm2
0,0.24726759,0.1022895,0.3198273,0.19182049,0.060076825,long_term_forecast_96_96ETTh1_w751_ipentropy.csv_Autoformer_ETTh1_ftMS_sl96_ll48_pl96_dm512_nh8_el2_dl1_df2048_expand2_dc4_fc3_ebtimeF_dtTrue_Exp_0,Autoformer,96,96,751,ipentropy.csv,ETTh1
0,0.23988296,0.10256726,0.32026124,0.5945385,15.158286,long_term_forecast_192_96ETTm2.csv_PatchTST_ETTm2_ftMS_sl96_ll48_pl192_dm512_nh8_el3_dl1_df2048_expand2_dc4_fc3_ebtimeF_dtTrue_Exp_0,PatchTST,192,96,,identity,ETTm2
0,0.24965188,0.1027703,0.32057807,0.19466354,0.06543325,long_term_forecast_720_96ETTm1_w1251_ipfarm.csv_Autoformer_ETTm1_ftMS_sl96_ll48_pl720_dm512_nh8_el2_dl1_df2048_expand2_dc4_fc3_ebtimeF_dtTrue_Exp_0,Autoformer,720,96,1251,ipfarm.csv,ETTm1
0,0.24634686,0.102866374,0.32072788,0.19415171,0.06423574,long_term_forecast_96_96ETTh1_w501_prandomwalk.csv_Autoformer_ETTh1_ftMS_sl96_ll48_pl96_dm512_nh8_el2_dl1_df2048_expand2_dc4_fc3_ebtimeF_dtTrue_Exp_0,Autoformer,96,96,501,prandomwalk.csv,ETTh1
0,0.24815388,0.10288968,0.3207642,0.19565472,0.06710446,long_term_forecast_96_96ETTh1_w1001_ipsmoothrandomwalk.csv_Autoformer_ETTh1_ftMS_sl96_ll48_pl96_dm512_nh8_el2_dl1_df2048_expand2_dc4_fc3_ebtimeF_dtTrue_Exp_0,Autoformer,96,96,1001,ipsmoothrandomwalk.csv,ETTh1
0,0.24934676,0.10307169,0.3210478,0.19631669,0.06557188,long_term_forecast_96_96ETTh1_w1251_ipsmoothrandomwalk.csv_Autoformer_ETTh1_ftMS_sl96_ll48_pl96_dm512_nh8_el2_dl1_df2048_expand2_dc4_fc3_ebtimeF_dtTrue_Exp_0,Autoformer,96,96,1251,ipsmoothrandomwalk.csv,ETTh1
0,0.24818638,0.10337196,0.3215151,0.1951033,0.06435622,long_term_forecast_96_96ETTh1_w501_pentropy.csv_Autoformer_ETTh1_ftMS_sl96_ll48_pl96_dm512_nh8_el2_dl1_df2048_expand2_dc4_fc3_ebtimeF_dtTrue_Exp_0,Autoformer,96,96,501,pentropy.csv,ETTh1
0,0.24987686,0.10355455,0.32179892,0.19790395,0.06615762,long_term_forecast_96_96ETTh1_w1001_psmoothrandomwalk.csv_Autoformer_ETTh1_ftMS_sl96_ll48_pl96_dm512_nh8_el2_dl1_df2048_expand2_dc4_fc3_ebtimeF_dtTrue_Exp_0,Autoformer,96,96,1001,psmoothrandomwalk.csv,ETTh1
0,0.23959883,0.10365098,0.32194874,0.6205317,17.201036,long_term_forecast_192_96ETTm2.csv_TimeXer_ETTm2_ftMS_sl96_ll48_pl192_dm512_nh8_el1_dl1_df2048_expand2_dc4_fc3_ebtimeF_dtTrue_Exp_0,TimeXer,192,96,,identity,ETTm2
0,0.25674438,0.10444464,0.32317895,0.21677737,0.09290951,long_term_forecast_96_96ETTm1_w751_psmoothrandomwalk.csv_Autoformer_ETTm1_ftMS_sl96_ll48_pl96_dm512_nh8_el2_dl1_df2048_expand2_dc4_fc3_ebtimeF_dtTrue_Exp_0,Autoformer,96,96,751,psmoothrandomwalk.csv,ETTm1
0,0.24652769,0.1046283,0.323463,0.19316326,0.06440974,long_term_forecast_96_96ETTh1_w1501_ipmutual_info.csv_Autoformer_ETTh1_ftMS_sl96_ll48_pl96_dm512_nh8_el2_dl1_df2048_expand2_dc4_fc3_ebtimeF_dtTrue_Exp_0,Autoformer,96,96,1501,ipmutual_info.csv,ETTh1
0,0.24249661,0.10467019,0.32352772,0.6189525,15.348469,long_term_forecast_ETTh1_192_96ETTm2_w1501_iprollcorr.csv_iTransformer_ETTm2_ftMS_sl96_ll48_pl192_dm512_nh8_el2_dl1_df2048_expand2_dc4_fc1_ebtimeF_dtTrue_Exp_0,iTransformer,192,96,1501,iprollcorr.csv,ETTm2
0,0.26760477,0.10513222,0.32424098,0.20025812,0.05689438,long_term_forecast_96_96ETTm1_w751_pfarm.csv_Crossformer_ETTm1_ftMS_sl96_ll48_pl96_dm512_nh8_el2_dl1_df2048_expand2_dc4_fc1_ebtimeF_dtTrue_Exp_0,Crossformer,96,96,751,pfarm.csv,ETTm1
0,0.24460982,0.10529768,0.32449603,0.632372,16.455317,long_term_forecast_ETTh1_192_96ETTm2_w501_ipmutual_info.csv_iTransformer_ETTm2_ftMS_sl96_ll48_pl192_dm512_nh8_el2_dl1_df2048_expand2_dc4_fc1_ebtimeF_dtTrue_Exp_0,iTransformer,192,96,501,ipmutual_info.csv,ETTm2
0,0.24855725,0.10566019,0.32505414,0.19560754,0.067487516,long_term_forecast_96_96ETTh1_w1501_ipsmoothrandomwalk.csv_Autoformer_ETTh1_ftMS_sl96_ll48_pl96_dm512_nh8_el2_dl1_df2048_expand2_dc4_fc3_ebtimeF_dtTrue_Exp_0,Autoformer,96,96,1501,ipsmoothrandomwalk.csv,ETTh1
0,0.27048326,0.10577128,0.32522497,0.20061511,0.05619282,long_term_forecast_96_96ETTm1_w1501_iprollcorr.csv_Crossformer_ETTm1_ftMS_sl96_ll48_pl96_dm512_nh8_el2_dl1_df2048_expand2_dc4_fc1_ebtimeF_dtTrue_Exp_0,Crossformer,96,96,1501,iprollcorr.csv,ETTm1
0,0.25115997,0.10601856,0.32560492,0.1938759,0.06338808,long_term_forecast_96_96ETTh1_w1251_iprollcorr.csv_Autoformer_ETTh1_ftMS_sl96_ll48_pl96_dm512_nh8_el2_dl1_df2048_expand2_dc4_fc3_ebtimeF_dtTrue_Exp_0,Autoformer,96,96,1251,iprollcorr.csv,ETTh1
0,0.24496114,0.10603403,0.32562867,0.6271423,15.888778,long_term_forecast_ETTh1_192_96ETTm2_w1251_iprollcorr.csv_iTransformer_ETTm2_ftMS_sl96_ll48_pl192_dm512_nh8_el2_dl1_df2048_expand2_dc4_fc1_ebtimeF_dtTrue_Exp_0,iTransformer,192,96,1251,iprollcorr.csv,ETTm2
0,0.247191,0.1061645,0.32582894,0.19221172,0.06310468,long_term_forecast_96_96ETTh1_w751_ipmutual_info.csv_Autoformer_ETTh1_ftMS_sl96_ll48_pl96_dm512_nh8_el2_dl1_df2048_expand2_dc4_fc3_ebtimeF_dtTrue_Exp_0,Autoformer,96,96,751,ipmutual_info.csv,ETTh1
0,0.25791675,0.10627444,0.32599762,0.21091005,0.08298371,long_term_forecast_96_96ETTh1_w501_iprollcov.csv_Autoformer_ETTh1_ftMS_sl96_ll48_pl96_dm512_nh8_el2_dl1_df2048_expand2_dc4_fc3_ebtimeF_dtTrue_Exp_0,Autoformer,96,96,501,iprollcov.csv,ETTh1
0,0.2697104,0.106965944,0.3270565,0.19967327,0.05599728,long_term_forecast_96_96ETTm1_w1001_pfarm.csv_Crossformer_ETTm1_ftMS_sl96_ll48_pl96_dm512_nh8_el2_dl1_df2048_expand2_dc4_fc1_ebtimeF_dtTrue_Exp_0,Crossformer,96,96,1001,pfarm.csv,ETTm1
0,0.27201205,0.10698565,0.3270866,0.2031996,0.05817116,long_term_forecast_96_96ETTm1_w1251_ipmutual_info.csv_Crossformer_ETTm1_ftMS_sl96_ll48_pl96_dm512_nh8_el2_dl1_df2048_expand2_dc4_fc1_ebtimeF_dtTrue_Exp_0,Crossformer,96,96,1251,ipmutual_info.csv,ETTm1
0,0.2631492,0.107094705,0.32725328,0.19778508,0.059072852,long_term_forecast_96_96ETTm1_w1251_prollcorr.csv_Crossformer_ETTm1_ftMS_sl96_ll48_pl96_dm512_nh8_el2_dl1_df2048_expand2_dc4_fc1_ebtimeF_dtTrue_Exp_0,Crossformer,96,96,1251,prollcorr.csv,ETTm1
0,0.25198856,0.10748983,0.32785642,0.19811928,0.06984905,long_term_forecast_96_96ETTh1_w751_ipfarm.csv_Autoformer_ETTh1_ftMS_sl96_ll48_pl96_dm512_nh8_el2_dl1_df2048_expand2_dc4_fc3_ebtimeF_dtTrue_Exp_0,Autoformer,96,96,751,ipfarm.csv,ETTh1
0,0.2778758,0.108108036,0.32879788,0.21480443,0.066653654,long_term_forecast_96_96ETTm1_w1001_pentropy.csv_Crossformer_ETTm1_ftMS_sl96_ll48_pl96_dm512_nh8_el2_dl1_df2048_expand2_dc4_fc1_ebtimeF_dtTrue_Exp_0,Crossformer,96,96,1001,pentropy.csv,ETTm1
0,0.25326285,0.10839258,0.32923028,0.19482559,0.06269056,long_term_forecast_96_96ETTh1_w1501_iprollcov.csv_Autoformer_ETTh1_ftMS_sl96_ll48_pl96_dm512_nh8_el2_dl1_df2048_expand2_dc4_fc3_ebtimeF_dtTrue_Exp_0,Autoformer,96,96,1501,iprollcov.csv,ETTh1
0,0.27505755,0.10842543,0.32928017,0.20765176,0.061150506,long_term_forecast_96_96ETTm1_w501_ipentropy.csv_Crossformer_ETTm1_ftMS_sl96_ll48_pl96_dm512_nh8_el2_dl1_df2048_expand2_dc4_fc1_ebtimeF_dtTrue_Exp_0,Crossformer,96,96,501,ipentropy.csv,ETTm1
0,0.24947818,0.10842753,0.32928336,0.1916803,0.06319509,long_term_forecast_96_96ETTh1_w1501_iprollcorr.csv_Autoformer_ETTh1_ftMS_sl96_ll48_pl96_dm512_nh8_el2_dl1_df2048_expand2_dc4_fc3_ebtimeF_dtTrue_Exp_0,Autoformer,96,96,1501,iprollcorr.csv,ETTh1
0,0.25566018,0.108530186,0.3294392,0.20132864,0.07069483,long_term_forecast_96_96ETTh1_w1001_pfarm.csv_Autoformer_ETTh1_ftMS_sl96_ll48_pl96_dm512_nh8_el2_dl1_df2048_expand2_dc4_fc3_ebtimeF_dtTrue_Exp_0,Autoformer,96,96,1001,pfarm.csv,ETTh1
0,0.27374882,0.10853772,0.32945064,0.20325752,0.057691794,long_term_forecast_96_96ETTm1_w1501_pfarm.csv_Crossformer_ETTm1_ftMS_sl96_ll48_pl96_dm512_nh8_el2_dl1_df2048_expand2_dc4_fc1_ebtimeF_dtTrue_Exp_0,Crossformer,96,96,1501,pfarm.csv,ETTm1
0,0.253221,0.109052256,0.33023062,0.19885683,0.069165066,long_term_forecast_96_96ETTh1_w1251_pentropy.csv_Autoformer_ETTh1_ftMS_sl96_ll48_pl96_dm512_nh8_el2_dl1_df2048_expand2_dc4_fc3_ebtimeF_dtTrue_Exp_0,Autoformer,96,96,1251,pentropy.csv,ETTh1
0,0.24905364,0.110248454,0.33203682,0.63733643,16.272026,long_term_forecast_ETTh1_192_96ETTm2_w501_pfarm.csv_iTransformer_ETTm2_ftMS_sl96_ll48_pl192_dm512_nh8_el2_dl1_df2048_expand2_dc4_fc1_ebtimeF_dtTrue_Exp_0,iTransformer,192,96,501,pfarm.csv,ETTm2
0,0.24846503,0.110434026,0.33231616,0.64789015,17.23773,long_term_forecast_ETTh1_192_96ETTm2_w1501_iprollcov.csv_iTransformer_ETTm2_ftMS_sl96_ll48_pl192_dm512_nh8_el2_dl1_df2048_expand2_dc4_fc1_ebtimeF_dtTrue_Exp_0,iTransformer,192,96,1501,iprollcov.csv,ETTm2
0,0.25324947,0.111733094,0.334265,0.19695897,0.06693405,long_term_forecast_96_96ETTh1_w751_iprollcov.csv_Autoformer_ETTh1_ftMS_sl96_ll48_pl96_dm512_nh8_el2_dl1_df2048_expand2_dc4_fc3_ebtimeF_dtTrue_Exp_0,Autoformer,96,96,751,iprollcov.csv,ETTh1
0,0.2487395,0.11195598,0.33459824,0.64553607,18.012373,long_term_forecast_ETTh1_192_96ETTm2_w751_ipmutual_info.csv_iTransformer_ETTm2_ftMS_sl96_ll48_pl192_dm512_nh8_el2_dl1_df2048_expand2_dc4_fc1_ebtimeF_dtTrue_Exp_0,iTransformer,192,96,751,ipmutual_info.csv,ETTm2
0,0.26119262,0.11216059,0.33490387,0.20674323,0.07238555,long_term_forecast_96_96ETTh1_w751_psmoothrandomwalk.csv_Autoformer_ETTh1_ftMS_sl96_ll48_pl96_dm512_nh8_el2_dl1_df2048_expand2_dc4_fc3_ebtimeF_dtTrue_Exp_0,Autoformer,96,96,751,psmoothrandomwalk.csv,ETTh1
0,0.26190698,0.11227887,0.3350804,0.51522154,8.504835,long_term_forecast_96_96ETTm2_w751_ipsmoothrandomwalk.csv_Crossformer_ETTm2_ftMS_sl96_ll48_pl96_dm512_nh8_el2_dl1_df2048_expand2_dc4_fc1_ebtimeF_dtTrue_Exp_0,Crossformer,96,96,751,ipsmoothrandomwalk.csv,ETTm2
0,0.24907736,0.11234597,0.3351805,0.6451361,17.632004,long_term_forecast_ETTh1_192_96ETTm2_w1001_iprollcorr.csv_iTransformer_ETTm2_ftMS_sl96_ll48_pl192_dm512_nh8_el2_dl1_df2048_expand2_dc4_fc1_ebtimeF_dtTrue_Exp_0,iTransformer,192,96,1001,iprollcorr.csv,ETTm2
0,0.24868938,0.11245576,0.33534425,0.6381605,17.486845,long_term_forecast_ETTh1_192_96ETTm2_w1001_ipmutual_info.csv_iTransformer_ETTm2_ftMS_sl96_ll48_pl192_dm512_nh8_el2_dl1_df2048_expand2_dc4_fc1_ebtimeF_dtTrue_Exp_0,iTransformer,192,96,1001,ipmutual_info.csv,ETTm2
0,0.25850177,0.11276945,0.33581161,0.6286955,14.474049,long_term_forecast_96_96ETTm2_w751_iprollcov.csv_Autoformer_ETTm2_ftMS_sl96_ll48_pl96_dm512_nh8_el2_dl1_df2048_expand2_dc4_fc1_ebtimeF_dtTrue_Exp_0,Autoformer,96,96,751,iprollcov.csv,ETTm2
0,0.25227755,0.11334961,0.33667433,0.654306,17.808432,long_term_forecast_ETTh1_192_96ETTm2_w501_iprollcov.csv_iTransformer_ETTm2_ftMS_sl96_ll48_pl192_dm512_nh8_el2_dl1_df2048_expand2_dc4_fc1_ebtimeF_dtTrue_Exp_0,iTransformer,192,96,501,iprollcov.csv,ETTm2
0,0.253693,0.11342268,0.33678284,0.20959666,0.092781655,long_term_forecast_96_96ETTm1_w1251_psmoothrandomwalk.csv_Autoformer_ETTm1_ftMS_sl96_ll48_pl96_dm512_nh8_el2_dl1_df2048_expand2_dc4_fc3_ebtimeF_dtTrue_Exp_0,Autoformer,96,96,1251,psmoothrandomwalk.csv,ETTm1
0,0.25076467,0.113736846,0.33724895,0.6586546,19.062403,long_term_forecast_ETTh1_192_96ETTm2_w1251_prollcov.csv_iTransformer_ETTm2_ftMS_sl96_ll48_pl192_dm512_nh8_el2_dl1_df2048_expand2_dc4_fc1_ebtimeF_dtTrue_Exp_0,iTransformer,192,96,1251,prollcov.csv,ETTm2
0,0.2524212,0.11378897,0.3373262,0.660764,18.419699,long_term_forecast_ETTh1_192_96ETTm2_w751_iprollcorr.csv_iTransformer_ETTm2_ftMS_sl96_ll48_pl192_dm512_nh8_el2_dl1_df2048_expand2_dc4_fc1_ebtimeF_dtTrue_Exp_0,iTransformer,192,96,751,iprollcorr.csv,ETTm2
0,0.2513916,0.11424929,0.33800784,0.65859723,19.32638,long_term_forecast_ETTh1_192_96ETTm2_w1501_prollcov.csv_iTransformer_ETTm2_ftMS_sl96_ll48_pl192_dm512_nh8_el2_dl1_df2048_expand2_dc4_fc1_ebtimeF_dtTrue_Exp_0,iTransformer,192,96,1501,prollcov.csv,ETTm2
0,0.25266823,0.11466244,0.33861843,0.65065926,17.848143,long_term_forecast_ETTh1_192_96ETTm2_w1001_iprollcov.csv_iTransformer_ETTm2_ftMS_sl96_ll48_pl192_dm512_nh8_el2_dl1_df2048_expand2_dc4_fc1_ebtimeF_dtTrue_Exp_0,iTransformer,192,96,1001,iprollcov.csv,ETTm2
0,0.254756,0.115127675,0.3393047,0.671756,18.817663,long_term_forecast_ETTh1_192_96ETTm2_w1001_prollcorr.csv_iTransformer_ETTm2_ftMS_sl96_ll48_pl192_dm512_nh8_el2_dl1_df2048_expand2_dc4_fc1_ebtimeF_dtTrue_Exp_0,iTransformer,192,96,1001,prollcorr.csv,ETTm2
0,0.2607023,0.11555776,0.33993787,0.20200056,0.06650032,long_term_forecast_96_96ETTh1_w1001_ipentropy.csv_Autoformer_ETTh1_ftMS_sl96_ll48_pl96_dm512_nh8_el2_dl1_df2048_expand2_dc4_fc3_ebtimeF_dtTrue_Exp_0,Autoformer,96,96,1001,ipentropy.csv,ETTh1
0,0.25428712,0.11597532,0.3405515,0.6714129,18.35493,long_term_forecast_ETTh1_192_96ETTm2_w1251_pentropy.csv_iTransformer_ETTm2_ftMS_sl96_ll48_pl192_dm512_nh8_el2_dl1_df2048_expand2_dc4_fc1_ebtimeF_dtTrue_Exp_0,iTransformer,192,96,1251,pentropy.csv,ETTm2
0,0.25345227,0.115988865,0.34057137,0.66923743,19.401663,long_term_forecast_ETTh1_192_96ETTm2_w1001_pmutual_info.csv_iTransformer_ETTm2_ftMS_sl96_ll48_pl192_dm512_nh8_el2_dl1_df2048_expand2_dc4_fc1_ebtimeF_dtTrue_Exp_0,iTransformer,192,96,1001,pmutual_info.csv,ETTm2
0,0.2551416,0.11600122,0.34058952,0.6890121,19.853365,long_term_forecast_ETTh1_192_96ETTm2_w751_pentropy.csv_iTransformer_ETTm2_ftMS_sl96_ll48_pl192_dm512_nh8_el2_dl1_df2048_expand2_dc4_fc1_ebtimeF_dtTrue_Exp_0,iTransformer,192,96,751,pentropy.csv,ETTm2
0,0.2539533,0.116229065,0.34092385,0.67162883,18.712845,long_term_forecast_ETTh1_192_96ETTm2_w501_ipentropy.csv_iTransformer_ETTm2_ftMS_sl96_ll48_pl192_dm512_nh8_el2_dl1_df2048_expand2_dc4_fc1_ebtimeF_dtTrue_Exp_0,iTransformer,192,96,501,ipentropy.csv,ETTm2
0,0.2667271,0.11637306,0.34113497,0.20358051,0.067113064,long_term_forecast_96_96ETTh1.csv_Autoformer_ETTh1_ftMS_sl96_ll48_pl96_dm512_nh8_el2_dl1_df2048_expand2_dc4_fc3_ebtimeF_dtTrue_Exp_0,Autoformer,96,96,,identity,ETTh1
0,0.28504497,0.11671947,0.34164232,0.21009806,0.060533307,long_term_forecast_96_96ETTm1_w501_ipmutual_info.csv_Crossformer_ETTm1_ftMS_sl96_ll48_pl96_dm512_nh8_el2_dl1_df2048_expand2_dc4_fc1_ebtimeF_dtTrue_Exp_0,Crossformer,96,96,501,ipmutual_info.csv,ETTm1
0,0.25338045,0.116747595,0.34168348,0.6617374,18.108019,long_term_forecast_ETTh1_192_96ETTm2_w751_iprollcov.csv_iTransformer_ETTm2_ftMS_sl96_ll48_pl192_dm512_nh8_el2_dl1_df2048_expand2_dc4_fc1_ebtimeF_dtTrue_Exp_0,iTransformer,192,96,751,iprollcov.csv,ETTm2
0,0.26674762,0.11708681,0.3421795,0.52173316,8.570406,long_term_forecast_96_96ETTm2_w1001_ipsmoothrandomwalk.csv_Crossformer_ETTm2_ftMS_sl96_ll48_pl96_dm512_nh8_el2_dl1_df2048_expand2_dc4_fc1_ebtimeF_dtTrue_Exp_0,Crossformer,96,96,1001,ipsmoothrandomwalk.csv,ETTm2
0,0.25478467,0.117174216,0.34230718,0.67565435,19.505535,long_term_forecast_ETTh1_192_96ETTm2_w1001_pentropy.csv_iTransformer_ETTm2_ftMS_sl96_ll48_pl192_dm512_nh8_el2_dl1_df2048_expand2_dc4_fc1_ebtimeF_dtTrue_Exp_0,iTransformer,192,96,1001,pentropy.csv,ETTm2
0,0.25495377,0.11730139,0.3424929,0.6645027,18.56313,long_term_forecast_ETTh1_192_96ETTm2_w1501_prollcorr.csv_iTransformer_ETTm2_ftMS_sl96_ll48_pl192_dm512_nh8_el2_dl1_df2048_expand2_dc4_fc1_ebtimeF_dtTrue_Exp_0,iTransformer,192,96,1501,prollcorr.csv,ETTm2
0,0.2560177,0.117487356,0.3427643,0.66926736,18.927427,long_term_forecast_ETTh1_192_96ETTm2_w1251_prollcorr.csv_iTransformer_ETTm2_ftMS_sl96_ll48_pl192_dm512_nh8_el2_dl1_df2048_expand2_dc4_fc1_ebtimeF_dtTrue_Exp_0,iTransformer,192,96,1251,prollcorr.csv,ETTm2
0,0.25607854,0.11750635,0.34279197,0.6736712,18.878805,long_term_forecast_ETTh1_192_96ETTm2_w501_pentropy.csv_iTransformer_ETTm2_ftMS_sl96_ll48_pl192_dm512_nh8_el2_dl1_df2048_expand2_dc4_fc1_ebtimeF_dtTrue_Exp_0,iTransformer,192,96,501,pentropy.csv,ETTm2
0,0.25521076,0.11774021,0.34313294,0.67248446,19.712818,long_term_forecast_ETTh1_192_96ETTm2_w751_prollcorr.csv_iTransformer_ETTm2_ftMS_sl96_ll48_pl192_dm512_nh8_el2_dl1_df2048_expand2_dc4_fc1_ebtimeF_dtTrue_Exp_0,iTransformer,192,96,751,prollcorr.csv,ETTm2
0,0.27317852,0.11774688,0.34314266,0.2036762,0.068869345,long_term_forecast_720_96ETTh1_w501_pmutual_info.csv_Autoformer_ETTh1_ftMS_sl96_ll48_pl720_dm512_nh8_el2_dl1_df2048_expand2_dc4_fc3_ebtimeF_dtTrue_Exp_0,Autoformer,720,96,501,pmutual_info.csv,ETTh1
0,0.25321868,0.11775566,0.34315544,0.65262663,18.3801,long_term_forecast_ETTh1_192_96ETTm2_w501_prollcov.csv_iTransformer_ETTm2_ftMS_sl96_ll48_pl192_dm512_nh8_el2_dl1_df2048_expand2_dc4_fc1_ebtimeF_dtTrue_Exp_0,iTransformer,192,96,501,prollcov.csv,ETTm2
0,0.25564387,0.117874615,0.3433287,0.6668027,18.299614,long_term_forecast_ETTh1_192_96ETTm2_w1501_ipfarm.csv_iTransformer_ETTm2_ftMS_sl96_ll48_pl192_dm512_nh8_el2_dl1_df2048_expand2_dc4_fc1_ebtimeF_dtTrue_Exp_0,iTransformer,192,96,1501,ipfarm.csv,ETTm2
0,0.2674446,0.117879584,0.34333596,0.21285532,0.07815839,long_term_forecast_96_96ETTh1_w1251_ipfarm.csv_Autoformer_ETTh1_ftMS_sl96_ll48_pl96_dm512_nh8_el2_dl1_df2048_expand2_dc4_fc3_ebtimeF_dtTrue_Exp_0,Autoformer,96,96,1251,ipfarm.csv,ETTh1
0,0.2563116,0.11796548,0.34346104,0.67881465,19.33661,long_term_forecast_ETTh1_192_96ETTm2_w1001_ipentropy.csv_iTransformer_ETTm2_ftMS_sl96_ll48_pl192_dm512_nh8_el2_dl1_df2048_expand2_dc4_fc1_ebtimeF_dtTrue_Exp_0,iTransformer,192,96,1001,ipentropy.csv,ETTm2
0,0.27073503,0.117990255,0.3434971,0.5356131,8.748984,long_term_forecast_96_96ETTm2_w1251_ipsmoothrandomwalk.csv_Crossformer_ETTm2_ftMS_sl96_ll48_pl96_dm512_nh8_el2_dl1_df2048_expand2_dc4_fc1_ebtimeF_dtTrue_Exp_0,Crossformer,96,96,1251,ipsmoothrandomwalk.csv,ETTm2
0,0.27177685,0.11802341,0.34354535,0.20832564,0.07204357,long_term_forecast_336_96ETTh1_w501_pmutual_info.csv_Autoformer_ETTh1_ftMS_sl96_ll48_pl336_dm512_nh8_el2_dl1_df2048_expand2_dc4_fc3_ebtimeF_dtTrue_Exp_0,Autoformer,336,96,501,pmutual_info.csv,ETTh1
0,0.2571031,0.11807397,0.34361893,0.6791275,19.592102,long_term_forecast_ETTh1_192_96ETTm2_w1251_ipmutual_info.csv_iTransformer_ETTm2_ftMS_sl96_ll48_pl192_dm512_nh8_el2_dl1_df2048_expand2_dc4_fc1_ebtimeF_dtTrue_Exp_0,iTransformer,192,96,1251,ipmutual_info.csv,ETTm2
0,0.27101505,0.11830301,0.34395203,0.2067273,0.07041349,long_term_forecast_336_96ETTh1.csv_Autoformer_ETTh1_ftMS_sl96_ll48_pl336_dm512_nh8_el2_dl1_df2048_expand2_dc4_fc3_ebtimeF_dtTrue_Exp_0,Autoformer,336,96,,identity,ETTh1
0,0.25530693,0.118411094,0.34410912,0.66663706,19.206581,long_term_forecast_ETTh1_192_96ETTm2_w751_ipfarm.csv_iTransformer_ETTm2_ftMS_sl96_ll48_pl192_dm512_nh8_el2_dl1_df2048_expand2_dc4_fc1_ebtimeF_dtTrue_Exp_0,iTransformer,192,96,751,ipfarm.csv,ETTm2
0,0.25544453,0.11844664,0.34416077,0.6770125,19.399132,long_term_forecast_ETTh1_192_96ETTm2_w1001_prollcov.csv_iTransformer_ETTm2_ftMS_sl96_ll48_pl192_dm512_nh8_el2_dl1_df2048_expand2_dc4_fc1_ebtimeF_dtTrue_Exp_0,iTransformer,192,96,1001,prollcov.csv,ETTm2
0,0.2555842,0.11858965,0.3443685,0.6645976,18.102232,long_term_forecast_ETTh1_192_96ETTm2_w1251_iprollcov.csv_iTransformer_ETTm2_ftMS_sl96_ll48_pl192_dm512_nh8_el2_dl1_df2048_expand2_dc4_fc1_ebtimeF_dtTrue_Exp_0,iTransformer,192,96,1251,iprollcov.csv,ETTm2
0,0.2898499,0.11870864,0.3445412,0.21539295,0.06320496,long_term_forecast_96_96ETTm1_w1501_iprollcov.csv_Crossformer_ETTm1_ftMS_sl96_ll48_pl96_dm512_nh8_el2_dl1_df2048_expand2_dc4_fc1_ebtimeF_dtTrue_Exp_0,Crossformer,96,96,1501,iprollcov.csv,ETTm1
0,0.267081,0.118791685,0.34466168,0.6664973,17.061945,long_term_forecast_96_96ETTm2_w501_ipentropy.csv_Autoformer_ETTm2_ftMS_sl96_ll48_pl96_dm512_nh8_el2_dl1_df2048_expand2_dc4_fc1_ebtimeF_dtTrue_Exp_0,Autoformer,96,96,501,ipentropy.csv,ETTm2
0,0.26974723,0.11898375,0.34494022,0.21344845,0.07756627,long_term_forecast_96_96ETTh1_w1501_ipfarm.csv_Autoformer_ETTh1_ftMS_sl96_ll48_pl96_dm512_nh8_el2_dl1_df2048_expand2_dc4_fc3_ebtimeF_dtTrue_Exp_0,Autoformer,96,96,1501,ipfarm.csv,ETTh1
0,0.26543692,0.11900561,0.3449719,0.68151015,18.204903,long_term_forecast_96_96ETTm2_w751_ipentropy.csv_Autoformer_ETTm2_ftMS_sl96_ll48_pl96_dm512_nh8_el2_dl1_df2048_expand2_dc4_fc1_ebtimeF_dtTrue_Exp_0,Autoformer,96,96,751,ipentropy.csv,ETTm2
0,0.25667706,0.11946169,0.3456323,0.673182,19.178934,long_term_forecast_ETTh1_192_96ETTm2_w1001_ipfarm.csv_iTransformer_ETTm2_ftMS_sl96_ll48_pl192_dm512_nh8_el2_dl1_df2048_expand2_dc4_fc1_ebtimeF_dtTrue_Exp_0,iTransformer,192,96,1001,ipfarm.csv,ETTm2
0,0.2557925,0.11952021,0.34571695,0.69253504,21.440283,long_term_forecast_ETTh1_192_96ETTm2_w1501_ipmutual_info.csv_iTransformer_ETTm2_ftMS_sl96_ll48_pl192_dm512_nh8_el2_dl1_df2048_expand2_dc4_fc1_ebtimeF_dtTrue_Exp_0,iTransformer,192,96,1501,ipmutual_info.csv,ETTm2
0,0.2557174,0.11952135,0.3457186,0.66580576,18.603344,long_term_forecast_ETTh1_192_96ETTm2_w1501_pfarm.csv_iTransformer_ETTm2_ftMS_sl96_ll48_pl192_dm512_nh8_el2_dl1_df2048_expand2_dc4_fc1_ebtimeF_dtTrue_Exp_0,iTransformer,192,96,1501,pfarm.csv,ETTm2
0,0.25843075,0.11984517,0.3461866,0.65930104,17.235245,long_term_forecast_ETTh1_192_96ETTm2_w501_ipfarm.csv_iTransformer_ETTm2_ftMS_sl96_ll48_pl192_dm512_nh8_el2_dl1_df2048_expand2_dc4_fc1_ebtimeF_dtTrue_Exp_0,iTransformer,192,96,501,ipfarm.csv,ETTm2
0,0.2582019,0.12004882,0.3464806,0.67568916,18.781498,long_term_forecast_ETTh1_192_96ETTm2_w501_iprollcorr.csv_iTransformer_ETTm2_ftMS_sl96_ll48_pl192_dm512_nh8_el2_dl1_df2048_expand2_dc4_fc1_ebtimeF_dtTrue_Exp_0,iTransformer,192,96,501,iprollcorr.csv,ETTm2
0,0.27291042,0.12006345,0.34650174,0.21820466,0.08216293,long_term_forecast_96_96ETTh1_w1001_ipfarm.csv_Autoformer_ETTh1_ftMS_sl96_ll48_pl96_dm512_nh8_el2_dl1_df2048_expand2_dc4_fc3_ebtimeF_dtTrue_Exp_0,Autoformer,96,96,1001,ipfarm.csv,ETTh1
0,0.2581654,0.120098054,0.34655166,0.67808694,19.774248,long_term_forecast_ETTh1_192_96ETTm2_w1251_ipfarm.csv_iTransformer_ETTm2_ftMS_sl96_ll48_pl192_dm512_nh8_el2_dl1_df2048_expand2_dc4_fc1_ebtimeF_dtTrue_Exp_0,iTransformer,192,96,1251,ipfarm.csv,ETTm2
0,0.25957257,0.12018147,0.346672,0.6817962,19.310297,long_term_forecast_ETTh1_192_96ETTm2.csv_iTransformer_ETTm2_ftMS_sl96_ll48_pl192_dm512_nh8_el2_dl1_df2048_expand2_dc4_fc1_ebtimeF_dtTrue_Exp_0,iTransformer,192,96,,identity,ETTm2
0,0.2891393,0.1201904,0.34668487,0.214574,0.06355394,long_term_forecast_96_96ETTm1_w1251_pfarm.csv_Crossformer_ETTm1_ftMS_sl96_ll48_pl96_dm512_nh8_el2_dl1_df2048_expand2_dc4_fc1_ebtimeF_dtTrue_Exp_0,Crossformer,96,96,1251,pfarm.csv,ETTm1
0,0.25873777,0.12052941,0.34717345,0.67783415,18.725325,long_term_forecast_ETTh1_192_96ETTm2_w501_pmutual_info.csv_iTransformer_ETTm2_ftMS_sl96_ll48_pl192_dm512_nh8_el2_dl1_df2048_expand2_dc4_fc1_ebtimeF_dtTrue_Exp_0,iTransformer,192,96,501,pmutual_info.csv,ETTm2
0,0.27641076,0.120614596,0.34729612,0.22370344,0.086707585,long_term_forecast_96_96ETTh1_w1251_pfarm.csv_Autoformer_ETTh1_ftMS_sl96_ll48_pl96_dm512_nh8_el2_dl1_df2048_expand2_dc4_fc3_ebtimeF_dtTrue_Exp_0,Autoformer,96,96,1251,pfarm.csv,ETTh1
0,0.25943172,0.1208487,0.347633,0.6869707,20.125967,long_term_forecast_ETTh1_192_96ETTm2_w751_pfarm.csv_iTransformer_ETTm2_ftMS_sl96_ll48_pl192_dm512_nh8_el2_dl1_df2048_expand2_dc4_fc1_ebtimeF_dtTrue_Exp_0,iTransformer,192,96,751,pfarm.csv,ETTm2
0,0.26545492,0.121031806,0.34789625,0.6860451,19.509684,long_term_forecast_96_96ETTm2_w1001_psmoothrandomwalk.csv_Autoformer_ETTm2_ftMS_sl96_ll48_pl96_dm512_nh8_el2_dl1_df2048_expand2_dc4_fc1_ebtimeF_dtTrue_Exp_0,Autoformer,96,96,1001,psmoothrandomwalk.csv,ETTm2
0,0.29039872,0.121055596,0.34793046,0.21451491,0.06261882,long_term_forecast_96_96ETTm1_w501_pfarm.csv_Crossformer_ETTm1_ftMS_sl96_ll48_pl96_dm512_nh8_el2_dl1_df2048_expand2_dc4_fc1_ebtimeF_dtTrue_Exp_0,Crossformer,96,96,501,pfarm.csv,ETTm1
0,0.25768113,0.1211031,0.3479987,0.6945774,20.77558,long_term_forecast_ETTh1_192_96ETTm2_w1501_pmutual_info.csv_iTransformer_ETTm2_ftMS_sl96_ll48_pl192_dm512_nh8_el2_dl1_df2048_expand2_dc4_fc1_ebtimeF_dtTrue_Exp_0,iTransformer,192,96,1501,pmutual_info.csv,ETTm2
0,0.25971547,0.12129603,0.3482758,0.6960574,20.738464,long_term_forecast_ETTh1_192_96ETTm2_w751_prollcov.csv_iTransformer_ETTm2_ftMS_sl96_ll48_pl192_dm512_nh8_el2_dl1_df2048_expand2_dc4_fc1_ebtimeF_dtTrue_Exp_0,iTransformer,192,96,751,prollcov.csv,ETTm2
0,0.25814012,0.12140572,0.34843323,0.6916862,20.314465,long_term_forecast_ETTh1_192_96ETTm2_w1501_ipentropy.csv_iTransformer_ETTm2_ftMS_sl96_ll48_pl192_dm512_nh8_el2_dl1_df2048_expand2_dc4_fc1_ebtimeF_dtTrue_Exp_0,iTransformer,192,96,1501,ipentropy.csv,ETTm2
0,0.25801837,0.1216626,0.34880167,0.68285066,19.726578,long_term_forecast_ETTh1_192_96ETTm2_w1251_ipentropy.csv_iTransformer_ETTm2_ftMS_sl96_ll48_pl192_dm512_nh8_el2_dl1_df2048_expand2_dc4_fc1_ebtimeF_dtTrue_Exp_0,iTransformer,192,96,1251,ipentropy.csv,ETTm2
0,0.25971192,0.12217059,0.3495291,0.6894049,20.77875,long_term_forecast_ETTh1_192_96ETTm2_w751_ipentropy.csv_iTransformer_ETTm2_ftMS_sl96_ll48_pl192_dm512_nh8_el2_dl1_df2048_expand2_dc4_fc1_ebtimeF_dtTrue_Exp_0,iTransformer,192,96,751,ipentropy.csv,ETTm2
0,0.2726446,0.12253201,0.3500457,0.680071,16.629925,long_term_forecast_96_96ETTm2_w1251_ipentropy.csv_Autoformer_ETTm2_ftMS_sl96_ll48_pl96_dm512_nh8_el2_dl1_df2048_expand2_dc4_fc1_ebtimeF_dtTrue_Exp_0,Autoformer,96,96,1251,ipentropy.csv,ETTm2
0,0.27271086,0.1226645,0.35023493,0.6977191,17.674967,long_term_forecast_96_96ETTm2.csv_Autoformer_ETTm2_ftMS_sl96_ll48_pl96_dm512_nh8_el2_dl1_df2048_expand2_dc4_fc1_ebtimeF_dtTrue_Exp_0,Autoformer,96,96,,identity,ETTm2
0,0.25763935,0.122760735,0.35037228,0.6790465,19.89897,long_term_forecast_ETTh1_192_96ETTm2_w1251_pmutual_info.csv_iTransformer_ETTm2_ftMS_sl96_ll48_pl192_dm512_nh8_el2_dl1_df2048_expand2_dc4_fc1_ebtimeF_dtTrue_Exp_0,iTransformer,192,96,1251,pmutual_info.csv,ETTm2
0,0.26090443,0.12297543,0.35067853,0.67602694,19.316196,long_term_forecast_ETTh1_192_96ETTm2_w1001_pfarm.csv_iTransformer_ETTm2_ftMS_sl96_ll48_pl192_dm512_nh8_el2_dl1_df2048_expand2_dc4_fc1_ebtimeF_dtTrue_Exp_0,iTransformer,192,96,1001,pfarm.csv,ETTm2
0,0.25987554,0.123042926,0.35077477,0.66756845,17.526218,long_term_forecast_ETTh1_192_96ETTm2_w751_pmutual_info.csv_iTransformer_ETTm2_ftMS_sl96_ll48_pl192_dm512_nh8_el2_dl1_df2048_expand2_dc4_fc1_ebtimeF_dtTrue_Exp_0,iTransformer,192,96,751,pmutual_info.csv,ETTm2
0,0.26120865,0.12344653,0.3513496,0.6865387,20.413755,long_term_forecast_ETTh1_192_96ETTm2_w501_prollcorr.csv_iTransformer_ETTm2_ftMS_sl96_ll48_pl192_dm512_nh8_el2_dl1_df2048_expand2_dc4_fc1_ebtimeF_dtTrue_Exp_0,iTransformer,192,96,501,prollcorr.csv,ETTm2
0,0.2743863,0.123465784,0.35137698,0.22039755,0.087473825,long_term_forecast_96_96ETTh1_w751_pfarm.csv_Autoformer_ETTh1_ftMS_sl96_ll48_pl96_dm512_nh8_el2_dl1_df2048_expand2_dc4_fc3_ebtimeF_dtTrue_Exp_0,Autoformer,96,96,751,pfarm.csv,ETTh1
0,0.27429956,0.12367509,0.3516747,0.7039114,17.49122,long_term_forecast_96_96ETTm2_w751_pentropy.csv_Autoformer_ETTm2_ftMS_sl96_ll48_pl96_dm512_nh8_el2_dl1_df2048_expand2_dc4_fc1_ebtimeF_dtTrue_Exp_0,Autoformer,96,96,751,pentropy.csv,ETTm2
0,0.26363605,0.123719074,0.35173723,0.20309581,0.07502854,long_term_forecast_96_96ETTh1_w1501_pmutual_info.csv_Autoformer_ETTh1_ftMS_sl96_ll48_pl96_dm512_nh8_el2_dl1_df2048_expand2_dc4_fc3_ebtimeF_dtTrue_Exp_0,Autoformer,96,96,1501,pmutual_info.csv,ETTh1
0,0.26113588,0.12391445,0.35201484,0.6792183,20.018518,long_term_forecast_ETTh1_192_96ETTm2_w1251_pfarm.csv_iTransformer_ETTm2_ftMS_sl96_ll48_pl192_dm512_nh8_el2_dl1_df2048_expand2_dc4_fc1_ebtimeF_dtTrue_Exp_0,iTransformer,192,96,1251,pfarm.csv,ETTm2
0,0.2674669,0.12404549,0.35220093,0.6268782,12.013101,long_term_forecast_96_96ETTm2_w1001_iprollcov.csv_Crossformer_ETTm2_ftMS_sl96_ll48_pl96_dm512_nh8_el2_dl1_df2048_expand2_dc4_fc1_ebtimeF_dtTrue_Exp_0,Crossformer,96,96,1001,iprollcov.csv,ETTm2
0,0.2972812,0.1250897,0.35368022,0.21800382,0.06332598,long_term_forecast_96_96ETTm1_w751_ipfarm.csv_Crossformer_ETTm1_ftMS_sl96_ll48_pl96_dm512_nh8_el2_dl1_df2048_expand2_dc4_fc1_ebtimeF_dtTrue_Exp_0,Crossformer,96,96,751,ipfarm.csv,ETTm1
0,0.27566895,0.12535395,0.3540536,0.68443567,16.672993,long_term_forecast_96_96ETTm2_w1501_pentropy.csv_Autoformer_ETTm2_ftMS_sl96_ll48_pl96_dm512_nh8_el2_dl1_df2048_expand2_dc4_fc1_ebtimeF_dtTrue_Exp_0,Autoformer,96,96,1501,pentropy.csv,ETTm2
0,0.2751304,0.1258637,0.35477275,0.69966376,18.643665,long_term_forecast_96_96ETTm2_w1251_ipfarm.csv_Autoformer_ETTm2_ftMS_sl96_ll48_pl96_dm512_nh8_el2_dl1_df2048_expand2_dc4_fc1_ebtimeF_dtTrue_Exp_0,Autoformer,96,96,1251,ipfarm.csv,ETTm2
0,0.28127757,0.12659344,0.35579973,0.5387034,8.634565,long_term_forecast_96_96ETTm2_w501_ipsmoothrandomwalk.csv_Crossformer_ETTm2_ftMS_sl96_ll48_pl96_dm512_nh8_el2_dl1_df2048_expand2_dc4_fc1_ebtimeF_dtTrue_Exp_0,Crossformer,96,96,501,ipsmoothrandomwalk.csv,ETTm2
0,0.2797067,0.12694344,0.35629123,0.6683945,13.55524,long_term_forecast_96_96ETTm2_w751_ipsmoothrandomwalk.csv_Autoformer_ETTm2_ftMS_sl96_ll48_pl96_dm512_nh8_el2_dl1_df2048_expand2_dc4_fc1_ebtimeF_dtTrue_Exp_0,Autoformer,96,96,751,ipsmoothrandomwalk.csv,ETTm2
0,0.26623958,0.1284376,0.3583819,0.7112993,21.006258,long_term_forecast_ETTh1_192_96ETTm2_w1501_pentropy.csv_iTransformer_ETTm2_ftMS_sl96_ll48_pl192_dm512_nh8_el2_dl1_df2048_expand2_dc4_fc1_ebtimeF_dtTrue_Exp_0,iTransformer,192,96,1501,pentropy.csv,ETTm2
0,0.2853152,0.12927961,0.35955474,0.21508476,0.08022455,long_term_forecast_720_96ETTh1.csv_Autoformer_ETTh1_ftMS_sl96_ll48_pl720_dm512_nh8_el2_dl1_df2048_expand2_dc4_fc3_ebtimeF_dtTrue_Exp_0,Autoformer,720,96,,identity,ETTh1
0,0.27755496,0.12937835,0.359692,0.7464302,21.271612,long_term_forecast_96_96ETTm2_w751_ipmutual_info.csv_Autoformer_ETTm2_ftMS_sl96_ll48_pl96_dm512_nh8_el2_dl1_df2048_expand2_dc4_fc1_ebtimeF_dtTrue_Exp_0,Autoformer,96,96,751,ipmutual_info.csv,ETTm2
0,0.27929804,0.1301945,0.36082476,0.7728176,24.461662,long_term_forecast_96_96ETTm2_w501_prandomwalk.csv_Autoformer_ETTm2_ftMS_sl96_ll48_pl96_dm512_nh8_el2_dl1_df2048_expand2_dc4_fc1_ebtimeF_dtTrue_Exp_0,Autoformer,96,96,501,prandomwalk.csv,ETTm2
0,0.28169522,0.1305927,0.36137614,0.6901845,16.203955,long_term_forecast_96_96ETTm2_w1251_ipsmoothrandomwalk.csv_Autoformer_ETTm2_ftMS_sl96_ll48_pl96_dm512_nh8_el2_dl1_df2048_expand2_dc4_fc1_ebtimeF_dtTrue_Exp_0,Autoformer,96,96,1251,ipsmoothrandomwalk.csv,ETTm2
0,0.27841178,0.13148762,0.36261222,0.689359,20.037127,long_term_forecast_96_96ETTh2_w501_prollcov.csv_TimeXer_ETTh2_ftMS_sl96_ll48_pl96_dm512_nh8_el1_dl1_df2048_expand2_dc4_fc3_ebtimeF_dtTrue_Exp_0,TimeXer,96,96,501,prollcov.csv,ETTh2
0,0.28050232,0.13199979,0.36331776,0.6922393,19.160784,long_term_forecast_ETTh1_96_96ETTh2_w1251_prollcorr.csv_iTransformer_ETTh2_ftMS_sl96_ll48_pl96_dm512_nh8_el2_dl1_df2048_expand2_dc4_fc1_ebtimeF_dtTrue_Exp_0,iTransformer,96,96,1251,prollcorr.csv,ETTh2
0,0.2837783,0.13237433,0.36383283,0.7215739,17.929888,long_term_forecast_96_96ETTm2_w501_iprandomwalk.csv_Autoformer_ETTm2_ftMS_sl96_ll48_pl96_dm512_nh8_el2_dl1_df2048_expand2_dc4_fc1_ebtimeF_dtTrue_Exp_0,Autoformer,96,96,501,iprandomwalk.csv,ETTm2
0,0.27626753,0.13241227,0.36388496,0.7018065,20.901089,long_term_forecast_336_96ETTm2_w1001_prollcorr.csv_PatchTST_ETTm2_ftMS_sl96_ll48_pl336_dm512_nh8_el1_dl1_df2048_expand2_dc4_fc3_ebtimeF_dtTrue_Exp_0,PatchTST,336,96,1001,prollcorr.csv,ETTm2
0,0.27946773,0.13249215,0.36399472,0.6913223,20.060728,long_term_forecast_96_96ETTh2_w1001_prollcov.csv_TimeXer_ETTh2_ftMS_sl96_ll48_pl96_dm512_nh8_el1_dl1_df2048_expand2_dc4_fc3_ebtimeF_dtTrue_Exp_0,TimeXer,96,96,1001,prollcov.csv,ETTh2
0,0.28188795,0.1325259,0.3640411,0.6958837,19.199942,long_term_forecast_ETTh1_96_96ETTh2_w1501_pmutual_info.csv_iTransformer_ETTh2_ftMS_sl96_ll48_pl96_dm512_nh8_el2_dl1_df2048_expand2_dc4_fc1_ebtimeF_dtTrue_Exp_0,iTransformer,96,96,1501,pmutual_info.csv,ETTh2
0,0.27802357,0.13270153,0.36428222,0.21671104,0.081557035,long_term_forecast_96_96ETTh1_w501_psmoothrandomwalk.csv_Autoformer_ETTh1_ftMS_sl96_ll48_pl96_dm512_nh8_el2_dl1_df2048_expand2_dc4_fc3_ebtimeF_dtTrue_Exp_0,Autoformer,96,96,501,psmoothrandomwalk.csv,ETTh1
0,0.2818161,0.13275003,0.36434877,0.68525875,19.563917,long_term_forecast_96_96ETTh2_w1501_pmutual_info.csv_TimeXer_ETTh2_ftMS_sl96_ll48_pl96_dm512_nh8_el1_dl1_df2048_expand2_dc4_fc3_ebtimeF_dtTrue_Exp_0,TimeXer,96,96,1501,pmutual_info.csv,ETTh2
0,0.2805894,0.13281535,0.36443838,0.6877979,19.974604,long_term_forecast_96_96ETTh2_w501_prollcorr.csv_TimeXer_ETTh2_ftMS_sl96_ll48_pl96_dm512_nh8_el1_dl1_df2048_expand2_dc4_fc3_ebtimeF_dtTrue_Exp_0,TimeXer,96,96,501,prollcorr.csv,ETTh2
0,0.276858,0.13304538,0.36475384,0.70114106,20.788324,long_term_forecast_336_96ETTm2.csv_PatchTST_ETTm2_ftMS_sl96_ll48_pl336_dm512_nh8_el1_dl1_df2048_expand2_dc4_fc3_ebtimeF_dtTrue_Exp_0,PatchTST,336,96,,identity,ETTm2
0,0.28039104,0.13316384,0.3649162,0.6913995,20.643068,long_term_forecast_96_96ETTh2_w751_ipentropy.csv_TimeXer_ETTh2_ftMS_sl96_ll48_pl96_dm512_nh8_el1_dl1_df2048_expand2_dc4_fc3_ebtimeF_dtTrue_Exp_0,TimeXer,96,96,751,ipentropy.csv,ETTh2
0,0.28084823,0.13327394,0.36506703,0.67048043,16.744316,long_term_forecast_192_96ETTm2_w501_iprollcorr.csv_Crossformer_ETTm2_ftMS_sl96_ll48_pl192_dm512_nh8_el2_dl1_df2048_expand2_dc4_fc1_ebtimeF_dtTrue_Exp_0,Crossformer,192,96,501,iprollcorr.csv,ETTm2
0,0.28222433,0.13339847,0.36523756,0.68998337,18.685337,long_term_forecast_ETTh1_96_96ETTh2_w1251_prollcov.csv_iTransformer_ETTh2_ftMS_sl96_ll48_pl96_dm512_nh8_el2_dl1_df2048_expand2_dc4_fc1_ebtimeF_dtTrue_Exp_0,iTransformer,96,96,1251,prollcov.csv,ETTh2
0,0.28149816,0.13362011,0.36554086,0.6965878,20.653002,long_term_forecast_96_96ETTh2_w1501_ipsmoothrandomwalk.csv_TimeXer_ETTh2_ftMS_sl96_ll48_pl96_dm512_nh8_el1_dl1_df2048_expand2_dc4_fc3_ebtimeF_dtTrue_Exp_0,TimeXer,96,96,1501,ipsmoothrandomwalk.csv,ETTh2
0,0.28208998,0.13387589,0.36589053,0.7137359,21.048897,long_term_forecast_96_96ETTh2_w1251_psmoothrandomwalk.csv_iTransformer_ETTh2_ftMS_sl96_ll48_pl96_dm512_nh8_el2_dl1_df2048_expand2_dc4_fc1_ebtimeF_dtTrue_Exp_0,iTransformer,96,96,1251,psmoothrandomwalk.csv,ETTh2
0,0.28380337,0.13395973,0.3660051,0.6950585,19.020542,long_term_forecast_ETTh1_96_96ETTh2_w1001_pmutual_info.csv_iTransformer_ETTh2_ftMS_sl96_ll48_pl96_dm512_nh8_el2_dl1_df2048_expand2_dc4_fc1_ebtimeF_dtTrue_Exp_0,iTransformer,96,96,1001,pmutual_info.csv,ETTh2
0,0.27812186,0.13404407,0.36612028,0.69638205,20.0465,long_term_forecast_336_96ETTm2_w1251_pentropy.csv_TimeXer_ETTm2_ftMS_sl96_ll48_pl336_dm512_nh8_el1_dl1_df2048_expand2_dc4_fc3_ebtimeF_dtTrue_Exp_0,TimeXer,336,96,1251,pentropy.csv,ETTm2
0,0.2822447,0.1341316,0.36623982,0.7671331,25.599936,long_term_forecast_96_96ETTm2_w501_iprollcorr.csv_Autoformer_ETTm2_ftMS_sl96_ll48_pl96_dm512_nh8_el2_dl1_df2048_expand2_dc4_fc1_ebtimeF_dtTrue_Exp_0,Autoformer,96,96,501,iprollcorr.csv,ETTm2
0,0.28328848,0.1342263,0.3663691,0.7449259,22.322666,long_term_forecast_96_96ETTm2_w1501_ipentropy.csv_Autoformer_ETTm2_ftMS_sl96_ll48_pl96_dm512_nh8_el2_dl1_df2048_expand2_dc4_fc1_ebtimeF_dtTrue_Exp_0,Autoformer,96,96,1501,ipentropy.csv,ETTm2
0,0.28367808,0.1343374,0.36652067,0.6977291,19.231243,long_term_forecast_ETTh1_96_96ETTh2_w1501_prollcorr.csv_iTransformer_ETTh2_ftMS_sl96_ll48_pl96_dm512_nh8_el2_dl1_df2048_expand2_dc4_fc1_ebtimeF_dtTrue_Exp_0,iTransformer,96,96,1501,prollcorr.csv,ETTh2
0,0.28390497,0.13450773,0.36675295,0.72971314,22.365559,long_term_forecast_96_96ETTh2_w501_prandomwalk.csv_iTransformer_ETTh2_ftMS_sl96_ll48_pl96_dm512_nh8_el2_dl1_df2048_expand2_dc4_fc1_ebtimeF_dtTrue_Exp_0,iTransformer,96,96,501,prandomwalk.csv,ETTh2
0,0.28308234,0.13468318,0.36699206,0.681341,18.144794,long_term_forecast_ETTh1_96_96ETTh2_w501_prollcov.csv_iTransformer_ETTh2_ftMS_sl96_ll48_pl96_dm512_nh8_el2_dl1_df2048_expand2_dc4_fc1_ebtimeF_dtTrue_Exp_0,iTransformer,96,96,501,prollcov.csv,ETTh2
0,0.2851995,0.13473962,0.36706898,0.69623184,18.798904,long_term_forecast_ETTh1_96_96ETTh2_w501_iprollcorr.csv_iTransformer_ETTh2_ftMS_sl96_ll48_pl96_dm512_nh8_el2_dl1_df2048_expand2_dc4_fc1_ebtimeF_dtTrue_Exp_0,iTransformer,96,96,501,iprollcorr.csv,ETTh2
0,0.28396085,0.13475752,0.36709332,0.69314545,18.694546,long_term_forecast_ETTh1_96_96ETTh2_w1001_prollcov.csv_iTransformer_ETTh2_ftMS_sl96_ll48_pl96_dm512_nh8_el2_dl1_df2048_expand2_dc4_fc1_ebtimeF_dtTrue_Exp_0,iTransformer,96,96,1001,prollcov.csv,ETTh2
0,0.28338632,0.13475984,0.3670965,0.72101504,21.880085,long_term_forecast_96_96ETTh2_w751_psmoothrandomwalk.csv_iTransformer_ETTh2_ftMS_sl96_ll48_pl96_dm512_nh8_el2_dl1_df2048_expand2_dc4_fc1_ebtimeF_dtTrue_Exp_0,iTransformer,96,96,751,psmoothrandomwalk.csv,ETTh2
0,0.282928,0.13478117,0.36712554,0.72164255,21.915667,long_term_forecast_96_96ETTh2_w1001_psmoothrandomwalk.csv_iTransformer_ETTh2_ftMS_sl96_ll48_pl96_dm512_nh8_el2_dl1_df2048_expand2_dc4_fc1_ebtimeF_dtTrue_Exp_0,iTransformer,96,96,1001,psmoothrandomwalk.csv,ETTh2
0,0.28471428,0.13495128,0.36735716,0.69542134,18.968042,long_term_forecast_ETTh1_96_96ETTh2_w1001_prollcorr.csv_iTransformer_ETTh2_ftMS_sl96_ll48_pl96_dm512_nh8_el2_dl1_df2048_expand2_dc4_fc1_ebtimeF_dtTrue_Exp_0,iTransformer,96,96,1001,prollcorr.csv,ETTh2
0,0.28500372,0.13496874,0.36738092,0.6901982,18.778772,long_term_forecast_ETTh1_96_96ETTh2_w501_ipfarm.csv_iTransformer_ETTh2_ftMS_sl96_ll48_pl96_dm512_nh8_el2_dl1_df2048_expand2_dc4_fc1_ebtimeF_dtTrue_Exp_0,iTransformer,96,96,501,ipfarm.csv,ETTh2
0,0.28343973,0.1349771,0.3673923,0.7196969,22.22777,long_term_forecast_96_96ETTh2_w501_prandomwalk.csv_TimeXer_ETTh2_ftMS_sl96_ll48_pl96_dm512_nh8_el1_dl1_df2048_expand2_dc4_fc3_ebtimeF_dtTrue_Exp_0,TimeXer,96,96,501,prandomwalk.csv,ETTh2
0,0.2840157,0.13520348,0.36770025,0.7073045,20.341105,long_term_forecast_96_96ETTh2_w501_ipsmoothrandomwalk.csv_iTransformer_ETTh2_ftMS_sl96_ll48_pl96_dm512_nh8_el2_dl1_df2048_expand2_dc4_fc1_ebtimeF_dtTrue_Exp_0,iTransformer,96,96,501,ipsmoothrandomwalk.csv,ETTh2
0,0.28447354,0.13520916,0.36770797,0.7017096,20.377703,long_term_forecast_96_96ETTh2_w1251_pmutual_info.csv_TimeXer_ETTh2_ftMS_sl96_ll48_pl96_dm512_nh8_el1_dl1_df2048_expand2_dc4_fc3_ebtimeF_dtTrue_Exp_0,TimeXer,96,96,1251,pmutual_info.csv,ETTh2
0,0.28306293,0.13522576,0.36773056,0.69133145,20.0814,long_term_forecast_96_96ETTh2_w1251_pfarm.csv_TimeXer_ETTh2_ftMS_sl96_ll48_pl96_dm512_nh8_el1_dl1_df2048_expand2_dc4_fc3_ebtimeF_dtTrue_Exp_0,TimeXer,96,96,1251,pfarm.csv,ETTh2
0,0.2852576,0.13522878,0.36773467,0.6998411,19.011866,long_term_forecast_ETTh1_96_96ETTh2_w1251_pmutual_info.csv_iTransformer_ETTh2_ftMS_sl96_ll48_pl96_dm512_nh8_el2_dl1_df2048_expand2_dc4_fc1_ebtimeF_dtTrue_Exp_0,iTransformer,96,96,1251,pmutual_info.csv,ETTh2
0,0.28438565,0.135351,0.36790082,0.74099916,23.31459,long_term_forecast_96_96ETTh2_w501_psmoothrandomwalk.csv_iTransformer_ETTh2_ftMS_sl96_ll48_pl96_dm512_nh8_el2_dl1_df2048_expand2_dc4_fc1_ebtimeF_dtTrue_Exp_0,iTransformer,96,96,501,psmoothrandomwalk.csv,ETTh2
0,0.2838961,0.13538092,0.36794147,0.7211866,21.889708,long_term_forecast_96_96ETTh2_w1501_psmoothrandomwalk.csv_iTransformer_ETTh2_ftMS_sl96_ll48_pl96_dm512_nh8_el2_dl1_df2048_expand2_dc4_fc1_ebtimeF_dtTrue_Exp_0,iTransformer,96,96,1501,psmoothrandomwalk.csv,ETTh2
0,0.28580344,0.13549589,0.36809766,0.6946238,18.717936,long_term_forecast_ETTh1_96_96ETTh2_w751_iprollcorr.csv_iTransformer_ETTh2_ftMS_sl96_ll48_pl96_dm512_nh8_el2_dl1_df2048_expand2_dc4_fc1_ebtimeF_dtTrue_Exp_0,iTransformer,96,96,751,iprollcorr.csv,ETTh2
0,0.28459233,0.13550305,0.3681074,0.6946402,19.33951,long_term_forecast_ETTh1_96_96ETTh2_w1001_ipmutual_info.csv_iTransformer_ETTh2_ftMS_sl96_ll48_pl96_dm512_nh8_el2_dl1_df2048_expand2_dc4_fc1_ebtimeF_dtTrue_Exp_0,iTransformer,96,96,1001,ipmutual_info.csv,ETTh2
0,0.28499827,0.13551103,0.36811823,0.70172656,19.45349,long_term_forecast_ETTh1_96_96ETTh2_w501_prollcorr.csv_iTransformer_ETTh2_ftMS_sl96_ll48_pl96_dm512_nh8_el2_dl1_df2048_expand2_dc4_fc1_ebtimeF_dtTrue_Exp_0,iTransformer,96,96,501,prollcorr.csv,ETTh2
0,0.28571162,0.13562122,0.36826786,0.6930251,18.373589,long_term_forecast_ETTh1_96_96ETTh2_w1251_iprollcorr.csv_iTransformer_ETTh2_ftMS_sl96_ll48_pl96_dm512_nh8_el2_dl1_df2048_expand2_dc4_fc1_ebtimeF_dtTrue_Exp_0,iTransformer,96,96,1251,iprollcorr.csv,ETTh2
0,0.2804195,0.13566504,0.36832735,0.7174938,21.084995,long_term_forecast_336_96ETTm2.csv_TimeXer_ETTm2_ftMS_sl96_ll48_pl336_dm512_nh8_el1_dl1_df2048_expand2_dc4_fc3_ebtimeF_dtTrue_Exp_0,TimeXer,336,96,,identity,ETTm2
0,0.28616938,0.13570246,0.36837816,0.71261424,19.925976,long_term_forecast_ETTh1_96_96ETTh2_w751_pfarm.csv_iTransformer_ETTh2_ftMS_sl96_ll48_pl96_dm512_nh8_el2_dl1_df2048_expand2_dc4_fc1_ebtimeF_dtTrue_Exp_0,iTransformer,96,96,751,pfarm.csv,ETTh2
0,0.28533792,0.13579077,0.368498,0.71101844,20.172827,long_term_forecast_96_96ETTh2_w1501_ipsmoothrandomwalk.csv_iTransformer_ETTh2_ftMS_sl96_ll48_pl96_dm512_nh8_el2_dl1_df2048_expand2_dc4_fc1_ebtimeF_dtTrue_Exp_0,iTransformer,96,96,1501,ipsmoothrandomwalk.csv,ETTh2
0,0.28536975,0.1357937,0.36850196,0.69779176,18.870476,long_term_forecast_ETTh1_96_96ETTh2_w1501_prollcov.csv_iTransformer_ETTh2_ftMS_sl96_ll48_pl96_dm512_nh8_el2_dl1_df2048_expand2_dc4_fc1_ebtimeF_dtTrue_Exp_0,iTransformer,96,96,1501,prollcov.csv,ETTh2
0,0.28603935,0.135811,0.36852545,0.6995302,18.970524,long_term_forecast_ETTh1_96_96ETTh2_w1251_iprollcov.csv_iTransformer_ETTh2_ftMS_sl96_ll48_pl96_dm512_nh8_el2_dl1_df2048_expand2_dc4_fc1_ebtimeF_dtTrue_Exp_0,iTransformer,96,96,1251,iprollcov.csv,ETTh2
0,0.28316078,0.135849,0.368577,0.65223956,17.423708,long_term_forecast_96_96ETTh2_w1501_pmutual_info.csv_PatchTST_ETTh2_ftMS_sl96_ll48_pl96_dm512_nh8_el3_dl1_df2048_expand2_dc4_fc3_ebtimeF_dtTrue_Exp_0,PatchTST,96,96,1501,pmutual_info.csv,ETTh2
0,0.28310862,0.13585697,0.3685878,0.6522001,17.489798,long_term_forecast_96_96ETTh2_w1001_iprollcorr.csv_PatchTST_ETTh2_ftMS_sl96_ll48_pl96_dm512_nh8_el3_dl1_df2048_expand2_dc4_fc3_ebtimeF_dtTrue_Exp_0,PatchTST,96,96,1001,iprollcorr.csv,ETTh2
0,0.28594384,0.13589655,0.3686415,0.7049868,19.471552,long_term_forecast_ETTh1_96_96ETTh2_w751_pmutual_info.csv_iTransformer_ETTh2_ftMS_sl96_ll48_pl96_dm512_nh8_el2_dl1_df2048_expand2_dc4_fc1_ebtimeF_dtTrue_Exp_0,iTransformer,96,96,751,pmutual_info.csv,ETTh2
0,0.2831361,0.13591723,0.36866954,0.6520471,17.487303,long_term_forecast_96_96ETTh2_w751_iprollcorr.csv_PatchTST_ETTh2_ftMS_sl96_ll48_pl96_dm512_nh8_el3_dl1_df2048_expand2_dc4_fc3_ebtimeF_dtTrue_Exp_0,PatchTST,96,96,751,iprollcorr.csv,ETTh2
0,0.28318888,0.1359334,0.36869147,0.65664566,17.943039,long_term_forecast_96_96ETTh2_w501_prollcorr.csv_PatchTST_ETTh2_ftMS_sl96_ll48_pl96_dm512_nh8_el3_dl1_df2048_expand2_dc4_fc3_ebtimeF_dtTrue_Exp_0,PatchTST,96,96,501,prollcorr.csv,ETTh2
0,0.28315097,0.13594812,0.36871144,0.652576,17.539461,long_term_forecast_96_96ETTh2_w1001_prollcorr.csv_PatchTST_ETTh2_ftMS_sl96_ll48_pl96_dm512_nh8_el3_dl1_df2048_expand2_dc4_fc3_ebtimeF_dtTrue_Exp_0,PatchTST,96,96,1001,prollcorr.csv,ETTh2
0,0.2833844,0.13597181,0.36874357,0.6513826,17.53347,long_term_forecast_96_96ETTh2_w501_iprollcorr.csv_PatchTST_ETTh2_ftMS_sl96_ll48_pl96_dm512_nh8_el3_dl1_df2048_expand2_dc4_fc3_ebtimeF_dtTrue_Exp_0,PatchTST,96,96,501,iprollcorr.csv,ETTh2
0,0.28629112,0.13597456,0.3687473,0.6960489,18.957645,long_term_forecast_ETTh1_96_96ETTh2_w1251_ipfarm.csv_iTransformer_ETTh2_ftMS_sl96_ll48_pl96_dm512_nh8_el2_dl1_df2048_expand2_dc4_fc1_ebtimeF_dtTrue_Exp_0,iTransformer,96,96,1251,ipfarm.csv,ETTh2
0,0.2860516,0.13597898,0.36875328,0.6954905,18.978128,long_term_forecast_ETTh1_96_96ETTh2_w501_iprollcov.csv_iTransformer_ETTh2_ftMS_sl96_ll48_pl96_dm512_nh8_el2_dl1_df2048_expand2_dc4_fc1_ebtimeF_dtTrue_Exp_0,iTransformer,96,96,501,iprollcov.csv,ETTh2
0,0.2831799,0.13598707,0.36876425,0.6491567,17.397635,long_term_forecast_96_96ETTh2_w1001_ipmutual_info.csv_PatchTST_ETTh2_ftMS_sl96_ll48_pl96_dm512_nh8_el3_dl1_df2048_expand2_dc4_fc3_ebtimeF_dtTrue_Exp_0,PatchTST,96,96,1001,ipmutual_info.csv,ETTh2
0,0.283327,0.13602492,0.36881557,0.64975524,17.429522,long_term_forecast_96_96ETTh2_w501_ipmutual_info.csv_PatchTST_ETTh2_ftMS_sl96_ll48_pl96_dm512_nh8_el3_dl1_df2048_expand2_dc4_fc3_ebtimeF_dtTrue_Exp_0,PatchTST,96,96,501,ipmutual_info.csv,ETTh2
0,0.28504118,0.13602747,0.36881903,0.70943344,20.896233,long_term_forecast_96_96ETTh2_w501_ipsmoothrandomwalk.csv_TimeXer_ETTh2_ftMS_sl96_ll48_pl96_dm512_nh8_el1_dl1_df2048_expand2_dc4_fc3_ebtimeF_dtTrue_Exp_0,TimeXer,96,96,501,ipsmoothrandomwalk.csv,ETTh2
0,0.2833605,0.13603011,0.3688226,0.65029114,17.445679,long_term_forecast_96_96ETTh2_w1501_prollcorr.csv_PatchTST_ETTh2_ftMS_sl96_ll48_pl96_dm512_nh8_el3_dl1_df2048_expand2_dc4_fc3_ebtimeF_dtTrue_Exp_0,PatchTST,96,96,1501,prollcorr.csv,ETTh2
0,0.28320456,0.1360303,0.36882287,0.6491913,17.318602,long_term_forecast_96_96ETTh2_w1501_ipmutual_info.csv_PatchTST_ETTh2_ftMS_sl96_ll48_pl96_dm512_nh8_el3_dl1_df2048_expand2_dc4_fc3_ebtimeF_dtTrue_Exp_0,PatchTST,96,96,1501,ipmutual_info.csv,ETTh2
0,0.28618324,0.13604163,0.36883822,0.69782776,18.959404,long_term_forecast_ETTh1_96_96ETTh2_w751_prollcorr.csv_iTransformer_ETTh2_ftMS_sl96_ll48_pl96_dm512_nh8_el2_dl1_df2048_expand2_dc4_fc1_ebtimeF_dtTrue_Exp_0,iTransformer,96,96,751,prollcorr.csv,ETTh2
0,0.28343102,0.13606298,0.36886716,0.65403295,17.674604,long_term_forecast_96_96ETTh2_w501_pfarm.csv_PatchTST_ETTh2_ftMS_sl96_ll48_pl96_dm512_nh8_el3_dl1_df2048_expand2_dc4_fc3_ebtimeF_dtTrue_Exp_0,PatchTST,96,96,501,pfarm.csv,ETTh2
0,0.28345263,0.13606857,0.36887473,0.65318394,17.592093,long_term_forecast_96_96ETTh2_w751_pfarm.csv_PatchTST_ETTh2_ftMS_sl96_ll48_pl96_dm512_nh8_el3_dl1_df2048_expand2_dc4_fc3_ebtimeF_dtTrue_Exp_0,PatchTST,96,96,751,pfarm.csv,ETTh2
0,0.28325757,0.13609333,0.3689083,0.6495423,17.310379,long_term_forecast_96_96ETTh2_w1001_iprollcov.csv_PatchTST_ETTh2_ftMS_sl96_ll48_pl96_dm512_nh8_el3_dl1_df2048_expand2_dc4_fc3_ebtimeF_dtTrue_Exp_0,PatchTST,96,96,1001,iprollcov.csv,ETTh2
0,0.28336176,0.136095,0.36891055,0.65060467,17.427063,long_term_forecast_96_96ETTh2_w501_iprollcov.csv_PatchTST_ETTh2_ftMS_sl96_ll48_pl96_dm512_nh8_el3_dl1_df2048_expand2_dc4_fc3_ebtimeF_dtTrue_Exp_0,PatchTST,96,96,501,iprollcov.csv,ETTh2
0,0.2833047,0.13610898,0.3689295,0.6510692,17.409931,long_term_forecast_96_96ETTh2_w1001_pmutual_info.csv_PatchTST_ETTh2_ftMS_sl96_ll48_pl96_dm512_nh8_el3_dl1_df2048_expand2_dc4_fc3_ebtimeF_dtTrue_Exp_0,PatchTST,96,96,1001,pmutual_info.csv,ETTh2
0,0.28355962,0.13612641,0.36895314,0.6541482,17.608234,long_term_forecast_96_96ETTh2_w751_pmutual_info.csv_PatchTST_ETTh2_ftMS_sl96_ll48_pl96_dm512_nh8_el3_dl1_df2048_expand2_dc4_fc3_ebtimeF_dtTrue_Exp_0,PatchTST,96,96,751,pmutual_info.csv,ETTh2
0,0.28341374,0.13618004,0.3690258,0.64916253,17.325338,long_term_forecast_96_96ETTh2_w1501_prollcov.csv_PatchTST_ETTh2_ftMS_sl96_ll48_pl96_dm512_nh8_el3_dl1_df2048_expand2_dc4_fc3_ebtimeF_dtTrue_Exp_0,PatchTST,96,96,1501,prollcov.csv,ETTh2
0,0.28614396,0.13618197,0.36902842,0.70277196,20.006823,long_term_forecast_ETTh1_96_96ETTh2_w1001_ipfarm.csv_iTransformer_ETTh2_ftMS_sl96_ll48_pl96_dm512_nh8_el2_dl1_df2048_expand2_dc4_fc1_ebtimeF_dtTrue_Exp_0,iTransformer,96,96,1001,ipfarm.csv,ETTh2
0,0.28589135,0.13618273,0.36902943,0.71604425,20.544313,long_term_forecast_96_96ETTh2_w501_iprandomwalk.csv_iTransformer_ETTh2_ftMS_sl96_ll48_pl96_dm512_nh8_el2_dl1_df2048_expand2_dc4_fc1_ebtimeF_dtTrue_Exp_0,iTransformer,96,96,501,iprandomwalk.csv,ETTh2
0,0.2836199,0.13618405,0.36903122,0.65203923,17.58185,long_term_forecast_96_96ETTh2_w1251_ipmutual_info.csv_PatchTST_ETTh2_ftMS_sl96_ll48_pl96_dm512_nh8_el3_dl1_df2048_expand2_dc4_fc3_ebtimeF_dtTrue_Exp_0,PatchTST,96,96,1251,ipmutual_info.csv,ETTh2
0,0.2862758,0.13618447,0.3690318,0.69574076,19.134851,long_term_forecast_ETTh1_96_96ETTh2_w1501_ipmutual_info.csv_iTransformer_ETTh2_ftMS_sl96_ll48_pl96_dm512_nh8_el2_dl1_df2048_expand2_dc4_fc1_ebtimeF_dtTrue_Exp_0,iTransformer,96,96,1501,ipmutual_info.csv,ETTh2
0,0.28356475,0.13619688,0.36904863,0.65258,17.507084,long_term_forecast_96_96ETTh2_w751_prollcorr.csv_PatchTST_ETTh2_ftMS_sl96_ll48_pl96_dm512_nh8_el3_dl1_df2048_expand2_dc4_fc3_ebtimeF_dtTrue_Exp_0,PatchTST,96,96,751,prollcorr.csv,ETTh2
0,0.28351933,0.1362057,0.36906058,0.6524763,17.54262,long_term_forecast_96_96ETTh2_w1251_pentropy.csv_PatchTST_ETTh2_ftMS_sl96_ll48_pl96_dm512_nh8_el3_dl1_df2048_expand2_dc4_fc3_ebtimeF_dtTrue_Exp_0,PatchTST,96,96,1251,pentropy.csv,ETTh2
0,0.28676653,0.13621734,0.36907634,0.7092225,19.723177,long_term_forecast_ETTh1_96_96ETTh2_w501_ipmutual_info.csv_iTransformer_ETTh2_ftMS_sl96_ll48_pl96_dm512_nh8_el2_dl1_df2048_expand2_dc4_fc1_ebtimeF_dtTrue_Exp_0,iTransformer,96,96,501,ipmutual_info.csv,ETTh2
0,0.2835704,0.13623051,0.3690942,0.65139115,17.455767,long_term_forecast_96_96ETTh2_w501_ipfarm.csv_PatchTST_ETTh2_ftMS_sl96_ll48_pl96_dm512_nh8_el3_dl1_df2048_expand2_dc4_fc3_ebtimeF_dtTrue_Exp_0,PatchTST,96,96,501,ipfarm.csv,ETTh2
0,0.28353715,0.13625267,0.3691242,0.65210694,17.43997,long_term_forecast_96_96ETTh2_w1251_iprollcov.csv_PatchTST_ETTh2_ftMS_sl96_ll48_pl96_dm512_nh8_el3_dl1_df2048_expand2_dc4_fc3_ebtimeF_dtTrue_Exp_0,PatchTST,96,96,1251,iprollcov.csv,ETTh2
0,0.28359574,0.1362615,0.36913615,0.65318316,17.598387,long_term_forecast_96_96ETTh2_w1001_pentropy.csv_PatchTST_ETTh2_ftMS_sl96_ll48_pl96_dm512_nh8_el3_dl1_df2048_expand2_dc4_fc3_ebtimeF_dtTrue_Exp_0,PatchTST,96,96,1001,pentropy.csv,ETTh2
0,0.2836668,0.13626224,0.36913717,0.65218323,17.571602,long_term_forecast_96_96ETTh2_w1251_prollcorr.csv_PatchTST_ETTh2_ftMS_sl96_ll48_pl96_dm512_nh8_el3_dl1_df2048_expand2_dc4_fc3_ebtimeF_dtTrue_Exp_0,PatchTST,96,96,1251,prollcorr.csv,ETTh2
0,0.283542,0.13626644,0.36914283,0.65139323,17.450907,long_term_forecast_96_96ETTh2_w1001_ipfarm.csv_PatchTST_ETTh2_ftMS_sl96_ll48_pl96_dm512_nh8_el3_dl1_df2048_expand2_dc4_fc3_ebtimeF_dtTrue_Exp_0,PatchTST,96,96,1001,ipfarm.csv,ETTh2
0,0.2835192,0.13627927,0.36916023,0.65191066,17.475677,long_term_forecast_96_96ETTh2_w1251_ipentropy.csv_PatchTST_ETTh2_ftMS_sl96_ll48_pl96_dm512_nh8_el3_dl1_df2048_expand2_dc4_fc3_ebtimeF_dtTrue_Exp_0,PatchTST,96,96,1251,ipentropy.csv,ETTh2
0,0.28365263,0.13628177,0.3691636,0.65145636,17.535177,long_term_forecast_96_96ETTh2_w1251_ipfarm.csv_PatchTST_ETTh2_ftMS_sl96_ll48_pl96_dm512_nh8_el3_dl1_df2048_expand2_dc4_fc3_ebtimeF_dtTrue_Exp_0,PatchTST,96,96,1251,ipfarm.csv,ETTh2
0,0.28353885,0.13628873,0.36917305,0.65160936,17.454416,long_term_forecast_96_96ETTh2_w1501_ipentropy.csv_PatchTST_ETTh2_ftMS_sl96_ll48_pl96_dm512_nh8_el3_dl1_df2048_expand2_dc4_fc3_ebtimeF_dtTrue_Exp_0,PatchTST,96,96,1501,ipentropy.csv,ETTh2
0,0.28363377,0.13629611,0.36918303,0.6527724,17.578314,long_term_forecast_96_96ETTh2_w501_pentropy.csv_PatchTST_ETTh2_ftMS_sl96_ll48_pl96_dm512_nh8_el3_dl1_df2048_expand2_dc4_fc3_ebtimeF_dtTrue_Exp_0,PatchTST,96,96,501,pentropy.csv,ETTh2
0,0.28361997,0.1362967,0.36918384,0.65272677,17.568014,long_term_forecast_96_96ETTh2_w1501_pentropy.csv_PatchTST_ETTh2_ftMS_sl96_ll48_pl96_dm512_nh8_el3_dl1_df2048_expand2_dc4_fc3_ebtimeF_dtTrue_Exp_0,PatchTST,96,96,1501,pentropy.csv,ETTh2
0,0.28355342,0.1362968,0.36918396,0.6521788,17.500406,long_term_forecast_96_96ETTh2_w1001_ipentropy.csv_PatchTST_ETTh2_ftMS_sl96_ll48_pl96_dm512_nh8_el3_dl1_df2048_expand2_dc4_fc3_ebtimeF_dtTrue_Exp_0,PatchTST,96,96,1001,ipentropy.csv,ETTh2
0,0.28345495,0.13632686,0.36922467,0.65004337,17.323812,long_term_forecast_96_96ETTh2_w1001_prollcov.csv_PatchTST_ETTh2_ftMS_sl96_ll48_pl96_dm512_nh8_el3_dl1_df2048_expand2_dc4_fc3_ebtimeF_dtTrue_Exp_0,PatchTST,96,96,1001,prollcov.csv,ETTh2
0,0.2835345,0.13632965,0.36922845,0.6500067,17.347864,long_term_forecast_96_96ETTh2_w1501_ipfarm.csv_PatchTST_ETTh2_ftMS_sl96_ll48_pl96_dm512_nh8_el3_dl1_df2048_expand2_dc4_fc3_ebtimeF_dtTrue_Exp_0,PatchTST,96,96,1501,ipfarm.csv,ETTh2
0,0.28364384,0.13634427,0.36924824,0.65099365,17.421976,long_term_forecast_96_96ETTh2_w751_ipfarm.csv_PatchTST_ETTh2_ftMS_sl96_ll48_pl96_dm512_nh8_el3_dl1_df2048_expand2_dc4_fc3_ebtimeF_dtTrue_Exp_0,PatchTST,96,96,751,ipfarm.csv,ETTh2
0,0.2838087,0.13634624,0.36925092,0.6537534,17.566563,long_term_forecast_96_96ETTh2_w1251_pmutual_info.csv_PatchTST_ETTh2_ftMS_sl96_ll48_pl96_dm512_nh8_el3_dl1_df2048_expand2_dc4_fc3_ebtimeF_dtTrue_Exp_0,PatchTST,96,96,1251,pmutual_info.csv,ETTh2
0,0.2836325,0.13634878,0.36925435,0.6523451,17.517263,long_term_forecast_96_96ETTh2_w501_ipentropy.csv_PatchTST_ETTh2_ftMS_sl96_ll48_pl96_dm512_nh8_el3_dl1_df2048_expand2_dc4_fc3_ebtimeF_dtTrue_Exp_0,PatchTST,96,96,501,ipentropy.csv,ETTh2
0,0.2836444,0.13635339,0.3692606,0.65267444,17.540558,long_term_forecast_96_96ETTh2.csv_PatchTST_ETTh2_ftMS_sl96_ll48_pl96_dm512_nh8_el3_dl1_df2048_expand2_dc4_fc3_ebtimeF_dtTrue_Exp_0,PatchTST,96,96,,identity,ETTh2
0,0.28350425,0.13635619,0.3692644,0.6469569,17.207363,long_term_forecast_96_96ETTh2_w751_ipmutual_info.csv_PatchTST_ETTh2_ftMS_sl96_ll48_pl96_dm512_nh8_el3_dl1_df2048_expand2_dc4_fc3_ebtimeF_dtTrue_Exp_0,PatchTST,96,96,751,ipmutual_info.csv,ETTh2
0,0.28368214,0.13636142,0.3692715,0.6527455,17.579075,long_term_forecast_96_96ETTh2_w751_pentropy.csv_PatchTST_ETTh2_ftMS_sl96_ll48_pl96_dm512_nh8_el3_dl1_df2048_expand2_dc4_fc3_ebtimeF_dtTrue_Exp_0,PatchTST,96,96,751,pentropy.csv,ETTh2
0,0.2837145,0.1363633,0.36927402,0.65341663,17.54351,long_term_forecast_96_96ETTh2_w1501_pfarm.csv_PatchTST_ETTh2_ftMS_sl96_ll48_pl96_dm512_nh8_el3_dl1_df2048_expand2_dc4_fc3_ebtimeF_dtTrue_Exp_0,PatchTST,96,96,1501,pfarm.csv,ETTh2
0,0.2865632,0.13636377,0.36927465,0.69588476,18.901985,long_term_forecast_ETTh1_96_96ETTh2_w751_iprollcov.csv_iTransformer_ETTh2_ftMS_sl96_ll48_pl96_dm512_nh8_el2_dl1_df2048_expand2_dc4_fc1_ebtimeF_dtTrue_Exp_0,iTransformer,96,96,751,iprollcov.csv,ETTh2
0,0.28348687,0.13636549,0.36927697,0.64857966,17.22589,long_term_forecast_96_96ETTh2_w751_iprollcov.csv_PatchTST_ETTh2_ftMS_sl96_ll48_pl96_dm512_nh8_el3_dl1_df2048_expand2_dc4_fc3_ebtimeF_dtTrue_Exp_0,PatchTST,96,96,751,iprollcov.csv,ETTh2
0,0.28366914,0.13636905,0.3692818,0.650597,17.410051,long_term_forecast_96_96ETTh2_w1251_prollcov.csv_PatchTST_ETTh2_ftMS_sl96_ll48_pl96_dm512_nh8_el3_dl1_df2048_expand2_dc4_fc3_ebtimeF_dtTrue_Exp_0,PatchTST,96,96,1251,prollcov.csv,ETTh2
0,0.28631797,0.13638756,0.36930686,0.6995656,19.353344,long_term_forecast_ETTh1_96_96ETTh2_w1001_ipentropy.csv_iTransformer_ETTh2_ftMS_sl96_ll48_pl96_dm512_nh8_el2_dl1_df2048_expand2_dc4_fc1_ebtimeF_dtTrue_Exp_0,iTransformer,96,96,1001,ipentropy.csv,ETTh2
0,0.28350616,0.13639139,0.36931205,0.6496478,17.248713,long_term_forecast_96_96ETTh2_w1251_iprollcorr.csv_PatchTST_ETTh2_ftMS_sl96_ll48_pl96_dm512_nh8_el3_dl1_df2048_expand2_dc4_fc3_ebtimeF_dtTrue_Exp_0,PatchTST,96,96,1251,iprollcorr.csv,ETTh2
0,0.28361258,0.13639577,0.36931798,0.65171903,17.428177,long_term_forecast_96_96ETTh2_w501_prollcov.csv_PatchTST_ETTh2_ftMS_sl96_ll48_pl96_dm512_nh8_el3_dl1_df2048_expand2_dc4_fc3_ebtimeF_dtTrue_Exp_0,PatchTST,96,96,501,prollcov.csv,ETTh2
0,0.28373998,0.1364014,0.3693256,0.65245724,17.522305,long_term_forecast_96_96ETTh2_w1001_pfarm.csv_PatchTST_ETTh2_ftMS_sl96_ll48_pl96_dm512_nh8_el3_dl1_df2048_expand2_dc4_fc3_ebtimeF_dtTrue_Exp_0,PatchTST,96,96,1001,pfarm.csv,ETTh2
0,0.2877177,0.1364085,0.3693352,0.7211351,19.26881,long_term_forecast_96_96ETTm2_w751_psmoothrandomwalk.csv_Autoformer_ETTm2_ftMS_sl96_ll48_pl96_dm512_nh8_el2_dl1_df2048_expand2_dc4_fc1_ebtimeF_dtTrue_Exp_0,Autoformer,96,96,751,psmoothrandomwalk.csv,ETTm2
0,0.28370452,0.13642347,0.36935547,0.6507883,17.371376,long_term_forecast_96_96ETTh2_w751_prollcov.csv_PatchTST_ETTh2_ftMS_sl96_ll48_pl96_dm512_nh8_el3_dl1_df2048_expand2_dc4_fc3_ebtimeF_dtTrue_Exp_0,PatchTST,96,96,751,prollcov.csv,ETTh2
0,0.28367847,0.13643113,0.36936584,0.6521295,17.40249,long_term_forecast_96_96ETTh2_w1501_iprollcov.csv_PatchTST_ETTh2_ftMS_sl96_ll48_pl96_dm512_nh8_el3_dl1_df2048_expand2_dc4_fc3_ebtimeF_dtTrue_Exp_0,PatchTST,96,96,1501,iprollcov.csv,ETTh2
0,0.28373638,0.13643305,0.36936843,0.65215933,17.522604,long_term_forecast_96_96ETTh2_w751_ipentropy.csv_PatchTST_ETTh2_ftMS_sl96_ll48_pl96_dm512_nh8_el3_dl1_df2048_expand2_dc4_fc3_ebtimeF_dtTrue_Exp_0,PatchTST,96,96,751,ipentropy.csv,ETTh2
0,0.2836419,0.13643378,0.36936945,0.6513879,17.415117,long_term_forecast_96_96ETTh2_w1251_pfarm.csv_PatchTST_ETTh2_ftMS_sl96_ll48_pl96_dm512_nh8_el3_dl1_df2048_expand2_dc4_fc3_ebtimeF_dtTrue_Exp_0,PatchTST,96,96,1251,pfarm.csv,ETTh2
0,0.28397962,0.13649869,0.3694573,0.6515387,17.544348,long_term_forecast_96_96ETTh2_w501_pmutual_info.csv_PatchTST_ETTh2_ftMS_sl96_ll48_pl96_dm512_nh8_el3_dl1_df2048_expand2_dc4_fc3_ebtimeF_dtTrue_Exp_0,PatchTST,96,96,501,pmutual_info.csv,ETTh2
0,0.28599322,0.13656424,0.369546,0.70687354,19.470928,long_term_forecast_96_96ETTh2_w751_ipsmoothrandomwalk.csv_iTransformer_ETTh2_ftMS_sl96_ll48_pl96_dm512_nh8_el2_dl1_df2048_expand2_dc4_fc1_ebtimeF_dtTrue_Exp_0,iTransformer,96,96,751,ipsmoothrandomwalk.csv,ETTh2
0,0.28378373,0.1365669,0.3695496,0.6512551,17.37105,long_term_forecast_96_96ETTh2_w1501_iprollcorr.csv_PatchTST_ETTh2_ftMS_sl96_ll48_pl96_dm512_nh8_el3_dl1_df2048_expand2_dc4_fc3_ebtimeF_dtTrue_Exp_0,PatchTST,96,96,1501,iprollcorr.csv,ETTh2
0,0.28658423,0.13659963,0.36959386,0.68976325,18.488497,long_term_forecast_ETTh1_96_96ETTh2_w1501_ipfarm.csv_iTransformer_ETTh2_ftMS_sl96_ll48_pl96_dm512_nh8_el2_dl1_df2048_expand2_dc4_fc1_ebtimeF_dtTrue_Exp_0,iTransformer,96,96,1501,ipfarm.csv,ETTh2
0,0.2867536,0.13662449,0.3696275,0.69963366,19.164286,long_term_forecast_ETTh1_96_96ETTh2_w1001_iprollcov.csv_iTransformer_ETTh2_ftMS_sl96_ll48_pl96_dm512_nh8_el2_dl1_df2048_expand2_dc4_fc1_ebtimeF_dtTrue_Exp_0,iTransformer,96,96,1001,iprollcov.csv,ETTh2
0,0.28675222,0.13670695,0.36973903,0.6960552,18.854527,long_term_forecast_ETTh1_96_96ETTh2_w1501_iprollcov.csv_iTransformer_ETTh2_ftMS_sl96_ll48_pl96_dm512_nh8_el2_dl1_df2048_expand2_dc4_fc1_ebtimeF_dtTrue_Exp_0,iTransformer,96,96,1501,iprollcov.csv,ETTh2
0,0.28686702,0.13672127,0.3697584,0.70331424,19.707533,long_term_forecast_ETTh1_96_96ETTh2_w1251_pfarm.csv_iTransformer_ETTh2_ftMS_sl96_ll48_pl96_dm512_nh8_el2_dl1_df2048_expand2_dc4_fc1_ebtimeF_dtTrue_Exp_0,iTransformer,96,96,1251,pfarm.csv,ETTh2
0,0.28677574,0.13672392,0.36976197,0.7064917,19.548527,long_term_forecast_ETTh1_96_96ETTh2_w1001_iprollcorr.csv_iTransformer_ETTh2_ftMS_sl96_ll48_pl96_dm512_nh8_el2_dl1_df2048_expand2_dc4_fc1_ebtimeF_dtTrue_Exp_0,iTransformer,96,96,1001,iprollcorr.csv,ETTh2
0,0.28703266,0.13685904,0.36994466,0.69923687,19.086292,long_term_forecast_ETTh1_96_96ETTh2_w751_ipentropy.csv_iTransformer_ETTh2_ftMS_sl96_ll48_pl96_dm512_nh8_el2_dl1_df2048_expand2_dc4_fc1_ebtimeF_dtTrue_Exp_0,iTransformer,96,96,751,ipentropy.csv,ETTh2
0,0.28683966,0.13688232,0.3699761,0.6982134,19.133024,long_term_forecast_ETTh1_96_96ETTh2_w501_pentropy.csv_iTransformer_ETTh2_ftMS_sl96_ll48_pl96_dm512_nh8_el2_dl1_df2048_expand2_dc4_fc1_ebtimeF_dtTrue_Exp_0,iTransformer,96,96,501,pentropy.csv,ETTh2
0,0.28586784,0.13688566,0.3699806,0.69114995,18.515156,long_term_forecast_ETTh1_96_96ETTh2_w751_prollcov.csv_iTransformer_ETTh2_ftMS_sl96_ll48_pl96_dm512_nh8_el2_dl1_df2048_expand2_dc4_fc1_ebtimeF_dtTrue_Exp_0,iTransformer,96,96,751,prollcov.csv,ETTh2
0,0.28767446,0.1368879,0.36998364,0.7113803,19.961605,long_term_forecast_ETTh1_96_96ETTh2_w1501_pfarm.csv_iTransformer_ETTh2_ftMS_sl96_ll48_pl96_dm512_nh8_el2_dl1_df2048_expand2_dc4_fc1_ebtimeF_dtTrue_Exp_0,iTransformer,96,96,1501,pfarm.csv,ETTh2
0,0.2870819,0.13690315,0.37000427,0.697655,19.074797,long_term_forecast_ETTh1_96_96ETTh2_w1251_ipentropy.csv_iTransformer_ETTh2_ftMS_sl96_ll48_pl96_dm512_nh8_el2_dl1_df2048_expand2_dc4_fc1_ebtimeF_dtTrue_Exp_0,iTransformer,96,96,1251,ipentropy.csv,ETTh2
0,0.2869298,0.13690779,0.37001052,0.7048642,19.814648,long_term_forecast_ETTh1_96_96ETTh2_w1501_ipentropy.csv_iTransformer_ETTh2_ftMS_sl96_ll48_pl96_dm512_nh8_el2_dl1_df2048_expand2_dc4_fc1_ebtimeF_dtTrue_Exp_0,iTransformer,96,96,1501,ipentropy.csv,ETTh2
0,0.28434026,0.13698012,0.37010825,0.70815223,20.664377,long_term_forecast_96_96ETTh2_w1251_prollcov.csv_TimeXer_ETTh2_ftMS_sl96_ll48_pl96_dm512_nh8_el1_dl1_df2048_expand2_dc4_fc3_ebtimeF_dtTrue_Exp_0,TimeXer,96,96,1251,prollcov.csv,ETTh2
0,0.2872618,0.1371005,0.37027085,0.6991026,18.937794,long_term_forecast_ETTh1_96_96ETTh2_w1251_ipmutual_info.csv_iTransformer_ETTh2_ftMS_sl96_ll48_pl96_dm512_nh8_el2_dl1_df2048_expand2_dc4_fc1_ebtimeF_dtTrue_Exp_0,iTransformer,96,96,1251,ipmutual_info.csv,ETTh2
0,0.2872642,0.13711844,0.37029508,0.70036256,19.371891,long_term_forecast_ETTh1_96_96ETTh2.csv_iTransformer_ETTh2_ftMS_sl96_ll48_pl96_dm512_nh8_el2_dl1_df2048_expand2_dc4_fc1_ebtimeF_dtTrue_Exp_0,iTransformer,96,96,,identity,ETTh2
0,0.287065,0.1372308,0.37044674,0.70220536,19.596647,long_term_forecast_ETTh1_96_96ETTh2_w1001_pentropy.csv_iTransformer_ETTh2_ftMS_sl96_ll48_pl96_dm512_nh8_el2_dl1_df2048_expand2_dc4_fc1_ebtimeF_dtTrue_Exp_0,iTransformer,96,96,1001,pentropy.csv,ETTh2
0,0.28731775,0.13725239,0.3704759,0.69750005,19.177668,long_term_forecast_ETTh1_96_96ETTh2_w1251_pentropy.csv_iTransformer_ETTh2_ftMS_sl96_ll48_pl96_dm512_nh8_el2_dl1_df2048_expand2_dc4_fc1_ebtimeF_dtTrue_Exp_0,iTransformer,96,96,1251,pentropy.csv,ETTh2
0,0.28744015,0.13738059,0.37064886,0.6995272,19.354465,long_term_forecast_ETTh1_96_96ETTh2_w1501_pentropy.csv_iTransformer_ETTh2_ftMS_sl96_ll48_pl96_dm512_nh8_el2_dl1_df2048_expand2_dc4_fc1_ebtimeF_dtTrue_Exp_0,iTransformer,96,96,1501,pentropy.csv,ETTh2
0,0.2868101,0.13746488,0.37076256,0.720919,20.832952,long_term_forecast_96_96ETTh2_w751_ipsmoothrandomwalk.csv_TimeXer_ETTh2_ftMS_sl96_ll48_pl96_dm512_nh8_el1_dl1_df2048_expand2_dc4_fc3_ebtimeF_dtTrue_Exp_0,TimeXer,96,96,751,ipsmoothrandomwalk.csv,ETTh2
0,0.2885334,0.13747066,0.37077036,0.74562675,21.850193,long_term_forecast_96_96ETTm2_w1001_ipentropy.csv_Autoformer_ETTm2_ftMS_sl96_ll48_pl96_dm512_nh8_el2_dl1_df2048_expand2_dc4_fc1_ebtimeF_dtTrue_Exp_0,Autoformer,96,96,1001,ipentropy.csv,ETTm2
0,0.2869184,0.13753743,0.3708604,0.7054765,19.65338,long_term_forecast_96_96ETTh2_w1251_ipsmoothrandomwalk.csv_iTransformer_ETTh2_ftMS_sl96_ll48_pl96_dm512_nh8_el2_dl1_df2048_expand2_dc4_fc1_ebtimeF_dtTrue_Exp_0,iTransformer,96,96,1251,ipsmoothrandomwalk.csv,ETTh2
0,0.28765097,0.13757586,0.3709122,0.70553,19.684374,long_term_forecast_ETTh1_96_96ETTh2_w751_pentropy.csv_iTransformer_ETTh2_ftMS_sl96_ll48_pl96_dm512_nh8_el2_dl1_df2048_expand2_dc4_fc1_ebtimeF_dtTrue_Exp_0,iTransformer,96,96,751,pentropy.csv,ETTh2
0,0.2878719,0.13771963,0.37110597,0.6955308,18.742136,long_term_forecast_ETTh1_96_96ETTh2_w751_ipmutual_info.csv_iTransformer_ETTh2_ftMS_sl96_ll48_pl96_dm512_nh8_el2_dl1_df2048_expand2_dc4_fc1_ebtimeF_dtTrue_Exp_0,iTransformer,96,96,751,ipmutual_info.csv,ETTh2
0,0.28441623,0.13772123,0.3711081,0.69323003,20.565847,long_term_forecast_96_96ETTh2_w1501_pfarm.csv_TimeXer_ETTh2_ftMS_sl96_ll48_pl96_dm512_nh8_el1_dl1_df2048_expand2_dc4_fc3_ebtimeF_dtTrue_Exp_0,TimeXer,96,96,1501,pfarm.csv,ETTh2
0,0.28663632,0.13788319,0.37132627,0.7439681,24.10377,long_term_forecast_96_96ETTh2_w1251_prollcorr.csv_TimeXer_ETTh2_ftMS_sl96_ll48_pl96_dm512_nh8_el1_dl1_df2048_expand2_dc4_fc3_ebtimeF_dtTrue_Exp_0,TimeXer,96,96,1251,prollcorr.csv,ETTh2
0,0.28596544,0.13789001,0.37133545,0.7149707,21.25584,long_term_forecast_96_96ETTh2_w1501_prollcov.csv_TimeXer_ETTh2_ftMS_sl96_ll48_pl96_dm512_nh8_el1_dl1_df2048_expand2_dc4_fc3_ebtimeF_dtTrue_Exp_0,TimeXer,96,96,1501,prollcov.csv,ETTh2
0,0.288363,0.13799217,0.37147298,0.68627816,14.1142435,long_term_forecast_96_96ETTm2_w1501_pfarm.csv_Autoformer_ETTm2_ftMS_sl96_ll48_pl96_dm512_nh8_el2_dl1_df2048_expand2_dc4_fc1_ebtimeF_dtTrue_Exp_0,Autoformer,96,96,1501,pfarm.csv,ETTm2
0,0.2885428,0.13828728,0.37186998,0.70364296,19.453663,long_term_forecast_ETTh1_96_96ETTh2_w501_ipentropy.csv_iTransformer_ETTh2_ftMS_sl96_ll48_pl96_dm512_nh8_el2_dl1_df2048_expand2_dc4_fc1_ebtimeF_dtTrue_Exp_0,iTransformer,96,96,501,ipentropy.csv,ETTh2
0,0.28427312,0.13829926,0.37188607,0.71440303,22.573446,long_term_forecast_96_96ETTh2_w501_psmoothrandomwalk.csv_TimeXer_ETTh2_ftMS_sl96_ll48_pl96_dm512_nh8_el1_dl1_df2048_expand2_dc4_fc3_ebtimeF_dtTrue_Exp_0,TimeXer,96,96,501,psmoothrandomwalk.csv,ETTh2
0,0.2870073,0.13845225,0.3720917,0.7308793,23.541723,long_term_forecast_96_96ETTh2_w1001_pmutual_info.csv_TimeXer_ETTh2_ftMS_sl96_ll48_pl96_dm512_nh8_el1_dl1_df2048_expand2_dc4_fc3_ebtimeF_dtTrue_Exp_0,TimeXer,96,96,1001,pmutual_info.csv,ETTh2
0,0.28812376,0.1384939,0.37214768,0.71107584,20.0148,long_term_forecast_96_96ETTh2_w1001_ipsmoothrandomwalk.csv_iTransformer_ETTh2_ftMS_sl96_ll48_pl96_dm512_nh8_el2_dl1_df2048_expand2_dc4_fc1_ebtimeF_dtTrue_Exp_0,iTransformer,96,96,1001,ipsmoothrandomwalk.csv,ETTh2
0,0.2886055,0.13849795,0.37215313,0.6948634,18.466925,long_term_forecast_ETTh1_96_96ETTh2_w1501_iprollcorr.csv_iTransformer_ETTh2_ftMS_sl96_ll48_pl96_dm512_nh8_el2_dl1_df2048_expand2_dc4_fc1_ebtimeF_dtTrue_Exp_0,iTransformer,96,96,1501,iprollcorr.csv,ETTh2
0,0.2885754,0.13856615,0.37224475,0.7054865,20.228521,long_term_forecast_ETTh1_96_96ETTh2_w501_pmutual_info.csv_iTransformer_ETTh2_ftMS_sl96_ll48_pl96_dm512_nh8_el2_dl1_df2048_expand2_dc4_fc1_ebtimeF_dtTrue_Exp_0,iTransformer,96,96,501,pmutual_info.csv,ETTh2
0,0.28684008,0.13859764,0.37228703,0.7163683,21.57972,long_term_forecast_96_96ETTh2_w1001_ipsmoothrandomwalk.csv_TimeXer_ETTh2_ftMS_sl96_ll48_pl96_dm512_nh8_el1_dl1_df2048_expand2_dc4_fc3_ebtimeF_dtTrue_Exp_0,TimeXer,96,96,1001,ipsmoothrandomwalk.csv,ETTh2
0,0.2889569,0.13862391,0.37232232,0.697188,18.83319,long_term_forecast_ETTh1_96_96ETTh2_w751_ipfarm.csv_iTransformer_ETTh2_ftMS_sl96_ll48_pl96_dm512_nh8_el2_dl1_df2048_expand2_dc4_fc1_ebtimeF_dtTrue_Exp_0,iTransformer,96,96,751,ipfarm.csv,ETTh2
0,0.28793475,0.13890524,0.37269995,0.74978375,24.638786,long_term_forecast_96_96ETTh2_w1501_prollcorr.csv_TimeXer_ETTh2_ftMS_sl96_ll48_pl96_dm512_nh8_el1_dl1_df2048_expand2_dc4_fc3_ebtimeF_dtTrue_Exp_0,TimeXer,96,96,1501,prollcorr.csv,ETTh2
0,0.28478613,0.1391899,0.37308162,0.71420604,22.487125,long_term_forecast_96_96ETTh2_w1501_psmoothrandomwalk.csv_TimeXer_ETTh2_ftMS_sl96_ll48_pl96_dm512_nh8_el1_dl1_df2048_expand2_dc4_fc3_ebtimeF_dtTrue_Exp_0,TimeXer,96,96,1501,psmoothrandomwalk.csv,ETTh2
0,0.2877419,0.13920417,0.37310076,0.69737446,16.970839,long_term_forecast_96_96ETTm2_w1501_ipsmoothrandomwalk.csv_Autoformer_ETTm2_ftMS_sl96_ll48_pl96_dm512_nh8_el2_dl1_df2048_expand2_dc4_fc1_ebtimeF_dtTrue_Exp_0,Autoformer,96,96,1501,ipsmoothrandomwalk.csv,ETTm2
0,0.28775716,0.13929014,0.37321594,0.7213754,21.880249,long_term_forecast_96_96ETTh2_w1251_ipsmoothrandomwalk.csv_TimeXer_ETTh2_ftMS_sl96_ll48_pl96_dm512_nh8_el1_dl1_df2048_expand2_dc4_fc3_ebtimeF_dtTrue_Exp_0,TimeXer,96,96,1251,ipsmoothrandomwalk.csv,ETTh2
0,0.2938319,0.13953716,0.37354672,0.23907383,0.10457033,long_term_forecast_96_96ETTh1_w501_pfarm.csv_Autoformer_ETTh1_ftMS_sl96_ll48_pl96_dm512_nh8_el2_dl1_df2048_expand2_dc4_fc3_ebtimeF_dtTrue_Exp_0,Autoformer,96,96,501,pfarm.csv,ETTh1
0,0.29026988,0.13960816,0.37364176,0.7013234,18.972767,long_term_forecast_ETTh1_96_96ETTh2_w501_pfarm.csv_iTransformer_ETTh2_ftMS_sl96_ll48_pl96_dm512_nh8_el2_dl1_df2048_expand2_dc4_fc1_ebtimeF_dtTrue_Exp_0,iTransformer,96,96,501,pfarm.csv,ETTh2
0,0.28848535,0.13966587,0.37371898,0.7235468,23.136808,long_term_forecast_96_96ETTh2_w1251_iprollcorr.csv_TimeXer_ETTh2_ftMS_sl96_ll48_pl96_dm512_nh8_el1_dl1_df2048_expand2_dc4_fc3_ebtimeF_dtTrue_Exp_0,TimeXer,96,96,1251,iprollcorr.csv,ETTh2
0,0.29858756,0.13980731,0.37390816,0.54109675,8.259381,long_term_forecast_96_96ETTm2_w1501_ipsmoothrandomwalk.csv_Crossformer_ETTm2_ftMS_sl96_ll48_pl96_dm512_nh8_el2_dl1_df2048_expand2_dc4_fc1_ebtimeF_dtTrue_Exp_0,Crossformer,96,96,1501,ipsmoothrandomwalk.csv,ETTm2
0,0.28622156,0.1398982,0.37402967,0.7748204,24.017464,long_term_forecast_96_96ETTm2_w501_iprollcov.csv_Autoformer_ETTm2_ftMS_sl96_ll48_pl96_dm512_nh8_el2_dl1_df2048_expand2_dc4_fc1_ebtimeF_dtTrue_Exp_0,Autoformer,96,96,501,iprollcov.csv,ETTm2
0,0.3164005,0.13995226,0.37410194,0.23061591,0.069070205,long_term_forecast_96_96ETTm1_w501_ipfarm.csv_Crossformer_ETTm1_ftMS_sl96_ll48_pl96_dm512_nh8_el2_dl1_df2048_expand2_dc4_fc1_ebtimeF_dtTrue_Exp_0,Crossformer,96,96,501,ipfarm.csv,ETTm1
0,0.28887987,0.13997908,0.3741378,0.7414728,24.085869,long_term_forecast_96_96ETTh2_w751_pmutual_info.csv_TimeXer_ETTh2_ftMS_sl96_ll48_pl96_dm512_nh8_el1_dl1_df2048_expand2_dc4_fc3_ebtimeF_dtTrue_Exp_0,TimeXer,96,96,751,pmutual_info.csv,ETTh2
0,0.3009295,0.14003512,0.37421268,0.61960524,10.406917,long_term_forecast_96_96ETTm2_w501_prandomwalk.csv_Crossformer_ETTm2_ftMS_sl96_ll48_pl96_dm512_nh8_el2_dl1_df2048_expand2_dc4_fc1_ebtimeF_dtTrue_Exp_0,Crossformer,96,96,501,prandomwalk.csv,ETTm2
0,0.28965363,0.14050493,0.37483987,0.75114954,24.443312,long_term_forecast_96_96ETTh2_w751_prollcorr.csv_TimeXer_ETTh2_ftMS_sl96_ll48_pl96_dm512_nh8_el1_dl1_df2048_expand2_dc4_fc3_ebtimeF_dtTrue_Exp_0,TimeXer,96,96,751,prollcorr.csv,ETTh2
0,0.28654647,0.1407727,0.37519687,0.7125234,18.625584,long_term_forecast_336_96ETTm2_w1501_iprollcorr.csv_iTransformer_ETTm2_ftMS_sl96_ll48_pl336_dm512_nh8_el2_dl1_df2048_expand2_dc4_fc1_ebtimeF_dtTrue_Exp_0,iTransformer,336,96,1501,iprollcorr.csv,ETTm2
0,0.28963268,0.14085871,0.3753115,0.7401697,24.039097,long_term_forecast_96_96ETTh2_w1251_iprollcov.csv_TimeXer_ETTh2_ftMS_sl96_ll48_pl96_dm512_nh8_el1_dl1_df2048_expand2_dc4_fc3_ebtimeF_dtTrue_Exp_0,TimeXer,96,96,1251,iprollcov.csv,ETTh2
0,0.28938463,0.14093752,0.37541646,0.735115,24.447075,long_term_forecast_96_96ETTh2_w1251_ipsmoothrandomwalk.csv_PatchTST_ETTh2_ftMS_sl96_ll48_pl96_dm512_nh8_el3_dl1_df2048_expand2_dc4_fc3_ebtimeF_dtTrue_Exp_0,PatchTST,96,96,1251,ipsmoothrandomwalk.csv,ETTh2
0,0.28814808,0.14097986,0.37547284,0.77327704,22.4431,long_term_forecast_96_96ETTm2_w1251_prollcov.csv_Autoformer_ETTm2_ftMS_sl96_ll48_pl96_dm512_nh8_el2_dl1_df2048_expand2_dc4_fc1_ebtimeF_dtTrue_Exp_0,Autoformer,96,96,1251,prollcov.csv,ETTm2
0,0.2899933,0.14109108,0.37562093,0.75741035,25.036318,long_term_forecast_96_96ETTh2_w1001_prollcorr.csv_TimeXer_ETTh2_ftMS_sl96_ll48_pl96_dm512_nh8_el1_dl1_df2048_expand2_dc4_fc3_ebtimeF_dtTrue_Exp_0,TimeXer,96,96,1001,prollcorr.csv,ETTh2
0,0.28950635,0.14131117,0.37591377,0.73473597,24.329115,long_term_forecast_96_96ETTh2_w1501_iprollcorr.csv_TimeXer_ETTh2_ftMS_sl96_ll48_pl96_dm512_nh8_el1_dl1_df2048_expand2_dc4_fc3_ebtimeF_dtTrue_Exp_0,TimeXer,96,96,1501,iprollcorr.csv,ETTh2
0,0.29005417,0.14132507,0.37593228,0.75854623,25.288017,long_term_forecast_96_96ETTh2_w751_prollcov.csv_TimeXer_ETTh2_ftMS_sl96_ll48_pl96_dm512_nh8_el1_dl1_df2048_expand2_dc4_fc3_ebtimeF_dtTrue_Exp_0,TimeXer,96,96,751,prollcov.csv,ETTh2
0,0.29011223,0.14147943,0.37613752,0.74772674,25.130363,long_term_forecast_96_96ETTh2_w501_psmoothrandomwalk.csv_PatchTST_ETTh2_ftMS_sl96_ll48_pl96_dm512_nh8_el3_dl1_df2048_expand2_dc4_fc3_ebtimeF_dtTrue_Exp_0,PatchTST,96,96,501,psmoothrandomwalk.csv,ETTh2
0,0.2898976,0.14150146,0.3761668,0.74392927,25.02502,long_term_forecast_96_96ETTh2_w501_iprandomwalk.csv_PatchTST_ETTh2_ftMS_sl96_ll48_pl96_dm512_nh8_el3_dl1_df2048_expand2_dc4_fc3_ebtimeF_dtTrue_Exp_0,PatchTST,96,96,501,iprandomwalk.csv,ETTh2
0,0.29373202,0.1415378,0.3762151,0.7730959,22.254667,long_term_forecast_96_96ETTm2_w501_prollcorr.csv_Autoformer_ETTm2_ftMS_sl96_ll48_pl96_dm512_nh8_el2_dl1_df2048_expand2_dc4_fc1_ebtimeF_dtTrue_Exp_0,Autoformer,96,96,501,prollcorr.csv,ETTm2
0,0.29016158,0.14160673,0.3763067,0.7567403,25.387012,long_term_forecast_96_96ETTh2_w751_pfarm.csv_TimeXer_ETTh2_ftMS_sl96_ll48_pl96_dm512_nh8_el1_dl1_df2048_expand2_dc4_fc3_ebtimeF_dtTrue_Exp_0,TimeXer,96,96,751,pfarm.csv,ETTh2
0,0.28688654,0.14168522,0.37641096,0.71228796,22.152958,long_term_forecast_96_96ETTh2_w1251_psmoothrandomwalk.csv_TimeXer_ETTh2_ftMS_sl96_ll48_pl96_dm512_nh8_el1_dl1_df2048_expand2_dc4_fc3_ebtimeF_dtTrue_Exp_0,TimeXer,96,96,1251,psmoothrandomwalk.csv,ETTh2
0,0.29033512,0.14170404,0.37643597,0.7439563,24.49297,long_term_forecast_96_96ETTh2_w1501_iprollcov.csv_TimeXer_ETTh2_ftMS_sl96_ll48_pl96_dm512_nh8_el1_dl1_df2048_expand2_dc4_fc3_ebtimeF_dtTrue_Exp_0,TimeXer,96,96,1501,iprollcov.csv,ETTh2
0,0.2908329,0.14180557,0.37657082,0.73753744,23.625437,long_term_forecast_96_96ETTh2_w751_iprollcov.csv_TimeXer_ETTh2_ftMS_sl96_ll48_pl96_dm512_nh8_el1_dl1_df2048_expand2_dc4_fc3_ebtimeF_dtTrue_Exp_0,TimeXer,96,96,751,iprollcov.csv,ETTh2
0,0.2921983,0.14182495,0.37659654,0.6966017,18.568604,long_term_forecast_ETTh1_96_96ETTh2_w1001_pfarm.csv_iTransformer_ETTh2_ftMS_sl96_ll48_pl96_dm512_nh8_el2_dl1_df2048_expand2_dc4_fc1_ebtimeF_dtTrue_Exp_0,iTransformer,96,96,1001,pfarm.csv,ETTh2
0,0.29072803,0.14184473,0.3766228,0.7468205,24.588871,long_term_forecast_96_96ETTh2_w1001_iprollcov.csv_TimeXer_ETTh2_ftMS_sl96_ll48_pl96_dm512_nh8_el1_dl1_df2048_expand2_dc4_fc3_ebtimeF_dtTrue_Exp_0,TimeXer,96,96,1001,iprollcov.csv,ETTh2
0,0.29042423,0.14187032,0.37665677,0.76117814,25.600351,long_term_forecast_96_96ETTh2_w501_ipfarm.csv_TimeXer_ETTh2_ftMS_sl96_ll48_pl96_dm512_nh8_el1_dl1_df2048_expand2_dc4_fc3_ebtimeF_dtTrue_Exp_0,TimeXer,96,96,501,ipfarm.csv,ETTh2
0,0.29051456,0.14189251,0.37668622,0.74875194,25.223328,long_term_forecast_96_96ETTh2_w1251_psmoothrandomwalk.csv_PatchTST_ETTh2_ftMS_sl96_ll48_pl96_dm512_nh8_el3_dl1_df2048_expand2_dc4_fc3_ebtimeF_dtTrue_Exp_0,PatchTST,96,96,1251,psmoothrandomwalk.csv,ETTh2
0,0.29051438,0.14190656,0.37670487,0.76383424,26.028759,long_term_forecast_96_96ETTh2_w501_pfarm.csv_TimeXer_ETTh2_ftMS_sl96_ll48_pl96_dm512_nh8_el1_dl1_df2048_expand2_dc4_fc3_ebtimeF_dtTrue_Exp_0,TimeXer,96,96,501,pfarm.csv,ETTh2
0,0.2905717,0.14192785,0.37673312,0.7515104,25.423014,long_term_forecast_96_96ETTh2_w1501_psmoothrandomwalk.csv_PatchTST_ETTh2_ftMS_sl96_ll48_pl96_dm512_nh8_el3_dl1_df2048_expand2_dc4_fc3_ebtimeF_dtTrue_Exp_0,PatchTST,96,96,1501,psmoothrandomwalk.csv,ETTh2
0,0.29053265,0.14200109,0.3768303,0.7537699,25.452356,long_term_forecast_96_96ETTh2_w501_prandomwalk.csv_PatchTST_ETTh2_ftMS_sl96_ll48_pl96_dm512_nh8_el3_dl1_df2048_expand2_dc4_fc3_ebtimeF_dtTrue_Exp_0,PatchTST,96,96,501,prandomwalk.csv,ETTh2
0,0.29280922,0.14203006,0.37686875,0.773099,20.608356,long_term_forecast_96_96ETTm2_w501_ipfarm.csv_Autoformer_ETTm2_ftMS_sl96_ll48_pl96_dm512_nh8_el2_dl1_df2048_expand2_dc4_fc1_ebtimeF_dtTrue_Exp_0,Autoformer,96,96,501,ipfarm.csv,ETTm2
0,0.29077947,0.1420868,0.37694404,0.75104004,25.350655,long_term_forecast_96_96ETTh2_w751_psmoothrandomwalk.csv_PatchTST_ETTh2_ftMS_sl96_ll48_pl96_dm512_nh8_el3_dl1_df2048_expand2_dc4_fc3_ebtimeF_dtTrue_Exp_0,PatchTST,96,96,751,psmoothrandomwalk.csv,ETTh2
0,0.29084098,0.1421144,0.37698063,0.7532615,25.470165,long_term_forecast_96_96ETTh2_w1001_psmoothrandomwalk.csv_PatchTST_ETTh2_ftMS_sl96_ll48_pl96_dm512_nh8_el3_dl1_df2048_expand2_dc4_fc3_ebtimeF_dtTrue_Exp_0,PatchTST,96,96,1001,psmoothrandomwalk.csv,ETTh2
0,0.29000577,0.1421144,0.37698063,0.7453771,23.928127,long_term_forecast_96_96ETTh2_w501_iprandomwalk.csv_TimeXer_ETTh2_ftMS_sl96_ll48_pl96_dm512_nh8_el1_dl1_df2048_expand2_dc4_fc3_ebtimeF_dtTrue_Exp_0,TimeXer,96,96,501,iprandomwalk.csv,ETTh2
0,0.29086748,0.1422389,0.37714574,0.7673084,26.4872,long_term_forecast_96_96ETTh2_w1001_ipsmoothrandomwalk.csv_PatchTST_ETTh2_ftMS_sl96_ll48_pl96_dm512_nh8_el3_dl1_df2048_expand2_dc4_fc3_ebtimeF_dtTrue_Exp_0,PatchTST,96,96,1001,ipsmoothrandomwalk.csv,ETTh2
0,0.291004,0.14226593,0.37718156,0.7584599,25.444254,long_term_forecast_96_96ETTh2_w751_ipmutual_info.csv_TimeXer_ETTh2_ftMS_sl96_ll48_pl96_dm512_nh8_el1_dl1_df2048_expand2_dc4_fc3_ebtimeF_dtTrue_Exp_0,TimeXer,96,96,751,ipmutual_info.csv,ETTh2
0,0.29076993,0.14231981,0.377253,0.75467783,25.231878,long_term_forecast_96_96ETTh2_w751_iprollcorr.csv_TimeXer_ETTh2_ftMS_sl96_ll48_pl96_dm512_nh8_el1_dl1_df2048_expand2_dc4_fc3_ebtimeF_dtTrue_Exp_0,TimeXer,96,96,751,iprollcorr.csv,ETTh2
0,0.29077515,0.14236788,0.37731668,0.76930636,26.233814,long_term_forecast_96_96ETTh2_w1001_ipmutual_info.csv_TimeXer_ETTh2_ftMS_sl96_ll48_pl96_dm512_nh8_el1_dl1_df2048_expand2_dc4_fc3_ebtimeF_dtTrue_Exp_0,TimeXer,96,96,1001,ipmutual_info.csv,ETTh2
0,0.29098636,0.14242044,0.37738633,0.7651062,22.91744,long_term_forecast_96_96ETTm2_w1001_iprollcov.csv_Autoformer_ETTm2_ftMS_sl96_ll48_pl96_dm512_nh8_el2_dl1_df2048_expand2_dc4_fc1_ebtimeF_dtTrue_Exp_0,Autoformer,96,96,1001,iprollcov.csv,ETTm2
0,0.29130268,0.14244814,0.37742302,0.7624344,25.938978,long_term_forecast_96_96ETTh2_w751_ipsmoothrandomwalk.csv_PatchTST_ETTh2_ftMS_sl96_ll48_pl96_dm512_nh8_el3_dl1_df2048_expand2_dc4_fc3_ebtimeF_dtTrue_Exp_0,PatchTST,96,96,751,ipsmoothrandomwalk.csv,ETTh2
0,0.29113477,0.14244907,0.37742424,0.74868876,24.765593,long_term_forecast_96_96ETTh2_w1001_iprollcorr.csv_TimeXer_ETTh2_ftMS_sl96_ll48_pl96_dm512_nh8_el1_dl1_df2048_expand2_dc4_fc3_ebtimeF_dtTrue_Exp_0,TimeXer,96,96,1001,iprollcorr.csv,ETTh2
0,0.2914206,0.14252888,0.37752998,0.7608337,25.471537,long_term_forecast_96_96ETTh2_w1251_ipmutual_info.csv_TimeXer_ETTh2_ftMS_sl96_ll48_pl96_dm512_nh8_el1_dl1_df2048_expand2_dc4_fc3_ebtimeF_dtTrue_Exp_0,TimeXer,96,96,1251,ipmutual_info.csv,ETTh2
0,0.2901809,0.14260846,0.37763536,0.7833896,25.126719,long_term_forecast_96_96ETTm2_w1001_ipfarm.csv_Autoformer_ETTm2_ftMS_sl96_ll48_pl96_dm512_nh8_el2_dl1_df2048_expand2_dc4_fc1_ebtimeF_dtTrue_Exp_0,Autoformer,96,96,1001,ipfarm.csv,ETTm2
0,0.29440817,0.14262672,0.37765953,0.7806685,23.977709,long_term_forecast_96_96ETTm2_w501_pentropy.csv_Autoformer_ETTm2_ftMS_sl96_ll48_pl96_dm512_nh8_el2_dl1_df2048_expand2_dc4_fc1_ebtimeF_dtTrue_Exp_0,Autoformer,96,96,501,pentropy.csv,ETTm2
0,0.29159054,0.14280678,0.37789786,0.76864344,26.654804,long_term_forecast_96_96ETTh2_w1501_ipsmoothrandomwalk.csv_PatchTST_ETTh2_ftMS_sl96_ll48_pl96_dm512_nh8_el3_dl1_df2048_expand2_dc4_fc3_ebtimeF_dtTrue_Exp_0,PatchTST,96,96,1501,ipsmoothrandomwalk.csv,ETTh2
0,0.29181573,0.14295375,0.37809226,0.7668772,26.259377,long_term_forecast_96_96ETTh2_w501_ipsmoothrandomwalk.csv_PatchTST_ETTh2_ftMS_sl96_ll48_pl96_dm512_nh8_el3_dl1_df2048_expand2_dc4_fc3_ebtimeF_dtTrue_Exp_0,PatchTST,96,96,501,ipsmoothrandomwalk.csv,ETTh2
0,0.29200944,0.14328943,0.3785359,0.76273274,25.761793,long_term_forecast_96_96ETTh2_w751_ipfarm.csv_TimeXer_ETTh2_ftMS_sl96_ll48_pl96_dm512_nh8_el1_dl1_df2048_expand2_dc4_fc3_ebtimeF_dtTrue_Exp_0,TimeXer,96,96,751,ipfarm.csv,ETTh2
0,0.29179764,0.14335348,0.3786205,0.7622802,25.904825,long_term_forecast_96_96ETTh2_w1001_ipentropy.csv_TimeXer_ETTh2_ftMS_sl96_ll48_pl96_dm512_nh8_el1_dl1_df2048_expand2_dc4_fc3_ebtimeF_dtTrue_Exp_0,TimeXer,96,96,1001,ipentropy.csv,ETTh2
0,0.29170758,0.14347723,0.37878388,0.76397777,26.24226,long_term_forecast_96_96ETTh2_w1501_ipmutual_info.csv_TimeXer_ETTh2_ftMS_sl96_ll48_pl96_dm512_nh8_el1_dl1_df2048_expand2_dc4_fc3_ebtimeF_dtTrue_Exp_0,TimeXer,96,96,1501,ipmutual_info.csv,ETTh2
0,0.29392266,0.14348409,0.37879294,0.7314405,18.995924,long_term_forecast_96_96ETTm2_w1501_prollcov.csv_Autoformer_ETTm2_ftMS_sl96_ll48_pl96_dm512_nh8_el2_dl1_df2048_expand2_dc4_fc1_ebtimeF_dtTrue_Exp_0,Autoformer,96,96,1501,prollcov.csv,ETTm2
0,0.2925516,0.14364803,0.37900928,0.7598831,25.138536,long_term_forecast_96_96ETTh2_w501_ipmutual_info.csv_TimeXer_ETTh2_ftMS_sl96_ll48_pl96_dm512_nh8_el1_dl1_df2048_expand2_dc4_fc3_ebtimeF_dtTrue_Exp_0,TimeXer,96,96,501,ipmutual_info.csv,ETTh2
0,0.29230213,0.14409128,0.37959358,0.76576567,26.26532,long_term_forecast_96_96ETTh2_w1001_pentropy.csv_TimeXer_ETTh2_ftMS_sl96_ll48_pl96_dm512_nh8_el1_dl1_df2048_expand2_dc4_fc3_ebtimeF_dtTrue_Exp_0,TimeXer,96,96,1001,pentropy.csv,ETTh2
0,0.29252288,0.14423159,0.37977833,0.7705487,26.512487,long_term_forecast_96_96ETTh2_w1501_ipfarm.csv_TimeXer_ETTh2_ftMS_sl96_ll48_pl96_dm512_nh8_el1_dl1_df2048_expand2_dc4_fc3_ebtimeF_dtTrue_Exp_0,TimeXer,96,96,1501,ipfarm.csv,ETTh2
0,0.29285255,0.14430724,0.37987792,0.76820064,26.264551,long_term_forecast_96_96ETTh2.csv_TimeXer_ETTh2_ftMS_sl96_ll48_pl96_dm512_nh8_el1_dl1_df2048_expand2_dc4_fc3_ebtimeF_dtTrue_Exp_0,TimeXer,96,96,,identity,ETTh2
0,0.29281592,0.1443177,0.3798917,0.76828307,26.292166,long_term_forecast_96_96ETTh2_w1501_pentropy.csv_TimeXer_ETTh2_ftMS_sl96_ll48_pl96_dm512_nh8_el1_dl1_df2048_expand2_dc4_fc3_ebtimeF_dtTrue_Exp_0,TimeXer,96,96,1501,pentropy.csv,ETTh2
0,0.29301783,0.14437672,0.3799694,0.76837385,26.208033,long_term_forecast_96_96ETTh2_w1251_ipentropy.csv_TimeXer_ETTh2_ftMS_sl96_ll48_pl96_dm512_nh8_el1_dl1_df2048_expand2_dc4_fc3_ebtimeF_dtTrue_Exp_0,TimeXer,96,96,1251,ipentropy.csv,ETTh2
0,0.28910705,0.14438865,0.37998506,0.71634483,22.792965,long_term_forecast_96_96ETTh2_w1001_psmoothrandomwalk.csv_TimeXer_ETTh2_ftMS_sl96_ll48_pl96_dm512_nh8_el1_dl1_df2048_expand2_dc4_fc3_ebtimeF_dtTrue_Exp_0,TimeXer,96,96,1001,psmoothrandomwalk.csv,ETTh2
0,0.29327205,0.14474474,0.38045335,0.77137345,26.567312,long_term_forecast_96_96ETTh2_w1501_ipentropy.csv_TimeXer_ETTh2_ftMS_sl96_ll48_pl96_dm512_nh8_el1_dl1_df2048_expand2_dc4_fc3_ebtimeF_dtTrue_Exp_0,TimeXer,96,96,1501,ipentropy.csv,ETTh2
0,0.2933604,0.14482589,0.38055998,0.7633512,25.8056,long_term_forecast_96_96ETTh2_w501_iprollcov.csv_TimeXer_ETTh2_ftMS_sl96_ll48_pl96_dm512_nh8_el1_dl1_df2048_expand2_dc4_fc3_ebtimeF_dtTrue_Exp_0,TimeXer,96,96,501,iprollcov.csv,ETTh2
0,0.29517817,0.14491297,0.38067436,0.72758484,18.557787,long_term_forecast_96_96ETTm2_w1501_ipmutual_info.csv_Autoformer_ETTm2_ftMS_sl96_ll48_pl96_dm512_nh8_el2_dl1_df2048_expand2_dc4_fc1_ebtimeF_dtTrue_Exp_0,Autoformer,96,96,1501,ipmutual_info.csv,ETTm2
0,0.29773173,0.14491485,0.38067684,0.7162995,17.83305,long_term_forecast_96_96ETTm2_w501_pfarm.csv_Autoformer_ETTm2_ftMS_sl96_ll48_pl96_dm512_nh8_el2_dl1_df2048_expand2_dc4_fc1_ebtimeF_dtTrue_Exp_0,Autoformer,96,96,501,pfarm.csv,ETTm2
0,0.29350016,0.14518969,0.38103765,0.76475114,26.12684,long_term_forecast_96_96ETTh2_w501_iprollcorr.csv_TimeXer_ETTh2_ftMS_sl96_ll48_pl96_dm512_nh8_el1_dl1_df2048_expand2_dc4_fc3_ebtimeF_dtTrue_Exp_0,TimeXer,96,96,501,iprollcorr.csv,ETTh2
0,0.29393852,0.14520478,0.38105744,0.77274007,26.51783,long_term_forecast_96_96ETTh2_w1251_pentropy.csv_TimeXer_ETTh2_ftMS_sl96_ll48_pl96_dm512_nh8_el1_dl1_df2048_expand2_dc4_fc3_ebtimeF_dtTrue_Exp_0,TimeXer,96,96,1251,pentropy.csv,ETTh2
0,0.30383825,0.1453134,0.38119996,0.54652274,7.854279,long_term_forecast_96_96ETTm2_w501_iprandomwalk.csv_Crossformer_ETTm2_ftMS_sl96_ll48_pl96_dm512_nh8_el2_dl1_df2048_expand2_dc4_fc1_ebtimeF_dtTrue_Exp_0,Crossformer,96,96,501,iprandomwalk.csv,ETTm2
0,0.29411167,0.14539196,0.38130298,0.76950276,26.43569,long_term_forecast_96_96ETTh2_w1001_ipfarm.csv_TimeXer_ETTh2_ftMS_sl96_ll48_pl96_dm512_nh8_el1_dl1_df2048_expand2_dc4_fc3_ebtimeF_dtTrue_Exp_0,TimeXer,96,96,1001,ipfarm.csv,ETTh2
0,0.29094413,0.14539346,0.38130495,0.7253143,23.540964,long_term_forecast_96_96ETTh2_w751_psmoothrandomwalk.csv_TimeXer_ETTh2_ftMS_sl96_ll48_pl96_dm512_nh8_el1_dl1_df2048_expand2_dc4_fc3_ebtimeF_dtTrue_Exp_0,TimeXer,96,96,751,psmoothrandomwalk.csv,ETTh2
0,0.29639766,0.14545515,0.38138583,0.75264424,21.41448,long_term_forecast_96_96ETTm2_w1251_ipmutual_info.csv_Autoformer_ETTm2_ftMS_sl96_ll48_pl96_dm512_nh8_el2_dl1_df2048_expand2_dc4_fc1_ebtimeF_dtTrue_Exp_0,Autoformer,96,96,1251,ipmutual_info.csv,ETTm2
0,0.2943492,0.14563248,0.38161823,0.7717734,26.280703,long_term_forecast_96_96ETTh2_w751_pentropy.csv_TimeXer_ETTh2_ftMS_sl96_ll48_pl96_dm512_nh8_el1_dl1_df2048_expand2_dc4_fc3_ebtimeF_dtTrue_Exp_0,TimeXer,96,96,751,pentropy.csv,ETTh2
0,0.294737,0.14584772,0.38190016,0.774378,26.756926,long_term_forecast_96_96ETTh2_w501_ipentropy.csv_TimeXer_ETTh2_ftMS_sl96_ll48_pl96_dm512_nh8_el1_dl1_df2048_expand2_dc4_fc3_ebtimeF_dtTrue_Exp_0,TimeXer,96,96,501,ipentropy.csv,ETTh2
0,0.29336175,0.14596832,0.382058,0.78449833,28.101051,long_term_forecast_96_96ETTh2_w501_pmutual_info.csv_TimeXer_ETTh2_ftMS_sl96_ll48_pl96_dm512_nh8_el1_dl1_df2048_expand2_dc4_fc3_ebtimeF_dtTrue_Exp_0,TimeXer,96,96,501,pmutual_info.csv,ETTh2
0,0.29482985,0.14600606,0.3821074,0.7731619,26.467731,long_term_forecast_96_96ETTh2_w1251_ipfarm.csv_TimeXer_ETTh2_ftMS_sl96_ll48_pl96_dm512_nh8_el1_dl1_df2048_expand2_dc4_fc3_ebtimeF_dtTrue_Exp_0,TimeXer,96,96,1251,ipfarm.csv,ETTh2
0,0.295576,0.1462534,0.3824309,0.7409987,22.07764,long_term_forecast_96_96ETTm2_w1001_iprollcorr.csv_Autoformer_ETTm2_ftMS_sl96_ll48_pl96_dm512_nh8_el2_dl1_df2048_expand2_dc4_fc1_ebtimeF_dtTrue_Exp_0,Autoformer,96,96,1001,iprollcorr.csv,ETTm2
0,0.2942953,0.14652234,0.38278237,0.7646832,23.07023,long_term_forecast_96_96ETTm2_w1501_ipfarm.csv_Autoformer_ETTm2_ftMS_sl96_ll48_pl96_dm512_nh8_el2_dl1_df2048_expand2_dc4_fc1_ebtimeF_dtTrue_Exp_0,Autoformer,96,96,1501,ipfarm.csv,ETTm2
0,0.29583406,0.1467702,0.383106,0.76623416,25.49378,long_term_forecast_96_96ETTh2_w1001_pfarm.csv_TimeXer_ETTh2_ftMS_sl96_ll48_pl96_dm512_nh8_el1_dl1_df2048_expand2_dc4_fc3_ebtimeF_dtTrue_Exp_0,TimeXer,96,96,1001,pfarm.csv,ETTh2
0,0.29592666,0.14697745,0.3833764,0.7836745,27.295828,long_term_forecast_96_96ETTh2_w501_pentropy.csv_TimeXer_ETTh2_ftMS_sl96_ll48_pl96_dm512_nh8_el1_dl1_df2048_expand2_dc4_fc3_ebtimeF_dtTrue_Exp_0,TimeXer,96,96,501,pentropy.csv,ETTh2
0,0.29862285,0.14741507,0.38394672,0.76147395,23.67518,long_term_forecast_96_96ETTh2_w1251_iprollcov.csv_Autoformer_ETTh2_ftMS_sl96_ll48_pl96_dm512_nh8_el2_dl1_df2048_expand2_dc4_fc3_ebtimeF_dtTrue_Exp_0,Autoformer,96,96,1251,iprollcov.csv,ETTh2
0,0.29926065,0.14749178,0.38404658,0.7258718,17.835745,long_term_forecast_96_96ETTh2_w751_pmutual_info.csv_Autoformer_ETTh2_ftMS_sl96_ll48_pl96_dm512_nh8_el2_dl1_df2048_expand2_dc4_fc3_ebtimeF_dtTrue_Exp_0,Autoformer,96,96,751,pmutual_info.csv,ETTh2
0,0.23050578,0.14766572,0.384273,0.80797935,81.73228,long_term_forecast_ETTh1_96_96TrafficL_w501_iprollcorr.csv_iTransformer_Traffic_ftMS_sl96_ll48_pl96_dm512_nh8_el4_dl1_df2048_expand2_dc4_fc3_ebtimeF_dtTrue_Exp_0,iTransformer,96,96,501,iprollcorr.csv,TrafficL
0,0.30764967,0.14773953,0.38436902,0.563001,8.941794,long_term_forecast_96_96ETTm2_w1001_pmutual_info.csv_Crossformer_ETTm2_ftMS_sl96_ll48_pl96_dm512_nh8_el2_dl1_df2048_expand2_dc4_fc1_ebtimeF_dtTrue_Exp_0,Crossformer,96,96,1001,pmutual_info.csv,ETTm2
0,0.3011219,0.14852338,0.3853873,0.78546125,24.602587,long_term_forecast_336_96ETTm2_w751_iprollcov.csv_Autoformer_ETTm2_ftMS_sl96_ll48_pl336_dm512_nh8_el2_dl1_df2048_expand2_dc4_fc1_ebtimeF_dtTrue_Exp_0,Autoformer,336,96,751,iprollcov.csv,ETTm2
0,0.29459426,0.14861424,0.38550517,0.7565136,20.240425,long_term_forecast_96_96ETTm2_w1001_prollcov.csv_Autoformer_ETTm2_ftMS_sl96_ll48_pl96_dm512_nh8_el2_dl1_df2048_expand2_dc4_fc1_ebtimeF_dtTrue_Exp_0,Autoformer,96,96,1001,prollcov.csv,ETTm2
0,0.29931727,0.14878953,0.38573244,0.75060827,21.874483,long_term_forecast_96_96ETTh2_w1501_ipmutual_info.csv_Autoformer_ETTh2_ftMS_sl96_ll48_pl96_dm512_nh8_el2_dl1_df2048_expand2_dc4_fc3_ebtimeF_dtTrue_Exp_0,Autoformer,96,96,1501,ipmutual_info.csv,ETTh2
0,0.29504195,0.14883402,0.3857901,0.81079656,25.521036,long_term_forecast_96_96ETTm2_w1001_pmutual_info.csv_Autoformer_ETTm2_ftMS_sl96_ll48_pl96_dm512_nh8_el2_dl1_df2048_expand2_dc4_fc1_ebtimeF_dtTrue_Exp_0,Autoformer,96,96,1001,pmutual_info.csv,ETTm2
0,0.2928538,0.14906882,0.3860943,0.6925678,15.919099,long_term_forecast_96_96ETTm2_w751_iprollcorr.csv_Crossformer_ETTm2_ftMS_sl96_ll48_pl96_dm512_nh8_el2_dl1_df2048_expand2_dc4_fc1_ebtimeF_dtTrue_Exp_0,Crossformer,96,96,751,iprollcorr.csv,ETTm2
0,0.29897287,0.14931004,0.38640657,0.7420759,19.796665,long_term_forecast_96_96ETTm2_w1001_pentropy.csv_Autoformer_ETTm2_ftMS_sl96_ll48_pl96_dm512_nh8_el2_dl1_df2048_expand2_dc4_fc1_ebtimeF_dtTrue_Exp_0,Autoformer,96,96,1001,pentropy.csv,ETTm2
0,0.29650536,0.14961348,0.38679904,0.7832671,23.251642,long_term_forecast_96_96ETTm2_w1251_iprollcov.csv_Autoformer_ETTm2_ftMS_sl96_ll48_pl96_dm512_nh8_el2_dl1_df2048_expand2_dc4_fc1_ebtimeF_dtTrue_Exp_0,Autoformer,96,96,1251,iprollcov.csv,ETTm2
0,0.3025221,0.15035208,0.3877526,0.7909732,25.119364,long_term_forecast_96_96ETTh2_w1251_prollcov.csv_Autoformer_ETTh2_ftMS_sl96_ll48_pl96_dm512_nh8_el2_dl1_df2048_expand2_dc4_fc3_ebtimeF_dtTrue_Exp_0,Autoformer,96,96,1251,prollcov.csv,ETTh2
0,0.2986358,0.1507356,0.38824683,0.8193104,25.67584,long_term_forecast_96_96ETTm2_w1501_iprollcov.csv_Autoformer_ETTm2_ftMS_sl96_ll48_pl96_dm512_nh8_el2_dl1_df2048_expand2_dc4_fc1_ebtimeF_dtTrue_Exp_0,Autoformer,96,96,1501,iprollcov.csv,ETTm2
0,0.30276504,0.15106255,0.38866764,0.7455191,18.91265,long_term_forecast_96_96ETTh2_w1501_prollcorr.csv_Autoformer_ETTh2_ftMS_sl96_ll48_pl96_dm512_nh8_el2_dl1_df2048_expand2_dc4_fc3_ebtimeF_dtTrue_Exp_0,Autoformer,96,96,1501,prollcorr.csv,ETTh2
0,0.30089942,0.15124239,0.38889894,0.79796493,26.058187,long_term_forecast_96_96ETTm2_w1001_ipmutual_info.csv_Autoformer_ETTm2_ftMS_sl96_ll48_pl96_dm512_nh8_el2_dl1_df2048_expand2_dc4_fc1_ebtimeF_dtTrue_Exp_0,Autoformer,96,96,1001,ipmutual_info.csv,ETTm2
0,0.3009972,0.15124446,0.38890162,0.8408268,28.845716,long_term_forecast_192_96ETTm2_w751_iprollcov.csv_Autoformer_ETTm2_ftMS_sl96_ll48_pl192_dm512_nh8_el2_dl1_df2048_expand2_dc4_fc1_ebtimeF_dtTrue_Exp_0,Autoformer,192,96,751,iprollcov.csv,ETTm2
0,0.3027859,0.15132175,0.38900098,0.7746979,21.61861,long_term_forecast_96_96ETTm2_w501_ipmutual_info.csv_Autoformer_ETTm2_ftMS_sl96_ll48_pl96_dm512_nh8_el2_dl1_df2048_expand2_dc4_fc1_ebtimeF_dtTrue_Exp_0,Autoformer,96,96,501,ipmutual_info.csv,ETTm2
0,0.30602396,0.15138279,0.38907942,0.7605059,19.197474,long_term_forecast_96_96ETTm2_w1001_ipsmoothrandomwalk.csv_Autoformer_ETTm2_ftMS_sl96_ll48_pl96_dm512_nh8_el2_dl1_df2048_expand2_dc4_fc1_ebtimeF_dtTrue_Exp_0,Autoformer,96,96,1001,ipsmoothrandomwalk.csv,ETTm2
0,0.301161,0.15149955,0.38922945,0.81140095,26.384874,long_term_forecast_96_96ETTh2_w751_prollcorr.csv_Autoformer_ETTh2_ftMS_sl96_ll48_pl96_dm512_nh8_el2_dl1_df2048_expand2_dc4_fc3_ebtimeF_dtTrue_Exp_0,Autoformer,96,96,751,prollcorr.csv,ETTh2
0,0.30372548,0.15152383,0.38926062,0.75685084,19.686455,long_term_forecast_96_96ETTh2_w1251_prollcorr.csv_Autoformer_ETTh2_ftMS_sl96_ll48_pl96_dm512_nh8_el2_dl1_df2048_expand2_dc4_fc3_ebtimeF_dtTrue_Exp_0,Autoformer,96,96,1251,prollcorr.csv,ETTh2
0,0.23337774,0.15160672,0.38936707,0.8146327,79.561386,long_term_forecast_ETTh1_96_96TrafficL_w1001_iprollcorr.csv_iTransformer_Traffic_ftMS_sl96_ll48_pl96_dm512_nh8_el4_dl1_df2048_expand2_dc4_fc3_ebtimeF_dtTrue_Exp_0,iTransformer,96,96,1001,iprollcorr.csv,TrafficL
0,0.3025478,0.15164521,0.38941652,0.80516225,23.943981,long_term_forecast_96_96ETTm2_w1501_iprollcorr.csv_Autoformer_ETTm2_ftMS_sl96_ll48_pl96_dm512_nh8_el2_dl1_df2048_expand2_dc4_fc1_ebtimeF_dtTrue_Exp_0,Autoformer,96,96,1501,iprollcorr.csv,ETTm2
0,0.30427545,0.15211931,0.39002475,0.7730417,20.767033,long_term_forecast_96_96ETTm2_w1251_prollcorr.csv_Autoformer_ETTm2_ftMS_sl96_ll48_pl96_dm512_nh8_el2_dl1_df2048_expand2_dc4_fc1_ebtimeF_dtTrue_Exp_0,Autoformer,96,96,1251,prollcorr.csv,ETTm2
0,0.23228091,0.15212443,0.39003134,0.78716147,64.51674,long_term_forecast_96_96TrafficL_w1001_ipsmoothrandomwalk.csv_iTransformer_Traffic_ftMS_sl96_ll48_pl96_dm512_nh8_el4_dl1_df2048_expand2_dc4_fc3_ebtimeF_dtTrue_Exp_0,iTransformer,96,96,1001,ipsmoothrandomwalk.csv,TrafficL
0,0.30371472,0.15233383,0.39029965,0.8014515,26.187143,long_term_forecast_336_96ETTm2.csv_Autoformer_ETTm2_ftMS_sl96_ll48_pl336_dm512_nh8_el2_dl1_df2048_expand2_dc4_fc1_ebtimeF_dtTrue_Exp_0,Autoformer,336,96,,identity,ETTm2
0,0.30443037,0.1523354,0.39030167,0.77939886,23.708313,long_term_forecast_96_96ETTh2_w1001_iprollcov.csv_Autoformer_ETTh2_ftMS_sl96_ll48_pl96_dm512_nh8_el2_dl1_df2048_expand2_dc4_fc3_ebtimeF_dtTrue_Exp_0,Autoformer,96,96,1001,iprollcov.csv,ETTh2
0,0.30459464,0.152403,0.39038825,0.829254,28.233812,long_term_forecast_96_96ETTh2_w1001_prollcorr.csv_Autoformer_ETTh2_ftMS_sl96_ll48_pl96_dm512_nh8_el2_dl1_df2048_expand2_dc4_fc3_ebtimeF_dtTrue_Exp_0,Autoformer,96,96,1001,prollcorr.csv,ETTh2
0,0.30217922,0.15240352,0.39038894,0.71852016,17.854767,long_term_forecast_96_96ETTh2_w501_prollcorr.csv_Autoformer_ETTh2_ftMS_sl96_ll48_pl96_dm512_nh8_el2_dl1_df2048_expand2_dc4_fc3_ebtimeF_dtTrue_Exp_0,Autoformer,96,96,501,prollcorr.csv,ETTh2
0,0.23319955,0.152496,0.39050737,0.79259485,65.53025,long_term_forecast_96_96TrafficL_w501_iprandomwalk.csv_iTransformer_Traffic_ftMS_sl96_ll48_pl96_dm512_nh8_el4_dl1_df2048_expand2_dc4_fc3_ebtimeF_dtTrue_Exp_0,iTransformer,96,96,501,iprandomwalk.csv,TrafficL
0,0.30567366,0.15270157,0.3907705,0.7617407,22.950024,long_term_forecast_96_96ETTh2_w1501_prollcov.csv_Autoformer_ETTh2_ftMS_sl96_ll48_pl96_dm512_nh8_el2_dl1_df2048_expand2_dc4_fc3_ebtimeF_dtTrue_Exp_0,Autoformer,96,96,1501,prollcov.csv,ETTh2
0,0.23251297,0.1527373,0.3908162,0.7953389,66.59731,long_term_forecast_96_96TrafficL_w1251_ipsmoothrandomwalk.csv_iTransformer_Traffic_ftMS_sl96_ll48_pl96_dm512_nh8_el4_dl1_df2048_expand2_dc4_fc3_ebtimeF_dtTrue_Exp_0,iTransformer,96,96,1251,ipsmoothrandomwalk.csv,TrafficL
0,0.30508962,0.15293501,0.39106905,0.76483226,19.968416,long_term_forecast_96_96ETTh2_w1001_pmutual_info.csv_Autoformer_ETTh2_ftMS_sl96_ll48_pl96_dm512_nh8_el2_dl1_df2048_expand2_dc4_fc3_ebtimeF_dtTrue_Exp_0,Autoformer,96,96,1001,pmutual_info.csv,ETTh2
0,0.23436937,0.15304115,0.39120474,0.8074351,82.075615,long_term_forecast_ETTh1_96_96TrafficL_w751_iprollcorr.csv_iTransformer_Traffic_ftMS_sl96_ll48_pl96_dm512_nh8_el4_dl1_df2048_expand2_dc4_fc3_ebtimeF_dtTrue_Exp_0,iTransformer,96,96,751,iprollcorr.csv,TrafficL
0,0.23288465,0.15311256,0.391296,0.78428173,64.29747,long_term_forecast_96_96TrafficL_w751_ipsmoothrandomwalk.csv_iTransformer_Traffic_ftMS_sl96_ll48_pl96_dm512_nh8_el4_dl1_df2048_expand2_dc4_fc3_ebtimeF_dtTrue_Exp_0,iTransformer,96,96,751,ipsmoothrandomwalk.csv,TrafficL
0,0.30516377,0.15314686,0.39133984,0.7959602,25.209297,long_term_forecast_96_96ETTh2_w1001_iprollcorr.csv_Autoformer_ETTh2_ftMS_sl96_ll48_pl96_dm512_nh8_el2_dl1_df2048_expand2_dc4_fc3_ebtimeF_dtTrue_Exp_0,Autoformer,96,96,1001,iprollcorr.csv,ETTh2
0,0.23334639,0.1531804,0.3913827,0.7989318,66.595276,long_term_forecast_96_96TrafficL_w1251_psmoothrandomwalk.csv_iTransformer_Traffic_ftMS_sl96_ll48_pl96_dm512_nh8_el4_dl1_df2048_expand2_dc4_fc3_ebtimeF_dtTrue_Exp_0,iTransformer,96,96,1251,psmoothrandomwalk.csv,TrafficL
0,0.30466968,0.15326858,0.39149532,0.7522546,18.668526,long_term_forecast_96_96ETTh2_w1251_pfarm.csv_Autoformer_ETTh2_ftMS_sl96_ll48_pl96_dm512_nh8_el2_dl1_df2048_expand2_dc4_fc3_ebtimeF_dtTrue_Exp_0,Autoformer,96,96,1251,pfarm.csv,ETTh2
0,0.2341506,0.15334292,0.39159024,0.79614455,66.337616,long_term_forecast_96_96TrafficL_w751_psmoothrandomwalk.csv_iTransformer_Traffic_ftMS_sl96_ll48_pl96_dm512_nh8_el4_dl1_df2048_expand2_dc4_fc3_ebtimeF_dtTrue_Exp_0,iTransformer,96,96,751,psmoothrandomwalk.csv,TrafficL
0,0.30571145,0.15347113,0.3917539,0.7719187,23.187576,long_term_forecast_96_96ETTh2_w1501_iprollcov.csv_Autoformer_ETTh2_ftMS_sl96_ll48_pl96_dm512_nh8_el2_dl1_df2048_expand2_dc4_fc3_ebtimeF_dtTrue_Exp_0,Autoformer,96,96,1501,iprollcov.csv,ETTh2
0,0.23339061,0.15361328,0.39193532,0.79090625,65.68547,long_term_forecast_96_96TrafficL_w501_ipsmoothrandomwalk.csv_iTransformer_Traffic_ftMS_sl96_ll48_pl96_dm512_nh8_el4_dl1_df2048_expand2_dc4_fc3_ebtimeF_dtTrue_Exp_0,iTransformer,96,96,501,ipsmoothrandomwalk.csv,TrafficL
0,0.23319347,0.15365373,0.3919869,0.7941512,67.13147,long_term_forecast_96_96TrafficL_w1501_ipsmoothrandomwalk.csv_iTransformer_Traffic_ftMS_sl96_ll48_pl96_dm512_nh8_el4_dl1_df2048_expand2_dc4_fc3_ebtimeF_dtTrue_Exp_0,iTransformer,96,96,1501,ipsmoothrandomwalk.csv,TrafficL
0,0.23402725,0.15368411,0.39202565,0.7907049,65.0975,long_term_forecast_96_96TrafficL_w501_psmoothrandomwalk.csv_iTransformer_Traffic_ftMS_sl96_ll48_pl96_dm512_nh8_el4_dl1_df2048_expand2_dc4_fc3_ebtimeF_dtTrue_Exp_0,iTransformer,96,96,501,psmoothrandomwalk.csv,TrafficL
0,0.2348305,0.1542773,0.3927815,0.7809221,60.570293,long_term_forecast_96_96TrafficL_w501_prandomwalk.csv_iTransformer_Traffic_ftMS_sl96_ll48_pl96_dm512_nh8_el4_dl1_df2048_expand2_dc4_fc3_ebtimeF_dtTrue_Exp_0,iTransformer,96,96,501,prandomwalk.csv,TrafficL
0,0.23487099,0.15429506,0.3928041,0.80519634,69.17951,long_term_forecast_96_96TrafficL_w1001_psmoothrandomwalk.csv_iTransformer_Traffic_ftMS_sl96_ll48_pl96_dm512_nh8_el4_dl1_df2048_expand2_dc4_fc3_ebtimeF_dtTrue_Exp_0,iTransformer,96,96,1001,psmoothrandomwalk.csv,TrafficL
0,0.30578727,0.15436703,0.3928957,0.7541294,21.243193,long_term_forecast_96_96ETTh2_w1501_pfarm.csv_Autoformer_ETTh2_ftMS_sl96_ll48_pl96_dm512_nh8_el2_dl1_df2048_expand2_dc4_fc3_ebtimeF_dtTrue_Exp_0,Autoformer,96,96,1501,pfarm.csv,ETTh2
0,0.23428878,0.15441714,0.39295948,0.8031797,69.37952,long_term_forecast_ETTh1_96_96TrafficL_w501_prollcov.csv_iTransformer_Traffic_ftMS_sl96_ll48_pl96_dm512_nh8_el4_dl1_df2048_expand2_dc4_fc3_ebtimeF_dtTrue_Exp_0,iTransformer,96,96,501,prollcov.csv,TrafficL
0,0.23421629,0.15446073,0.3930149,0.80781585,72.37018,long_term_forecast_ETTh1_96_96TrafficL_w1001_prollcov.csv_iTransformer_Traffic_ftMS_sl96_ll48_pl96_dm512_nh8_el4_dl1_df2048_expand2_dc4_fc3_ebtimeF_dtTrue_Exp_0,iTransformer,96,96,1001,prollcov.csv,TrafficL
0,0.23440969,0.15446201,0.39301655,0.80273676,76.16681,long_term_forecast_ETTh1_96_96TrafficL_w1251_iprollcorr.csv_iTransformer_Traffic_ftMS_sl96_ll48_pl96_dm512_nh8_el4_dl1_df2048_expand2_dc4_fc3_ebtimeF_dtTrue_Exp_0,iTransformer,96,96,1251,iprollcorr.csv,TrafficL
0,0.23484655,0.15456377,0.39314598,0.8123225,73.91833,long_term_forecast_ETTh1_96_96TrafficL_w1001_prollcorr.csv_iTransformer_Traffic_ftMS_sl96_ll48_pl96_dm512_nh8_el4_dl1_df2048_expand2_dc4_fc3_ebtimeF_dtTrue_Exp_0,iTransformer,96,96,1001,prollcorr.csv,TrafficL
0,0.3067518,0.154731,0.39335862,0.73874074,20.179798,long_term_forecast_96_96ETTh2_w1251_iprollcorr.csv_Autoformer_ETTh2_ftMS_sl96_ll48_pl96_dm512_nh8_el2_dl1_df2048_expand2_dc4_fc3_ebtimeF_dtTrue_Exp_0,Autoformer,96,96,1251,iprollcorr.csv,ETTh2
0,0.23398282,0.1547627,0.3933989,0.8103486,69.285866,long_term_forecast_ETTh1_96_96TrafficL_w501_prollcorr.csv_iTransformer_Traffic_ftMS_sl96_ll48_pl96_dm512_nh8_el4_dl1_df2048_expand2_dc4_fc3_ebtimeF_dtTrue_Exp_0,iTransformer,96,96,501,prollcorr.csv,TrafficL
0,0.32064632,0.15481246,0.39346215,0.5920898,8.631854,long_term_forecast_96_96ETTm2_w1001_psmoothrandomwalk.csv_Crossformer_ETTm2_ftMS_sl96_ll48_pl96_dm512_nh8_el2_dl1_df2048_expand2_dc4_fc1_ebtimeF_dtTrue_Exp_0,Crossformer,96,96,1001,psmoothrandomwalk.csv,ETTm2
0,0.23464878,0.15484248,0.3935003,0.81950325,78.765625,long_term_forecast_ETTh1_96_96TrafficL_w1501_iprollcorr.csv_iTransformer_Traffic_ftMS_sl96_ll48_pl96_dm512_nh8_el4_dl1_df2048_expand2_dc4_fc3_ebtimeF_dtTrue_Exp_0,iTransformer,96,96,1501,iprollcorr.csv,TrafficL
0,0.23831294,0.15498559,0.3936821,0.842919,111.51174,long_term_forecast_ETTh1_192_96TrafficL_w501_iprollcorr.csv_iTransformer_Traffic_ftMS_sl96_ll48_pl192_dm512_nh8_el4_dl1_df2048_expand2_dc4_fc3_ebtimeF_dtTrue_Exp_0,iTransformer,192,96,501,iprollcorr.csv,TrafficL
0,0.2364304,0.15513094,0.39386666,0.84330565,110.15963,long_term_forecast_ETTh1_192_96TrafficL_w1251_prollcorr.csv_iTransformer_Traffic_ftMS_sl96_ll48_pl192_dm512_nh8_el4_dl1_df2048_expand2_dc4_fc3_ebtimeF_dtTrue_Exp_0,iTransformer,192,96,1251,prollcorr.csv,TrafficL
0,0.2343421,0.1552261,0.39398742,0.8045416,70.617935,long_term_forecast_96_96TrafficL_w1501_psmoothrandomwalk.csv_iTransformer_Traffic_ftMS_sl96_ll48_pl96_dm512_nh8_el4_dl1_df2048_expand2_dc4_fc3_ebtimeF_dtTrue_Exp_0,iTransformer,96,96,1501,psmoothrandomwalk.csv,TrafficL
0,0.23838024,0.15527326,0.3940473,0.83587873,117.911705,long_term_forecast_ETTh1_192_96TrafficL_w751_iprollcorr.csv_iTransformer_Traffic_ftMS_sl96_ll48_pl192_dm512_nh8_el4_dl1_df2048_expand2_dc4_fc3_ebtimeF_dtTrue_Exp_0,iTransformer,192,96,751,iprollcorr.csv,TrafficL
0,0.30701384,0.1552738,0.39404795,0.69458556,14.833342,long_term_forecast_96_96ETTm2_w501_pmutual_info.csv_Autoformer_ETTm2_ftMS_sl96_ll48_pl96_dm512_nh8_el2_dl1_df2048_expand2_dc4_fc1_ebtimeF_dtTrue_Exp_0,Autoformer,96,96,501,pmutual_info.csv,ETTm2
0,0.23654228,0.15536319,0.39416137,0.8395203,113.10615,long_term_forecast_ETTh1_192_96TrafficL_w501_ipfarm.csv_iTransformer_Traffic_ftMS_sl96_ll48_pl192_dm512_nh8_el4_dl1_df2048_expand2_dc4_fc3_ebtimeF_dtTrue_Exp_0,iTransformer,192,96,501,ipfarm.csv,TrafficL
0,0.23656647,0.15537083,0.39417106,0.8396986,113.25794,long_term_forecast_ETTh1_192_96TrafficL_w1251_ipfarm.csv_iTransformer_Traffic_ftMS_sl96_ll48_pl192_dm512_nh8_el4_dl1_df2048_expand2_dc4_fc3_ebtimeF_dtTrue_Exp_0,iTransformer,192,96,1251,ipfarm.csv,TrafficL
0,0.23411772,0.15538663,0.39419112,0.806079,72.92775,long_term_forecast_ETTh1_96_96TrafficL_w1251_prollcov.csv_iTransformer_Traffic_ftMS_sl96_ll48_pl96_dm512_nh8_el4_dl1_df2048_expand2_dc4_fc3_ebtimeF_dtTrue_Exp_0,iTransformer,96,96,1251,prollcov.csv,TrafficL
0,0.23657556,0.15542144,0.39423525,0.8398755,113.351234,long_term_forecast_ETTh1_192_96TrafficL_w1501_ipfarm.csv_iTransformer_Traffic_ftMS_sl96_ll48_pl192_dm512_nh8_el4_dl1_df2048_expand2_dc4_fc3_ebtimeF_dtTrue_Exp_0,iTransformer,192,96,1501,ipfarm.csv,TrafficL
0,0.23655966,0.15548784,0.39431944,0.83886904,113.39389,long_term_forecast_ETTh1_192_96TrafficL_w1001_pfarm.csv_iTransformer_Traffic_ftMS_sl96_ll48_pl192_dm512_nh8_el4_dl1_df2048_expand2_dc4_fc3_ebtimeF_dtTrue_Exp_0,iTransformer,192,96,1001,pfarm.csv,TrafficL
0,0.23649852,0.1554897,0.39432183,0.82853043,108.93689,long_term_forecast_ETTh1_192_96TrafficL_w1501_prollcov.csv_iTransformer_Traffic_ftMS_sl96_ll48_pl192_dm512_nh8_el4_dl1_df2048_expand2_dc4_fc3_ebtimeF_dtTrue_Exp_0,iTransformer,192,96,1501,prollcov.csv,TrafficL
0,0.23660964,0.15551504,0.39435396,0.838673,113.11161,long_term_forecast_ETTh1_192_96TrafficL_w1001_pentropy.csv_iTransformer_Traffic_ftMS_sl96_ll48_pl192_dm512_nh8_el4_dl1_df2048_expand2_dc4_fc3_ebtimeF_dtTrue_Exp_0,iTransformer,192,96,1001,pentropy.csv,TrafficL
0,0.23660964,0.15551504,0.39435396,0.838673,113.11161,long_term_forecast_ETTh1_192_96TrafficL.csv_iTransformer_Traffic_ftMS_sl96_ll48_pl192_dm512_nh8_el4_dl1_df2048_expand2_dc4_fc3_ebtimeF_dtTrue_Exp_0,iTransformer,192,96,,identity,TrafficL
0,0.23660964,0.15551504,0.39435396,0.838673,113.11161,long_term_forecast_ETTh1_192_96TrafficL_w1501_pmutual_info.csv_iTransformer_Traffic_ftMS_sl96_ll48_pl192_dm512_nh8_el4_dl1_df2048_expand2_dc4_fc3_ebtimeF_dtTrue_Exp_0,iTransformer,192,96,1501,pmutual_info.csv,TrafficL
0,0.23660964,0.15551504,0.39435396,0.838673,113.11161,long_term_forecast_ETTh1_192_96TrafficL_w1251_ipentropy.csv_iTransformer_Traffic_ftMS_sl96_ll48_pl192_dm512_nh8_el4_dl1_df2048_expand2_dc4_fc3_ebtimeF_dtTrue_Exp_0,iTransformer,192,96,1251,ipentropy.csv,TrafficL
0,0.23660964,0.15551504,0.39435396,0.838673,113.11161,long_term_forecast_ETTh1_192_96TrafficL_w1251_ipmutual_info.csv_iTransformer_Traffic_ftMS_sl96_ll48_pl192_dm512_nh8_el4_dl1_df2048_expand2_dc4_fc3_ebtimeF_dtTrue_Exp_0,iTransformer,192,96,1251,ipmutual_info.csv,TrafficL
0,0.23660964,0.15551504,0.39435396,0.838673,113.11161,long_term_forecast_ETTh1_192_96TrafficL_w501_ipmutual_info.csv_iTransformer_Traffic_ftMS_sl96_ll48_pl192_dm512_nh8_el4_dl1_df2048_expand2_dc4_fc3_ebtimeF_dtTrue_Exp_0,iTransformer,192,96,501,ipmutual_info.csv,TrafficL
0,0.23660964,0.15551504,0.39435396,0.838673,113.11161,long_term_forecast_ETTh1_192_96TrafficL_w501_ipentropy.csv_iTransformer_Traffic_ftMS_sl96_ll48_pl192_dm512_nh8_el4_dl1_df2048_expand2_dc4_fc3_ebtimeF_dtTrue_Exp_0,iTransformer,192,96,501,ipentropy.csv,TrafficL
0,0.23660964,0.15551504,0.39435396,0.838673,113.11161,long_term_forecast_ETTh1_192_96TrafficL_w501_pmutual_info.csv_iTransformer_Traffic_ftMS_sl96_ll48_pl192_dm512_nh8_el4_dl1_df2048_expand2_dc4_fc3_ebtimeF_dtTrue_Exp_0,iTransformer,192,96,501,pmutual_info.csv,TrafficL
0,0.23660964,0.15551504,0.39435396,0.838673,113.11161,long_term_forecast_ETTh1_192_96TrafficL_w1501_pentropy.csv_iTransformer_Traffic_ftMS_sl96_ll48_pl192_dm512_nh8_el4_dl1_df2048_expand2_dc4_fc3_ebtimeF_dtTrue_Exp_0,iTransformer,192,96,1501,pentropy.csv,TrafficL
0,0.23660964,0.15551504,0.39435396,0.838673,113.11161,long_term_forecast_ETTh1_192_96TrafficL_w1251_pentropy.csv_iTransformer_Traffic_ftMS_sl96_ll48_pl192_dm512_nh8_el4_dl1_df2048_expand2_dc4_fc3_ebtimeF_dtTrue_Exp_0,iTransformer,192,96,1251,pentropy.csv,TrafficL
0,0.23660964,0.15551504,0.39435396,0.838673,113.11161,long_term_forecast_ETTh1_192_96TrafficL_w1501_ipmutual_info.csv_iTransformer_Traffic_ftMS_sl96_ll48_pl192_dm512_nh8_el4_dl1_df2048_expand2_dc4_fc3_ebtimeF_dtTrue_Exp_0,iTransformer,192,96,1501,ipmutual_info.csv,TrafficL
0,0.23660964,0.15551504,0.39435396,0.838673,113.11161,long_term_forecast_ETTh1_192_96TrafficL_w1501_ipentropy.csv_iTransformer_Traffic_ftMS_sl96_ll48_pl192_dm512_nh8_el4_dl1_df2048_expand2_dc4_fc3_ebtimeF_dtTrue_Exp_0,iTransformer,192,96,1501,ipentropy.csv,TrafficL
0,0.23660964,0.15551504,0.39435396,0.838673,113.11161,long_term_forecast_ETTh1_192_96TrafficL_w1001_ipmutual_info.csv_iTransformer_Traffic_ftMS_sl96_ll48_pl192_dm512_nh8_el4_dl1_df2048_expand2_dc4_fc3_ebtimeF_dtTrue_Exp_0,iTransformer,192,96,1001,ipmutual_info.csv,TrafficL
0,0.23660964,0.15551504,0.39435396,0.838673,113.11161,long_term_forecast_ETTh1_192_96TrafficL_w751_ipmutual_info.csv_iTransformer_Traffic_ftMS_sl96_ll48_pl192_dm512_nh8_el4_dl1_df2048_expand2_dc4_fc3_ebtimeF_dtTrue_Exp_0,iTransformer,192,96,751,ipmutual_info.csv,TrafficL
0,0.23660964,0.15551504,0.39435396,0.838673,113.11161,long_term_forecast_ETTh1_192_96TrafficL_w1251_pmutual_info.csv_iTransformer_Traffic_ftMS_sl96_ll48_pl192_dm512_nh8_el4_dl1_df2048_expand2_dc4_fc3_ebtimeF_dtTrue_Exp_0,iTransformer,192,96,1251,pmutual_info.csv,TrafficL
0,0.23660964,0.15551504,0.39435396,0.838673,113.11161,long_term_forecast_ETTh1_192_96TrafficL_w751_pentropy.csv_iTransformer_Traffic_ftMS_sl96_ll48_pl192_dm512_nh8_el4_dl1_df2048_expand2_dc4_fc3_ebtimeF_dtTrue_Exp_0,iTransformer,192,96,751,pentropy.csv,TrafficL
0,0.23660964,0.15551504,0.39435396,0.838673,113.11161,long_term_forecast_ETTh1_192_96TrafficL_w501_pentropy.csv_iTransformer_Traffic_ftMS_sl96_ll48_pl192_dm512_nh8_el4_dl1_df2048_expand2_dc4_fc3_ebtimeF_dtTrue_Exp_0,iTransformer,192,96,501,pentropy.csv,TrafficL
0,0.23660964,0.15551504,0.39435396,0.838673,113.11161,long_term_forecast_ETTh1_192_96TrafficL_w751_ipentropy.csv_iTransformer_Traffic_ftMS_sl96_ll48_pl192_dm512_nh8_el4_dl1_df2048_expand2_dc4_fc3_ebtimeF_dtTrue_Exp_0,iTransformer,192,96,751,ipentropy.csv,TrafficL
0,0.23660964,0.15551504,0.39435396,0.838673,113.11161,long_term_forecast_ETTh1_192_96TrafficL_w751_pmutual_info.csv_iTransformer_Traffic_ftMS_sl96_ll48_pl192_dm512_nh8_el4_dl1_df2048_expand2_dc4_fc3_ebtimeF_dtTrue_Exp_0,iTransformer,192,96,751,pmutual_info.csv,TrafficL
0,0.23660964,0.15551504,0.39435396,0.838673,113.11161,long_term_forecast_ETTh1_192_96TrafficL_w1001_ipentropy.csv_iTransformer_Traffic_ftMS_sl96_ll48_pl192_dm512_nh8_el4_dl1_df2048_expand2_dc4_fc3_ebtimeF_dtTrue_Exp_0,iTransformer,192,96,1001,ipentropy.csv,TrafficL
0,0.23660964,0.15551504,0.39435396,0.838673,113.11161,long_term_forecast_ETTh1_192_96TrafficL_w1001_pmutual_info.csv_iTransformer_Traffic_ftMS_sl96_ll48_pl192_dm512_nh8_el4_dl1_df2048_expand2_dc4_fc3_ebtimeF_dtTrue_Exp_0,iTransformer,192,96,1001,pmutual_info.csv,TrafficL
0,0.23661704,0.15551665,0.394356,0.8398289,113.2431,long_term_forecast_ETTh1_192_96TrafficL_w751_pfarm.csv_iTransformer_Traffic_ftMS_sl96_ll48_pl192_dm512_nh8_el4_dl1_df2048_expand2_dc4_fc3_ebtimeF_dtTrue_Exp_0,iTransformer,192,96,751,pfarm.csv,TrafficL
0,0.2366367,0.1555875,0.3944458,0.8379759,112.97771,long_term_forecast_ETTh1_192_96TrafficL_w1501_pfarm.csv_iTransformer_Traffic_ftMS_sl96_ll48_pl192_dm512_nh8_el4_dl1_df2048_expand2_dc4_fc3_ebtimeF_dtTrue_Exp_0,iTransformer,192,96,1501,pfarm.csv,TrafficL
0,0.23680207,0.15558828,0.39444682,0.8373386,112.85028,long_term_forecast_ETTh1_192_96TrafficL_w751_ipfarm.csv_iTransformer_Traffic_ftMS_sl96_ll48_pl192_dm512_nh8_el4_dl1_df2048_expand2_dc4_fc3_ebtimeF_dtTrue_Exp_0,iTransformer,192,96,751,ipfarm.csv,TrafficL
0,0.23664322,0.15561894,0.39448565,0.83779,112.7826,long_term_forecast_ETTh1_192_96TrafficL_w1251_pfarm.csv_iTransformer_Traffic_ftMS_sl96_ll48_pl192_dm512_nh8_el4_dl1_df2048_expand2_dc4_fc3_ebtimeF_dtTrue_Exp_0,iTransformer,192,96,1251,pfarm.csv,TrafficL
0,0.23679575,0.15562858,0.39449787,0.83953464,112.69704,long_term_forecast_ETTh1_192_96TrafficL_w1001_ipfarm.csv_iTransformer_Traffic_ftMS_sl96_ll48_pl192_dm512_nh8_el4_dl1_df2048_expand2_dc4_fc3_ebtimeF_dtTrue_Exp_0,iTransformer,192,96,1001,ipfarm.csv,TrafficL
0,0.30344823,0.15563287,0.39450333,0.83704364,27.390724,long_term_forecast_96_96ETTm2_w1251_psmoothrandomwalk.csv_Autoformer_ETTm2_ftMS_sl96_ll48_pl96_dm512_nh8_el2_dl1_df2048_expand2_dc4_fc1_ebtimeF_dtTrue_Exp_0,Autoformer,96,96,1251,psmoothrandomwalk.csv,ETTm2
0,0.30608675,0.15564516,0.3945189,0.79610354,21.354815,long_term_forecast_96_96ETTm2_w1001_pfarm.csv_Autoformer_ETTm2_ftMS_sl96_ll48_pl96_dm512_nh8_el2_dl1_df2048_expand2_dc4_fc1_ebtimeF_dtTrue_Exp_0,Autoformer,96,96,1001,pfarm.csv,ETTm2
0,0.23669243,0.15565412,0.39453024,0.83809006,112.92146,long_term_forecast_ETTh1_192_96TrafficL_w501_pfarm.csv_iTransformer_Traffic_ftMS_sl96_ll48_pl192_dm512_nh8_el4_dl1_df2048_expand2_dc4_fc3_ebtimeF_dtTrue_Exp_0,iTransformer,192,96,501,pfarm.csv,TrafficL
0,0.23701064,0.15574215,0.39464182,0.83713496,107.50385,long_term_forecast_ETTh1_192_96TrafficL_w501_prollcorr.csv_iTransformer_Traffic_ftMS_sl96_ll48_pl192_dm512_nh8_el4_dl1_df2048_expand2_dc4_fc3_ebtimeF_dtTrue_Exp_0,iTransformer,192,96,501,prollcorr.csv,TrafficL
0,0.23443049,0.15575482,0.39465785,0.8203429,80.30162,long_term_forecast_ETTh1_96_96TrafficL_w1251_prollcorr.csv_iTransformer_Traffic_ftMS_sl96_ll48_pl96_dm512_nh8_el4_dl1_df2048_expand2_dc4_fc3_ebtimeF_dtTrue_Exp_0,iTransformer,96,96,1251,prollcorr.csv,TrafficL
0,0.30354112,0.15582474,0.39474642,0.8013664,24.356228,long_term_forecast_96_96ETTm2_w1501_psmoothrandomwalk.csv_Autoformer_ETTm2_ftMS_sl96_ll48_pl96_dm512_nh8_el2_dl1_df2048_expand2_dc4_fc1_ebtimeF_dtTrue_Exp_0,Autoformer,96,96,1501,psmoothrandomwalk.csv,ETTm2
0,0.23783213,0.15582809,0.39475065,0.8336188,104.1039,long_term_forecast_ETTh1_192_96TrafficL_w1001_prollcorr.csv_iTransformer_Traffic_ftMS_sl96_ll48_pl192_dm512_nh8_el4_dl1_df2048_expand2_dc4_fc3_ebtimeF_dtTrue_Exp_0,iTransformer,192,96,1001,prollcorr.csv,TrafficL
0,0.2341241,0.15589485,0.3948352,0.81381065,75.39549,long_term_forecast_ETTh1_96_96TrafficL_w501_ipfarm.csv_iTransformer_Traffic_ftMS_sl96_ll48_pl96_dm512_nh8_el4_dl1_df2048_expand2_dc4_fc3_ebtimeF_dtTrue_Exp_0,iTransformer,96,96,501,ipfarm.csv,TrafficL
0,0.23857065,0.15589967,0.3948413,0.8091036,71.859245,long_term_forecast_ETTh1_96_96TrafficL_w501_iprollcov.csv_iTransformer_Traffic_ftMS_sl96_ll48_pl96_dm512_nh8_el4_dl1_df2048_expand2_dc4_fc3_ebtimeF_dtTrue_Exp_0,iTransformer,96,96,501,iprollcov.csv,TrafficL
0,0.23893458,0.1560333,0.3950105,0.84607947,116.665474,long_term_forecast_ETTh1_192_96TrafficL_w1001_iprollcorr.csv_iTransformer_Traffic_ftMS_sl96_ll48_pl192_dm512_nh8_el4_dl1_df2048_expand2_dc4_fc3_ebtimeF_dtTrue_Exp_0,iTransformer,192,96,1001,iprollcorr.csv,TrafficL
0,0.30792466,0.15612823,0.39513063,0.7642497,20.13777,long_term_forecast_96_96ETTh2_w1001_pfarm.csv_Autoformer_ETTh2_ftMS_sl96_ll48_pl96_dm512_nh8_el2_dl1_df2048_expand2_dc4_fc3_ebtimeF_dtTrue_Exp_0,Autoformer,96,96,1001,pfarm.csv,ETTh2
0,0.30558202,0.15615687,0.39516687,0.819126,27.30219,long_term_forecast_192_96ETTm2.csv_Autoformer_ETTm2_ftMS_sl96_ll48_pl192_dm512_nh8_el2_dl1_df2048_expand2_dc4_fc1_ebtimeF_dtTrue_Exp_0,Autoformer,192,96,,identity,ETTm2
0,0.236924,0.15618128,0.39519778,0.85544306,116.319466,long_term_forecast_ETTh1_192_96TrafficL_w751_prollcorr.csv_iTransformer_Traffic_ftMS_sl96_ll48_pl192_dm512_nh8_el4_dl1_df2048_expand2_dc4_fc3_ebtimeF_dtTrue_Exp_0,iTransformer,192,96,751,prollcorr.csv,TrafficL
0,0.23412797,0.15619612,0.39521655,0.8153823,76.85282,long_term_forecast_ETTh1_96_96TrafficL_w1501_ipfarm.csv_iTransformer_Traffic_ftMS_sl96_ll48_pl96_dm512_nh8_el4_dl1_df2048_expand2_dc4_fc3_ebtimeF_dtTrue_Exp_0,iTransformer,96,96,1501,ipfarm.csv,TrafficL
0,0.2341976,0.15620755,0.395231,0.81675106,77.326195,long_term_forecast_ETTh1_96_96TrafficL_w1251_ipfarm.csv_iTransformer_Traffic_ftMS_sl96_ll48_pl96_dm512_nh8_el4_dl1_df2048_expand2_dc4_fc3_ebtimeF_dtTrue_Exp_0,iTransformer,96,96,1251,ipfarm.csv,TrafficL
0,0.23470171,0.156215,0.39524043,0.79371065,73.45565,long_term_forecast_ETTh1_96_96TrafficL_w751_prollcov.csv_iTransformer_Traffic_ftMS_sl96_ll48_pl96_dm512_nh8_el4_dl1_df2048_expand2_dc4_fc3_ebtimeF_dtTrue_Exp_0,iTransformer,96,96,751,prollcov.csv,TrafficL
0,0.23412171,0.15623342,0.39526373,0.8435807,89.50169,long_term_forecast_ETTh1_96_96TrafficL_w751_prollcorr.csv_iTransformer_Traffic_ftMS_sl96_ll48_pl96_dm512_nh8_el4_dl1_df2048_expand2_dc4_fc3_ebtimeF_dtTrue_Exp_0,iTransformer,96,96,751,prollcorr.csv,TrafficL
0,0.2340732,0.15626223,0.39530018,0.816511,76.966675,long_term_forecast_ETTh1_96_96TrafficL_w751_pfarm.csv_iTransformer_Traffic_ftMS_sl96_ll48_pl96_dm512_nh8_el4_dl1_df2048_expand2_dc4_fc3_ebtimeF_dtTrue_Exp_0,iTransformer,96,96,751,pfarm.csv,TrafficL
0,0.23893079,0.15627214,0.39531273,0.83759624,121.1501,long_term_forecast_ETTh1_192_96TrafficL_w1251_iprollcorr.csv_iTransformer_Traffic_ftMS_sl96_ll48_pl192_dm512_nh8_el4_dl1_df2048_expand2_dc4_fc3_ebtimeF_dtTrue_Exp_0,iTransformer,192,96,1251,iprollcorr.csv,TrafficL
0,0.23388024,0.15627725,0.3953192,0.815879,78.52475,long_term_forecast_ETTh1_96_96TrafficL_w1501_prollcov.csv_iTransformer_Traffic_ftMS_sl96_ll48_pl96_dm512_nh8_el4_dl1_df2048_expand2_dc4_fc3_ebtimeF_dtTrue_Exp_0,iTransformer,96,96,1501,prollcov.csv,TrafficL
0,0.2393232,0.15627989,0.3953225,0.82047033,97.65944,long_term_forecast_ETTh1_192_96TrafficL_w501_iprollcov.csv_iTransformer_Traffic_ftMS_sl96_ll48_pl192_dm512_nh8_el4_dl1_df2048_expand2_dc4_fc3_ebtimeF_dtTrue_Exp_0,iTransformer,192,96,501,iprollcov.csv,TrafficL
0,0.2383497,0.15629877,0.3953464,0.83234507,106.64247,long_term_forecast_ETTh1_192_96TrafficL_w1001_prollcov.csv_iTransformer_Traffic_ftMS_sl96_ll48_pl192_dm512_nh8_el4_dl1_df2048_expand2_dc4_fc3_ebtimeF_dtTrue_Exp_0,iTransformer,192,96,1001,prollcov.csv,TrafficL
0,0.23835608,0.15630534,0.39535472,0.83240056,110.95964,long_term_forecast_ETTh1_192_96TrafficL_w1251_prollcov.csv_iTransformer_Traffic_ftMS_sl96_ll48_pl192_dm512_nh8_el4_dl1_df2048_expand2_dc4_fc3_ebtimeF_dtTrue_Exp_0,iTransformer,192,96,1251,prollcov.csv,TrafficL
0,0.23412403,0.15635331,0.39541537,0.8148026,76.24899,long_term_forecast_ETTh1_96_96TrafficL_w1001_pfarm.csv_iTransformer_Traffic_ftMS_sl96_ll48_pl96_dm512_nh8_el4_dl1_df2048_expand2_dc4_fc3_ebtimeF_dtTrue_Exp_0,iTransformer,96,96,1001,pfarm.csv,TrafficL
0,0.23418887,0.15639566,0.39546892,0.81459874,76.55211,long_term_forecast_ETTh1_96_96TrafficL_w1251_ipentropy.csv_iTransformer_Traffic_ftMS_sl96_ll48_pl96_dm512_nh8_el4_dl1_df2048_expand2_dc4_fc3_ebtimeF_dtTrue_Exp_0,iTransformer,96,96,1251,ipentropy.csv,TrafficL
0,0.23418887,0.15639566,0.39546892,0.81459874,76.55211,long_term_forecast_ETTh1_96_96TrafficL_w1001_pmutual_info.csv_iTransformer_Traffic_ftMS_sl96_ll48_pl96_dm512_nh8_el4_dl1_df2048_expand2_dc4_fc3_ebtimeF_dtTrue_Exp_0,iTransformer,96,96,1001,pmutual_info.csv,TrafficL
0,0.23418887,0.15639566,0.39546892,0.81459874,76.55211,long_term_forecast_ETTh1_96_96TrafficL_w751_pmutual_info.csv_iTransformer_Traffic_ftMS_sl96_ll48_pl96_dm512_nh8_el4_dl1_df2048_expand2_dc4_fc3_ebtimeF_dtTrue_Exp_0,iTransformer,96,96,751,pmutual_info.csv,TrafficL
0,0.23418887,0.15639566,0.39546892,0.81459874,76.55211,long_term_forecast_ETTh1_96_96TrafficL.csv_iTransformer_Traffic_ftMS_sl96_ll48_pl96_dm512_nh8_el4_dl1_df2048_expand2_dc4_fc3_ebtimeF_dtTrue_Exp_0,iTransformer,96,96,,identity,TrafficL
0,0.23418887,0.15639566,0.39546892,0.81459874,76.55211,long_term_forecast_ETTh1_96_96TrafficL_w751_ipentropy.csv_iTransformer_Traffic_ftMS_sl96_ll48_pl96_dm512_nh8_el4_dl1_df2048_expand2_dc4_fc3_ebtimeF_dtTrue_Exp_0,iTransformer,96,96,751,ipentropy.csv,TrafficL
0,0.23418887,0.15639566,0.39546892,0.81459874,76.55211,long_term_forecast_ETTh1_96_96TrafficL_w501_ipentropy.csv_iTransformer_Traffic_ftMS_sl96_ll48_pl96_dm512_nh8_el4_dl1_df2048_expand2_dc4_fc3_ebtimeF_dtTrue_Exp_0,iTransformer,96,96,501,ipentropy.csv,TrafficL
0,0.23418887,0.15639566,0.39546892,0.81459874,76.55211,long_term_forecast_ETTh1_96_96TrafficL_w1251_ipmutual_info.csv_iTransformer_Traffic_ftMS_sl96_ll48_pl96_dm512_nh8_el4_dl1_df2048_expand2_dc4_fc3_ebtimeF_dtTrue_Exp_0,iTransformer,96,96,1251,ipmutual_info.csv,TrafficL
0,0.23418887,0.15639566,0.39546892,0.81459874,76.55211,long_term_forecast_ETTh1_96_96TrafficL_w501_pentropy.csv_iTransformer_Traffic_ftMS_sl96_ll48_pl96_dm512_nh8_el4_dl1_df2048_expand2_dc4_fc3_ebtimeF_dtTrue_Exp_0,iTransformer,96,96,501,pentropy.csv,TrafficL
0,0.23418887,0.15639566,0.39546892,0.81459874,76.55211,long_term_forecast_ETTh1_96_96TrafficL_w751_pentropy.csv_iTransformer_Traffic_ftMS_sl96_ll48_pl96_dm512_nh8_el4_dl1_df2048_expand2_dc4_fc3_ebtimeF_dtTrue_Exp_0,iTransformer,96,96,751,pentropy.csv,TrafficL
0,0.23418887,0.15639566,0.39546892,0.81459874,76.55211,long_term_forecast_ETTh1_96_96TrafficL_w751_ipmutual_info.csv_iTransformer_Traffic_ftMS_sl96_ll48_pl96_dm512_nh8_el4_dl1_df2048_expand2_dc4_fc3_ebtimeF_dtTrue_Exp_0,iTransformer,96,96,751,ipmutual_info.csv,TrafficL
0,0.23418887,0.15639566,0.39546892,0.81459874,76.55211,long_term_forecast_ETTh1_96_96TrafficL_w1501_pentropy.csv_iTransformer_Traffic_ftMS_sl96_ll48_pl96_dm512_nh8_el4_dl1_df2048_expand2_dc4_fc3_ebtimeF_dtTrue_Exp_0,iTransformer,96,96,1501,pentropy.csv,TrafficL
0,0.23418887,0.15639566,0.39546892,0.81459874,76.55211,long_term_forecast_ETTh1_96_96TrafficL_w1001_pentropy.csv_iTransformer_Traffic_ftMS_sl96_ll48_pl96_dm512_nh8_el4_dl1_df2048_expand2_dc4_fc3_ebtimeF_dtTrue_Exp_0,iTransformer,96,96,1001,pentropy.csv,TrafficL
0,0.23418887,0.15639566,0.39546892,0.81459874,76.55211,long_term_forecast_ETTh1_96_96TrafficL_w1251_pmutual_info.csv_iTransformer_Traffic_ftMS_sl96_ll48_pl96_dm512_nh8_el4_dl1_df2048_expand2_dc4_fc3_ebtimeF_dtTrue_Exp_0,iTransformer,96,96,1251,pmutual_info.csv,TrafficL
0,0.23418887,0.15639566,0.39546892,0.81459874,76.55211,long_term_forecast_ETTh1_96_96TrafficL_w501_ipmutual_info.csv_iTransformer_Traffic_ftMS_sl96_ll48_pl96_dm512_nh8_el4_dl1_df2048_expand2_dc4_fc3_ebtimeF_dtTrue_Exp_0,iTransformer,96,96,501,ipmutual_info.csv,TrafficL
0,0.23418887,0.15639566,0.39546892,0.81459874,76.55211,long_term_forecast_ETTh1_96_96TrafficL_w501_pmutual_info.csv_iTransformer_Traffic_ftMS_sl96_ll48_pl96_dm512_nh8_el4_dl1_df2048_expand2_dc4_fc3_ebtimeF_dtTrue_Exp_0,iTransformer,96,96,501,pmutual_info.csv,TrafficL
0,0.23418887,0.15639566,0.39546892,0.81459874,76.55211,long_term_forecast_ETTh1_96_96TrafficL_w1251_pentropy.csv_iTransformer_Traffic_ftMS_sl96_ll48_pl96_dm512_nh8_el4_dl1_df2048_expand2_dc4_fc3_ebtimeF_dtTrue_Exp_0,iTransformer,96,96,1251,pentropy.csv,TrafficL
0,0.23418887,0.15639566,0.39546892,0.81459874,76.55211,long_term_forecast_ETTh1_96_96TrafficL_w1001_ipentropy.csv_iTransformer_Traffic_ftMS_sl96_ll48_pl96_dm512_nh8_el4_dl1_df2048_expand2_dc4_fc3_ebtimeF_dtTrue_Exp_0,iTransformer,96,96,1001,ipentropy.csv,TrafficL
0,0.23418887,0.15639566,0.39546892,0.81459874,76.55211,long_term_forecast_ETTh1_96_96TrafficL_w1001_ipmutual_info.csv_iTransformer_Traffic_ftMS_sl96_ll48_pl96_dm512_nh8_el4_dl1_df2048_expand2_dc4_fc3_ebtimeF_dtTrue_Exp_0,iTransformer,96,96,1001,ipmutual_info.csv,TrafficL
0,0.23418887,0.15639566,0.39546892,0.81459874,76.55211,long_term_forecast_ETTh1_96_96TrafficL_w1501_pmutual_info.csv_iTransformer_Traffic_ftMS_sl96_ll48_pl96_dm512_nh8_el4_dl1_df2048_expand2_dc4_fc3_ebtimeF_dtTrue_Exp_0,iTransformer,96,96,1501,pmutual_info.csv,TrafficL
0,0.23418887,0.15639566,0.39546892,0.81459874,76.55211,long_term_forecast_ETTh1_96_96TrafficL_w1501_ipentropy.csv_iTransformer_Traffic_ftMS_sl96_ll48_pl96_dm512_nh8_el4_dl1_df2048_expand2_dc4_fc3_ebtimeF_dtTrue_Exp_0,iTransformer,96,96,1501,ipentropy.csv,TrafficL
0,0.23418887,0.15639566,0.39546892,0.81459874,76.55211,long_term_forecast_ETTh1_96_96TrafficL_w1501_ipmutual_info.csv_iTransformer_Traffic_ftMS_sl96_ll48_pl96_dm512_nh8_el4_dl1_df2048_expand2_dc4_fc3_ebtimeF_dtTrue_Exp_0,iTransformer,96,96,1501,ipmutual_info.csv,TrafficL
0,0.23874858,0.1564288,0.39551082,0.84637725,118.64682,long_term_forecast_ETTh1_192_96TrafficL_w1501_iprollcorr.csv_iTransformer_Traffic_ftMS_sl96_ll48_pl192_dm512_nh8_el4_dl1_df2048_expand2_dc4_fc3_ebtimeF_dtTrue_Exp_0,iTransformer,192,96,1501,iprollcorr.csv,TrafficL
0,0.23434635,0.15643196,0.39551482,0.81481177,76.88337,long_term_forecast_ETTh1_96_96TrafficL_w1001_ipfarm.csv_iTransformer_Traffic_ftMS_sl96_ll48_pl96_dm512_nh8_el4_dl1_df2048_expand2_dc4_fc3_ebtimeF_dtTrue_Exp_0,iTransformer,96,96,1001,ipfarm.csv,TrafficL
0,0.2342389,0.15653487,0.39564487,0.81421936,76.376724,long_term_forecast_ETTh1_96_96TrafficL_w1501_pfarm.csv_iTransformer_Traffic_ftMS_sl96_ll48_pl96_dm512_nh8_el4_dl1_df2048_expand2_dc4_fc3_ebtimeF_dtTrue_Exp_0,iTransformer,96,96,1501,pfarm.csv,TrafficL
0,0.23836574,0.15653767,0.39564842,0.83020717,105.982765,long_term_forecast_ETTh1_192_96TrafficL_w501_prollcov.csv_iTransformer_Traffic_ftMS_sl96_ll48_pl192_dm512_nh8_el4_dl1_df2048_expand2_dc4_fc3_ebtimeF_dtTrue_Exp_0,iTransformer,192,96,501,prollcov.csv,TrafficL
0,0.23610185,0.15656582,0.39568397,0.82472557,80.30843,long_term_forecast_ETTh1_96_96TrafficL_w1501_prollcorr.csv_iTransformer_Traffic_ftMS_sl96_ll48_pl96_dm512_nh8_el4_dl1_df2048_expand2_dc4_fc3_ebtimeF_dtTrue_Exp_0,iTransformer,96,96,1501,prollcorr.csv,TrafficL
0,0.23420683,0.15656607,0.3956843,0.8127549,75.84017,long_term_forecast_ETTh1_96_96TrafficL_w1251_pfarm.csv_iTransformer_Traffic_ftMS_sl96_ll48_pl96_dm512_nh8_el4_dl1_df2048_expand2_dc4_fc3_ebtimeF_dtTrue_Exp_0,iTransformer,96,96,1251,pfarm.csv,TrafficL
0,0.23446526,0.15660071,0.39572808,0.81200415,75.642,long_term_forecast_ETTh1_96_96TrafficL_w751_ipfarm.csv_iTransformer_Traffic_ftMS_sl96_ll48_pl96_dm512_nh8_el4_dl1_df2048_expand2_dc4_fc3_ebtimeF_dtTrue_Exp_0,iTransformer,96,96,751,ipfarm.csv,TrafficL
0,0.23429023,0.15672891,0.39589003,0.8151643,77.217415,long_term_forecast_ETTh1_96_96TrafficL_w501_pfarm.csv_iTransformer_Traffic_ftMS_sl96_ll48_pl96_dm512_nh8_el4_dl1_df2048_expand2_dc4_fc3_ebtimeF_dtTrue_Exp_0,iTransformer,96,96,501,pfarm.csv,TrafficL
0,0.23809278,0.15678692,0.39596328,0.8374885,106.76177,long_term_forecast_ETTh1_192_96TrafficL_w1501_prollcorr.csv_iTransformer_Traffic_ftMS_sl96_ll48_pl192_dm512_nh8_el4_dl1_df2048_expand2_dc4_fc3_ebtimeF_dtTrue_Exp_0,iTransformer,192,96,1501,prollcorr.csv,TrafficL
0,0.23957987,0.15686615,0.39606333,0.82713175,109.44414,long_term_forecast_ETTh1_192_96TrafficL_w751_prollcov.csv_iTransformer_Traffic_ftMS_sl96_ll48_pl192_dm512_nh8_el4_dl1_df2048_expand2_dc4_fc3_ebtimeF_dtTrue_Exp_0,iTransformer,192,96,751,prollcov.csv,TrafficL
0,0.30008778,0.15721601,0.39650473,0.7583988,21.628197,long_term_forecast_336_96ETTm2.csv_iTransformer_ETTm2_ftMS_sl96_ll48_pl336_dm512_nh8_el2_dl1_df2048_expand2_dc4_fc1_ebtimeF_dtTrue_Exp_0,iTransformer,336,96,,identity,ETTm2
0,0.30601555,0.15732192,0.39663827,0.81441486,25.665976,long_term_forecast_96_96ETTm2_w1251_iprollcorr.csv_Autoformer_ETTm2_ftMS_sl96_ll48_pl96_dm512_nh8_el2_dl1_df2048_expand2_dc4_fc1_ebtimeF_dtTrue_Exp_0,Autoformer,96,96,1251,iprollcorr.csv,ETTm2
0,0.23921777,0.15740977,0.396749,0.82800716,106.13757,long_term_forecast_ETTh1_192_96TrafficL_w1501_iprollcov.csv_iTransformer_Traffic_ftMS_sl96_ll48_pl192_dm512_nh8_el4_dl1_df2048_expand2_dc4_fc3_ebtimeF_dtTrue_Exp_0,iTransformer,192,96,1501,iprollcov.csv,TrafficL
0,0.30929852,0.15829606,0.39786437,0.8180805,30.790844,long_term_forecast_96_96ETTh2_w751_iprollcorr.csv_Autoformer_ETTh2_ftMS_sl96_ll48_pl96_dm512_nh8_el2_dl1_df2048_expand2_dc4_fc3_ebtimeF_dtTrue_Exp_0,Autoformer,96,96,751,iprollcorr.csv,ETTh2
0,0.23700005,0.15844695,0.39805394,0.8128361,74.97978,long_term_forecast_ETTh1_96_96TrafficL_w1501_iprollcov.csv_iTransformer_Traffic_ftMS_sl96_ll48_pl96_dm512_nh8_el4_dl1_df2048_expand2_dc4_fc3_ebtimeF_dtTrue_Exp_0,iTransformer,96,96,1501,iprollcov.csv,TrafficL
0,0.24115193,0.15849788,0.39811793,0.8398145,106.85852,long_term_forecast_ETTh1_192_96TrafficL_w1001_iprollcov.csv_iTransformer_Traffic_ftMS_sl96_ll48_pl192_dm512_nh8_el4_dl1_df2048_expand2_dc4_fc3_ebtimeF_dtTrue_Exp_0,iTransformer,192,96,1001,iprollcov.csv,TrafficL
0,0.31289575,0.15924636,0.39905682,0.77058345,18.847479,long_term_forecast_96_96ETTm2_w501_ipsmoothrandomwalk.csv_Autoformer_ETTm2_ftMS_sl96_ll48_pl96_dm512_nh8_el2_dl1_df2048_expand2_dc4_fc1_ebtimeF_dtTrue_Exp_0,Autoformer,96,96,501,ipsmoothrandomwalk.csv,ETTm2
0,0.30833688,0.15934232,0.39917704,0.7427608,18.42483,long_term_forecast_96_96ETTh2_w501_pfarm.csv_Autoformer_ETTh2_ftMS_sl96_ll48_pl96_dm512_nh8_el2_dl1_df2048_expand2_dc4_fc3_ebtimeF_dtTrue_Exp_0,Autoformer,96,96,501,pfarm.csv,ETTh2
0,0.31317702,0.15969157,0.39961427,0.82802474,24.13279,long_term_forecast_96_96ETTm2_w501_psmoothrandomwalk.csv_Autoformer_ETTm2_ftMS_sl96_ll48_pl96_dm512_nh8_el2_dl1_df2048_expand2_dc4_fc1_ebtimeF_dtTrue_Exp_0,Autoformer,96,96,501,psmoothrandomwalk.csv,ETTm2
0,0.31159854,0.1599439,0.39992985,0.7726582,21.154018,long_term_forecast_96_96ETTh2_w1251_ipentropy.csv_Autoformer_ETTh2_ftMS_sl96_ll48_pl96_dm512_nh8_el2_dl1_df2048_expand2_dc4_fc3_ebtimeF_dtTrue_Exp_0,Autoformer,96,96,1251,ipentropy.csv,ETTh2
0,0.3124359,0.16005842,0.40007302,0.79056644,23.984758,long_term_forecast_96_96ETTh2_w1001_ipentropy.csv_Autoformer_ETTh2_ftMS_sl96_ll48_pl96_dm512_nh8_el2_dl1_df2048_expand2_dc4_fc3_ebtimeF_dtTrue_Exp_0,Autoformer,96,96,1001,ipentropy.csv,ETTh2
0,0.30172387,0.16008416,0.40010518,0.8433374,23.224138,long_term_forecast_96_96ETTm2_w1501_iprollcov.csv_Crossformer_ETTm2_ftMS_sl96_ll48_pl96_dm512_nh8_el2_dl1_df2048_expand2_dc4_fc1_ebtimeF_dtTrue_Exp_0,Crossformer,96,96,1501,iprollcov.csv,ETTm2
0,0.30436254,0.16015226,0.40019026,0.79313207,23.672556,long_term_forecast_96_96ETTm2_w751_prollcov.csv_Autoformer_ETTm2_ftMS_sl96_ll48_pl96_dm512_nh8_el2_dl1_df2048_expand2_dc4_fc1_ebtimeF_dtTrue_Exp_0,Autoformer,96,96,751,prollcov.csv,ETTm2
0,0.2407466,0.16094947,0.40118507,0.8313665,76.555145,long_term_forecast_ETTh1_96_96TrafficL_w1001_iprollcov.csv_iTransformer_Traffic_ftMS_sl96_ll48_pl96_dm512_nh8_el4_dl1_df2048_expand2_dc4_fc3_ebtimeF_dtTrue_Exp_0,iTransformer,96,96,1001,iprollcov.csv,TrafficL
0,0.24286284,0.16150607,0.40187818,0.86211145,114.78367,long_term_forecast_ETTh1_192_96TrafficL_w1251_iprollcov.csv_iTransformer_Traffic_ftMS_sl96_ll48_pl192_dm512_nh8_el4_dl1_df2048_expand2_dc4_fc3_ebtimeF_dtTrue_Exp_0,iTransformer,192,96,1251,iprollcov.csv,TrafficL
0,0.31213477,0.16175987,0.4021938,0.76542735,22.872774,long_term_forecast_96_96ETTh2_w751_iprollcov.csv_Autoformer_ETTh2_ftMS_sl96_ll48_pl96_dm512_nh8_el2_dl1_df2048_expand2_dc4_fc3_ebtimeF_dtTrue_Exp_0,Autoformer,96,96,751,iprollcov.csv,ETTh2
0,0.30938908,0.16177244,0.40220946,0.8257771,27.021822,long_term_forecast_96_96ETTm2_w1501_pmutual_info.csv_Autoformer_ETTm2_ftMS_sl96_ll48_pl96_dm512_nh8_el2_dl1_df2048_expand2_dc4_fc1_ebtimeF_dtTrue_Exp_0,Autoformer,96,96,1501,pmutual_info.csv,ETTm2
0,0.31171998,0.16190968,0.40238002,0.7693394,24.167362,long_term_forecast_96_96ETTh2_w501_iprollcov.csv_Autoformer_ETTh2_ftMS_sl96_ll48_pl96_dm512_nh8_el2_dl1_df2048_expand2_dc4_fc3_ebtimeF_dtTrue_Exp_0,Autoformer,96,96,501,iprollcov.csv,ETTh2
0,0.315394,0.16205001,0.40255436,0.7881347,22.79975,long_term_forecast_96_96ETTh2_w751_ipentropy.csv_Autoformer_ETTh2_ftMS_sl96_ll48_pl96_dm512_nh8_el2_dl1_df2048_expand2_dc4_fc3_ebtimeF_dtTrue_Exp_0,Autoformer,96,96,751,ipentropy.csv,ETTh2
0,0.31511858,0.16215123,0.40268007,0.898127,33.117584,long_term_forecast_96_96ETTh2_w1001_prollcov.csv_Autoformer_ETTh2_ftMS_sl96_ll48_pl96_dm512_nh8_el2_dl1_df2048_expand2_dc4_fc3_ebtimeF_dtTrue_Exp_0,Autoformer,96,96,1001,prollcov.csv,ETTh2
0,0.31505305,0.16306123,0.40380841,0.7786736,20.29987,long_term_forecast_96_96ETTh2_w1251_pmutual_info.csv_Autoformer_ETTh2_ftMS_sl96_ll48_pl96_dm512_nh8_el2_dl1_df2048_expand2_dc4_fc3_ebtimeF_dtTrue_Exp_0,Autoformer,96,96,1251,pmutual_info.csv,ETTh2
0,0.31602958,0.16350909,0.40436256,0.7990561,24.443752,long_term_forecast_96_96ETTh2_w1001_ipmutual_info.csv_Autoformer_ETTh2_ftMS_sl96_ll48_pl96_dm512_nh8_el2_dl1_df2048_expand2_dc4_fc3_ebtimeF_dtTrue_Exp_0,Autoformer,96,96,1001,ipmutual_info.csv,ETTh2
0,0.24984327,0.16395408,0.40491244,0.8433945,76.11477,long_term_forecast_96_96TrafficL_w501_iprollcorr.csv_TimeXer_Traffic_ftMS_sl96_ll48_pl96_dm512_nh8_el3_dl1_df2048_expand2_dc4_fc3_ebtimeF_dtTrue_Exp_0,TimeXer,96,96,501,iprollcorr.csv,TrafficL
0,0.24576893,0.16456151,0.40566182,0.8495676,106.29654,long_term_forecast_ETTh1_192_96TrafficL_w751_iprollcov.csv_iTransformer_Traffic_ftMS_sl96_ll48_pl192_dm512_nh8_el4_dl1_df2048_expand2_dc4_fc3_ebtimeF_dtTrue_Exp_0,iTransformer,192,96,751,iprollcov.csv,TrafficL
0,0.31832156,0.16459686,0.4057054,0.7366273,17.217243,long_term_forecast_96_96ETTm2_w751_pfarm.csv_Autoformer_ETTm2_ftMS_sl96_ll48_pl96_dm512_nh8_el2_dl1_df2048_expand2_dc4_fc1_ebtimeF_dtTrue_Exp_0,Autoformer,96,96,751,pfarm.csv,ETTm2
0,0.24737318,0.16489352,0.40607083,0.8348707,83.24271,long_term_forecast_96_96TrafficL_w751_iprollcorr.csv_TimeXer_Traffic_ftMS_sl96_ll48_pl96_dm512_nh8_el3_dl1_df2048_expand2_dc4_fc3_ebtimeF_dtTrue_Exp_0,TimeXer,96,96,751,iprollcorr.csv,TrafficL
0,0.3172606,0.16532552,0.4066024,0.7858349,22.032679,long_term_forecast_96_96ETTh2_w1501_ipentropy.csv_Autoformer_ETTh2_ftMS_sl96_ll48_pl96_dm512_nh8_el2_dl1_df2048_expand2_dc4_fc3_ebtimeF_dtTrue_Exp_0,Autoformer,96,96,1501,ipentropy.csv,ETTh2
0,0.24759594,0.16537648,0.4066651,0.8279874,79.69484,long_term_forecast_96_96TrafficL_w1251_iprollcorr.csv_TimeXer_Traffic_ftMS_sl96_ll48_pl96_dm512_nh8_el3_dl1_df2048_expand2_dc4_fc3_ebtimeF_dtTrue_Exp_0,TimeXer,96,96,1251,iprollcorr.csv,TrafficL
0,0.31942835,0.1654636,0.40677217,0.83010435,29.750568,long_term_forecast_96_96ETTh2_w501_prandomwalk.csv_Autoformer_ETTh2_ftMS_sl96_ll48_pl96_dm512_nh8_el2_dl1_df2048_expand2_dc4_fc3_ebtimeF_dtTrue_Exp_0,Autoformer,96,96,501,prandomwalk.csv,ETTh2
0,0.33091015,0.16559418,0.40693265,0.75955355,15.2532425,long_term_forecast_96_96ETTm2_w1001_iprollcorr.csv_Crossformer_ETTm2_ftMS_sl96_ll48_pl96_dm512_nh8_el2_dl1_df2048_expand2_dc4_fc1_ebtimeF_dtTrue_Exp_0,Crossformer,96,96,1001,iprollcorr.csv,ETTm2
0,0.3148338,0.16577806,0.40715852,0.78037786,24.147156,long_term_forecast_96_96ETTh2_w1501_pentropy.csv_Autoformer_ETTh2_ftMS_sl96_ll48_pl96_dm512_nh8_el2_dl1_df2048_expand2_dc4_fc3_ebtimeF_dtTrue_Exp_0,Autoformer,96,96,1501,pentropy.csv,ETTh2
0,0.3139376,0.16579482,0.4071791,0.85093844,28.265503,long_term_forecast_96_96ETTm2_w1001_prollcorr.csv_Autoformer_ETTm2_ftMS_sl96_ll48_pl96_dm512_nh8_el2_dl1_df2048_expand2_dc4_fc1_ebtimeF_dtTrue_Exp_0,Autoformer,96,96,1001,prollcorr.csv,ETTm2
0,0.30835265,0.16581853,0.4072082,0.8500792,27.019863,long_term_forecast_96_96ETTm2_w501_prollcov.csv_Autoformer_ETTm2_ftMS_sl96_ll48_pl96_dm512_nh8_el2_dl1_df2048_expand2_dc4_fc1_ebtimeF_dtTrue_Exp_0,Autoformer,96,96,501,prollcov.csv,ETTm2
0,0.34047267,0.16622442,0.4077063,0.6757361,10.846954,long_term_forecast_96_96ETTm2_w751_prollcov.csv_Crossformer_ETTm2_ftMS_sl96_ll48_pl96_dm512_nh8_el2_dl1_df2048_expand2_dc4_fc1_ebtimeF_dtTrue_Exp_0,Crossformer,96,96,751,prollcov.csv,ETTm2
0,0.31656626,0.16633803,0.4078456,0.8554044,28.47417,long_term_forecast_96_96ETTh2_w751_pfarm.csv_Autoformer_ETTh2_ftMS_sl96_ll48_pl96_dm512_nh8_el2_dl1_df2048_expand2_dc4_fc3_ebtimeF_dtTrue_Exp_0,Autoformer,96,96,751,pfarm.csv,ETTh2
0,0.25173214,0.16635922,0.40787157,0.84750175,77.30844,long_term_forecast_96_96TrafficL_w1001_iprollcorr.csv_TimeXer_Traffic_ftMS_sl96_ll48_pl96_dm512_nh8_el3_dl1_df2048_expand2_dc4_fc3_ebtimeF_dtTrue_Exp_0,TimeXer,96,96,1001,iprollcorr.csv,TrafficL
0,0.334623,0.16642782,0.40795565,0.6241219,9.399444,long_term_forecast_96_96ETTm2_w1251_psmoothrandomwalk.csv_Crossformer_ETTm2_ftMS_sl96_ll48_pl96_dm512_nh8_el2_dl1_df2048_expand2_dc4_fc1_ebtimeF_dtTrue_Exp_0,Crossformer,96,96,1251,psmoothrandomwalk.csv,ETTm2
0,0.31953204,0.1665532,0.4081093,0.79603887,26.191607,long_term_forecast_96_96ETTh2_w1251_ipmutual_info.csv_Autoformer_ETTh2_ftMS_sl96_ll48_pl96_dm512_nh8_el2_dl1_df2048_expand2_dc4_fc3_ebtimeF_dtTrue_Exp_0,Autoformer,96,96,1251,ipmutual_info.csv,ETTh2
0,0.3353895,0.16662055,0.4081918,0.69603825,12.271379,long_term_forecast_96_96ETTm2_w501_psmoothrandomwalk.csv_Crossformer_ETTm2_ftMS_sl96_ll48_pl96_dm512_nh8_el2_dl1_df2048_expand2_dc4_fc1_ebtimeF_dtTrue_Exp_0,Crossformer,96,96,501,psmoothrandomwalk.csv,ETTm2
0,0.33194637,0.16705425,0.4087227,0.2333104,0.07515561,long_term_forecast_192_96ETTh1_w1001_pmutual_info.csv_Crossformer_ETTh1_ftMS_sl96_ll48_pl192_dm512_nh8_el2_dl1_df2048_expand2_dc4_fc3_ebtimeF_dtTrue_Exp_0,Crossformer,192,96,1001,pmutual_info.csv,ETTh1
0,0.24586228,0.16776256,0.40958828,0.8479913,77.08961,long_term_forecast_ETTh1_96_96TrafficL_w751_iprollcov.csv_iTransformer_Traffic_ftMS_sl96_ll48_pl96_dm512_nh8_el4_dl1_df2048_expand2_dc4_fc3_ebtimeF_dtTrue_Exp_0,iTransformer,96,96,751,iprollcov.csv,TrafficL
0,0.25194246,0.16782369,0.4096629,0.83158153,70.50101,long_term_forecast_96_96TrafficL_w1001_prollcov.csv_TimeXer_Traffic_ftMS_sl96_ll48_pl96_dm512_nh8_el3_dl1_df2048_expand2_dc4_fc3_ebtimeF_dtTrue_Exp_0,TimeXer,96,96,1001,prollcov.csv,TrafficL
0,0.24995245,0.1678583,0.40970513,0.8382784,75.154854,long_term_forecast_96_96TrafficL_w501_ipfarm.csv_TimeXer_Traffic_ftMS_sl96_ll48_pl96_dm512_nh8_el3_dl1_df2048_expand2_dc4_fc3_ebtimeF_dtTrue_Exp_0,TimeXer,96,96,501,ipfarm.csv,TrafficL
0,0.31353247,0.16796261,0.40983242,0.87704885,26.917345,long_term_forecast_96_96ETTm2_w751_prollcorr.csv_Autoformer_ETTm2_ftMS_sl96_ll48_pl96_dm512_nh8_el2_dl1_df2048_expand2_dc4_fc1_ebtimeF_dtTrue_Exp_0,Autoformer,96,96,751,prollcorr.csv,ETTm2
0,0.24982694,0.16807628,0.40997106,0.83840287,75.58628,long_term_forecast_96_96TrafficL_w1501_ipfarm.csv_TimeXer_Traffic_ftMS_sl96_ll48_pl96_dm512_nh8_el3_dl1_df2048_expand2_dc4_fc3_ebtimeF_dtTrue_Exp_0,TimeXer,96,96,1501,ipfarm.csv,TrafficL
0,0.2518443,0.16821483,0.41014,0.82827723,70.2105,long_term_forecast_96_96TrafficL_w501_prollcorr.csv_TimeXer_Traffic_ftMS_sl96_ll48_pl96_dm512_nh8_el3_dl1_df2048_expand2_dc4_fc3_ebtimeF_dtTrue_Exp_0,TimeXer,96,96,501,prollcorr.csv,TrafficL
0,0.31870455,0.1682423,0.4101735,0.7813265,18.124887,long_term_forecast_96_96ETTm2_w501_pentropy.csv_Crossformer_ETTm2_ftMS_sl96_ll48_pl96_dm512_nh8_el2_dl1_df2048_expand2_dc4_fc1_ebtimeF_dtTrue_Exp_0,Crossformer,96,96,501,pentropy.csv,ETTm2
0,0.2457432,0.16828722,0.41022825,0.8727765,84.672226,long_term_forecast_ETTh1_96_96TrafficL_w1251_iprollcov.csv_iTransformer_Traffic_ftMS_sl96_ll48_pl96_dm512_nh8_el4_dl1_df2048_expand2_dc4_fc3_ebtimeF_dtTrue_Exp_0,iTransformer,96,96,1251,iprollcov.csv,TrafficL
0,0.24962272,0.16830227,0.41024658,0.835209,74.56739,long_term_forecast_96_96TrafficL_w751_ipfarm.csv_TimeXer_Traffic_ftMS_sl96_ll48_pl96_dm512_nh8_el3_dl1_df2048_expand2_dc4_fc3_ebtimeF_dtTrue_Exp_0,TimeXer,96,96,751,ipfarm.csv,TrafficL
0,0.24986531,0.16836554,0.4103237,0.8371939,75.30907,long_term_forecast_96_96TrafficL_w1001_pfarm.csv_TimeXer_Traffic_ftMS_sl96_ll48_pl96_dm512_nh8_el3_dl1_df2048_expand2_dc4_fc3_ebtimeF_dtTrue_Exp_0,TimeXer,96,96,1001,pfarm.csv,TrafficL
0,0.25038406,0.16839999,0.41036567,0.84020704,76.27544,long_term_forecast_96_96TrafficL_w1251_ipfarm.csv_TimeXer_Traffic_ftMS_sl96_ll48_pl96_dm512_nh8_el3_dl1_df2048_expand2_dc4_fc3_ebtimeF_dtTrue_Exp_0,TimeXer,96,96,1251,ipfarm.csv,TrafficL
0,0.24998558,0.1684373,0.41041115,0.83743775,75.36224,long_term_forecast_96_96TrafficL_w751_ipentropy.csv_TimeXer_Traffic_ftMS_sl96_ll48_pl96_dm512_nh8_el3_dl1_df2048_expand2_dc4_fc3_ebtimeF_dtTrue_Exp_0,TimeXer,96,96,751,ipentropy.csv,TrafficL
0,0.24998558,0.1684373,0.41041115,0.83743775,75.36224,long_term_forecast_96_96TrafficL_w751_pentropy.csv_TimeXer_Traffic_ftMS_sl96_ll48_pl96_dm512_nh8_el3_dl1_df2048_expand2_dc4_fc3_ebtimeF_dtTrue_Exp_0,TimeXer,96,96,751,pentropy.csv,TrafficL
0,0.24998558,0.1684373,0.41041115,0.83743775,75.36224,long_term_forecast_96_96TrafficL_w1251_pmutual_info.csv_TimeXer_Traffic_ftMS_sl96_ll48_pl96_dm512_nh8_el3_dl1_df2048_expand2_dc4_fc3_ebtimeF_dtTrue_Exp_0,TimeXer,96,96,1251,pmutual_info.csv,TrafficL
0,0.24998558,0.1684373,0.41041115,0.83743775,75.36224,long_term_forecast_96_96TrafficL.csv_TimeXer_Traffic_ftMS_sl96_ll48_pl96_dm512_nh8_el3_dl1_df2048_expand2_dc4_fc3_ebtimeF_dtTrue_Exp_0,TimeXer,96,96,,identity,TrafficL
0,0.24998558,0.1684373,0.41041115,0.83743775,75.36224,long_term_forecast_96_96TrafficL_w751_pmutual_info.csv_TimeXer_Traffic_ftMS_sl96_ll48_pl96_dm512_nh8_el3_dl1_df2048_expand2_dc4_fc3_ebtimeF_dtTrue_Exp_0,TimeXer,96,96,751,pmutual_info.csv,TrafficL
0,0.24998558,0.1684373,0.41041115,0.83743775,75.36224,long_term_forecast_96_96TrafficL_w1501_pentropy.csv_TimeXer_Traffic_ftMS_sl96_ll48_pl96_dm512_nh8_el3_dl1_df2048_expand2_dc4_fc3_ebtimeF_dtTrue_Exp_0,TimeXer,96,96,1501,pentropy.csv,TrafficL
0,0.24998558,0.1684373,0.41041115,0.83743775,75.36224,long_term_forecast_96_96TrafficL_w751_ipmutual_info.csv_TimeXer_Traffic_ftMS_sl96_ll48_pl96_dm512_nh8_el3_dl1_df2048_expand2_dc4_fc3_ebtimeF_dtTrue_Exp_0,TimeXer,96,96,751,ipmutual_info.csv,TrafficL
0,0.24998558,0.1684373,0.41041115,0.83743775,75.36224,long_term_forecast_96_96TrafficL_w1501_ipmutual_info.csv_TimeXer_Traffic_ftMS_sl96_ll48_pl96_dm512_nh8_el3_dl1_df2048_expand2_dc4_fc3_ebtimeF_dtTrue_Exp_0,TimeXer,96,96,1501,ipmutual_info.csv,TrafficL
0,0.24998558,0.1684373,0.41041115,0.83743775,75.36224,long_term_forecast_96_96TrafficL_w1001_pmutual_info.csv_TimeXer_Traffic_ftMS_sl96_ll48_pl96_dm512_nh8_el3_dl1_df2048_expand2_dc4_fc3_ebtimeF_dtTrue_Exp_0,TimeXer,96,96,1001,pmutual_info.csv,TrafficL
0,0.24998558,0.1684373,0.41041115,0.83743775,75.36224,long_term_forecast_96_96TrafficL_w1001_pentropy.csv_TimeXer_Traffic_ftMS_sl96_ll48_pl96_dm512_nh8_el3_dl1_df2048_expand2_dc4_fc3_ebtimeF_dtTrue_Exp_0,TimeXer,96,96,1001,pentropy.csv,TrafficL
0,0.24998558,0.1684373,0.41041115,0.83743775,75.36224,long_term_forecast_96_96TrafficL_w501_ipentropy.csv_TimeXer_Traffic_ftMS_sl96_ll48_pl96_dm512_nh8_el3_dl1_df2048_expand2_dc4_fc3_ebtimeF_dtTrue_Exp_0,TimeXer,96,96,501,ipentropy.csv,TrafficL
0,0.24998558,0.1684373,0.41041115,0.83743775,75.36224,long_term_forecast_96_96TrafficL_w501_pentropy.csv_TimeXer_Traffic_ftMS_sl96_ll48_pl96_dm512_nh8_el3_dl1_df2048_expand2_dc4_fc3_ebtimeF_dtTrue_Exp_0,TimeXer,96,96,501,pentropy.csv,TrafficL
0,0.24998558,0.1684373,0.41041115,0.83743775,75.36224,long_term_forecast_96_96TrafficL_w501_ipmutual_info.csv_TimeXer_Traffic_ftMS_sl96_ll48_pl96_dm512_nh8_el3_dl1_df2048_expand2_dc4_fc3_ebtimeF_dtTrue_Exp_0,TimeXer,96,96,501,ipmutual_info.csv,TrafficL
0,0.24998558,0.1684373,0.41041115,0.83743775,75.36224,long_term_forecast_96_96TrafficL_w1001_ipmutual_info.csv_TimeXer_Traffic_ftMS_sl96_ll48_pl96_dm512_nh8_el3_dl1_df2048_expand2_dc4_fc3_ebtimeF_dtTrue_Exp_0,TimeXer,96,96,1001,ipmutual_info.csv,TrafficL
0,0.24998558,0.1684373,0.41041115,0.83743775,75.36224,long_term_forecast_96_96TrafficL_w1501_ipentropy.csv_TimeXer_Traffic_ftMS_sl96_ll48_pl96_dm512_nh8_el3_dl1_df2048_expand2_dc4_fc3_ebtimeF_dtTrue_Exp_0,TimeXer,96,96,1501,ipentropy.csv,TrafficL
0,0.24998558,0.1684373,0.41041115,0.83743775,75.36224,long_term_forecast_96_96TrafficL_w1251_ipmutual_info.csv_TimeXer_Traffic_ftMS_sl96_ll48_pl96_dm512_nh8_el3_dl1_df2048_expand2_dc4_fc3_ebtimeF_dtTrue_Exp_0,TimeXer,96,96,1251,ipmutual_info.csv,TrafficL
0,0.24998558,0.1684373,0.41041115,0.83743775,75.36224,long_term_forecast_96_96TrafficL_w501_pmutual_info.csv_TimeXer_Traffic_ftMS_sl96_ll48_pl96_dm512_nh8_el3_dl1_df2048_expand2_dc4_fc3_ebtimeF_dtTrue_Exp_0,TimeXer,96,96,501,pmutual_info.csv,TrafficL
0,0.24998558,0.1684373,0.41041115,0.83743775,75.36224,long_term_forecast_96_96TrafficL_w1251_pentropy.csv_TimeXer_Traffic_ftMS_sl96_ll48_pl96_dm512_nh8_el3_dl1_df2048_expand2_dc4_fc3_ebtimeF_dtTrue_Exp_0,TimeXer,96,96,1251,pentropy.csv,TrafficL
0,0.24998558,0.1684373,0.41041115,0.83743775,75.36224,long_term_forecast_96_96TrafficL_w1001_ipentropy.csv_TimeXer_Traffic_ftMS_sl96_ll48_pl96_dm512_nh8_el3_dl1_df2048_expand2_dc4_fc3_ebtimeF_dtTrue_Exp_0,TimeXer,96,96,1001,ipentropy.csv,TrafficL
0,0.24998558,0.1684373,0.41041115,0.83743775,75.36224,long_term_forecast_96_96TrafficL_w1501_pmutual_info.csv_TimeXer_Traffic_ftMS_sl96_ll48_pl96_dm512_nh8_el3_dl1_df2048_expand2_dc4_fc3_ebtimeF_dtTrue_Exp_0,TimeXer,96,96,1501,pmutual_info.csv,TrafficL
0,0.24998558,0.1684373,0.41041115,0.83743775,75.36224,long_term_forecast_96_96TrafficL_w1251_ipentropy.csv_TimeXer_Traffic_ftMS_sl96_ll48_pl96_dm512_nh8_el3_dl1_df2048_expand2_dc4_fc3_ebtimeF_dtTrue_Exp_0,TimeXer,96,96,1251,ipentropy.csv,TrafficL
0,0.24979027,0.16851264,0.4105029,0.83617395,74.899506,long_term_forecast_96_96TrafficL_w1251_pfarm.csv_TimeXer_Traffic_ftMS_sl96_ll48_pl96_dm512_nh8_el3_dl1_df2048_expand2_dc4_fc3_ebtimeF_dtTrue_Exp_0,TimeXer,96,96,1251,pfarm.csv,TrafficL
0,0.2502125,0.16851434,0.410505,0.8388069,75.688324,long_term_forecast_96_96TrafficL_w1001_ipfarm.csv_TimeXer_Traffic_ftMS_sl96_ll48_pl96_dm512_nh8_el3_dl1_df2048_expand2_dc4_fc3_ebtimeF_dtTrue_Exp_0,TimeXer,96,96,1001,ipfarm.csv,TrafficL
0,0.25025168,0.16856521,0.41056696,0.8382006,75.796425,long_term_forecast_96_96TrafficL_w751_pfarm.csv_TimeXer_Traffic_ftMS_sl96_ll48_pl96_dm512_nh8_el3_dl1_df2048_expand2_dc4_fc3_ebtimeF_dtTrue_Exp_0,TimeXer,96,96,751,pfarm.csv,TrafficL
0,0.32097244,0.16857982,0.41058472,0.9161188,32.64374,long_term_forecast_96_96ETTh2_w1501_ipsmoothrandomwalk.csv_Autoformer_ETTh2_ftMS_sl96_ll48_pl96_dm512_nh8_el2_dl1_df2048_expand2_dc4_fc3_ebtimeF_dtTrue_Exp_0,Autoformer,96,96,1501,ipsmoothrandomwalk.csv,ETTh2
0,0.25005975,0.16860828,0.41061938,0.8370072,75.23146,long_term_forecast_96_96TrafficL_w1501_pfarm.csv_TimeXer_Traffic_ftMS_sl96_ll48_pl96_dm512_nh8_el3_dl1_df2048_expand2_dc4_fc3_ebtimeF_dtTrue_Exp_0,TimeXer,96,96,1501,pfarm.csv,TrafficL
0,0.2524005,0.16861309,0.41062525,0.8257304,71.67672,long_term_forecast_96_96TrafficL_w1001_prollcorr.csv_TimeXer_Traffic_ftMS_sl96_ll48_pl96_dm512_nh8_el3_dl1_df2048_expand2_dc4_fc3_ebtimeF_dtTrue_Exp_0,TimeXer,96,96,1001,prollcorr.csv,TrafficL
0,0.25239184,0.16878505,0.41083458,0.8428985,74.80466,long_term_forecast_96_96TrafficL_w1501_iprollcorr.csv_TimeXer_Traffic_ftMS_sl96_ll48_pl96_dm512_nh8_el3_dl1_df2048_expand2_dc4_fc3_ebtimeF_dtTrue_Exp_0,TimeXer,96,96,1501,iprollcorr.csv,TrafficL
0,0.2501612,0.16883399,0.41089413,0.83718073,75.53299,long_term_forecast_96_96TrafficL_w501_pfarm.csv_TimeXer_Traffic_ftMS_sl96_ll48_pl96_dm512_nh8_el3_dl1_df2048_expand2_dc4_fc3_ebtimeF_dtTrue_Exp_0,TimeXer,96,96,501,pfarm.csv,TrafficL
0,0.2515499,0.16885976,0.4109255,0.8325442,71.02197,long_term_forecast_96_96TrafficL_w1501_prollcov.csv_TimeXer_Traffic_ftMS_sl96_ll48_pl96_dm512_nh8_el3_dl1_df2048_expand2_dc4_fc3_ebtimeF_dtTrue_Exp_0,TimeXer,96,96,1501,prollcov.csv,TrafficL
0,0.25058943,0.16888201,0.41095257,0.82250863,70.17542,long_term_forecast_96_96TrafficL_w1251_prollcov.csv_TimeXer_Traffic_ftMS_sl96_ll48_pl96_dm512_nh8_el3_dl1_df2048_expand2_dc4_fc3_ebtimeF_dtTrue_Exp_0,TimeXer,96,96,1251,prollcov.csv,TrafficL
0,0.3374534,0.16893144,0.4110127,0.2408461,0.079771735,long_term_forecast_96_96ETTh1_w1001_pmutual_info.csv_Crossformer_ETTh1_ftMS_sl96_ll48_pl96_dm512_nh8_el2_dl1_df2048_expand2_dc4_fc3_ebtimeF_dtTrue_Exp_0,Crossformer,96,96,1001,pmutual_info.csv,ETTh1
0,0.2532631,0.16908444,0.4111988,0.83500767,73.6415,long_term_forecast_96_96TrafficL_w1251_prollcorr.csv_TimeXer_Traffic_ftMS_sl96_ll48_pl96_dm512_nh8_el3_dl1_df2048_expand2_dc4_fc3_ebtimeF_dtTrue_Exp_0,TimeXer,96,96,1251,prollcorr.csv,TrafficL
0,0.2532198,0.16908765,0.4112027,0.8398749,71.0682,long_term_forecast_96_96TrafficL_w501_prollcov.csv_TimeXer_Traffic_ftMS_sl96_ll48_pl96_dm512_nh8_el3_dl1_df2048_expand2_dc4_fc3_ebtimeF_dtTrue_Exp_0,TimeXer,96,96,501,prollcov.csv,TrafficL
0,0.33143798,0.16938026,0.41155833,0.5843535,9.036932,long_term_forecast_96_96ETTm2_w751_pmutual_info.csv_Crossformer_ETTm2_ftMS_sl96_ll48_pl96_dm512_nh8_el2_dl1_df2048_expand2_dc4_fc1_ebtimeF_dtTrue_Exp_0,Crossformer,96,96,751,pmutual_info.csv,ETTm2
0,0.33851638,0.16939218,0.4115728,0.24188007,0.0806884,long_term_forecast_96_96ETTh1_w751_iprollcorr.csv_Crossformer_ETTh1_ftMS_sl96_ll48_pl96_dm512_nh8_el2_dl1_df2048_expand2_dc4_fc3_ebtimeF_dtTrue_Exp_0,Crossformer,96,96,751,iprollcorr.csv,ETTh1
0,0.33739814,0.16943079,0.41161972,0.24148384,0.080907114,long_term_forecast_96_96ETTh1_w1251_pmutual_info.csv_Crossformer_ETTh1_ftMS_sl96_ll48_pl96_dm512_nh8_el2_dl1_df2048_expand2_dc4_fc3_ebtimeF_dtTrue_Exp_0,Crossformer,96,96,1251,pmutual_info.csv,ETTh1
0,0.25411382,0.16977726,0.41204035,0.8435371,72.84775,long_term_forecast_96_96TrafficL_w751_psmoothrandomwalk.csv_TimeXer_Traffic_ftMS_sl96_ll48_pl96_dm512_nh8_el3_dl1_df2048_expand2_dc4_fc3_ebtimeF_dtTrue_Exp_0,TimeXer,96,96,751,psmoothrandomwalk.csv,TrafficL
0,0.3260684,0.16982095,0.41209337,0.80697465,21.988115,long_term_forecast_96_96ETTh2_w1501_pmutual_info.csv_Autoformer_ETTh2_ftMS_sl96_ll48_pl96_dm512_nh8_el2_dl1_df2048_expand2_dc4_fc3_ebtimeF_dtTrue_Exp_0,Autoformer,96,96,1501,pmutual_info.csv,ETTh2
0,0.25479367,0.16986376,0.41214532,0.84790653,72.738365,long_term_forecast_96_96TrafficL_w501_psmoothrandomwalk.csv_TimeXer_Traffic_ftMS_sl96_ll48_pl96_dm512_nh8_el3_dl1_df2048_expand2_dc4_fc3_ebtimeF_dtTrue_Exp_0,TimeXer,96,96,501,psmoothrandomwalk.csv,TrafficL
0,0.33782175,0.16992666,0.4122216,0.24253461,0.082205184,long_term_forecast_96_96ETTh1_w501_iprollcorr.csv_Crossformer_ETTh1_ftMS_sl96_ll48_pl96_dm512_nh8_el2_dl1_df2048_expand2_dc4_fc3_ebtimeF_dtTrue_Exp_0,Crossformer,96,96,501,iprollcorr.csv,ETTh1
0,0.2546566,0.16998678,0.41229454,0.84897685,73.87332,long_term_forecast_96_96TrafficL_w1501_psmoothrandomwalk.csv_TimeXer_Traffic_ftMS_sl96_ll48_pl96_dm512_nh8_el3_dl1_df2048_expand2_dc4_fc3_ebtimeF_dtTrue_Exp_0,TimeXer,96,96,1501,psmoothrandomwalk.csv,TrafficL
0,0.25662827,0.17047752,0.41288924,0.85942805,75.21264,long_term_forecast_96_96TrafficL_w1251_psmoothrandomwalk.csv_TimeXer_Traffic_ftMS_sl96_ll48_pl96_dm512_nh8_el3_dl1_df2048_expand2_dc4_fc3_ebtimeF_dtTrue_Exp_0,TimeXer,96,96,1251,psmoothrandomwalk.csv,TrafficL
0,0.25515503,0.17050089,0.41291752,0.8481461,72.4348,long_term_forecast_96_96TrafficL_w1001_ipsmoothrandomwalk.csv_TimeXer_Traffic_ftMS_sl96_ll48_pl96_dm512_nh8_el3_dl1_df2048_expand2_dc4_fc3_ebtimeF_dtTrue_Exp_0,TimeXer,96,96,1001,ipsmoothrandomwalk.csv,TrafficL
0,0.2542631,0.17054835,0.412975,0.85397935,77.8701,long_term_forecast_96_96TrafficL_w751_prollcorr.csv_TimeXer_Traffic_ftMS_sl96_ll48_pl96_dm512_nh8_el3_dl1_df2048_expand2_dc4_fc3_ebtimeF_dtTrue_Exp_0,TimeXer,96,96,751,prollcorr.csv,TrafficL
0,0.25164488,0.17055544,0.4129836,0.8407817,77.75349,long_term_forecast_96_96TrafficL_w751_prollcov.csv_TimeXer_Traffic_ftMS_sl96_ll48_pl96_dm512_nh8_el3_dl1_df2048_expand2_dc4_fc3_ebtimeF_dtTrue_Exp_0,TimeXer,96,96,751,prollcov.csv,TrafficL
0,0.25565207,0.17069584,0.41315353,0.8502359,73.82614,long_term_forecast_96_96TrafficL_w751_ipsmoothrandomwalk.csv_TimeXer_Traffic_ftMS_sl96_ll48_pl96_dm512_nh8_el3_dl1_df2048_expand2_dc4_fc3_ebtimeF_dtTrue_Exp_0,TimeXer,96,96,751,ipsmoothrandomwalk.csv,TrafficL
0,0.25598726,0.17080347,0.41328377,0.85506386,74.85923,long_term_forecast_96_96TrafficL_w1251_ipsmoothrandomwalk.csv_TimeXer_Traffic_ftMS_sl96_ll48_pl96_dm512_nh8_el3_dl1_df2048_expand2_dc4_fc3_ebtimeF_dtTrue_Exp_0,TimeXer,96,96,1251,ipsmoothrandomwalk.csv,TrafficL
0,0.25668254,0.17081018,0.41329187,0.8563851,72.37134,long_term_forecast_96_96TrafficL_w501_iprollcov.csv_TimeXer_Traffic_ftMS_sl96_ll48_pl96_dm512_nh8_el3_dl1_df2048_expand2_dc4_fc3_ebtimeF_dtTrue_Exp_0,TimeXer,96,96,501,iprollcov.csv,TrafficL
0,0.25568575,0.17118712,0.41374764,0.82957596,66.49125,long_term_forecast_96_96TrafficL_w501_prandomwalk.csv_TimeXer_Traffic_ftMS_sl96_ll48_pl96_dm512_nh8_el3_dl1_df2048_expand2_dc4_fc3_ebtimeF_dtTrue_Exp_0,TimeXer,96,96,501,prandomwalk.csv,TrafficL
0,0.25411484,0.17125095,0.4138248,0.83794165,75.20011,long_term_forecast_96_96TrafficL_w1501_prollcorr.csv_TimeXer_Traffic_ftMS_sl96_ll48_pl96_dm512_nh8_el3_dl1_df2048_expand2_dc4_fc3_ebtimeF_dtTrue_Exp_0,TimeXer,96,96,1501,prollcorr.csv,TrafficL
0,0.33055404,0.17137213,0.4139712,0.9442557,34.686836,long_term_forecast_96_96ETTh2_w751_prollcov.csv_Autoformer_ETTh2_ftMS_sl96_ll48_pl96_dm512_nh8_el2_dl1_df2048_expand2_dc4_fc3_ebtimeF_dtTrue_Exp_0,Autoformer,96,96,751,prollcov.csv,ETTh2
0,0.36067876,0.17142454,0.41403446,0.26812473,0.09042713,long_term_forecast_96_96ETTm1_w1501_ipmutual_info.csv_Crossformer_ETTm1_ftMS_sl96_ll48_pl96_dm512_nh8_el2_dl1_df2048_expand2_dc4_fc1_ebtimeF_dtTrue_Exp_0,Crossformer,96,96,1501,ipmutual_info.csv,ETTm1
0,0.3197614,0.17145313,0.414069,0.8427985,30.760597,long_term_forecast_96_96ETTh2_w501_pentropy.csv_Autoformer_ETTh2_ftMS_sl96_ll48_pl96_dm512_nh8_el2_dl1_df2048_expand2_dc4_fc3_ebtimeF_dtTrue_Exp_0,Autoformer,96,96,501,pentropy.csv,ETTh2
0,0.2566136,0.17145911,0.4140762,0.8538746,74.16781,long_term_forecast_96_96TrafficL_w1501_ipsmoothrandomwalk.csv_TimeXer_Traffic_ftMS_sl96_ll48_pl96_dm512_nh8_el3_dl1_df2048_expand2_dc4_fc3_ebtimeF_dtTrue_Exp_0,TimeXer,96,96,1501,ipsmoothrandomwalk.csv,TrafficL
0,0.32166505,0.17159274,0.41423753,0.85449606,31.451616,long_term_forecast_96_96ETTh2_w1501_ipfarm.csv_Autoformer_ETTh2_ftMS_sl96_ll48_pl96_dm512_nh8_el2_dl1_df2048_expand2_dc4_fc3_ebtimeF_dtTrue_Exp_0,Autoformer,96,96,1501,ipfarm.csv,ETTh2
0,0.2568005,0.17162137,0.4142721,0.85463136,73.23681,long_term_forecast_96_96TrafficL_w501_ipsmoothrandomwalk.csv_TimeXer_Traffic_ftMS_sl96_ll48_pl96_dm512_nh8_el3_dl1_df2048_expand2_dc4_fc3_ebtimeF_dtTrue_Exp_0,TimeXer,96,96,501,ipsmoothrandomwalk.csv,TrafficL
0,0.25778645,0.17242062,0.4152356,0.85879046,73.43017,long_term_forecast_96_96TrafficL_w501_iprandomwalk.csv_TimeXer_Traffic_ftMS_sl96_ll48_pl96_dm512_nh8_el3_dl1_df2048_expand2_dc4_fc3_ebtimeF_dtTrue_Exp_0,TimeXer,96,96,501,iprandomwalk.csv,TrafficL
0,0.25616914,0.17254865,0.41538975,0.85434294,72.74251,long_term_forecast_96_96TrafficL_w1001_iprollcov.csv_TimeXer_Traffic_ftMS_sl96_ll48_pl96_dm512_nh8_el3_dl1_df2048_expand2_dc4_fc3_ebtimeF_dtTrue_Exp_0,TimeXer,96,96,1001,iprollcov.csv,TrafficL
0,0.32311934,0.17269641,0.41556758,0.80190957,24.950615,long_term_forecast_96_96ETTh2_w1501_iprollcorr.csv_Autoformer_ETTh2_ftMS_sl96_ll48_pl96_dm512_nh8_el2_dl1_df2048_expand2_dc4_fc3_ebtimeF_dtTrue_Exp_0,Autoformer,96,96,1501,iprollcorr.csv,ETTh2
0,0.32830393,0.17285253,0.41575536,0.90258306,31.906414,long_term_forecast_96_96ETTh2_w501_iprandomwalk.csv_Autoformer_ETTh2_ftMS_sl96_ll48_pl96_dm512_nh8_el2_dl1_df2048_expand2_dc4_fc3_ebtimeF_dtTrue_Exp_0,Autoformer,96,96,501,iprandomwalk.csv,ETTh2
0,0.3216465,0.17291193,0.4158268,0.8035711,26.412056,long_term_forecast_96_96ETTh2_w1251_pentropy.csv_Autoformer_ETTh2_ftMS_sl96_ll48_pl96_dm512_nh8_el2_dl1_df2048_expand2_dc4_fc3_ebtimeF_dtTrue_Exp_0,Autoformer,96,96,1251,pentropy.csv,ETTh2
0,0.32526046,0.1729858,0.41591564,0.9419177,37.458763,long_term_forecast_96_96ETTh2_w1001_psmoothrandomwalk.csv_Autoformer_ETTh2_ftMS_sl96_ll48_pl96_dm512_nh8_el2_dl1_df2048_expand2_dc4_fc3_ebtimeF_dtTrue_Exp_0,Autoformer,96,96,1001,psmoothrandomwalk.csv,ETTh2
0,0.25902578,0.17311954,0.41607636,0.8702907,76.231606,long_term_forecast_96_96TrafficL_w1001_psmoothrandomwalk.csv_TimeXer_Traffic_ftMS_sl96_ll48_pl96_dm512_nh8_el3_dl1_df2048_expand2_dc4_fc3_ebtimeF_dtTrue_Exp_0,TimeXer,96,96,1001,psmoothrandomwalk.csv,TrafficL
0,0.32730278,0.1733396,0.41634074,0.9691756,39.860718,long_term_forecast_96_96ETTh2_w1501_psmoothrandomwalk.csv_Autoformer_ETTh2_ftMS_sl96_ll48_pl96_dm512_nh8_el2_dl1_df2048_expand2_dc4_fc3_ebtimeF_dtTrue_Exp_0,Autoformer,96,96,1501,psmoothrandomwalk.csv,ETTh2
0,0.32674155,0.1737081,0.41678303,0.9466689,38.36103,long_term_forecast_96_96ETTh2_w501_psmoothrandomwalk.csv_Autoformer_ETTh2_ftMS_sl96_ll48_pl96_dm512_nh8_el2_dl1_df2048_expand2_dc4_fc3_ebtimeF_dtTrue_Exp_0,Autoformer,96,96,501,psmoothrandomwalk.csv,ETTh2
0,0.2550667,0.17388749,0.41699818,0.84309936,72.40041,long_term_forecast_96_96TrafficL_w1501_iprollcov.csv_TimeXer_Traffic_ftMS_sl96_ll48_pl96_dm512_nh8_el3_dl1_df2048_expand2_dc4_fc3_ebtimeF_dtTrue_Exp_0,TimeXer,96,96,1501,iprollcov.csv,TrafficL
0,0.3240776,0.17393269,0.4170524,0.86395186,33.349533,long_term_forecast_96_96ETTh2_w1251_ipfarm.csv_Autoformer_ETTh2_ftMS_sl96_ll48_pl96_dm512_nh8_el2_dl1_df2048_expand2_dc4_fc3_ebtimeF_dtTrue_Exp_0,Autoformer,96,96,1251,ipfarm.csv,ETTh2
0,0.32432958,0.17401734,0.41715387,0.83503056,26.219267,long_term_forecast_96_96ETTm2_w1251_pentropy.csv_Autoformer_ETTm2_ftMS_sl96_ll48_pl96_dm512_nh8_el2_dl1_df2048_expand2_dc4_fc1_ebtimeF_dtTrue_Exp_0,Autoformer,96,96,1251,pentropy.csv,ETTm2
0,0.32230338,0.1744981,0.4177297,0.8453952,31.567863,long_term_forecast_96_96ETTh2_w1001_ipfarm.csv_Autoformer_ETTh2_ftMS_sl96_ll48_pl96_dm512_nh8_el2_dl1_df2048_expand2_dc4_fc3_ebtimeF_dtTrue_Exp_0,Autoformer,96,96,1001,ipfarm.csv,ETTh2
0,0.32192013,0.17455286,0.41779524,0.88363534,31.22781,long_term_forecast_96_96ETTh2_w1001_pentropy.csv_Autoformer_ETTh2_ftMS_sl96_ll48_pl96_dm512_nh8_el2_dl1_df2048_expand2_dc4_fc3_ebtimeF_dtTrue_Exp_0,Autoformer,96,96,1001,pentropy.csv,ETTh2
0,0.3270016,0.17482403,0.41811964,0.8356811,27.476166,long_term_forecast_96_96ETTh2_w751_ipmutual_info.csv_Autoformer_ETTh2_ftMS_sl96_ll48_pl96_dm512_nh8_el2_dl1_df2048_expand2_dc4_fc3_ebtimeF_dtTrue_Exp_0,Autoformer,96,96,751,ipmutual_info.csv,ETTh2
0,0.32544786,0.17501482,0.41834772,0.8823374,33.56325,long_term_forecast_96_96ETTh2_w501_ipentropy.csv_Autoformer_ETTh2_ftMS_sl96_ll48_pl96_dm512_nh8_el2_dl1_df2048_expand2_dc4_fc3_ebtimeF_dtTrue_Exp_0,Autoformer,96,96,501,ipentropy.csv,ETTh2
0,0.34480685,0.17552678,0.41895917,0.63760155,9.576153,long_term_forecast_96_96ETTm2_w1501_psmoothrandomwalk.csv_Crossformer_ETTm2_ftMS_sl96_ll48_pl96_dm512_nh8_el2_dl1_df2048_expand2_dc4_fc1_ebtimeF_dtTrue_Exp_0,Crossformer,96,96,1501,psmoothrandomwalk.csv,ETTm2
0,0.32677335,0.17677921,0.4204512,0.87130684,32.81173,long_term_forecast_96_96ETTh2_w751_ipfarm.csv_Autoformer_ETTh2_ftMS_sl96_ll48_pl96_dm512_nh8_el2_dl1_df2048_expand2_dc4_fc3_ebtimeF_dtTrue_Exp_0,Autoformer,96,96,751,ipfarm.csv,ETTh2
0,0.34564006,0.1769472,0.42065093,0.24722047,0.08432908,long_term_forecast_96_96ETTh1_w1251_iprollcorr.csv_Crossformer_ETTh1_ftMS_sl96_ll48_pl96_dm512_nh8_el2_dl1_df2048_expand2_dc4_fc3_ebtimeF_dtTrue_Exp_0,Crossformer,96,96,1251,iprollcorr.csv,ETTh1
0,0.33082202,0.17751017,0.42131957,0.9549538,38.199093,long_term_forecast_96_96ETTh2_w501_iprollcorr.csv_Autoformer_ETTh2_ftMS_sl96_ll48_pl96_dm512_nh8_el2_dl1_df2048_expand2_dc4_fc3_ebtimeF_dtTrue_Exp_0,Autoformer,96,96,501,iprollcorr.csv,ETTh2
0,0.32363683,0.17779332,0.42165545,0.85416937,27.527267,long_term_forecast_96_96ETTm2_w751_iprollcorr.csv_Autoformer_ETTm2_ftMS_sl96_ll48_pl96_dm512_nh8_el2_dl1_df2048_expand2_dc4_fc1_ebtimeF_dtTrue_Exp_0,Autoformer,96,96,751,iprollcorr.csv,ETTm2
0,0.33130687,0.17784826,0.4217206,0.9070755,32.998177,long_term_forecast_96_96ETTh2_w1251_ipsmoothrandomwalk.csv_Autoformer_ETTh2_ftMS_sl96_ll48_pl96_dm512_nh8_el2_dl1_df2048_expand2_dc4_fc3_ebtimeF_dtTrue_Exp_0,Autoformer,96,96,1251,ipsmoothrandomwalk.csv,ETTh2
0,0.33178875,0.17810656,0.42202672,1.0077069,41.58933,long_term_forecast_96_96ETTh2_w751_psmoothrandomwalk.csv_Autoformer_ETTh2_ftMS_sl96_ll48_pl96_dm512_nh8_el2_dl1_df2048_expand2_dc4_fc3_ebtimeF_dtTrue_Exp_0,Autoformer,96,96,751,psmoothrandomwalk.csv,ETTh2
0,0.33402115,0.17825644,0.42220426,0.6684046,16.289202,long_term_forecast_96_96ETTh2_w501_prandomwalk.csv_Crossformer_ETTh2_ftMS_sl96_ll48_pl96_dm512_nh8_el2_dl1_df2048_expand2_dc4_fc3_ebtimeF_dtTrue_Exp_0,Crossformer,96,96,501,prandomwalk.csv,ETTh2
0,0.3314206,0.17859012,0.42259926,1.0072049,40.895016,long_term_forecast_96_96ETTh2_w1251_psmoothrandomwalk.csv_Autoformer_ETTh2_ftMS_sl96_ll48_pl96_dm512_nh8_el2_dl1_df2048_expand2_dc4_fc3_ebtimeF_dtTrue_Exp_0,Autoformer,96,96,1251,psmoothrandomwalk.csv,ETTh2
0,0.3264048,0.1788341,0.4228878,0.82433563,23.420626,long_term_forecast_96_96ETTm2_w1251_pmutual_info.csv_Autoformer_ETTm2_ftMS_sl96_ll48_pl96_dm512_nh8_el2_dl1_df2048_expand2_dc4_fc1_ebtimeF_dtTrue_Exp_0,Autoformer,96,96,1251,pmutual_info.csv,ETTm2
0,0.2630516,0.17943631,0.42359924,0.9010327,81.90386,long_term_forecast_96_96TrafficL_w751_iprollcov.csv_TimeXer_Traffic_ftMS_sl96_ll48_pl96_dm512_nh8_el3_dl1_df2048_expand2_dc4_fc3_ebtimeF_dtTrue_Exp_0,TimeXer,96,96,751,iprollcov.csv,TrafficL
0,0.26226968,0.17999505,0.42425823,0.8991966,83.78497,long_term_forecast_96_96TrafficL_w1251_iprollcov.csv_TimeXer_Traffic_ftMS_sl96_ll48_pl96_dm512_nh8_el3_dl1_df2048_expand2_dc4_fc3_ebtimeF_dtTrue_Exp_0,TimeXer,96,96,1251,iprollcov.csv,TrafficL
0,0.33633402,0.18005405,0.42432776,0.6977211,16.897255,long_term_forecast_96_96ETTh2_w1251_psmoothrandomwalk.csv_Crossformer_ETTh2_ftMS_sl96_ll48_pl96_dm512_nh8_el2_dl1_df2048_expand2_dc4_fc3_ebtimeF_dtTrue_Exp_0,Crossformer,96,96,1251,psmoothrandomwalk.csv,ETTh2
0,0.33407605,0.18065748,0.42503822,0.856516,32.290535,long_term_forecast_96_96ETTh2_w501_ipmutual_info.csv_Autoformer_ETTh2_ftMS_sl96_ll48_pl96_dm512_nh8_el2_dl1_df2048_expand2_dc4_fc3_ebtimeF_dtTrue_Exp_0,Autoformer,96,96,501,ipmutual_info.csv,ETTh2
0,0.33596247,0.18118991,0.42566407,0.80827063,27.55697,long_term_forecast_192_96ETTh2_w501_prollcov.csv_TimeXer_ETTh2_ftMS_sl96_ll48_pl192_dm512_nh8_el1_dl1_df2048_expand2_dc4_fc3_ebtimeF_dtTrue_Exp_0,TimeXer,192,96,501,prollcov.csv,ETTh2
0,0.34105286,0.1813488,0.4258507,0.68102735,16.74033,long_term_forecast_96_96ETTh2_w751_psmoothrandomwalk.csv_Crossformer_ETTh2_ftMS_sl96_ll48_pl96_dm512_nh8_el2_dl1_df2048_expand2_dc4_fc3_ebtimeF_dtTrue_Exp_0,Crossformer,96,96,751,psmoothrandomwalk.csv,ETTh2
0,0.3520552,0.18221551,0.4268671,0.25134578,0.0861765,long_term_forecast_96_96ETTh1_w1501_pmutual_info.csv_Crossformer_ETTh1_ftMS_sl96_ll48_pl96_dm512_nh8_el2_dl1_df2048_expand2_dc4_fc3_ebtimeF_dtTrue_Exp_0,Crossformer,96,96,1501,pmutual_info.csv,ETTh1
0,0.33528766,0.18304768,0.4278407,0.7567358,22.465078,long_term_forecast_ETTh1_192_96ETTh2_w1501_prollcorr.csv_iTransformer_ETTh2_ftMS_sl96_ll48_pl192_dm512_nh8_el2_dl1_df2048_expand2_dc4_fc1_ebtimeF_dtTrue_Exp_0,iTransformer,192,96,1501,prollcorr.csv,ETTh2
0,0.35281673,0.1834251,0.42828158,0.25307962,0.08830453,long_term_forecast_96_96ETTh1_w751_iprollcov.csv_Crossformer_ETTh1_ftMS_sl96_ll48_pl96_dm512_nh8_el2_dl1_df2048_expand2_dc4_fc3_ebtimeF_dtTrue_Exp_0,Crossformer,96,96,751,iprollcov.csv,ETTh1
0,0.33637416,0.18353656,0.42841166,0.7599171,22.904846,long_term_forecast_ETTh1_192_96ETTh2_w1251_prollcorr.csv_iTransformer_ETTh2_ftMS_sl96_ll48_pl192_dm512_nh8_el2_dl1_df2048_expand2_dc4_fc1_ebtimeF_dtTrue_Exp_0,iTransformer,192,96,1251,prollcorr.csv,ETTh2
0,0.33683398,0.18361874,0.42850757,0.79895073,23.928799,long_term_forecast_720_96ETTm2_w1501_iprollcorr.csv_iTransformer_ETTm2_ftMS_sl96_ll48_pl720_dm512_nh8_el2_dl1_df2048_expand2_dc4_fc1_ebtimeF_dtTrue_Exp_0,iTransformer,720,96,1501,iprollcorr.csv,ETTm2
0,0.32758114,0.18362454,0.42851433,0.8923057,32.40066,long_term_forecast_96_96ETTm2_w1501_prollcorr.csv_Autoformer_ETTm2_ftMS_sl96_ll48_pl96_dm512_nh8_el2_dl1_df2048_expand2_dc4_fc1_ebtimeF_dtTrue_Exp_0,Autoformer,96,96,1501,prollcorr.csv,ETTm2
0,0.33649856,0.18364976,0.42854378,0.8889668,34.01147,long_term_forecast_96_96ETTh2_w501_ipfarm.csv_Autoformer_ETTh2_ftMS_sl96_ll48_pl96_dm512_nh8_el2_dl1_df2048_expand2_dc4_fc3_ebtimeF_dtTrue_Exp_0,Autoformer,96,96,501,ipfarm.csv,ETTh2
0,0.3381562,0.18421547,0.4292033,0.74554753,21.968676,long_term_forecast_ETTh1_192_96ETTh2_w1001_pmutual_info.csv_iTransformer_ETTh2_ftMS_sl96_ll48_pl192_dm512_nh8_el2_dl1_df2048_expand2_dc4_fc1_ebtimeF_dtTrue_Exp_0,iTransformer,192,96,1001,pmutual_info.csv,ETTh2
0,0.33072585,0.18453173,0.42957157,0.8237818,21.380424,long_term_forecast_96_96ETTm2_w501_iprollcov.csv_Crossformer_ETTm2_ftMS_sl96_ll48_pl96_dm512_nh8_el2_dl1_df2048_expand2_dc4_fc1_ebtimeF_dtTrue_Exp_0,Crossformer,96,96,501,iprollcov.csv,ETTm2
0,0.3373912,0.18461345,0.42966667,0.7641343,23.107378,long_term_forecast_ETTh1_192_96ETTh2_w1001_prollcov.csv_iTransformer_ETTh2_ftMS_sl96_ll48_pl192_dm512_nh8_el2_dl1_df2048_expand2_dc4_fc1_ebtimeF_dtTrue_Exp_0,iTransformer,192,96,1001,prollcov.csv,ETTh2
0,0.33886078,0.18484797,0.42993948,0.91828287,31.568226,long_term_forecast_96_96ETTh2_w1001_ipsmoothrandomwalk.csv_Autoformer_ETTh2_ftMS_sl96_ll48_pl96_dm512_nh8_el2_dl1_df2048_expand2_dc4_fc3_ebtimeF_dtTrue_Exp_0,Autoformer,96,96,1001,ipsmoothrandomwalk.csv,ETTh2
0,0.33834985,0.18530121,0.43046626,0.76646614,23.193323,long_term_forecast_ETTh1_192_96ETTh2_w751_prollcov.csv_iTransformer_ETTh2_ftMS_sl96_ll48_pl192_dm512_nh8_el2_dl1_df2048_expand2_dc4_fc1_ebtimeF_dtTrue_Exp_0,iTransformer,192,96,751,prollcov.csv,ETTh2
0,0.33713263,0.18578961,0.4310332,0.7551825,22.411175,long_term_forecast_ETTh1_192_96ETTh2_w501_prollcov.csv_iTransformer_ETTh2_ftMS_sl96_ll48_pl192_dm512_nh8_el2_dl1_df2048_expand2_dc4_fc1_ebtimeF_dtTrue_Exp_0,iTransformer,192,96,501,prollcov.csv,ETTh2
0,0.34014636,0.18612486,0.4314219,0.7661213,22.802446,long_term_forecast_ETTh1_192_96ETTh2_w1501_pmutual_info.csv_iTransformer_ETTh2_ftMS_sl96_ll48_pl192_dm512_nh8_el2_dl1_df2048_expand2_dc4_fc1_ebtimeF_dtTrue_Exp_0,iTransformer,192,96,1501,pmutual_info.csv,ETTh2
0,0.33929023,0.18646243,0.43181297,0.7634324,23.001806,long_term_forecast_ETTh1_192_96ETTh2_w1001_prollcorr.csv_iTransformer_ETTh2_ftMS_sl96_ll48_pl192_dm512_nh8_el2_dl1_df2048_expand2_dc4_fc1_ebtimeF_dtTrue_Exp_0,iTransformer,192,96,1001,prollcorr.csv,ETTh2
0,0.33994064,0.18646993,0.43182164,0.7745121,23.371525,long_term_forecast_ETTh1_192_96ETTh2_w501_ipmutual_info.csv_iTransformer_ETTh2_ftMS_sl96_ll48_pl192_dm512_nh8_el2_dl1_df2048_expand2_dc4_fc1_ebtimeF_dtTrue_Exp_0,iTransformer,192,96,501,ipmutual_info.csv,ETTh2
0,0.35439208,0.18659553,0.43196705,0.25383273,0.08964029,long_term_forecast_96_96ETTh1_w1001_iprollcorr.csv_Crossformer_ETTh1_ftMS_sl96_ll48_pl96_dm512_nh8_el2_dl1_df2048_expand2_dc4_fc3_ebtimeF_dtTrue_Exp_0,Crossformer,96,96,1001,iprollcorr.csv,ETTh1
0,0.33950984,0.18664193,0.43202075,0.7655783,22.837852,long_term_forecast_ETTh1_192_96ETTh2_w1251_prollcov.csv_iTransformer_ETTh2_ftMS_sl96_ll48_pl192_dm512_nh8_el2_dl1_df2048_expand2_dc4_fc1_ebtimeF_dtTrue_Exp_0,iTransformer,192,96,1251,prollcov.csv,ETTh2
0,0.33990204,0.18671884,0.43210974,0.7707385,22.941166,long_term_forecast_ETTh1_192_96ETTh2_w1501_prollcov.csv_iTransformer_ETTh2_ftMS_sl96_ll48_pl192_dm512_nh8_el2_dl1_df2048_expand2_dc4_fc1_ebtimeF_dtTrue_Exp_0,iTransformer,192,96,1501,prollcov.csv,ETTh2
0,0.3398088,0.18675652,0.43215334,0.7504817,21.846558,long_term_forecast_ETTh1_192_96ETTh2_w1251_pmutual_info.csv_iTransformer_ETTh2_ftMS_sl96_ll48_pl192_dm512_nh8_el2_dl1_df2048_expand2_dc4_fc1_ebtimeF_dtTrue_Exp_0,iTransformer,192,96,1251,pmutual_info.csv,ETTh2
0,0.33739692,0.18693407,0.43235874,0.9283268,34.305244,long_term_forecast_96_96ETTh2_w751_pentropy.csv_Autoformer_ETTh2_ftMS_sl96_ll48_pl96_dm512_nh8_el2_dl1_df2048_expand2_dc4_fc3_ebtimeF_dtTrue_Exp_0,Autoformer,96,96,751,pentropy.csv,ETTh2
0,0.34061778,0.18724482,0.43271795,0.76586634,23.107506,long_term_forecast_ETTh1_192_96ETTh2_w751_prollcorr.csv_iTransformer_ETTh2_ftMS_sl96_ll48_pl192_dm512_nh8_el2_dl1_df2048_expand2_dc4_fc1_ebtimeF_dtTrue_Exp_0,iTransformer,192,96,751,prollcorr.csv,ETTh2
0,0.33078104,0.18755563,0.43307692,0.954616,35.704636,long_term_forecast_96_96ETTm2_w751_pmutual_info.csv_Autoformer_ETTm2_ftMS_sl96_ll48_pl96_dm512_nh8_el2_dl1_df2048_expand2_dc4_fc1_ebtimeF_dtTrue_Exp_0,Autoformer,96,96,751,pmutual_info.csv,ETTm2
0,0.33527136,0.18760371,0.43313244,0.7601678,22.67726,long_term_forecast_720_96ETTm2_w1001_prollcorr.csv_PatchTST_ETTm2_ftMS_sl96_ll48_pl720_dm512_nh8_el3_dl1_df2048_expand2_dc4_fc3_ebtimeF_dtTrue_Exp_0,PatchTST,720,96,1001,prollcorr.csv,ETTm2
0,0.33598086,0.18789363,0.433467,0.7888757,22.551601,long_term_forecast_720_96ETTm2_w751_iprollcov.csv_Autoformer_ETTm2_ftMS_sl96_ll48_pl720_dm512_nh8_el2_dl1_df2048_expand2_dc4_fc1_ebtimeF_dtTrue_Exp_0,Autoformer,720,96,751,iprollcov.csv,ETTm2
0,0.34119007,0.18797532,0.4335612,0.7554905,22.288761,long_term_forecast_ETTh1_192_96ETTh2_w1251_ipfarm.csv_iTransformer_ETTh2_ftMS_sl96_ll48_pl192_dm512_nh8_el2_dl1_df2048_expand2_dc4_fc1_ebtimeF_dtTrue_Exp_0,iTransformer,192,96,1251,ipfarm.csv,ETTh2
0,0.3428436,0.18809061,0.43369415,0.78351897,23.324282,long_term_forecast_ETTh1_192_96ETTh2_w501_iprollcorr.csv_iTransformer_ETTh2_ftMS_sl96_ll48_pl192_dm512_nh8_el2_dl1_df2048_expand2_dc4_fc1_ebtimeF_dtTrue_Exp_0,iTransformer,192,96,501,iprollcorr.csv,ETTh2
0,0.3384278,0.18866245,0.4343529,0.7897681,24.526869,long_term_forecast_720_96ETTm2.csv_TimeXer_ETTm2_ftMS_sl96_ll48_pl720_dm512_nh8_el1_dl1_df2048_expand2_dc4_fc3_ebtimeF_dtTrue_Exp_0,TimeXer,720,96,,identity,ETTm2
0,0.33637848,0.1886845,0.4343783,0.77379686,23.807365,long_term_forecast_720_96ETTm2.csv_PatchTST_ETTm2_ftMS_sl96_ll48_pl720_dm512_nh8_el3_dl1_df2048_expand2_dc4_fc3_ebtimeF_dtTrue_Exp_0,PatchTST,720,96,,identity,ETTm2
0,0.3374651,0.18882698,0.43454227,0.9570863,32.879868,long_term_forecast_96_96ETTm2_w751_ipfarm.csv_Autoformer_ETTm2_ftMS_sl96_ll48_pl96_dm512_nh8_el2_dl1_df2048_expand2_dc4_fc1_ebtimeF_dtTrue_Exp_0,Autoformer,96,96,751,ipfarm.csv,ETTm2
0,0.34301627,0.18933229,0.4351233,0.76707476,22.805,long_term_forecast_ETTh1_192_96ETTh2_w751_pmutual_info.csv_iTransformer_ETTh2_ftMS_sl96_ll48_pl192_dm512_nh8_el2_dl1_df2048_expand2_dc4_fc1_ebtimeF_dtTrue_Exp_0,iTransformer,192,96,751,pmutual_info.csv,ETTh2
0,0.36447585,0.18952803,0.43534818,0.73022765,12.46269,long_term_forecast_96_96ETTm2_w1001_prollcov.csv_Crossformer_ETTm2_ftMS_sl96_ll48_pl96_dm512_nh8_el2_dl1_df2048_expand2_dc4_fc1_ebtimeF_dtTrue_Exp_0,Crossformer,96,96,1001,prollcov.csv,ETTm2
0,0.33977824,0.1899477,0.43582988,0.8004764,25.337078,long_term_forecast_720_96ETTm2_w1251_pentropy.csv_TimeXer_ETTm2_ftMS_sl96_ll48_pl720_dm512_nh8_el1_dl1_df2048_expand2_dc4_fc3_ebtimeF_dtTrue_Exp_0,TimeXer,720,96,1251,pentropy.csv,ETTm2
0,0.3422782,0.19016244,0.4360762,0.80798393,23.811842,long_term_forecast_ETTh1_192_96ETTh2_w501_prollcorr.csv_iTransformer_ETTh2_ftMS_sl96_ll48_pl192_dm512_nh8_el2_dl1_df2048_expand2_dc4_fc1_ebtimeF_dtTrue_Exp_0,iTransformer,192,96,501,prollcorr.csv,ETTh2
0,0.34334874,0.19026737,0.43619648,0.76876706,23.102566,long_term_forecast_ETTh1_192_96ETTh2_w1501_ipmutual_info.csv_iTransformer_ETTh2_ftMS_sl96_ll48_pl192_dm512_nh8_el2_dl1_df2048_expand2_dc4_fc1_ebtimeF_dtTrue_Exp_0,iTransformer,192,96,1501,ipmutual_info.csv,ETTh2
0,0.34254277,0.19030596,0.4362407,0.7571358,22.010044,long_term_forecast_ETTh1_192_96ETTh2_w1251_iprollcov.csv_iTransformer_ETTh2_ftMS_sl96_ll48_pl192_dm512_nh8_el2_dl1_df2048_expand2_dc4_fc1_ebtimeF_dtTrue_Exp_0,iTransformer,192,96,1251,iprollcov.csv,ETTh2
0,0.34318662,0.1903669,0.43631056,0.77295166,22.680103,long_term_forecast_ETTh1_192_96ETTh2_w1251_iprollcorr.csv_iTransformer_ETTh2_ftMS_sl96_ll48_pl192_dm512_nh8_el2_dl1_df2048_expand2_dc4_fc1_ebtimeF_dtTrue_Exp_0,iTransformer,192,96,1251,iprollcorr.csv,ETTh2
0,0.3283833,0.19050981,0.4364743,0.8856591,30.18441,long_term_forecast_96_96ETTm2_w1251_pfarm.csv_Autoformer_ETTm2_ftMS_sl96_ll48_pl96_dm512_nh8_el2_dl1_df2048_expand2_dc4_fc1_ebtimeF_dtTrue_Exp_0,Autoformer,96,96,1251,pfarm.csv,ETTm2
0,0.34270468,0.19097327,0.4370049,0.7631854,22.721354,long_term_forecast_ETTh1_192_96ETTh2_w1001_ipmutual_info.csv_iTransformer_ETTh2_ftMS_sl96_ll48_pl192_dm512_nh8_el2_dl1_df2048_expand2_dc4_fc1_ebtimeF_dtTrue_Exp_0,iTransformer,192,96,1001,ipmutual_info.csv,ETTh2
0,0.34325555,0.19132487,0.437407,0.752284,21.8281,long_term_forecast_ETTh1_192_96ETTh2_w751_pfarm.csv_iTransformer_ETTh2_ftMS_sl96_ll48_pl192_dm512_nh8_el2_dl1_df2048_expand2_dc4_fc1_ebtimeF_dtTrue_Exp_0,iTransformer,192,96,751,pfarm.csv,ETTh2
0,0.34376243,0.1913935,0.43748543,0.7665008,22.919554,long_term_forecast_ETTh1_192_96ETTh2_w1501_ipentropy.csv_iTransformer_ETTh2_ftMS_sl96_ll48_pl192_dm512_nh8_el2_dl1_df2048_expand2_dc4_fc1_ebtimeF_dtTrue_Exp_0,iTransformer,192,96,1501,ipentropy.csv,ETTh2
0,0.34498775,0.19146967,0.43757248,0.78549665,24.465818,long_term_forecast_ETTh1_192_96ETTh2_w501_pmutual_info.csv_iTransformer_ETTh2_ftMS_sl96_ll48_pl192_dm512_nh8_el2_dl1_df2048_expand2_dc4_fc1_ebtimeF_dtTrue_Exp_0,iTransformer,192,96,501,pmutual_info.csv,ETTh2
0,0.3441324,0.19155774,0.4376731,0.7598259,22.296371,long_term_forecast_ETTh1_192_96ETTh2_w1501_ipfarm.csv_iTransformer_ETTh2_ftMS_sl96_ll48_pl192_dm512_nh8_el2_dl1_df2048_expand2_dc4_fc1_ebtimeF_dtTrue_Exp_0,iTransformer,192,96,1501,ipfarm.csv,ETTh2
0,0.34442565,0.19159654,0.4377174,0.7786735,25.584316,long_term_forecast_192_96ETTh2.csv_TimeXer_ETTh2_ftMS_sl96_ll48_pl192_dm512_nh8_el1_dl1_df2048_expand2_dc4_fc3_ebtimeF_dtTrue_Exp_0,TimeXer,192,96,,identity,ETTh2
0,0.3445924,0.1919936,0.43817073,0.7678544,22.565596,long_term_forecast_ETTh1_192_96ETTh2_w1251_ipmutual_info.csv_iTransformer_ETTh2_ftMS_sl96_ll48_pl192_dm512_nh8_el2_dl1_df2048_expand2_dc4_fc1_ebtimeF_dtTrue_Exp_0,iTransformer,192,96,1251,ipmutual_info.csv,ETTh2
0,0.3447385,0.19214763,0.43834648,0.76566744,22.57399,long_term_forecast_ETTh1_192_96ETTh2_w501_ipfarm.csv_iTransformer_ETTh2_ftMS_sl96_ll48_pl192_dm512_nh8_el2_dl1_df2048_expand2_dc4_fc1_ebtimeF_dtTrue_Exp_0,iTransformer,192,96,501,ipfarm.csv,ETTh2
0,0.34642696,0.19216846,0.43837023,1.0570965,40.78244,long_term_forecast_96_96ETTh2_w501_ipsmoothrandomwalk.csv_Autoformer_ETTh2_ftMS_sl96_ll48_pl96_dm512_nh8_el2_dl1_df2048_expand2_dc4_fc3_ebtimeF_dtTrue_Exp_0,Autoformer,96,96,501,ipsmoothrandomwalk.csv,ETTh2
0,0.3626225,0.19232616,0.43855006,0.2598308,0.09206843,long_term_forecast_96_96ETTh1_w501_iprollcov.csv_Crossformer_ETTh1_ftMS_sl96_ll48_pl96_dm512_nh8_el2_dl1_df2048_expand2_dc4_fc3_ebtimeF_dtTrue_Exp_0,Crossformer,96,96,501,iprollcov.csv,ETTh1
0,0.34349158,0.19235188,0.43857938,0.7574431,22.340115,long_term_forecast_ETTh1_192_96ETTh2_w751_ipmutual_info.csv_iTransformer_ETTh2_ftMS_sl96_ll48_pl192_dm512_nh8_el2_dl1_df2048_expand2_dc4_fc1_ebtimeF_dtTrue_Exp_0,iTransformer,192,96,751,ipmutual_info.csv,ETTh2
0,0.34459263,0.19238262,0.43861443,0.763592,22.458218,long_term_forecast_ETTh1_192_96ETTh2_w1001_iprollcov.csv_iTransformer_ETTh2_ftMS_sl96_ll48_pl192_dm512_nh8_el2_dl1_df2048_expand2_dc4_fc1_ebtimeF_dtTrue_Exp_0,iTransformer,192,96,1001,iprollcov.csv,ETTh2
0,0.3435208,0.19241855,0.43865538,0.74344045,22.704733,long_term_forecast_192_96ETTh2_w1501_pmutual_info.csv_PatchTST_ETTh2_ftMS_sl96_ll48_pl192_dm512_nh8_el3_dl1_df2048_expand2_dc4_fc3_ebtimeF_dtTrue_Exp_0,PatchTST,192,96,1501,pmutual_info.csv,ETTh2
0,0.34553304,0.19249453,0.43874198,0.77373195,23.128948,long_term_forecast_ETTh1_192_96ETTh2_w1501_pfarm.csv_iTransformer_ETTh2_ftMS_sl96_ll48_pl192_dm512_nh8_el2_dl1_df2048_expand2_dc4_fc1_ebtimeF_dtTrue_Exp_0,iTransformer,192,96,1501,pfarm.csv,ETTh2
0,0.3453923,0.19249572,0.43874335,0.7722855,22.91348,long_term_forecast_ETTh1_192_96ETTh2_w1251_ipentropy.csv_iTransformer_ETTh2_ftMS_sl96_ll48_pl192_dm512_nh8_el2_dl1_df2048_expand2_dc4_fc1_ebtimeF_dtTrue_Exp_0,iTransformer,192,96,1251,ipentropy.csv,ETTh2
0,0.3450527,0.1925768,0.43883574,0.7662033,22.612154,long_term_forecast_ETTh1_192_96ETTh2_w751_ipentropy.csv_iTransformer_ETTh2_ftMS_sl96_ll48_pl192_dm512_nh8_el2_dl1_df2048_expand2_dc4_fc1_ebtimeF_dtTrue_Exp_0,iTransformer,192,96,751,ipentropy.csv,ETTh2
0,0.34435028,0.19262554,0.43889126,0.75617605,22.212906,long_term_forecast_ETTh1_192_96ETTh2_w501_ipentropy.csv_iTransformer_ETTh2_ftMS_sl96_ll48_pl192_dm512_nh8_el2_dl1_df2048_expand2_dc4_fc1_ebtimeF_dtTrue_Exp_0,iTransformer,192,96,501,ipentropy.csv,ETTh2
0,0.3460206,0.19290261,0.4392068,0.8313829,25.55383,long_term_forecast_720_96ETTm2.csv_iTransformer_ETTm2_ftMS_sl96_ll48_pl720_dm512_nh8_el2_dl1_df2048_expand2_dc4_fc1_ebtimeF_dtTrue_Exp_0,iTransformer,720,96,,identity,ETTm2
0,0.3453436,0.19290486,0.43920937,0.7630102,22.581549,long_term_forecast_ETTh1_192_96ETTh2_w1251_pentropy.csv_iTransformer_ETTh2_ftMS_sl96_ll48_pl192_dm512_nh8_el2_dl1_df2048_expand2_dc4_fc1_ebtimeF_dtTrue_Exp_0,iTransformer,192,96,1251,pentropy.csv,ETTh2
0,0.34516513,0.19319789,0.43954283,0.76577413,22.74276,long_term_forecast_ETTh1_192_96ETTh2_w751_pentropy.csv_iTransformer_ETTh2_ftMS_sl96_ll48_pl192_dm512_nh8_el2_dl1_df2048_expand2_dc4_fc1_ebtimeF_dtTrue_Exp_0,iTransformer,192,96,751,pentropy.csv,ETTh2
0,0.346548,0.19338766,0.43975863,0.7857255,23.621609,long_term_forecast_ETTh1_192_96ETTh2_w1001_ipfarm.csv_iTransformer_ETTh2_ftMS_sl96_ll48_pl192_dm512_nh8_el2_dl1_df2048_expand2_dc4_fc1_ebtimeF_dtTrue_Exp_0,iTransformer,192,96,1001,ipfarm.csv,ETTh2
0,0.3452708,0.19341256,0.43978694,0.76390123,22.682482,long_term_forecast_ETTh1_192_96ETTh2_w1001_pentropy.csv_iTransformer_ETTh2_ftMS_sl96_ll48_pl192_dm512_nh8_el2_dl1_df2048_expand2_dc4_fc1_ebtimeF_dtTrue_Exp_0,iTransformer,192,96,1001,pentropy.csv,ETTh2
0,0.345019,0.19345221,0.43983203,0.7613259,22.387302,long_term_forecast_ETTh1_192_96ETTh2_w751_iprollcov.csv_iTransformer_ETTh2_ftMS_sl96_ll48_pl192_dm512_nh8_el2_dl1_df2048_expand2_dc4_fc1_ebtimeF_dtTrue_Exp_0,iTransformer,192,96,751,iprollcov.csv,ETTh2
0,0.34516206,0.193517,0.43990567,0.76407975,22.42896,long_term_forecast_ETTh1_192_96ETTh2_w751_iprollcorr.csv_iTransformer_ETTh2_ftMS_sl96_ll48_pl192_dm512_nh8_el2_dl1_df2048_expand2_dc4_fc1_ebtimeF_dtTrue_Exp_0,iTransformer,192,96,751,iprollcorr.csv,ETTh2
0,0.34439614,0.19353242,0.4399232,0.75626355,22.104155,long_term_forecast_ETTh1_192_96ETTh2_w1501_iprollcov.csv_iTransformer_ETTh2_ftMS_sl96_ll48_pl192_dm512_nh8_el2_dl1_df2048_expand2_dc4_fc1_ebtimeF_dtTrue_Exp_0,iTransformer,192,96,1501,iprollcov.csv,ETTh2
0,0.3457779,0.19360496,0.44000563,0.76858443,22.635275,long_term_forecast_ETTh1_192_96ETTh2_w1001_ipentropy.csv_iTransformer_ETTh2_ftMS_sl96_ll48_pl192_dm512_nh8_el2_dl1_df2048_expand2_dc4_fc1_ebtimeF_dtTrue_Exp_0,iTransformer,192,96,1001,ipentropy.csv,ETTh2
0,0.3456805,0.19365227,0.4400594,0.7640987,22.581406,long_term_forecast_ETTh1_192_96ETTh2_w1501_pentropy.csv_iTransformer_ETTh2_ftMS_sl96_ll48_pl192_dm512_nh8_el2_dl1_df2048_expand2_dc4_fc1_ebtimeF_dtTrue_Exp_0,iTransformer,192,96,1501,pentropy.csv,ETTh2
0,0.34612343,0.19383776,0.4402701,0.7692726,22.702906,long_term_forecast_ETTh1_192_96ETTh2_w751_ipfarm.csv_iTransformer_ETTh2_ftMS_sl96_ll48_pl192_dm512_nh8_el2_dl1_df2048_expand2_dc4_fc1_ebtimeF_dtTrue_Exp_0,iTransformer,192,96,751,ipfarm.csv,ETTh2
0,0.34673893,0.19390245,0.44034356,0.75183064,22.373037,long_term_forecast_ETTh1_192_96ETTh2_w1001_pfarm.csv_iTransformer_ETTh2_ftMS_sl96_ll48_pl192_dm512_nh8_el2_dl1_df2048_expand2_dc4_fc1_ebtimeF_dtTrue_Exp_0,iTransformer,192,96,1001,pfarm.csv,ETTh2
0,0.34596,0.19396114,0.4404102,0.7643248,22.554398,long_term_forecast_ETTh1_192_96ETTh2.csv_iTransformer_ETTh2_ftMS_sl96_ll48_pl192_dm512_nh8_el2_dl1_df2048_expand2_dc4_fc1_ebtimeF_dtTrue_Exp_0,iTransformer,192,96,,identity,ETTh2
0,0.34583634,0.19415917,0.44063497,0.763384,22.432028,long_term_forecast_ETTh1_192_96ETTh2_w501_pentropy.csv_iTransformer_ETTh2_ftMS_sl96_ll48_pl192_dm512_nh8_el2_dl1_df2048_expand2_dc4_fc1_ebtimeF_dtTrue_Exp_0,iTransformer,192,96,501,pentropy.csv,ETTh2
0,0.3401422,0.19433704,0.44083676,0.76407,18.095568,long_term_forecast_96_96ETTm2_w1251_pmutual_info.csv_Crossformer_ETTm2_ftMS_sl96_ll48_pl96_dm512_nh8_el2_dl1_df2048_expand2_dc4_fc1_ebtimeF_dtTrue_Exp_0,Crossformer,96,96,1251,pmutual_info.csv,ETTm2
0,0.3453842,0.1944057,0.44091463,0.7624311,22.640545,long_term_forecast_ETTh1_192_96ETTh2_w501_pfarm.csv_iTransformer_ETTh2_ftMS_sl96_ll48_pl192_dm512_nh8_el2_dl1_df2048_expand2_dc4_fc1_ebtimeF_dtTrue_Exp_0,iTransformer,192,96,501,pfarm.csv,ETTh2
0,0.34582528,0.19446665,0.44098374,0.76660454,22.495827,long_term_forecast_ETTh1_192_96ETTh2_w1001_iprollcorr.csv_iTransformer_ETTh2_ftMS_sl96_ll48_pl192_dm512_nh8_el2_dl1_df2048_expand2_dc4_fc1_ebtimeF_dtTrue_Exp_0,iTransformer,192,96,1001,iprollcorr.csv,ETTh2
0,0.3455897,0.19456062,0.44109026,0.7514547,21.942883,long_term_forecast_ETTh1_192_96ETTh2_w1251_pfarm.csv_iTransformer_ETTh2_ftMS_sl96_ll48_pl192_dm512_nh8_el2_dl1_df2048_expand2_dc4_fc1_ebtimeF_dtTrue_Exp_0,iTransformer,192,96,1251,pfarm.csv,ETTh2
0,0.34720212,0.19549148,0.4421442,0.77195376,22.88256,long_term_forecast_ETTh1_192_96ETTh2_w501_iprollcov.csv_iTransformer_ETTh2_ftMS_sl96_ll48_pl192_dm512_nh8_el2_dl1_df2048_expand2_dc4_fc1_ebtimeF_dtTrue_Exp_0,iTransformer,192,96,501,iprollcov.csv,ETTh2
0,0.3495199,0.19599174,0.44270954,0.8452943,29.408085,long_term_forecast_192_96ETTh2.csv_PatchTST_ETTh2_ftMS_sl96_ll48_pl192_dm512_nh8_el3_dl1_df2048_expand2_dc4_fc3_ebtimeF_dtTrue_Exp_0,PatchTST,192,96,,identity,ETTh2
0,0.34688014,0.19625328,0.44300485,0.75427186,22.075754,long_term_forecast_ETTh1_192_96ETTh2_w1501_iprollcorr.csv_iTransformer_ETTh2_ftMS_sl96_ll48_pl192_dm512_nh8_el2_dl1_df2048_expand2_dc4_fc1_ebtimeF_dtTrue_Exp_0,iTransformer,192,96,1501,iprollcorr.csv,ETTh2
0,0.34541154,0.19672126,0.4435327,0.9619697,41.456734,long_term_forecast_96_96ETTh2.csv_Autoformer_ETTh2_ftMS_sl96_ll48_pl96_dm512_nh8_el2_dl1_df2048_expand2_dc4_fc3_ebtimeF_dtTrue_Exp_0,Autoformer,96,96,,identity,ETTh2
0,0.36912182,0.19800562,0.4449782,0.26396772,0.09383828,long_term_forecast_96_96ETTh1_w1501_iprollcov.csv_Crossformer_ETTh1_ftMS_sl96_ll48_pl96_dm512_nh8_el2_dl1_df2048_expand2_dc4_fc3_ebtimeF_dtTrue_Exp_0,Crossformer,96,96,1501,iprollcov.csv,ETTh1
0,0.35057148,0.19836831,0.44538558,0.9731926,34.93119,long_term_forecast_96_96ETTh2_w751_ipsmoothrandomwalk.csv_Autoformer_ETTh2_ftMS_sl96_ll48_pl96_dm512_nh8_el2_dl1_df2048_expand2_dc4_fc3_ebtimeF_dtTrue_Exp_0,Autoformer,96,96,751,ipsmoothrandomwalk.csv,ETTh2
0,0.37460583,0.19883364,0.44590765,0.68149346,10.238923,long_term_forecast_96_96ETTm2_w751_psmoothrandomwalk.csv_Crossformer_ETTm2_ftMS_sl96_ll48_pl96_dm512_nh8_el2_dl1_df2048_expand2_dc4_fc1_ebtimeF_dtTrue_Exp_0,Crossformer,96,96,751,psmoothrandomwalk.csv,ETTm2
0,0.344715,0.20072813,0.44802693,0.665273,11.601172,long_term_forecast_96_96ETTm2_w1251_prollcov.csv_Crossformer_ETTm2_ftMS_sl96_ll48_pl96_dm512_nh8_el2_dl1_df2048_expand2_dc4_fc1_ebtimeF_dtTrue_Exp_0,Crossformer,96,96,1251,prollcov.csv,ETTm2
0,0.37695247,0.20091854,0.4482394,0.76686954,12.856599,long_term_forecast_96_96ETTm2_w751_prollcorr.csv_Crossformer_ETTm2_ftMS_sl96_ll48_pl96_dm512_nh8_el2_dl1_df2048_expand2_dc4_fc1_ebtimeF_dtTrue_Exp_0,Crossformer,96,96,751,prollcorr.csv,ETTm2
0,0.35395244,0.20286193,0.45040196,0.76730186,15.174028,long_term_forecast_96_96ETTm2_w1501_ipfarm.csv_Crossformer_ETTm2_ftMS_sl96_ll48_pl96_dm512_nh8_el2_dl1_df2048_expand2_dc4_fc1_ebtimeF_dtTrue_Exp_0,Crossformer,96,96,1501,ipfarm.csv,ETTm2
0,0.37449023,0.20353316,0.45114648,0.26782444,0.0963629,long_term_forecast_96_96ETTh1_w1251_iprollcov.csv_Crossformer_ETTh1_ftMS_sl96_ll48_pl96_dm512_nh8_el2_dl1_df2048_expand2_dc4_fc3_ebtimeF_dtTrue_Exp_0,Crossformer,96,96,1251,iprollcov.csv,ETTh1
0,0.37413642,0.20442538,0.45213425,0.2683289,0.09755596,long_term_forecast_96_96ETTh1_w501_pmutual_info.csv_Crossformer_ETTh1_ftMS_sl96_ll48_pl96_dm512_nh8_el2_dl1_df2048_expand2_dc4_fc3_ebtimeF_dtTrue_Exp_0,Crossformer,96,96,501,pmutual_info.csv,ETTh1
0,0.37605566,0.20552114,0.4533444,0.26909864,0.09761965,long_term_forecast_96_96ETTh1_w1001_iprollcov.csv_Crossformer_ETTh1_ftMS_sl96_ll48_pl96_dm512_nh8_el2_dl1_df2048_expand2_dc4_fc3_ebtimeF_dtTrue_Exp_0,Crossformer,96,96,1001,iprollcov.csv,ETTh1
0,0.38206726,0.2062661,0.45416528,0.76700467,12.786282,long_term_forecast_96_96ETTm2_w501_prollcorr.csv_Crossformer_ETTm2_ftMS_sl96_ll48_pl96_dm512_nh8_el2_dl1_df2048_expand2_dc4_fc1_ebtimeF_dtTrue_Exp_0,Crossformer,96,96,501,prollcorr.csv,ETTm2
0,0.3781713,0.20765051,0.45568687,0.27094898,0.09915812,long_term_forecast_96_96ETTh1_w501_prollcov.csv_Crossformer_ETTh1_ftMS_sl96_ll48_pl96_dm512_nh8_el2_dl1_df2048_expand2_dc4_fc3_ebtimeF_dtTrue_Exp_0,Crossformer,96,96,501,prollcov.csv,ETTh1
0,0.37832668,0.20814577,0.45622995,0.27044645,0.09853363,long_term_forecast_96_96ETTh1_w1501_iprollcorr.csv_Crossformer_ETTh1_ftMS_sl96_ll48_pl96_dm512_nh8_el2_dl1_df2048_expand2_dc4_fc3_ebtimeF_dtTrue_Exp_0,Crossformer,96,96,1501,iprollcorr.csv,ETTh1
0,0.3548217,0.20816438,0.45625034,0.8653623,28.994642,long_term_forecast_720_96ETTm2.csv_Autoformer_ETTm2_ftMS_sl96_ll48_pl720_dm512_nh8_el2_dl1_df2048_expand2_dc4_fc1_ebtimeF_dtTrue_Exp_0,Autoformer,720,96,,identity,ETTm2
0,0.38893914,0.20931502,0.45750958,0.6877345,9.761132,long_term_forecast_96_96ETTm2_w501_pmutual_info.csv_Crossformer_ETTm2_ftMS_sl96_ll48_pl96_dm512_nh8_el2_dl1_df2048_expand2_dc4_fc1_ebtimeF_dtTrue_Exp_0,Crossformer,96,96,501,pmutual_info.csv,ETTm2
0,0.39280763,0.21066341,0.45898083,0.28685686,0.105283104,long_term_forecast_192_96ETTm1_w1501_prollcov.csv_Crossformer_ETTm1_ftMS_sl96_ll48_pl192_dm512_nh8_el2_dl1_df2048_expand2_dc4_fc1_ebtimeF_dtTrue_Exp_0,Crossformer,192,96,1501,prollcov.csv,ETTm1
0,0.37044087,0.21486475,0.46353504,0.76699877,20.778168,long_term_forecast_336_96ETTh2.csv_iTransformer_ETTh2_ftMS_sl96_ll48_pl336_dm512_nh8_el2_dl1_df2048_expand2_dc4_fc1_ebtimeF_dtTrue_Exp_0,iTransformer,336,96,,identity,ETTh2
0,0.36795458,0.21532269,0.46402875,0.7793532,21.613043,long_term_forecast_336_96ETTh2_w1501_prollcorr.csv_iTransformer_ETTh2_ftMS_sl96_ll48_pl336_dm512_nh8_el2_dl1_df2048_expand2_dc4_fc1_ebtimeF_dtTrue_Exp_0,iTransformer,336,96,1501,prollcorr.csv,ETTh2
0,0.36840776,0.21599798,0.46475583,0.9053137,27.578619,long_term_forecast_192_96ETTh2_w1251_iprollcov.csv_Autoformer_ETTh2_ftMS_sl96_ll48_pl192_dm512_nh8_el2_dl1_df2048_expand2_dc4_fc3_ebtimeF_dtTrue_Exp_0,Autoformer,192,96,1251,iprollcov.csv,ETTh2
0,0.3755972,0.21926728,0.46825984,0.7196875,25.946167,long_term_forecast_720_96ETTh2_w501_prollcov.csv_TimeXer_ETTh2_ftMS_sl96_ll48_pl720_dm512_nh8_el2_dl1_df2048_expand2_dc4_fc3_ebtimeF_dtTrue_Exp_0,TimeXer,720,96,501,prollcov.csv,ETTh2
0,0.37501943,0.21949844,0.4685066,1.1110159,49.838665,long_term_forecast_96_96ETTh2_w501_prollcov.csv_Autoformer_ETTh2_ftMS_sl96_ll48_pl96_dm512_nh8_el2_dl1_df2048_expand2_dc4_fc3_ebtimeF_dtTrue_Exp_0,Autoformer,96,96,501,prollcov.csv,ETTh2
0,0.3923861,0.22055684,0.4696348,0.28056285,0.1044972,long_term_forecast_96_96ETTh1_w501_prollcorr.csv_Crossformer_ETTh1_ftMS_sl96_ll48_pl96_dm512_nh8_el2_dl1_df2048_expand2_dc4_fc3_ebtimeF_dtTrue_Exp_0,Crossformer,96,96,501,prollcorr.csv,ETTh1
0,0.36814815,0.22094366,0.47004643,0.8986323,28.640665,long_term_forecast_192_96ETTh2.csv_Autoformer_ETTh2_ftMS_sl96_ll48_pl192_dm512_nh8_el2_dl1_df2048_expand2_dc4_fc3_ebtimeF_dtTrue_Exp_0,Autoformer,192,96,,identity,ETTh2
0,0.36806893,0.22227834,0.47146404,0.82872736,23.093834,long_term_forecast_96_96ETTh2_w501_prollcov.csv_Crossformer_ETTh2_ftMS_sl96_ll48_pl96_dm512_nh8_el2_dl1_df2048_expand2_dc4_fc3_ebtimeF_dtTrue_Exp_0,Crossformer,96,96,501,prollcov.csv,ETTh2
0,0.3951471,0.22229204,0.47147855,0.82073414,15.836727,long_term_forecast_96_96ETTm2.csv_Crossformer_ETTm2_ftMS_sl96_ll48_pl96_dm512_nh8_el2_dl1_df2048_expand2_dc4_fc1_ebtimeF_dtTrue_Exp_0,Crossformer,96,96,,identity,ETTm2
0,0.39931008,0.22315395,0.47239172,0.7651718,12.170046,long_term_forecast_96_96ETTm2_w1001_prollcorr.csv_Crossformer_ETTm2_ftMS_sl96_ll48_pl96_dm512_nh8_el2_dl1_df2048_expand2_dc4_fc1_ebtimeF_dtTrue_Exp_0,Crossformer,96,96,1001,prollcorr.csv,ETTm2
0,0.39555123,0.2248637,0.47419795,0.7739543,14.336747,long_term_forecast_96_96ETTm2_w1251_pentropy.csv_Crossformer_ETTm2_ftMS_sl96_ll48_pl96_dm512_nh8_el2_dl1_df2048_expand2_dc4_fc1_ebtimeF_dtTrue_Exp_0,Crossformer,96,96,1251,pentropy.csv,ETTm2
0,0.40851402,0.22504595,0.4743901,0.758582,11.369019,long_term_forecast_96_96ETTm2_w1501_prollcorr.csv_Crossformer_ETTm2_ftMS_sl96_ll48_pl96_dm512_nh8_el2_dl1_df2048_expand2_dc4_fc1_ebtimeF_dtTrue_Exp_0,Crossformer,96,96,1501,prollcorr.csv,ETTm2
0,0.4035703,0.22600828,0.47540328,0.8006925,13.960765,long_term_forecast_96_96ETTm2_w751_iprollcov.csv_Crossformer_ETTm2_ftMS_sl96_ll48_pl96_dm512_nh8_el2_dl1_df2048_expand2_dc4_fc1_ebtimeF_dtTrue_Exp_0,Crossformer,96,96,751,iprollcov.csv,ETTm2
0,0.39303133,0.22646716,0.47588566,0.6684825,9.078172,long_term_forecast_96_96ETTm2_w1501_pmutual_info.csv_Crossformer_ETTm2_ftMS_sl96_ll48_pl96_dm512_nh8_el2_dl1_df2048_expand2_dc4_fc1_ebtimeF_dtTrue_Exp_0,Crossformer,96,96,1501,pmutual_info.csv,ETTm2
0,0.4028539,0.22744349,0.47691035,0.86865115,18.597101,long_term_forecast_96_96ETTm2_w1001_pentropy.csv_Crossformer_ETTm2_ftMS_sl96_ll48_pl96_dm512_nh8_el2_dl1_df2048_expand2_dc4_fc1_ebtimeF_dtTrue_Exp_0,Crossformer,96,96,1001,pentropy.csv,ETTm2
0,0.37991688,0.22758038,0.47705385,0.7718048,23.625568,long_term_forecast_336_96ETTh2_w1501_pmutual_info.csv_PatchTST_ETTh2_ftMS_sl96_ll48_pl336_dm512_nh8_el3_dl1_df2048_expand2_dc4_fc3_ebtimeF_dtTrue_Exp_0,PatchTST,336,96,1501,pmutual_info.csv,ETTh2
0,0.40011153,0.228666,0.47819033,0.28588966,0.1080853,long_term_forecast_96_96ETTh1_w1001_prollcorr.csv_Crossformer_ETTh1_ftMS_sl96_ll48_pl96_dm512_nh8_el2_dl1_df2048_expand2_dc4_fc3_ebtimeF_dtTrue_Exp_0,Crossformer,96,96,1001,prollcorr.csv,ETTh1
0,0.38445047,0.22990258,0.47948158,0.72530746,25.62558,long_term_forecast_720_96ETTh2.csv_TimeXer_ETTh2_ftMS_sl96_ll48_pl720_dm512_nh8_el2_dl1_df2048_expand2_dc4_fc3_ebtimeF_dtTrue_Exp_0,TimeXer,720,96,,identity,ETTh2
0,0.4135301,0.23065662,0.48026726,0.91188514,18.944647,long_term_forecast_96_96ETTm2_w501_prollcov.csv_Crossformer_ETTm2_ftMS_sl96_ll48_pl96_dm512_nh8_el2_dl1_df2048_expand2_dc4_fc1_ebtimeF_dtTrue_Exp_0,Crossformer,96,96,501,prollcov.csv,ETTm2
0,0.3838833,0.23186226,0.48152077,0.6692788,8.689447,long_term_forecast_96_96ETTm2_w1501_prollcov.csv_Crossformer_ETTm2_ftMS_sl96_ll48_pl96_dm512_nh8_el2_dl1_df2048_expand2_dc4_fc1_ebtimeF_dtTrue_Exp_0,Crossformer,96,96,1501,prollcov.csv,ETTm2
0,0.38281238,0.2323618,0.4820392,0.72687036,21.120527,long_term_forecast_336_96ETTh2.csv_PatchTST_ETTh2_ftMS_sl96_ll48_pl336_dm512_nh8_el3_dl1_df2048_expand2_dc4_fc3_ebtimeF_dtTrue_Exp_0,PatchTST,336,96,,identity,ETTh2
0,0.412789,0.23343153,0.48314753,0.7624463,12.099154,long_term_forecast_96_96ETTm2_w1001_ipmutual_info.csv_Crossformer_ETTm2_ftMS_sl96_ll48_pl96_dm512_nh8_el2_dl1_df2048_expand2_dc4_fc1_ebtimeF_dtTrue_Exp_0,Crossformer,96,96,1001,ipmutual_info.csv,ETTm2
0,0.37679133,0.23364533,0.48336872,0.7910341,22.371647,long_term_forecast_336_96ETTh2_w501_prollcov.csv_TimeXer_ETTh2_ftMS_sl96_ll48_pl336_dm512_nh8_el2_dl1_df2048_expand2_dc4_fc3_ebtimeF_dtTrue_Exp_0,TimeXer,336,96,501,prollcov.csv,ETTh2
0,0.4112893,0.23425683,0.48400086,0.74154097,10.931627,long_term_forecast_96_96ETTm2_w1251_prollcorr.csv_Crossformer_ETTm2_ftMS_sl96_ll48_pl96_dm512_nh8_el2_dl1_df2048_expand2_dc4_fc1_ebtimeF_dtTrue_Exp_0,Crossformer,96,96,1251,prollcorr.csv,ETTm2
0,0.33600935,0.23485291,0.48461625,0.9431629,72.980064,long_term_forecast_96_96TrafficL_w751_pfarm.csv_Autoformer_Traffic_ftMS_sl96_ll48_pl96_dm512_nh8_el2_dl1_df2048_expand2_dc4_fc3_ebtimeF_dtTrue_Exp_0,Autoformer,96,96,751,pfarm.csv,TrafficL
0,0.3911141,0.23631783,0.48612532,0.7012218,15.052071,long_term_forecast_96_96ETTh2_w1001_psmoothrandomwalk.csv_Crossformer_ETTh2_ftMS_sl96_ll48_pl96_dm512_nh8_el2_dl1_df2048_expand2_dc4_fc3_ebtimeF_dtTrue_Exp_0,Crossformer,96,96,1001,psmoothrandomwalk.csv,ETTh2
0,0.40981844,0.23702669,0.48685387,0.29366738,0.112490684,long_term_forecast_96_96ETTh1_w751_pmutual_info.csv_Crossformer_ETTh1_ftMS_sl96_ll48_pl96_dm512_nh8_el2_dl1_df2048_expand2_dc4_fc3_ebtimeF_dtTrue_Exp_0,Crossformer,96,96,751,pmutual_info.csv,ETTh1
0,0.41607317,0.23756057,0.48740184,0.8641347,16.833162,long_term_forecast_96_96ETTm2_w751_ipentropy.csv_Crossformer_ETTm2_ftMS_sl96_ll48_pl96_dm512_nh8_el2_dl1_df2048_expand2_dc4_fc1_ebtimeF_dtTrue_Exp_0,Crossformer,96,96,751,ipentropy.csv,ETTm2
0,0.4151874,0.23895082,0.48882595,0.8600361,17.037579,long_term_forecast_96_96ETTm2_w501_ipentropy.csv_Crossformer_ETTm2_ftMS_sl96_ll48_pl96_dm512_nh8_el2_dl1_df2048_expand2_dc4_fc1_ebtimeF_dtTrue_Exp_0,Crossformer,96,96,501,ipentropy.csv,ETTm2
0,0.3919724,0.23948945,0.4893766,0.7807403,14.154871,long_term_forecast_96_96ETTm2_w1251_iprollcorr.csv_Crossformer_ETTm2_ftMS_sl96_ll48_pl96_dm512_nh8_el2_dl1_df2048_expand2_dc4_fc1_ebtimeF_dtTrue_Exp_0,Crossformer,96,96,1251,iprollcorr.csv,ETTm2
0,0.39983687,0.24082641,0.4907407,0.8381888,15.96424,long_term_forecast_96_96ETTm2_w1501_pentropy.csv_Crossformer_ETTm2_ftMS_sl96_ll48_pl96_dm512_nh8_el2_dl1_df2048_expand2_dc4_fc1_ebtimeF_dtTrue_Exp_0,Crossformer,96,96,1501,pentropy.csv,ETTm2
0,0.38542643,0.24102923,0.49094728,0.80011404,23.322226,long_term_forecast_336_96ETTh2.csv_TimeXer_ETTh2_ftMS_sl96_ll48_pl336_dm512_nh8_el2_dl1_df2048_expand2_dc4_fc3_ebtimeF_dtTrue_Exp_0,TimeXer,336,96,,identity,ETTh2
0,0.39906347,0.24202357,0.49195892,0.69934624,14.282565,long_term_forecast_96_96ETTh2_w501_psmoothrandomwalk.csv_Crossformer_ETTh2_ftMS_sl96_ll48_pl96_dm512_nh8_el2_dl1_df2048_expand2_dc4_fc3_ebtimeF_dtTrue_Exp_0,Crossformer,96,96,501,psmoothrandomwalk.csv,ETTh2
0,0.42264038,0.24280035,0.49274775,0.30372497,0.115733474,long_term_forecast_96_96ETTh1_w1501_ipfarm.csv_Crossformer_ETTh1_ftMS_sl96_ll48_pl96_dm512_nh8_el2_dl1_df2048_expand2_dc4_fc3_ebtimeF_dtTrue_Exp_0,Crossformer,96,96,1501,ipfarm.csv,ETTh1
0,0.4183782,0.24394917,0.4939121,0.28505018,0.103740424,long_term_forecast_720_96ETTh1_w1001_pmutual_info.csv_Crossformer_ETTh1_ftMS_sl96_ll48_pl720_dm512_nh8_el2_dl1_df2048_expand2_dc4_fc3_ebtimeF_dtTrue_Exp_0,Crossformer,720,96,1001,pmutual_info.csv,ETTh1
0,0.42024845,0.24448948,0.49445876,0.7945951,13.585877,long_term_forecast_96_96ETTm2_w1501_ipmutual_info.csv_Crossformer_ETTm2_ftMS_sl96_ll48_pl96_dm512_nh8_el2_dl1_df2048_expand2_dc4_fc1_ebtimeF_dtTrue_Exp_0,Crossformer,96,96,1501,ipmutual_info.csv,ETTm2
0,0.4231514,0.24469653,0.4946681,0.8489658,15.909874,long_term_forecast_96_96ETTm2_w1001_ipentropy.csv_Crossformer_ETTm2_ftMS_sl96_ll48_pl96_dm512_nh8_el2_dl1_df2048_expand2_dc4_fc1_ebtimeF_dtTrue_Exp_0,Crossformer,96,96,1001,ipentropy.csv,ETTm2
0,0.39439726,0.24495943,0.49493375,0.7086286,20.447144,long_term_forecast_720_96ETTh2_w1501_pmutual_info.csv_PatchTST_ETTh2_ftMS_sl96_ll48_pl720_dm512_nh8_el3_dl1_df2048_expand2_dc4_fc3_ebtimeF_dtTrue_Exp_0,PatchTST,720,96,1501,pmutual_info.csv,ETTh2
0,0.34835812,0.24559693,0.49557737,0.9305112,56.21069,long_term_forecast_96_96TrafficL_w501_pfarm.csv_Autoformer_Traffic_ftMS_sl96_ll48_pl96_dm512_nh8_el2_dl1_df2048_expand2_dc4_fc3_ebtimeF_dtTrue_Exp_0,Autoformer,96,96,501,pfarm.csv,TrafficL
0,0.42182708,0.24696948,0.49696022,0.857039,17.23526,long_term_forecast_96_96ETTm2_w751_pentropy.csv_Crossformer_ETTm2_ftMS_sl96_ll48_pl96_dm512_nh8_el2_dl1_df2048_expand2_dc4_fc1_ebtimeF_dtTrue_Exp_0,Crossformer,96,96,751,pentropy.csv,ETTm2
0,0.34938556,0.2472862,0.4972788,0.87616587,41.313454,long_term_forecast_96_96TrafficL_w501_iprandomwalk.csv_Autoformer_Traffic_ftMS_sl96_ll48_pl96_dm512_nh8_el2_dl1_df2048_expand2_dc4_fc3_ebtimeF_dtTrue_Exp_0,Autoformer,96,96,501,iprandomwalk.csv,TrafficL
0,0.42524254,0.24876659,0.49876505,0.9178529,19.82905,long_term_forecast_96_96ETTm2_w751_ipfarm.csv_Crossformer_ETTm2_ftMS_sl96_ll48_pl96_dm512_nh8_el2_dl1_df2048_expand2_dc4_fc1_ebtimeF_dtTrue_Exp_0,Crossformer,96,96,751,ipfarm.csv,ETTm2
0,0.4062588,0.2508683,0.50086755,0.7241989,14.479614,long_term_forecast_96_96ETTh2_w1501_psmoothrandomwalk.csv_Crossformer_ETTh2_ftMS_sl96_ll48_pl96_dm512_nh8_el2_dl1_df2048_expand2_dc4_fc3_ebtimeF_dtTrue_Exp_0,Crossformer,96,96,1501,psmoothrandomwalk.csv,ETTh2
0,0.35181996,0.25108802,0.50108683,0.9977018,85.90259,long_term_forecast_96_96TrafficL_w1001_pfarm.csv_Autoformer_Traffic_ftMS_sl96_ll48_pl96_dm512_nh8_el2_dl1_df2048_expand2_dc4_fc3_ebtimeF_dtTrue_Exp_0,Autoformer,96,96,1001,pfarm.csv,TrafficL
0,0.43217593,0.25173724,0.50173426,0.29745683,0.106099814,long_term_forecast_336_96ETTh1_w1001_pmutual_info.csv_Crossformer_ETTh1_ftMS_sl96_ll48_pl336_dm512_nh8_el2_dl1_df2048_expand2_dc4_fc3_ebtimeF_dtTrue_Exp_0,Crossformer,336,96,1001,pmutual_info.csv,ETTh1
0,0.3555377,0.25181118,0.5018079,1.0669078,104.36406,long_term_forecast_96_96TrafficL_w501_pmutual_info.csv_Autoformer_Traffic_ftMS_sl96_ll48_pl96_dm512_nh8_el2_dl1_df2048_expand2_dc4_fc3_ebtimeF_dtTrue_Exp_0,Autoformer,96,96,501,pmutual_info.csv,TrafficL
0,0.3555377,0.25181118,0.5018079,1.0669078,104.36406,long_term_forecast_96_96TrafficL_w501_ipmutual_info.csv_Autoformer_Traffic_ftMS_sl96_ll48_pl96_dm512_nh8_el2_dl1_df2048_expand2_dc4_fc3_ebtimeF_dtTrue_Exp_0,Autoformer,96,96,501,ipmutual_info.csv,TrafficL
0,0.3555377,0.25181118,0.5018079,1.0669078,104.36406,long_term_forecast_96_96TrafficL_w1251_ipentropy.csv_Autoformer_Traffic_ftMS_sl96_ll48_pl96_dm512_nh8_el2_dl1_df2048_expand2_dc4_fc3_ebtimeF_dtTrue_Exp_0,Autoformer,96,96,1251,ipentropy.csv,TrafficL
0,0.3555377,0.25181118,0.5018079,1.0669078,104.36406,long_term_forecast_96_96TrafficL_w1251_pmutual_info.csv_Autoformer_Traffic_ftMS_sl96_ll48_pl96_dm512_nh8_el2_dl1_df2048_expand2_dc4_fc3_ebtimeF_dtTrue_Exp_0,Autoformer,96,96,1251,pmutual_info.csv,TrafficL
0,0.3555377,0.25181118,0.5018079,1.0669078,104.36406,long_term_forecast_96_96TrafficL_w751_pentropy.csv_Autoformer_Traffic_ftMS_sl96_ll48_pl96_dm512_nh8_el2_dl1_df2048_expand2_dc4_fc3_ebtimeF_dtTrue_Exp_0,Autoformer,96,96,751,pentropy.csv,TrafficL
0,0.3555377,0.25181118,0.5018079,1.0669078,104.36406,long_term_forecast_96_96TrafficL_w751_ipentropy.csv_Autoformer_Traffic_ftMS_sl96_ll48_pl96_dm512_nh8_el2_dl1_df2048_expand2_dc4_fc3_ebtimeF_dtTrue_Exp_0,Autoformer,96,96,751,ipentropy.csv,TrafficL
0,0.3555377,0.25181118,0.5018079,1.0669078,104.36406,long_term_forecast_96_96TrafficL_w1501_ipentropy.csv_Autoformer_Traffic_ftMS_sl96_ll48_pl96_dm512_nh8_el2_dl1_df2048_expand2_dc4_fc3_ebtimeF_dtTrue_Exp_0,Autoformer,96,96,1501,ipentropy.csv,TrafficL
0,0.3555377,0.25181118,0.5018079,1.0669078,104.36406,long_term_forecast_96_96TrafficL_w1501_pmutual_info.csv_Autoformer_Traffic_ftMS_sl96_ll48_pl96_dm512_nh8_el2_dl1_df2048_expand2_dc4_fc3_ebtimeF_dtTrue_Exp_0,Autoformer,96,96,1501,pmutual_info.csv,TrafficL
0,0.3555377,0.25181118,0.5018079,1.0669078,104.36406,long_term_forecast_96_96TrafficL_w1001_pmutual_info.csv_Autoformer_Traffic_ftMS_sl96_ll48_pl96_dm512_nh8_el2_dl1_df2048_expand2_dc4_fc3_ebtimeF_dtTrue_Exp_0,Autoformer,96,96,1001,pmutual_info.csv,TrafficL
0,0.3555377,0.25181118,0.5018079,1.0669078,104.36406,long_term_forecast_96_96TrafficL_w1001_ipmutual_info.csv_Autoformer_Traffic_ftMS_sl96_ll48_pl96_dm512_nh8_el2_dl1_df2048_expand2_dc4_fc3_ebtimeF_dtTrue_Exp_0,Autoformer,96,96,1001,ipmutual_info.csv,TrafficL
0,0.3555377,0.25181118,0.5018079,1.0669078,104.36406,long_term_forecast_96_96TrafficL_w1001_pentropy.csv_Autoformer_Traffic_ftMS_sl96_ll48_pl96_dm512_nh8_el2_dl1_df2048_expand2_dc4_fc3_ebtimeF_dtTrue_Exp_0,Autoformer,96,96,1001,pentropy.csv,TrafficL
0,0.3555377,0.25181118,0.5018079,1.0669078,104.36406,long_term_forecast_96_96TrafficL_w751_pmutual_info.csv_Autoformer_Traffic_ftMS_sl96_ll48_pl96_dm512_nh8_el2_dl1_df2048_expand2_dc4_fc3_ebtimeF_dtTrue_Exp_0,Autoformer,96,96,751,pmutual_info.csv,TrafficL
0,0.3555377,0.25181118,0.5018079,1.0669078,104.36406,long_term_forecast_96_96TrafficL_w1501_ipmutual_info.csv_Autoformer_Traffic_ftMS_sl96_ll48_pl96_dm512_nh8_el2_dl1_df2048_expand2_dc4_fc3_ebtimeF_dtTrue_Exp_0,Autoformer,96,96,1501,ipmutual_info.csv,TrafficL
0,0.3555377,0.25181118,0.5018079,1.0669078,104.36406,long_term_forecast_96_96TrafficL_w1251_ipmutual_info.csv_Autoformer_Traffic_ftMS_sl96_ll48_pl96_dm512_nh8_el2_dl1_df2048_expand2_dc4_fc3_ebtimeF_dtTrue_Exp_0,Autoformer,96,96,1251,ipmutual_info.csv,TrafficL
0,0.3555377,0.25181118,0.5018079,1.0669078,104.36406,long_term_forecast_96_96TrafficL_w1001_ipentropy.csv_Autoformer_Traffic_ftMS_sl96_ll48_pl96_dm512_nh8_el2_dl1_df2048_expand2_dc4_fc3_ebtimeF_dtTrue_Exp_0,Autoformer,96,96,1001,ipentropy.csv,TrafficL
0,0.3555377,0.25181118,0.5018079,1.0669078,104.36406,long_term_forecast_96_96TrafficL_w501_ipentropy.csv_Autoformer_Traffic_ftMS_sl96_ll48_pl96_dm512_nh8_el2_dl1_df2048_expand2_dc4_fc3_ebtimeF_dtTrue_Exp_0,Autoformer,96,96,501,ipentropy.csv,TrafficL
0,0.3555377,0.25181118,0.5018079,1.0669078,104.36406,long_term_forecast_96_96TrafficL_w751_ipmutual_info.csv_Autoformer_Traffic_ftMS_sl96_ll48_pl96_dm512_nh8_el2_dl1_df2048_expand2_dc4_fc3_ebtimeF_dtTrue_Exp_0,Autoformer,96,96,751,ipmutual_info.csv,TrafficL
0,0.3555377,0.25181118,0.5018079,1.0669078,104.36406,long_term_forecast_96_96TrafficL_w1251_pentropy.csv_Autoformer_Traffic_ftMS_sl96_ll48_pl96_dm512_nh8_el2_dl1_df2048_expand2_dc4_fc3_ebtimeF_dtTrue_Exp_0,Autoformer,96,96,1251,pentropy.csv,TrafficL
0,0.3555377,0.25181118,0.5018079,1.0669078,104.36406,long_term_forecast_96_96TrafficL_w1501_pentropy.csv_Autoformer_Traffic_ftMS_sl96_ll48_pl96_dm512_nh8_el2_dl1_df2048_expand2_dc4_fc3_ebtimeF_dtTrue_Exp_0,Autoformer,96,96,1501,pentropy.csv,TrafficL
0,0.3555377,0.25181118,0.5018079,1.0669078,104.36406,long_term_forecast_96_96TrafficL.csv_Autoformer_Traffic_ftMS_sl96_ll48_pl96_dm512_nh8_el2_dl1_df2048_expand2_dc4_fc3_ebtimeF_dtTrue_Exp_0,Autoformer,96,96,,identity,TrafficL
0,0.3555377,0.25181118,0.5018079,1.0669078,104.36406,long_term_forecast_96_96TrafficL_w501_pentropy.csv_Autoformer_Traffic_ftMS_sl96_ll48_pl96_dm512_nh8_el2_dl1_df2048_expand2_dc4_fc3_ebtimeF_dtTrue_Exp_0,Autoformer,96,96,501,pentropy.csv,TrafficL
0,0.35587814,0.25234485,0.50233936,1.0402106,75.96282,long_term_forecast_96_96TrafficL_w751_ipsmoothrandomwalk.csv_Autoformer_Traffic_ftMS_sl96_ll48_pl96_dm512_nh8_el2_dl1_df2048_expand2_dc4_fc3_ebtimeF_dtTrue_Exp_0,Autoformer,96,96,751,ipsmoothrandomwalk.csv,TrafficL
0,0.43164444,0.25262898,0.5026221,0.30990905,0.12002868,long_term_forecast_96_96ETTh1_w1251_ipfarm.csv_Crossformer_ETTh1_ftMS_sl96_ll48_pl96_dm512_nh8_el2_dl1_df2048_expand2_dc4_fc3_ebtimeF_dtTrue_Exp_0,Crossformer,96,96,1251,ipfarm.csv,ETTh1
0,0.40639877,0.25305566,0.5030464,0.943814,24.472574,long_term_forecast_96_96ETTm2_w1501_iprollcorr.csv_Crossformer_ETTm2_ftMS_sl96_ll48_pl96_dm512_nh8_el2_dl1_df2048_expand2_dc4_fc1_ebtimeF_dtTrue_Exp_0,Crossformer,96,96,1501,iprollcorr.csv,ETTm2
0,0.43670133,0.2543807,0.5043617,0.84905344,14.840539,long_term_forecast_96_96ETTm2_w1001_pfarm.csv_Crossformer_ETTm2_ftMS_sl96_ll48_pl96_dm512_nh8_el2_dl1_df2048_expand2_dc4_fc1_ebtimeF_dtTrue_Exp_0,Crossformer,96,96,1001,pfarm.csv,ETTm2
0,0.35765,0.2547836,0.5047609,0.98020524,68.3066,long_term_forecast_96_96TrafficL_w1251_pfarm.csv_Autoformer_Traffic_ftMS_sl96_ll48_pl96_dm512_nh8_el2_dl1_df2048_expand2_dc4_fc3_ebtimeF_dtTrue_Exp_0,Autoformer,96,96,1251,pfarm.csv,TrafficL
0,0.43338796,0.25510117,0.5050754,0.31266615,0.124078915,long_term_forecast_96_96ETTh1_w1001_ipmutual_info.csv_Crossformer_ETTh1_ftMS_sl96_ll48_pl96_dm512_nh8_el2_dl1_df2048_expand2_dc4_fc3_ebtimeF_dtTrue_Exp_0,Crossformer,96,96,1001,ipmutual_info.csv,ETTh1
0,0.42848054,0.25580984,0.50577646,0.3064726,0.120986395,long_term_forecast_96_96ETTh1_w1001_prollcov.csv_Crossformer_ETTh1_ftMS_sl96_ll48_pl96_dm512_nh8_el2_dl1_df2048_expand2_dc4_fc3_ebtimeF_dtTrue_Exp_0,Crossformer,96,96,1001,prollcov.csv,ETTh1
0,0.36020026,0.25625265,0.506214,0.98540944,69.928116,long_term_forecast_96_96TrafficL_w1501_pfarm.csv_Autoformer_Traffic_ftMS_sl96_ll48_pl96_dm512_nh8_el2_dl1_df2048_expand2_dc4_fc3_ebtimeF_dtTrue_Exp_0,Autoformer,96,96,1501,pfarm.csv,TrafficL
0,0.3500024,0.25636226,0.50632226,1.09637,106.96733,long_term_forecast_96_96TrafficL_w1501_ipsmoothrandomwalk.csv_Autoformer_Traffic_ftMS_sl96_ll48_pl96_dm512_nh8_el2_dl1_df2048_expand2_dc4_fc3_ebtimeF_dtTrue_Exp_0,Autoformer,96,96,1501,ipsmoothrandomwalk.csv,TrafficL
0,0.41021538,0.2568288,0.5067828,0.74235034,15.890002,long_term_forecast_96_96ETTh2_w1251_prollcov.csv_Crossformer_ETTh2_ftMS_sl96_ll48_pl96_dm512_nh8_el2_dl1_df2048_expand2_dc4_fc3_ebtimeF_dtTrue_Exp_0,Crossformer,96,96,1251,prollcov.csv,ETTh2
0,0.40505502,0.2579316,0.50786966,0.7060197,20.589619,long_term_forecast_720_96ETTh2.csv_PatchTST_ETTh2_ftMS_sl96_ll48_pl720_dm512_nh8_el3_dl1_df2048_expand2_dc4_fc3_ebtimeF_dtTrue_Exp_0,PatchTST,720,96,,identity,ETTh2
0,0.40579653,0.2588571,0.50878,0.82314605,28.039726,long_term_forecast_720_96ETTh2_w1501_prollcorr.csv_iTransformer_ETTh2_ftMS_sl96_ll48_pl720_dm512_nh8_el2_dl1_df2048_expand2_dc4_fc1_ebtimeF_dtTrue_Exp_0,iTransformer,720,96,1501,prollcorr.csv,ETTh2
0,0.4082778,0.26083076,0.5107159,0.8280679,27.439356,long_term_forecast_720_96ETTh2.csv_iTransformer_ETTh2_ftMS_sl96_ll48_pl720_dm512_nh8_el2_dl1_df2048_expand2_dc4_fc1_ebtimeF_dtTrue_Exp_0,iTransformer,720,96,,identity,ETTh2
0,0.4383258,0.26185042,0.5117132,0.3115231,0.1209981,long_term_forecast_96_96ETTh1_w751_pfarm.csv_Crossformer_ETTh1_ftMS_sl96_ll48_pl96_dm512_nh8_el2_dl1_df2048_expand2_dc4_fc3_ebtimeF_dtTrue_Exp_0,Crossformer,96,96,751,pfarm.csv,ETTh1
0,0.41065878,0.26300526,0.5128404,1.1223192,38.489475,long_term_forecast_96_96ETTm2_w1251_ipfarm.csv_Crossformer_ETTm2_ftMS_sl96_ll48_pl96_dm512_nh8_el2_dl1_df2048_expand2_dc4_fc1_ebtimeF_dtTrue_Exp_0,Crossformer,96,96,1251,ipfarm.csv,ETTm2
0,0.44185242,0.2637513,0.5135672,0.8796132,16.857649,long_term_forecast_96_96ETTm2_w1251_ipmutual_info.csv_Crossformer_ETTm2_ftMS_sl96_ll48_pl96_dm512_nh8_el2_dl1_df2048_expand2_dc4_fc1_ebtimeF_dtTrue_Exp_0,Crossformer,96,96,1251,ipmutual_info.csv,ETTm2
0,0.36806968,0.26462695,0.514419,1.0670344,78.93937,long_term_forecast_96_96TrafficL_w1001_ipsmoothrandomwalk.csv_Autoformer_Traffic_ftMS_sl96_ll48_pl96_dm512_nh8_el2_dl1_df2048_expand2_dc4_fc3_ebtimeF_dtTrue_Exp_0,Autoformer,96,96,1001,ipsmoothrandomwalk.csv,TrafficL
0,0.44283175,0.26470324,0.51449317,0.3165872,0.12409611,long_term_forecast_96_96ETTh1_w501_ipfarm.csv_Crossformer_ETTh1_ftMS_sl96_ll48_pl96_dm512_nh8_el2_dl1_df2048_expand2_dc4_fc3_ebtimeF_dtTrue_Exp_0,Crossformer,96,96,501,ipfarm.csv,ETTh1
0,0.45301417,0.26576325,0.5155223,0.3259965,0.12744074,long_term_forecast_96_96ETTh1_w501_ipmutual_info.csv_Crossformer_ETTh1_ftMS_sl96_ll48_pl96_dm512_nh8_el2_dl1_df2048_expand2_dc4_fc3_ebtimeF_dtTrue_Exp_0,Crossformer,96,96,501,ipmutual_info.csv,ETTh1
0,0.37049648,0.26591513,0.5156696,1.8479794,488.87924,long_term_forecast_96_96ECL_w501_ipfarm.csv_TimeXer_ECL_ftMS_sl96_ll48_pl96_dm512_nh8_el4_dl1_df2048_expand2_dc4_fc3_ebtimeF_dtTrue_Exp_0,TimeXer,96,96,501,ipfarm.csv,ECL
0,0.37223238,0.26667064,0.51640165,1.840901,558.49567,long_term_forecast_96_96ECL_w1251_pmutual_info.csv_TimeXer_ECL_ftMS_sl96_ll48_pl96_dm512_nh8_el4_dl1_df2048_expand2_dc4_fc3_ebtimeF_dtTrue_Exp_0,TimeXer,96,96,1251,pmutual_info.csv,ECL
0,0.37043396,0.26669073,0.5164211,1.8109574,511.83676,long_term_forecast_96_96ECL_w1251_pfarm.csv_TimeXer_ECL_ftMS_sl96_ll48_pl96_dm512_nh8_el4_dl1_df2048_expand2_dc4_fc3_ebtimeF_dtTrue_Exp_0,TimeXer,96,96,1251,pfarm.csv,ECL
0,0.37169147,0.26684412,0.51656955,1.7873651,450.21793,long_term_forecast_96_96ECL_w1001_ipfarm.csv_TimeXer_ECL_ftMS_sl96_ll48_pl96_dm512_nh8_el4_dl1_df2048_expand2_dc4_fc3_ebtimeF_dtTrue_Exp_0,TimeXer,96,96,1001,ipfarm.csv,ECL
0,0.36208698,0.26689595,0.51661974,0.98973596,75.54566,long_term_forecast_96_96TrafficL_w501_prollcorr.csv_Autoformer_Traffic_ftMS_sl96_ll48_pl96_dm512_nh8_el2_dl1_df2048_expand2_dc4_fc3_ebtimeF_dtTrue_Exp_0,Autoformer,96,96,501,prollcorr.csv,TrafficL
0,0.3706505,0.26742354,0.5171301,1.8198012,539.3182,long_term_forecast_96_96ECL_w1001_prollcov.csv_TimeXer_ECL_ftMS_sl96_ll48_pl96_dm512_nh8_el4_dl1_df2048_expand2_dc4_fc3_ebtimeF_dtTrue_Exp_0,TimeXer,96,96,1001,prollcov.csv,ECL
0,0.37272933,0.2675627,0.5172646,1.7989883,467.66586,long_term_forecast_96_96ECL_w501_pmutual_info.csv_TimeXer_ECL_ftMS_sl96_ll48_pl96_dm512_nh8_el4_dl1_df2048_expand2_dc4_fc3_ebtimeF_dtTrue_Exp_0,TimeXer,96,96,501,pmutual_info.csv,ECL
0,0.4524636,0.26758924,0.5172903,0.8493678,14.096695,long_term_forecast_96_96ETTm2_w751_pfarm.csv_Crossformer_ETTm2_ftMS_sl96_ll48_pl96_dm512_nh8_el2_dl1_df2048_expand2_dc4_fc1_ebtimeF_dtTrue_Exp_0,Crossformer,96,96,751,pfarm.csv,ETTm2
0,0.37191767,0.26765192,0.51735085,1.8318685,508.28702,long_term_forecast_96_96ECL_w501_psmoothrandomwalk.csv_TimeXer_ECL_ftMS_sl96_ll48_pl96_dm512_nh8_el4_dl1_df2048_expand2_dc4_fc3_ebtimeF_dtTrue_Exp_0,TimeXer,96,96,501,psmoothrandomwalk.csv,ECL
0,0.4555048,0.26789728,0.51758796,0.92484987,18.257,long_term_forecast_96_96ETTm2_w501_pfarm.csv_Crossformer_ETTm2_ftMS_sl96_ll48_pl96_dm512_nh8_el2_dl1_df2048_expand2_dc4_fc1_ebtimeF_dtTrue_Exp_0,Crossformer,96,96,501,pfarm.csv,ETTm2
0,0.371798,0.26837066,0.518045,1.8302032,487.9908,long_term_forecast_96_96ECL_w1501_pfarm.csv_TimeXer_ECL_ftMS_sl96_ll48_pl96_dm512_nh8_el4_dl1_df2048_expand2_dc4_fc3_ebtimeF_dtTrue_Exp_0,TimeXer,96,96,1501,pfarm.csv,ECL
0,0.40910566,0.26847142,0.5181423,0.7828008,17.003975,long_term_forecast_336_96ETTh2.csv_Autoformer_ETTh2_ftMS_sl96_ll48_pl336_dm512_nh8_el2_dl1_df2048_expand2_dc4_fc3_ebtimeF_dtTrue_Exp_0,Autoformer,336,96,,identity,ETTh2
0,0.41377762,0.2685953,0.5182618,0.69383514,12.632861,long_term_forecast_720_96ETTh2.csv_Autoformer_ETTh2_ftMS_sl96_ll48_pl720_dm512_nh8_el2_dl1_df2048_expand2_dc4_fc3_ebtimeF_dtTrue_Exp_0,Autoformer,720,96,,identity,ETTh2
0,0.37152952,0.26882008,0.51847863,1.8171641,459.47018,long_term_forecast_96_96ECL.csv_TimeXer_ECL_ftMS_sl96_ll48_pl96_dm512_nh8_el4_dl1_df2048_expand2_dc4_fc3_ebtimeF_dtTrue_Exp_0,TimeXer,96,96,,identity,ECL
0,0.37152952,0.26882008,0.51847863,1.8171641,459.47018,long_term_forecast_96_96ECL_w1501_ipentropy.csv_TimeXer_ECL_ftMS_sl96_ll48_pl96_dm512_nh8_el4_dl1_df2048_expand2_dc4_fc3_ebtimeF_dtTrue_Exp_0,TimeXer,96,96,1501,ipentropy.csv,ECL
0,0.37152952,0.26882008,0.51847863,1.8171641,459.47018,long_term_forecast_96_96ECL_w751_pentropy.csv_TimeXer_ECL_ftMS_sl96_ll48_pl96_dm512_nh8_el4_dl1_df2048_expand2_dc4_fc3_ebtimeF_dtTrue_Exp_0,TimeXer,96,96,751,pentropy.csv,ECL
0,0.37152952,0.26882008,0.51847863,1.8171641,459.47018,long_term_forecast_96_96ECL_w501_ipentropy.csv_TimeXer_ECL_ftMS_sl96_ll48_pl96_dm512_nh8_el4_dl1_df2048_expand2_dc4_fc3_ebtimeF_dtTrue_Exp_0,TimeXer,96,96,501,ipentropy.csv,ECL
0,0.37152952,0.26882008,0.51847863,1.8171641,459.47018,long_term_forecast_96_96ECL_w1001_pentropy.csv_TimeXer_ECL_ftMS_sl96_ll48_pl96_dm512_nh8_el4_dl1_df2048_expand2_dc4_fc3_ebtimeF_dtTrue_Exp_0,TimeXer,96,96,1001,pentropy.csv,ECL
0,0.37152952,0.26882008,0.51847863,1.8171641,459.47018,long_term_forecast_96_96ECL_w501_pentropy.csv_TimeXer_ECL_ftMS_sl96_ll48_pl96_dm512_nh8_el4_dl1_df2048_expand2_dc4_fc3_ebtimeF_dtTrue_Exp_0,TimeXer,96,96,501,pentropy.csv,ECL
0,0.37152952,0.26882008,0.51847863,1.8171641,459.47018,long_term_forecast_96_96ECL_w1251_ipentropy.csv_TimeXer_ECL_ftMS_sl96_ll48_pl96_dm512_nh8_el4_dl1_df2048_expand2_dc4_fc3_ebtimeF_dtTrue_Exp_0,TimeXer,96,96,1251,ipentropy.csv,ECL
0,0.37152952,0.26882008,0.51847863,1.8171641,459.47018,long_term_forecast_96_96ECL_w1251_pentropy.csv_TimeXer_ECL_ftMS_sl96_ll48_pl96_dm512_nh8_el4_dl1_df2048_expand2_dc4_fc3_ebtimeF_dtTrue_Exp_0,TimeXer,96,96,1251,pentropy.csv,ECL
0,0.37152952,0.26882008,0.51847863,1.8171641,459.47018,long_term_forecast_96_96ECL_w751_ipentropy.csv_TimeXer_ECL_ftMS_sl96_ll48_pl96_dm512_nh8_el4_dl1_df2048_expand2_dc4_fc3_ebtimeF_dtTrue_Exp_0,TimeXer,96,96,751,ipentropy.csv,ECL
0,0.37152952,0.26882008,0.51847863,1.8171641,459.47018,long_term_forecast_96_96ECL_w1501_pentropy.csv_TimeXer_ECL_ftMS_sl96_ll48_pl96_dm512_nh8_el4_dl1_df2048_expand2_dc4_fc3_ebtimeF_dtTrue_Exp_0,TimeXer,96,96,1501,pentropy.csv,ECL
0,0.37152952,0.26882008,0.51847863,1.8171641,459.47018,long_term_forecast_96_96ECL_w1001_ipentropy.csv_TimeXer_ECL_ftMS_sl96_ll48_pl96_dm512_nh8_el4_dl1_df2048_expand2_dc4_fc3_ebtimeF_dtTrue_Exp_0,TimeXer,96,96,1001,ipentropy.csv,ECL
0,0.37440404,0.26938084,0.5190191,1.8141954,493.90485,long_term_forecast_96_96ECL_w1001_pfarm.csv_TimeXer_ECL_ftMS_sl96_ll48_pl96_dm512_nh8_el4_dl1_df2048_expand2_dc4_fc3_ebtimeF_dtTrue_Exp_0,TimeXer,96,96,1001,pfarm.csv,ECL
0,0.37284204,0.26962045,0.5192499,1.0381716,72.42808,long_term_forecast_96_96TrafficL_w501_ipsmoothrandomwalk.csv_Autoformer_Traffic_ftMS_sl96_ll48_pl96_dm512_nh8_el2_dl1_df2048_expand2_dc4_fc3_ebtimeF_dtTrue_Exp_0,Autoformer,96,96,501,ipsmoothrandomwalk.csv,TrafficL
0,0.3735252,0.26980817,0.51943064,1.8547404,560.6525,long_term_forecast_96_96ECL_w1501_pmutual_info.csv_TimeXer_ECL_ftMS_sl96_ll48_pl96_dm512_nh8_el4_dl1_df2048_expand2_dc4_fc3_ebtimeF_dtTrue_Exp_0,TimeXer,96,96,1501,pmutual_info.csv,ECL
0,0.372835,0.2703853,0.51998585,1.8004563,455.6931,long_term_forecast_96_96ECL_w751_pfarm.csv_TimeXer_ECL_ftMS_sl96_ll48_pl96_dm512_nh8_el4_dl1_df2048_expand2_dc4_fc3_ebtimeF_dtTrue_Exp_0,TimeXer,96,96,751,pfarm.csv,ECL
0,0.41409445,0.2705653,0.52015895,0.7375984,16.112213,long_term_forecast_720_96ETTh2_w1251_iprollcov.csv_Autoformer_ETTh2_ftMS_sl96_ll48_pl720_dm512_nh8_el2_dl1_df2048_expand2_dc4_fc3_ebtimeF_dtTrue_Exp_0,Autoformer,720,96,1251,iprollcov.csv,ETTh2
0,0.37411216,0.2707793,0.5203646,1.8389379,536.74347,long_term_forecast_96_96ECL_w1251_prollcov.csv_TimeXer_ECL_ftMS_sl96_ll48_pl96_dm512_nh8_el4_dl1_df2048_expand2_dc4_fc3_ebtimeF_dtTrue_Exp_0,TimeXer,96,96,1251,prollcov.csv,ECL
0,0.4117429,0.27107096,0.5206447,0.8360558,18.81698,long_term_forecast_336_96ETTh2_w1251_iprollcov.csv_Autoformer_ETTh2_ftMS_sl96_ll48_pl336_dm512_nh8_el2_dl1_df2048_expand2_dc4_fc3_ebtimeF_dtTrue_Exp_0,Autoformer,336,96,1251,iprollcov.csv,ETTh2
0,0.37570262,0.27132198,0.52088577,1.8474712,556.7102,long_term_forecast_96_96ECL_w751_pmutual_info.csv_TimeXer_ECL_ftMS_sl96_ll48_pl96_dm512_nh8_el4_dl1_df2048_expand2_dc4_fc3_ebtimeF_dtTrue_Exp_0,TimeXer,96,96,751,pmutual_info.csv,ECL
0,0.37542132,0.27136153,0.52092373,1.8911898,548.26215,long_term_forecast_96_96ECL_w1501_ipmutual_info.csv_TimeXer_ECL_ftMS_sl96_ll48_pl96_dm512_nh8_el4_dl1_df2048_expand2_dc4_fc3_ebtimeF_dtTrue_Exp_0,TimeXer,96,96,1501,ipmutual_info.csv,ECL
0,0.3751326,0.27153233,0.52108765,1.81086,477.4287,long_term_forecast_96_96ECL_w1001_pmutual_info.csv_TimeXer_ECL_ftMS_sl96_ll48_pl96_dm512_nh8_el4_dl1_df2048_expand2_dc4_fc3_ebtimeF_dtTrue_Exp_0,TimeXer,96,96,1001,pmutual_info.csv,ECL
0,0.37063912,0.27155653,0.52111083,1.0020621,60.80382,long_term_forecast_96_96TrafficL_w1251_ipsmoothrandomwalk.csv_Autoformer_Traffic_ftMS_sl96_ll48_pl96_dm512_nh8_el2_dl1_df2048_expand2_dc4_fc3_ebtimeF_dtTrue_Exp_0,Autoformer,96,96,1251,ipsmoothrandomwalk.csv,TrafficL
0,0.37380487,0.2716495,0.52120006,1.8291386,502.53482,long_term_forecast_96_96ECL_w1501_psmoothrandomwalk.csv_TimeXer_ECL_ftMS_sl96_ll48_pl96_dm512_nh8_el4_dl1_df2048_expand2_dc4_fc3_ebtimeF_dtTrue_Exp_0,TimeXer,96,96,1501,psmoothrandomwalk.csv,ECL
0,0.3735234,0.27185166,0.52139395,1.8246174,442.78845,long_term_forecast_96_96ECL_w1251_ipfarm.csv_TimeXer_ECL_ftMS_sl96_ll48_pl96_dm512_nh8_el4_dl1_df2048_expand2_dc4_fc3_ebtimeF_dtTrue_Exp_0,TimeXer,96,96,1251,ipfarm.csv,ECL
0,0.37300858,0.27223942,0.52176565,1.7947236,440.07373,long_term_forecast_96_96ECL_w1001_prollcorr.csv_TimeXer_ECL_ftMS_sl96_ll48_pl96_dm512_nh8_el4_dl1_df2048_expand2_dc4_fc3_ebtimeF_dtTrue_Exp_0,TimeXer,96,96,1001,prollcorr.csv,ECL
0,0.4445928,0.27226743,0.52179253,0.31666633,0.12694073,long_term_forecast_96_96ETTh1_w1501_prollcorr.csv_Crossformer_ETTh1_ftMS_sl96_ll48_pl96_dm512_nh8_el2_dl1_df2048_expand2_dc4_fc3_ebtimeF_dtTrue_Exp_0,Crossformer,96,96,1501,prollcorr.csv,ETTh1
0,0.37007356,0.27275977,0.52226406,1.0036297,64.09893,long_term_forecast_96_96TrafficL_w751_prollcov.csv_Autoformer_Traffic_ftMS_sl96_ll48_pl96_dm512_nh8_el2_dl1_df2048_expand2_dc4_fc3_ebtimeF_dtTrue_Exp_0,Autoformer,96,96,751,prollcov.csv,TrafficL
0,0.37376472,0.27288404,0.52238303,1.838631,473.35748,long_term_forecast_96_96ECL_w501_pfarm.csv_TimeXer_ECL_ftMS_sl96_ll48_pl96_dm512_nh8_el4_dl1_df2048_expand2_dc4_fc3_ebtimeF_dtTrue_Exp_0,TimeXer,96,96,501,pfarm.csv,ECL
0,0.38377327,0.2729548,0.52245075,2.048237,499.08484,long_term_forecast_ETTh1_96_96ECL_w1501_pmutual_info.csv_iTransformer_ECL_ftMS_sl96_ll48_pl96_dm512_nh8_el3_dl1_df2048_expand2_dc4_fc3_ebtimeF_dtTrue_Exp_0,iTransformer,96,96,1501,pmutual_info.csv,ECL
0,0.37580028,0.27307042,0.52256143,1.8380313,548.64044,long_term_forecast_96_96ECL_w1251_psmoothrandomwalk.csv_TimeXer_ECL_ftMS_sl96_ll48_pl96_dm512_nh8_el4_dl1_df2048_expand2_dc4_fc3_ebtimeF_dtTrue_Exp_0,TimeXer,96,96,1251,psmoothrandomwalk.csv,ECL
0,0.37381947,0.27342314,0.5228988,1.8724344,550.51746,long_term_forecast_96_96ECL_w1251_ipsmoothrandomwalk.csv_TimeXer_ECL_ftMS_sl96_ll48_pl96_dm512_nh8_el4_dl1_df2048_expand2_dc4_fc3_ebtimeF_dtTrue_Exp_0,TimeXer,96,96,1251,ipsmoothrandomwalk.csv,ECL
0,0.36644658,0.2734331,0.5229083,1.0100772,83.61384,long_term_forecast_96_96TrafficL_w1501_psmoothrandomwalk.csv_Autoformer_Traffic_ftMS_sl96_ll48_pl96_dm512_nh8_el2_dl1_df2048_expand2_dc4_fc3_ebtimeF_dtTrue_Exp_0,Autoformer,96,96,1501,psmoothrandomwalk.csv,TrafficL
0,0.3737029,0.27349588,0.52296835,1.8228341,493.65228,long_term_forecast_96_96ECL_w1501_ipfarm.csv_TimeXer_ECL_ftMS_sl96_ll48_pl96_dm512_nh8_el4_dl1_df2048_expand2_dc4_fc3_ebtimeF_dtTrue_Exp_0,TimeXer,96,96,1501,ipfarm.csv,ECL
0,0.37423396,0.27352914,0.5230001,1.8830271,554.78436,long_term_forecast_96_96ECL_w1001_ipsmoothrandomwalk.csv_TimeXer_ECL_ftMS_sl96_ll48_pl96_dm512_nh8_el4_dl1_df2048_expand2_dc4_fc3_ebtimeF_dtTrue_Exp_0,TimeXer,96,96,1001,ipsmoothrandomwalk.csv,ECL
0,0.37584043,0.27400994,0.5234596,1.8893192,589.24255,long_term_forecast_96_96ECL_w501_ipmutual_info.csv_TimeXer_ECL_ftMS_sl96_ll48_pl96_dm512_nh8_el4_dl1_df2048_expand2_dc4_fc3_ebtimeF_dtTrue_Exp_0,TimeXer,96,96,501,ipmutual_info.csv,ECL
0,0.3766133,0.2740675,0.52351457,1.8830982,580.947,long_term_forecast_96_96ECL_w1251_ipmutual_info.csv_TimeXer_ECL_ftMS_sl96_ll48_pl96_dm512_nh8_el4_dl1_df2048_expand2_dc4_fc3_ebtimeF_dtTrue_Exp_0,TimeXer,96,96,1251,ipmutual_info.csv,ECL
0,0.37685257,0.27410537,0.52355075,1.8150961,466.82944,long_term_forecast_96_96ECL_w751_ipfarm.csv_TimeXer_ECL_ftMS_sl96_ll48_pl96_dm512_nh8_el4_dl1_df2048_expand2_dc4_fc3_ebtimeF_dtTrue_Exp_0,TimeXer,96,96,751,ipfarm.csv,ECL
0,0.37756768,0.27423167,0.5236713,1.8850394,549.29315,long_term_forecast_96_96ECL_w1501_iprollcov.csv_TimeXer_ECL_ftMS_sl96_ll48_pl96_dm512_nh8_el4_dl1_df2048_expand2_dc4_fc3_ebtimeF_dtTrue_Exp_0,TimeXer,96,96,1501,iprollcov.csv,ECL
0,0.37612092,0.2746676,0.52408737,1.7971554,470.0653,long_term_forecast_96_96ECL_w501_prollcorr.csv_TimeXer_ECL_ftMS_sl96_ll48_pl96_dm512_nh8_el4_dl1_df2048_expand2_dc4_fc3_ebtimeF_dtTrue_Exp_0,TimeXer,96,96,501,prollcorr.csv,ECL
0,0.37733078,0.27564108,0.5250153,1.8164873,447.1141,long_term_forecast_96_96ECL_w1251_prollcorr.csv_TimeXer_ECL_ftMS_sl96_ll48_pl96_dm512_nh8_el4_dl1_df2048_expand2_dc4_fc3_ebtimeF_dtTrue_Exp_0,TimeXer,96,96,1251,prollcorr.csv,ECL
0,0.3769748,0.27582747,0.5251928,1.8374447,538.2414,long_term_forecast_96_96ECL_w751_psmoothrandomwalk.csv_TimeXer_ECL_ftMS_sl96_ll48_pl96_dm512_nh8_el4_dl1_df2048_expand2_dc4_fc3_ebtimeF_dtTrue_Exp_0,TimeXer,96,96,751,psmoothrandomwalk.csv,ECL
0,0.37615502,0.275946,0.5253056,1.8417991,554.97095,long_term_forecast_96_96ECL_w751_ipmutual_info.csv_TimeXer_ECL_ftMS_sl96_ll48_pl96_dm512_nh8_el4_dl1_df2048_expand2_dc4_fc3_ebtimeF_dtTrue_Exp_0,TimeXer,96,96,751,ipmutual_info.csv,ECL
0,0.45765,0.27603868,0.52539384,0.9658795,20.6393,long_term_forecast_96_96ETTm2_w1251_ipentropy.csv_Crossformer_ETTm2_ftMS_sl96_ll48_pl96_dm512_nh8_el2_dl1_df2048_expand2_dc4_fc1_ebtimeF_dtTrue_Exp_0,Crossformer,96,96,1251,ipentropy.csv,ETTm2
0,0.43053904,0.27614662,0.52549654,0.8188222,20.56081,long_term_forecast_96_96ETTh2_w1251_pmutual_info.csv_Crossformer_ETTh2_ftMS_sl96_ll48_pl96_dm512_nh8_el2_dl1_df2048_expand2_dc4_fc3_ebtimeF_dtTrue_Exp_0,Crossformer,96,96,1251,pmutual_info.csv,ETTh2
0,0.38340345,0.27624923,0.5255942,2.088357,611.9323,long_term_forecast_ETTh1_96_96ECL_w1501_pfarm.csv_iTransformer_ECL_ftMS_sl96_ll48_pl96_dm512_nh8_el3_dl1_df2048_expand2_dc4_fc3_ebtimeF_dtTrue_Exp_0,iTransformer,96,96,1501,pfarm.csv,ECL
0,0.3779711,0.27640972,0.5257468,1.8827404,578.32196,long_term_forecast_96_96ECL_w501_iprollcov.csv_TimeXer_ECL_ftMS_sl96_ll48_pl96_dm512_nh8_el4_dl1_df2048_expand2_dc4_fc3_ebtimeF_dtTrue_Exp_0,TimeXer,96,96,501,iprollcov.csv,ECL
0,0.37574002,0.27644366,0.5257791,1.8647312,542.9242,long_term_forecast_96_96ECL_w1501_ipsmoothrandomwalk.csv_TimeXer_ECL_ftMS_sl96_ll48_pl96_dm512_nh8_el4_dl1_df2048_expand2_dc4_fc3_ebtimeF_dtTrue_Exp_0,TimeXer,96,96,1501,ipsmoothrandomwalk.csv,ECL
0,0.45495048,0.27656564,0.52589506,0.32679838,0.1316425,long_term_forecast_96_96ETTh1_w1001_ipfarm.csv_Crossformer_ETTh1_ftMS_sl96_ll48_pl96_dm512_nh8_el2_dl1_df2048_expand2_dc4_fc3_ebtimeF_dtTrue_Exp_0,Crossformer,96,96,1001,ipfarm.csv,ETTh1
0,0.45478502,0.27668533,0.52600884,0.94149387,19.680012,long_term_forecast_96_96ETTm2_w501_ipfarm.csv_Crossformer_ETTm2_ftMS_sl96_ll48_pl96_dm512_nh8_el2_dl1_df2048_expand2_dc4_fc1_ebtimeF_dtTrue_Exp_0,Crossformer,96,96,501,ipfarm.csv,ETTm2
0,0.37696615,0.2767375,0.5260585,1.8670766,572.04504,long_term_forecast_96_96ECL_w501_prandomwalk.csv_TimeXer_ECL_ftMS_sl96_ll48_pl96_dm512_nh8_el4_dl1_df2048_expand2_dc4_fc3_ebtimeF_dtTrue_Exp_0,TimeXer,96,96,501,prandomwalk.csv,ECL
0,0.37927142,0.2767829,0.5261016,1.8188888,432.57617,long_term_forecast_96_96ECL_w751_prollcorr.csv_TimeXer_ECL_ftMS_sl96_ll48_pl96_dm512_nh8_el4_dl1_df2048_expand2_dc4_fc3_ebtimeF_dtTrue_Exp_0,TimeXer,96,96,751,prollcorr.csv,ECL
0,0.3780564,0.27710778,0.5264103,1.8544099,580.73724,long_term_forecast_96_96ECL_w501_prollcov.csv_TimeXer_ECL_ftMS_sl96_ll48_pl96_dm512_nh8_el4_dl1_df2048_expand2_dc4_fc3_ebtimeF_dtTrue_Exp_0,TimeXer,96,96,501,prollcov.csv,ECL
0,0.37914202,0.2771503,0.5264507,1.8323138,514.3666,long_term_forecast_96_96ECL_w751_prollcov.csv_TimeXer_ECL_ftMS_sl96_ll48_pl96_dm512_nh8_el4_dl1_df2048_expand2_dc4_fc3_ebtimeF_dtTrue_Exp_0,TimeXer,96,96,751,prollcov.csv,ECL
0,0.4528406,0.27733895,0.5266298,0.32259485,0.12907664,long_term_forecast_96_96ETTh1_w751_prollcorr.csv_Crossformer_ETTh1_ftMS_sl96_ll48_pl96_dm512_nh8_el2_dl1_df2048_expand2_dc4_fc3_ebtimeF_dtTrue_Exp_0,Crossformer,96,96,751,prollcorr.csv,ETTh1
0,0.375445,0.2775074,0.5267897,1.8518164,566.83246,long_term_forecast_96_96ECL_w1501_prollcov.csv_TimeXer_ECL_ftMS_sl96_ll48_pl96_dm512_nh8_el4_dl1_df2048_expand2_dc4_fc3_ebtimeF_dtTrue_Exp_0,TimeXer,96,96,1501,prollcov.csv,ECL
0,0.38579142,0.27803597,0.5272912,2.0737362,575.6058,long_term_forecast_ETTh1_96_96ECL_w1251_pmutual_info.csv_iTransformer_ECL_ftMS_sl96_ll48_pl96_dm512_nh8_el3_dl1_df2048_expand2_dc4_fc3_ebtimeF_dtTrue_Exp_0,iTransformer,96,96,1251,pmutual_info.csv,ECL
0,0.38662764,0.2784682,0.52770084,2.0984569,549.8452,long_term_forecast_ETTh1_96_96ECL_w1001_pfarm.csv_iTransformer_ECL_ftMS_sl96_ll48_pl96_dm512_nh8_el3_dl1_df2048_expand2_dc4_fc3_ebtimeF_dtTrue_Exp_0,iTransformer,96,96,1001,pfarm.csv,ECL
0,0.377245,0.27848256,0.5277145,1.8452564,532.4676,long_term_forecast_96_96ECL_w1001_ipmutual_info.csv_TimeXer_ECL_ftMS_sl96_ll48_pl96_dm512_nh8_el4_dl1_df2048_expand2_dc4_fc3_ebtimeF_dtTrue_Exp_0,TimeXer,96,96,1001,ipmutual_info.csv,ECL
0,0.3795446,0.27855024,0.52777857,1.8876405,618.486,long_term_forecast_96_96ECL_w1001_iprollcov.csv_TimeXer_ECL_ftMS_sl96_ll48_pl96_dm512_nh8_el4_dl1_df2048_expand2_dc4_fc3_ebtimeF_dtTrue_Exp_0,TimeXer,96,96,1001,iprollcov.csv,ECL
0,0.38730323,0.27867725,0.5278989,2.0589578,488.02295,long_term_forecast_ETTh1_96_96ECL_w1251_ipfarm.csv_iTransformer_ECL_ftMS_sl96_ll48_pl96_dm512_nh8_el3_dl1_df2048_expand2_dc4_fc3_ebtimeF_dtTrue_Exp_0,iTransformer,96,96,1251,ipfarm.csv,ECL
0,0.38692614,0.2787739,0.52799046,2.0889106,552.26337,long_term_forecast_ETTh1_96_96ECL_w1251_pentropy.csv_iTransformer_ECL_ftMS_sl96_ll48_pl96_dm512_nh8_el3_dl1_df2048_expand2_dc4_fc3_ebtimeF_dtTrue_Exp_0,iTransformer,96,96,1251,pentropy.csv,ECL
0,0.38692614,0.2787739,0.52799046,2.0889106,552.26337,long_term_forecast_ETTh1_96_96ECL_w1251_ipentropy.csv_iTransformer_ECL_ftMS_sl96_ll48_pl96_dm512_nh8_el3_dl1_df2048_expand2_dc4_fc3_ebtimeF_dtTrue_Exp_0,iTransformer,96,96,1251,ipentropy.csv,ECL
0,0.38692614,0.2787739,0.52799046,2.0889106,552.26337,long_term_forecast_ETTh1_96_96ECL_w501_pentropy.csv_iTransformer_ECL_ftMS_sl96_ll48_pl96_dm512_nh8_el3_dl1_df2048_expand2_dc4_fc3_ebtimeF_dtTrue_Exp_0,iTransformer,96,96,501,pentropy.csv,ECL
0,0.38692614,0.2787739,0.52799046,2.0889106,552.26337,long_term_forecast_ETTh1_96_96ECL_w501_ipentropy.csv_iTransformer_ECL_ftMS_sl96_ll48_pl96_dm512_nh8_el3_dl1_df2048_expand2_dc4_fc3_ebtimeF_dtTrue_Exp_0,iTransformer,96,96,501,ipentropy.csv,ECL
0,0.38692614,0.2787739,0.52799046,2.0889106,552.26337,long_term_forecast_ETTh1_96_96ECL_w751_pentropy.csv_iTransformer_ECL_ftMS_sl96_ll48_pl96_dm512_nh8_el3_dl1_df2048_expand2_dc4_fc3_ebtimeF_dtTrue_Exp_0,iTransformer,96,96,751,pentropy.csv,ECL
0,0.38692614,0.2787739,0.52799046,2.0889106,552.26337,long_term_forecast_ETTh1_96_96ECL.csv_iTransformer_ECL_ftMS_sl96_ll48_pl96_dm512_nh8_el3_dl1_df2048_expand2_dc4_fc3_ebtimeF_dtTrue_Exp_0,iTransformer,96,96,,identity,ECL
0,0.38692614,0.2787739,0.52799046,2.0889106,552.26337,long_term_forecast_ETTh1_96_96ECL_w1001_pentropy.csv_iTransformer_ECL_ftMS_sl96_ll48_pl96_dm512_nh8_el3_dl1_df2048_expand2_dc4_fc3_ebtimeF_dtTrue_Exp_0,iTransformer,96,96,1001,pentropy.csv,ECL
0,0.38692614,0.2787739,0.52799046,2.0889106,552.26337,long_term_forecast_ETTh1_96_96ECL_w1501_ipentropy.csv_iTransformer_ECL_ftMS_sl96_ll48_pl96_dm512_nh8_el3_dl1_df2048_expand2_dc4_fc3_ebtimeF_dtTrue_Exp_0,iTransformer,96,96,1501,ipentropy.csv,ECL
0,0.38692614,0.2787739,0.52799046,2.0889106,552.26337,long_term_forecast_ETTh1_96_96ECL_w1001_ipentropy.csv_iTransformer_ECL_ftMS_sl96_ll48_pl96_dm512_nh8_el3_dl1_df2048_expand2_dc4_fc3_ebtimeF_dtTrue_Exp_0,iTransformer,96,96,1001,ipentropy.csv,ECL
0,0.38692614,0.2787739,0.52799046,2.0889106,552.26337,long_term_forecast_ETTh1_96_96ECL_w1501_pentropy.csv_iTransformer_ECL_ftMS_sl96_ll48_pl96_dm512_nh8_el3_dl1_df2048_expand2_dc4_fc3_ebtimeF_dtTrue_Exp_0,iTransformer,96,96,1501,pentropy.csv,ECL
0,0.38692614,0.2787739,0.52799046,2.0889106,552.26337,long_term_forecast_ETTh1_96_96ECL_w751_ipentropy.csv_iTransformer_ECL_ftMS_sl96_ll48_pl96_dm512_nh8_el3_dl1_df2048_expand2_dc4_fc3_ebtimeF_dtTrue_Exp_0,iTransformer,96,96,751,ipentropy.csv,ECL
0,0.37774822,0.27893564,0.5281436,1.8459934,548.1871,long_term_forecast_96_96ECL_w1001_psmoothrandomwalk.csv_TimeXer_ECL_ftMS_sl96_ll48_pl96_dm512_nh8_el4_dl1_df2048_expand2_dc4_fc3_ebtimeF_dtTrue_Exp_0,TimeXer,96,96,1001,psmoothrandomwalk.csv,ECL
0,0.4544451,0.2793011,0.5284895,0.32329684,0.12956095,long_term_forecast_96_96ETTh1_w1251_prollcorr.csv_Crossformer_ETTh1_ftMS_sl96_ll48_pl96_dm512_nh8_el2_dl1_df2048_expand2_dc4_fc3_ebtimeF_dtTrue_Exp_0,Crossformer,96,96,1251,prollcorr.csv,ETTh1
0,0.38093135,0.280001,0.5291512,1.8254244,461.0505,long_term_forecast_96_96ECL_w501_iprandomwalk.csv_TimeXer_ECL_ftMS_sl96_ll48_pl96_dm512_nh8_el4_dl1_df2048_expand2_dc4_fc3_ebtimeF_dtTrue_Exp_0,TimeXer,96,96,501,iprandomwalk.csv,ECL
0,0.37815648,0.28034502,0.52947617,1.8895859,568.50604,long_term_forecast_96_96ECL_w1501_iprollcorr.csv_TimeXer_ECL_ftMS_sl96_ll48_pl96_dm512_nh8_el4_dl1_df2048_expand2_dc4_fc3_ebtimeF_dtTrue_Exp_0,TimeXer,96,96,1501,iprollcorr.csv,ECL
0,0.38742724,0.28038964,0.5295183,2.0703776,549.8675,long_term_forecast_ETTh1_96_96ECL_w1251_pfarm.csv_iTransformer_ECL_ftMS_sl96_ll48_pl96_dm512_nh8_el3_dl1_df2048_expand2_dc4_fc3_ebtimeF_dtTrue_Exp_0,iTransformer,96,96,1251,pfarm.csv,ECL
0,0.3874564,0.28071254,0.5298231,1.0693806,84.955666,long_term_forecast_96_96TrafficL_w1001_prollcov.csv_Autoformer_Traffic_ftMS_sl96_ll48_pl96_dm512_nh8_el2_dl1_df2048_expand2_dc4_fc3_ebtimeF_dtTrue_Exp_0,Autoformer,96,96,1001,prollcov.csv,TrafficL
0,0.38762957,0.28078815,0.5298945,2.1551967,691.18005,long_term_forecast_ETTh1_96_96ECL_w501_pmutual_info.csv_iTransformer_ECL_ftMS_sl96_ll48_pl96_dm512_nh8_el3_dl1_df2048_expand2_dc4_fc3_ebtimeF_dtTrue_Exp_0,iTransformer,96,96,501,pmutual_info.csv,ECL
0,0.37563264,0.2809179,0.5300169,1.8408918,499.71774,long_term_forecast_96_96ECL_w501_iprollcorr.csv_TimeXer_ECL_ftMS_sl96_ll48_pl96_dm512_nh8_el4_dl1_df2048_expand2_dc4_fc3_ebtimeF_dtTrue_Exp_0,TimeXer,96,96,501,iprollcorr.csv,ECL
0,0.38831693,0.2811604,0.5302456,2.067705,470.24792,long_term_forecast_ETTh1_96_96ECL_w1001_pmutual_info.csv_iTransformer_ECL_ftMS_sl96_ll48_pl96_dm512_nh8_el3_dl1_df2048_expand2_dc4_fc3_ebtimeF_dtTrue_Exp_0,iTransformer,96,96,1001,pmutual_info.csv,ECL
0,0.3887045,0.28144464,0.5305136,2.063998,499.4088,long_term_forecast_ETTh1_96_96ECL_w1501_ipfarm.csv_iTransformer_ECL_ftMS_sl96_ll48_pl96_dm512_nh8_el3_dl1_df2048_expand2_dc4_fc3_ebtimeF_dtTrue_Exp_0,iTransformer,96,96,1501,ipfarm.csv,ECL
0,0.37927338,0.28222448,0.53124803,1.8125368,497.6931,long_term_forecast_96_96ECL_w1501_prollcorr.csv_TimeXer_ECL_ftMS_sl96_ll48_pl96_dm512_nh8_el4_dl1_df2048_expand2_dc4_fc3_ebtimeF_dtTrue_Exp_0,TimeXer,96,96,1501,prollcorr.csv,ECL
0,0.45712975,0.28285018,0.5318366,0.9146732,18.151245,long_term_forecast_96_96ETTm2_w1251_iprollcov.csv_Crossformer_ETTm2_ftMS_sl96_ll48_pl96_dm512_nh8_el2_dl1_df2048_expand2_dc4_fc1_ebtimeF_dtTrue_Exp_0,Crossformer,96,96,1251,iprollcov.csv,ETTm2
0,0.3721058,0.28304338,0.53201824,0.94506407,54.798008,long_term_forecast_96_96TrafficL_w1001_prollcorr.csv_Autoformer_Traffic_ftMS_sl96_ll48_pl96_dm512_nh8_el2_dl1_df2048_expand2_dc4_fc3_ebtimeF_dtTrue_Exp_0,Autoformer,96,96,1001,prollcorr.csv,TrafficL
0,0.39062688,0.28313226,0.53210175,2.1023686,578.89984,long_term_forecast_ETTh1_96_96ECL_w1001_ipfarm.csv_iTransformer_ECL_ftMS_sl96_ll48_pl96_dm512_nh8_el3_dl1_df2048_expand2_dc4_fc3_ebtimeF_dtTrue_Exp_0,iTransformer,96,96,1001,ipfarm.csv,ECL
0,0.38850638,0.2832322,0.5321956,2.0988882,550.8056,long_term_forecast_ETTh1_96_96ECL_w751_pfarm.csv_iTransformer_ECL_ftMS_sl96_ll48_pl96_dm512_nh8_el3_dl1_df2048_expand2_dc4_fc3_ebtimeF_dtTrue_Exp_0,iTransformer,96,96,751,pfarm.csv,ECL
0,0.4306268,0.2833554,0.5323114,0.93084013,21.502007,long_term_forecast_96_96ETTm2_w1001_ipfarm.csv_Crossformer_ETTm2_ftMS_sl96_ll48_pl96_dm512_nh8_el2_dl1_df2048_expand2_dc4_fc1_ebtimeF_dtTrue_Exp_0,Crossformer,96,96,1001,ipfarm.csv,ETTm2
0,0.45891482,0.28358483,0.53252685,0.32576403,0.1302666,long_term_forecast_96_96ETTh1_w501_pfarm.csv_Crossformer_ETTh1_ftMS_sl96_ll48_pl96_dm512_nh8_el2_dl1_df2048_expand2_dc4_fc3_ebtimeF_dtTrue_Exp_0,Crossformer,96,96,501,pfarm.csv,ETTh1
0,0.39168537,0.28376174,0.5326929,2.1239755,550.1676,long_term_forecast_ETTh1_96_96ECL_w501_ipfarm.csv_iTransformer_ECL_ftMS_sl96_ll48_pl96_dm512_nh8_el3_dl1_df2048_expand2_dc4_fc3_ebtimeF_dtTrue_Exp_0,iTransformer,96,96,501,ipfarm.csv,ECL
0,0.38181248,0.28382605,0.5327533,1.8703732,619.6089,long_term_forecast_96_96ECL_w751_iprollcov.csv_TimeXer_ECL_ftMS_sl96_ll48_pl96_dm512_nh8_el4_dl1_df2048_expand2_dc4_fc3_ebtimeF_dtTrue_Exp_0,TimeXer,96,96,751,iprollcov.csv,ECL
0,0.3899808,0.28403392,0.5329483,2.0878475,515.77246,long_term_forecast_ETTh1_96_96ECL_w751_ipfarm.csv_iTransformer_ECL_ftMS_sl96_ll48_pl96_dm512_nh8_el3_dl1_df2048_expand2_dc4_fc3_ebtimeF_dtTrue_Exp_0,iTransformer,96,96,751,ipfarm.csv,ECL
0,0.38763124,0.28408593,0.53299713,2.115794,666.62103,long_term_forecast_ETTh1_96_96ECL_w1251_prollcorr.csv_iTransformer_ECL_ftMS_sl96_ll48_pl96_dm512_nh8_el3_dl1_df2048_expand2_dc4_fc3_ebtimeF_dtTrue_Exp_0,iTransformer,96,96,1251,prollcorr.csv,ECL
0,0.38017726,0.28410968,0.5330194,1.8541938,496.23737,long_term_forecast_96_96ECL_w1001_iprollcorr.csv_TimeXer_ECL_ftMS_sl96_ll48_pl96_dm512_nh8_el4_dl1_df2048_expand2_dc4_fc3_ebtimeF_dtTrue_Exp_0,TimeXer,96,96,1001,iprollcorr.csv,ECL
0,0.39241597,0.28624094,0.53501487,2.1541178,621.27716,long_term_forecast_ETTh1_96_96ECL_w1001_prollcorr.csv_iTransformer_ECL_ftMS_sl96_ll48_pl96_dm512_nh8_el3_dl1_df2048_expand2_dc4_fc3_ebtimeF_dtTrue_Exp_0,iTransformer,96,96,1001,prollcorr.csv,ECL
0,0.3912991,0.28782666,0.5364948,2.1160984,593.7343,long_term_forecast_ETTh1_96_96ECL_w501_pfarm.csv_iTransformer_ECL_ftMS_sl96_ll48_pl96_dm512_nh8_el3_dl1_df2048_expand2_dc4_fc3_ebtimeF_dtTrue_Exp_0,iTransformer,96,96,501,pfarm.csv,ECL
0,0.39228135,0.28846207,0.53708667,2.1192398,558.18994,long_term_forecast_96_96ECL_w1251_psmoothrandomwalk.csv_iTransformer_ECL_ftMS_sl96_ll48_pl96_dm512_nh8_el3_dl1_df2048_expand2_dc4_fc3_ebtimeF_dtTrue_Exp_0,iTransformer,96,96,1251,psmoothrandomwalk.csv,ECL
0,0.39268884,0.2885953,0.53721064,1.0292407,67.68601,long_term_forecast_96_96TrafficL_w1251_prollcov.csv_Autoformer_Traffic_ftMS_sl96_ll48_pl96_dm512_nh8_el2_dl1_df2048_expand2_dc4_fc3_ebtimeF_dtTrue_Exp_0,Autoformer,96,96,1251,prollcov.csv,TrafficL
0,0.3934699,0.28900203,0.5375891,2.1171067,499.73294,long_term_forecast_ETTh1_96_96ECL_w751_prollcorr.csv_iTransformer_ECL_ftMS_sl96_ll48_pl96_dm512_nh8_el3_dl1_df2048_expand2_dc4_fc3_ebtimeF_dtTrue_Exp_0,iTransformer,96,96,751,prollcorr.csv,ECL
0,0.392828,0.28927445,0.5378424,2.1415179,593.3537,long_term_forecast_ETTh1_96_96ECL_w1501_iprollcorr.csv_iTransformer_ECL_ftMS_sl96_ll48_pl96_dm512_nh8_el3_dl1_df2048_expand2_dc4_fc3_ebtimeF_dtTrue_Exp_0,iTransformer,96,96,1501,iprollcorr.csv,ECL
0,0.39165115,0.2893729,0.5379339,2.169759,794.3134,long_term_forecast_ETTh1_96_96ECL_w1251_prollcov.csv_iTransformer_ECL_ftMS_sl96_ll48_pl96_dm512_nh8_el3_dl1_df2048_expand2_dc4_fc3_ebtimeF_dtTrue_Exp_0,iTransformer,96,96,1251,prollcov.csv,ECL
0,0.3945194,0.28950605,0.5380577,2.1270535,557.8396,long_term_forecast_96_96ECL_w1501_psmoothrandomwalk.csv_iTransformer_ECL_ftMS_sl96_ll48_pl96_dm512_nh8_el3_dl1_df2048_expand2_dc4_fc3_ebtimeF_dtTrue_Exp_0,iTransformer,96,96,1501,psmoothrandomwalk.csv,ECL
0,0.3953871,0.2895575,0.5381055,2.172727,606.5146,long_term_forecast_ETTh1_96_96ECL_w1001_prollcov.csv_iTransformer_ECL_ftMS_sl96_ll48_pl96_dm512_nh8_el3_dl1_df2048_expand2_dc4_fc3_ebtimeF_dtTrue_Exp_0,iTransformer,96,96,1001,prollcov.csv,ECL
0,0.3953528,0.28960833,0.5381527,2.175429,759.5328,long_term_forecast_ETTh1_96_96ECL_w1501_iprollcov.csv_iTransformer_ECL_ftMS_sl96_ll48_pl96_dm512_nh8_el3_dl1_df2048_expand2_dc4_fc3_ebtimeF_dtTrue_Exp_0,iTransformer,96,96,1501,iprollcov.csv,ECL
0,0.3922785,0.2898868,0.5384114,2.1435072,686.8385,long_term_forecast_ETTh1_96_96ECL_w751_pmutual_info.csv_iTransformer_ECL_ftMS_sl96_ll48_pl96_dm512_nh8_el3_dl1_df2048_expand2_dc4_fc3_ebtimeF_dtTrue_Exp_0,iTransformer,96,96,751,pmutual_info.csv,ECL
0,0.38741633,0.29103515,0.53947675,1.8593998,496.76132,long_term_forecast_96_96ECL_w1251_iprollcov.csv_TimeXer_ECL_ftMS_sl96_ll48_pl96_dm512_nh8_el4_dl1_df2048_expand2_dc4_fc3_ebtimeF_dtTrue_Exp_0,TimeXer,96,96,1251,iprollcov.csv,ECL
0,0.39436603,0.2912875,0.5397106,2.160889,572.66766,long_term_forecast_ETTh1_96_96ECL_w1501_ipmutual_info.csv_iTransformer_ECL_ftMS_sl96_ll48_pl96_dm512_nh8_el3_dl1_df2048_expand2_dc4_fc3_ebtimeF_dtTrue_Exp_0,iTransformer,96,96,1501,ipmutual_info.csv,ECL
0,0.38034895,0.29134917,0.5397677,1.7980149,384.41544,long_term_forecast_96_96ECL_w751_iprollcorr.csv_TimeXer_ECL_ftMS_sl96_ll48_pl96_dm512_nh8_el4_dl1_df2048_expand2_dc4_fc3_ebtimeF_dtTrue_Exp_0,TimeXer,96,96,751,iprollcorr.csv,ECL
0,0.39581716,0.29154396,0.5399481,2.1633976,652.1061,long_term_forecast_ETTh1_96_96ECL_w1251_ipmutual_info.csv_iTransformer_ECL_ftMS_sl96_ll48_pl96_dm512_nh8_el3_dl1_df2048_expand2_dc4_fc3_ebtimeF_dtTrue_Exp_0,iTransformer,96,96,1251,ipmutual_info.csv,ECL
0,0.46894374,0.29176345,0.5401513,0.33302724,0.13423592,long_term_forecast_96_96ETTh1_w1001_pfarm.csv_Crossformer_ETTh1_ftMS_sl96_ll48_pl96_dm512_nh8_el2_dl1_df2048_expand2_dc4_fc3_ebtimeF_dtTrue_Exp_0,Crossformer,96,96,1001,pfarm.csv,ETTh1
0,0.39559668,0.29210082,0.5404635,2.1324549,653.01733,long_term_forecast_ETTh1_96_96ECL_w1501_prollcov.csv_iTransformer_ECL_ftMS_sl96_ll48_pl96_dm512_nh8_el3_dl1_df2048_expand2_dc4_fc3_ebtimeF_dtTrue_Exp_0,iTransformer,96,96,1501,prollcov.csv,ECL
0,0.3953898,0.2925069,0.5408391,2.185345,722.35,long_term_forecast_ETTh1_96_96ECL_w501_ipmutual_info.csv_iTransformer_ECL_ftMS_sl96_ll48_pl96_dm512_nh8_el3_dl1_df2048_expand2_dc4_fc3_ebtimeF_dtTrue_Exp_0,iTransformer,96,96,501,ipmutual_info.csv,ECL
0,0.39692628,0.292702,0.5410194,2.2067115,861.1211,long_term_forecast_ETTh1_96_96ECL_w501_prollcov.csv_iTransformer_ECL_ftMS_sl96_ll48_pl96_dm512_nh8_el3_dl1_df2048_expand2_dc4_fc3_ebtimeF_dtTrue_Exp_0,iTransformer,96,96,501,prollcov.csv,ECL
0,0.3988635,0.29380342,0.54203635,2.146931,578.22955,long_term_forecast_96_96ECL_w501_iprandomwalk.csv_iTransformer_ECL_ftMS_sl96_ll48_pl96_dm512_nh8_el3_dl1_df2048_expand2_dc4_fc3_ebtimeF_dtTrue_Exp_0,iTransformer,96,96,501,iprandomwalk.csv,ECL
0,0.48400462,0.29408082,0.5422922,0.3490883,0.14105119,long_term_forecast_192_96ETTh1_w1251_pmutual_info.csv_MLP_ETTh1_ftMS_sl96_ll48_pl192_dm512_nh8_el2_dl1_df2048_expand2_dc4_fc1_ebtimeF_dtTrue_Exp_0,MLP,192,96,1251,pmutual_info.csv,ETTh1
0,0.47714013,0.2947237,0.5428846,0.335364,0.1321697,long_term_forecast_336_96ETTh1.csv_Crossformer_ETTh1_ftMS_sl96_ll48_pl336_dm512_nh8_el2_dl1_df2048_expand2_dc4_fc3_ebtimeF_dtTrue_Exp_0,Crossformer,336,96,,identity,ETTh1
0,0.38812444,0.29505602,0.5431906,1.9229707,527.2888,long_term_forecast_96_96ECL_w1251_iprollcorr.csv_TimeXer_ECL_ftMS_sl96_ll48_pl96_dm512_nh8_el4_dl1_df2048_expand2_dc4_fc3_ebtimeF_dtTrue_Exp_0,TimeXer,96,96,1251,iprollcorr.csv,ECL
0,0.3991939,0.29557765,0.54367054,2.0987473,528.7948,long_term_forecast_ETTh1_96_96ECL_w1001_iprollcov.csv_iTransformer_ECL_ftMS_sl96_ll48_pl96_dm512_nh8_el3_dl1_df2048_expand2_dc4_fc3_ebtimeF_dtTrue_Exp_0,iTransformer,96,96,1001,iprollcov.csv,ECL
0,0.40344086,0.2957474,0.54382664,1.3437994,170.11533,long_term_forecast_96_96TrafficL_w1501_prollcov.csv_Autoformer_Traffic_ftMS_sl96_ll48_pl96_dm512_nh8_el2_dl1_df2048_expand2_dc4_fc3_ebtimeF_dtTrue_Exp_0,Autoformer,96,96,1501,prollcov.csv,TrafficL
0,0.46582225,0.2957632,0.5438411,0.3442928,0.15261978,long_term_forecast_192_96ETTm1.csv_Crossformer_ETTm1_ftMS_sl96_ll48_pl192_dm512_nh8_el2_dl1_df2048_expand2_dc4_fc1_ebtimeF_dtTrue_Exp_0,Crossformer,192,96,,identity,ETTm1
0,0.40094927,0.29600814,0.5440663,2.2306623,795.63745,long_term_forecast_96_96ECL_w501_prandomwalk.csv_iTransformer_ECL_ftMS_sl96_ll48_pl96_dm512_nh8_el3_dl1_df2048_expand2_dc4_fc3_ebtimeF_dtTrue_Exp_0,iTransformer,96,96,501,prandomwalk.csv,ECL
0,0.39778337,0.29617363,0.54421836,2.125189,535.63513,long_term_forecast_96_96ECL_w1001_psmoothrandomwalk.csv_iTransformer_ECL_ftMS_sl96_ll48_pl96_dm512_nh8_el3_dl1_df2048_expand2_dc4_fc3_ebtimeF_dtTrue_Exp_0,iTransformer,96,96,1001,psmoothrandomwalk.csv,ECL
0,0.39882544,0.29705882,0.545031,2.1161861,544.92163,long_term_forecast_ETTh1_96_96ECL_w501_iprollcov.csv_iTransformer_ECL_ftMS_sl96_ll48_pl96_dm512_nh8_el3_dl1_df2048_expand2_dc4_fc3_ebtimeF_dtTrue_Exp_0,iTransformer,96,96,501,iprollcov.csv,ECL
0,0.40012917,0.29831782,0.5461848,2.144112,616.31177,long_term_forecast_ETTh1_96_96ECL_w751_prollcov.csv_iTransformer_ECL_ftMS_sl96_ll48_pl96_dm512_nh8_el3_dl1_df2048_expand2_dc4_fc3_ebtimeF_dtTrue_Exp_0,iTransformer,96,96,751,prollcov.csv,ECL
0,0.39960238,0.29936668,0.5471441,1.120878,98.75848,long_term_forecast_96_96TrafficL_w501_prandomwalk.csv_Autoformer_Traffic_ftMS_sl96_ll48_pl96_dm512_nh8_el2_dl1_df2048_expand2_dc4_fc3_ebtimeF_dtTrue_Exp_0,Autoformer,96,96,501,prandomwalk.csv,TrafficL
0,0.47328296,0.29982626,0.5475639,0.33730027,0.13976602,long_term_forecast_96_96ETTh1_w1501_prollcov.csv_Crossformer_ETTh1_ftMS_sl96_ll48_pl96_dm512_nh8_el2_dl1_df2048_expand2_dc4_fc3_ebtimeF_dtTrue_Exp_0,Crossformer,96,96,1501,prollcov.csv,ETTh1
0,0.39080828,0.30081987,0.5484705,1.1574786,112.943596,long_term_forecast_96_96TrafficL_w751_prollcorr.csv_Autoformer_Traffic_ftMS_sl96_ll48_pl96_dm512_nh8_el2_dl1_df2048_expand2_dc4_fc3_ebtimeF_dtTrue_Exp_0,Autoformer,96,96,751,prollcorr.csv,TrafficL
0,0.4004417,0.30178845,0.54935277,2.1806424,724.49994,long_term_forecast_ETTh1_96_96ECL_w1501_prollcorr.csv_iTransformer_ECL_ftMS_sl96_ll48_pl96_dm512_nh8_el3_dl1_df2048_expand2_dc4_fc3_ebtimeF_dtTrue_Exp_0,iTransformer,96,96,1501,prollcorr.csv,ECL
0,0.41239542,0.30209938,0.54963565,1.1251173,100.70097,long_term_forecast_96_96TrafficL_w1001_ipfarm.csv_Autoformer_Traffic_ftMS_sl96_ll48_pl96_dm512_nh8_el2_dl1_df2048_expand2_dc4_fc3_ebtimeF_dtTrue_Exp_0,Autoformer,96,96,1001,ipfarm.csv,TrafficL
0,0.40267172,0.3028435,0.5503122,2.1122115,613.6733,long_term_forecast_ETTh1_96_96ECL_w1251_iprollcov.csv_iTransformer_ECL_ftMS_sl96_ll48_pl96_dm512_nh8_el3_dl1_df2048_expand2_dc4_fc3_ebtimeF_dtTrue_Exp_0,iTransformer,96,96,1251,iprollcov.csv,ECL
0,0.4013858,0.3036838,0.5510751,2.1874614,680.975,long_term_forecast_96_96ECL_w751_psmoothrandomwalk.csv_iTransformer_ECL_ftMS_sl96_ll48_pl96_dm512_nh8_el3_dl1_df2048_expand2_dc4_fc3_ebtimeF_dtTrue_Exp_0,iTransformer,96,96,751,psmoothrandomwalk.csv,ECL
0,0.4036505,0.3047892,0.5520772,2.193435,730.4514,long_term_forecast_96_96ECL_w501_psmoothrandomwalk.csv_iTransformer_ECL_ftMS_sl96_ll48_pl96_dm512_nh8_el3_dl1_df2048_expand2_dc4_fc3_ebtimeF_dtTrue_Exp_0,iTransformer,96,96,501,psmoothrandomwalk.csv,ECL
0,0.40375715,0.30513692,0.552392,2.1317449,611.99115,long_term_forecast_ETTh1_96_96ECL_w501_prollcorr.csv_iTransformer_ECL_ftMS_sl96_ll48_pl96_dm512_nh8_el3_dl1_df2048_expand2_dc4_fc3_ebtimeF_dtTrue_Exp_0,iTransformer,96,96,501,prollcorr.csv,ECL
0,0.400361,0.3052175,0.55246496,2.1752295,648.87463,long_term_forecast_ETTh1_96_96ECL_w1001_iprollcorr.csv_iTransformer_ECL_ftMS_sl96_ll48_pl96_dm512_nh8_el3_dl1_df2048_expand2_dc4_fc3_ebtimeF_dtTrue_Exp_0,iTransformer,96,96,1001,iprollcorr.csv,ECL
0,0.39430732,0.30605194,0.5532196,2.0110135,767.58923,long_term_forecast_96_96ECL_w501_ipsmoothrandomwalk.csv_PatchTST_ECL_ftMS_sl96_ll48_pl96_dm512_nh8_el2_dl1_df2048_expand2_dc4_fc3_ebtimeF_dtTrue_Exp_0,PatchTST,96,96,501,ipsmoothrandomwalk.csv,ECL
0,0.39420444,0.30620444,0.5533574,2.0128686,770.9694,long_term_forecast_96_96ECL_w1001_ipsmoothrandomwalk.csv_PatchTST_ECL_ftMS_sl96_ll48_pl96_dm512_nh8_el2_dl1_df2048_expand2_dc4_fc3_ebtimeF_dtTrue_Exp_0,PatchTST,96,96,1001,ipsmoothrandomwalk.csv,ECL
0,0.39437726,0.30632854,0.55346954,2.0102558,771.59344,long_term_forecast_96_96ECL_w1251_ipsmoothrandomwalk.csv_PatchTST_ECL_ftMS_sl96_ll48_pl96_dm512_nh8_el2_dl1_df2048_expand2_dc4_fc3_ebtimeF_dtTrue_Exp_0,PatchTST,96,96,1251,ipsmoothrandomwalk.csv,ECL
0,0.4932062,0.30634546,0.55348486,1.0020462,20.68584,long_term_forecast_96_96ETTm2_w1501_pfarm.csv_Crossformer_ETTm2_ftMS_sl96_ll48_pl96_dm512_nh8_el2_dl1_df2048_expand2_dc4_fc1_ebtimeF_dtTrue_Exp_0,Crossformer,96,96,1501,pfarm.csv,ETTm2
0,0.39530128,0.30666983,0.55377775,2.0074167,766.649,long_term_forecast_96_96ECL_w1501_psmoothrandomwalk.csv_PatchTST_ECL_ftMS_sl96_ll48_pl96_dm512_nh8_el2_dl1_df2048_expand2_dc4_fc3_ebtimeF_dtTrue_Exp_0,PatchTST,96,96,1501,psmoothrandomwalk.csv,ECL
0,0.39544308,0.3066862,0.55379254,2.0212722,764.9863,long_term_forecast_96_96ECL_w501_iprandomwalk.csv_PatchTST_ECL_ftMS_sl96_ll48_pl96_dm512_nh8_el2_dl1_df2048_expand2_dc4_fc3_ebtimeF_dtTrue_Exp_0,PatchTST,96,96,501,iprandomwalk.csv,ECL
0,0.48235506,0.30670008,0.5538051,0.3451842,0.14470409,long_term_forecast_96_96ETTh1_w1251_prollcov.csv_Crossformer_ETTh1_ftMS_sl96_ll48_pl96_dm512_nh8_el2_dl1_df2048_expand2_dc4_fc3_ebtimeF_dtTrue_Exp_0,Crossformer,96,96,1251,prollcov.csv,ETTh1
0,0.3946392,0.30670652,0.5538109,2.0141525,770.81915,long_term_forecast_96_96ECL_w751_ipsmoothrandomwalk.csv_PatchTST_ECL_ftMS_sl96_ll48_pl96_dm512_nh8_el2_dl1_df2048_expand2_dc4_fc3_ebtimeF_dtTrue_Exp_0,PatchTST,96,96,751,ipsmoothrandomwalk.csv,ECL
0,0.3945872,0.30679098,0.5538871,2.014893,773.2351,long_term_forecast_96_96ECL_w1501_ipsmoothrandomwalk.csv_PatchTST_ECL_ftMS_sl96_ll48_pl96_dm512_nh8_el2_dl1_df2048_expand2_dc4_fc3_ebtimeF_dtTrue_Exp_0,PatchTST,96,96,1501,ipsmoothrandomwalk.csv,ECL
0,0.39555767,0.30680284,0.55389786,2.0051713,753.50977,long_term_forecast_96_96ECL_w501_psmoothrandomwalk.csv_PatchTST_ECL_ftMS_sl96_ll48_pl96_dm512_nh8_el2_dl1_df2048_expand2_dc4_fc3_ebtimeF_dtTrue_Exp_0,PatchTST,96,96,501,psmoothrandomwalk.csv,ECL
0,0.44448325,0.30688596,0.5539729,0.95522505,23.868303,long_term_forecast_96_96ETTm2_w1501_ipentropy.csv_Crossformer_ETTm2_ftMS_sl96_ll48_pl96_dm512_nh8_el2_dl1_df2048_expand2_dc4_fc1_ebtimeF_dtTrue_Exp_0,Crossformer,96,96,1501,ipentropy.csv,ETTm2
0,0.41756797,0.30749005,0.55451787,1.1733006,111.27551,long_term_forecast_96_96TrafficL_w751_ipfarm.csv_Autoformer_Traffic_ftMS_sl96_ll48_pl96_dm512_nh8_el2_dl1_df2048_expand2_dc4_fc3_ebtimeF_dtTrue_Exp_0,Autoformer,96,96,751,ipfarm.csv,TrafficL
0,0.39634028,0.308097,0.55506486,2.012036,771.95874,long_term_forecast_96_96ECL_w1251_psmoothrandomwalk.csv_PatchTST_ECL_ftMS_sl96_ll48_pl96_dm512_nh8_el2_dl1_df2048_expand2_dc4_fc3_ebtimeF_dtTrue_Exp_0,PatchTST,96,96,1251,psmoothrandomwalk.csv,ECL
0,0.3962755,0.30833432,0.5552786,2.0167036,759.43677,long_term_forecast_96_96ECL_w1001_psmoothrandomwalk.csv_PatchTST_ECL_ftMS_sl96_ll48_pl96_dm512_nh8_el2_dl1_df2048_expand2_dc4_fc3_ebtimeF_dtTrue_Exp_0,PatchTST,96,96,1001,psmoothrandomwalk.csv,ECL
0,0.40556294,0.30845997,0.5553917,2.2246308,831.4643,long_term_forecast_96_96ECL_w1001_ipsmoothrandomwalk.csv_iTransformer_ECL_ftMS_sl96_ll48_pl96_dm512_nh8_el3_dl1_df2048_expand2_dc4_fc3_ebtimeF_dtTrue_Exp_0,iTransformer,96,96,1001,ipsmoothrandomwalk.csv,ECL
0,0.4856895,0.30862546,0.5555407,0.3487871,0.14675534,long_term_forecast_96_96ETTh1_w751_ipfarm.csv_Crossformer_ETTh1_ftMS_sl96_ll48_pl96_dm512_nh8_el2_dl1_df2048_expand2_dc4_fc3_ebtimeF_dtTrue_Exp_0,Crossformer,96,96,751,ipfarm.csv,ETTh1
0,0.3969113,0.30867597,0.55558616,2.01584,761.3752,long_term_forecast_96_96ECL_w751_psmoothrandomwalk.csv_PatchTST_ECL_ftMS_sl96_ll48_pl96_dm512_nh8_el2_dl1_df2048_expand2_dc4_fc3_ebtimeF_dtTrue_Exp_0,PatchTST,96,96,751,psmoothrandomwalk.csv,ECL
0,0.40500343,0.308881,0.55577064,2.200624,653.8443,long_term_forecast_ETTh1_96_96ECL_w751_ipmutual_info.csv_iTransformer_ECL_ftMS_sl96_ll48_pl96_dm512_nh8_el3_dl1_df2048_expand2_dc4_fc3_ebtimeF_dtTrue_Exp_0,iTransformer,96,96,751,ipmutual_info.csv,ECL
0,0.40600023,0.3089772,0.5558572,2.2261248,818.9501,long_term_forecast_96_96ECL_w1251_ipsmoothrandomwalk.csv_iTransformer_ECL_ftMS_sl96_ll48_pl96_dm512_nh8_el3_dl1_df2048_expand2_dc4_fc3_ebtimeF_dtTrue_Exp_0,iTransformer,96,96,1251,ipsmoothrandomwalk.csv,ECL
0,0.4201287,0.31099862,0.5576725,1.1714468,108.90411,long_term_forecast_96_96TrafficL_w1251_ipfarm.csv_Autoformer_Traffic_ftMS_sl96_ll48_pl96_dm512_nh8_el2_dl1_df2048_expand2_dc4_fc3_ebtimeF_dtTrue_Exp_0,Autoformer,96,96,1251,ipfarm.csv,TrafficL
0,0.39186874,0.3110787,0.55774426,1.1828927,112.09691,long_term_forecast_96_96TrafficL_w1251_prollcorr.csv_Autoformer_Traffic_ftMS_sl96_ll48_pl96_dm512_nh8_el2_dl1_df2048_expand2_dc4_fc3_ebtimeF_dtTrue_Exp_0,Autoformer,96,96,1251,prollcorr.csv,TrafficL
0,0.40686795,0.3115304,0.5581491,2.2242217,795.00775,long_term_forecast_96_96ECL_w1501_ipsmoothrandomwalk.csv_iTransformer_ECL_ftMS_sl96_ll48_pl96_dm512_nh8_el3_dl1_df2048_expand2_dc4_fc3_ebtimeF_dtTrue_Exp_0,iTransformer,96,96,1501,ipsmoothrandomwalk.csv,ECL
0,0.4071003,0.31189844,0.5584787,2.1458886,550.92944,long_term_forecast_ETTh1_96_96ECL_w1001_ipmutual_info.csv_iTransformer_ECL_ftMS_sl96_ll48_pl96_dm512_nh8_el3_dl1_df2048_expand2_dc4_fc3_ebtimeF_dtTrue_Exp_0,iTransformer,96,96,1001,ipmutual_info.csv,ECL
0,0.40710518,0.31234425,0.55887765,2.3312898,804.9551,long_term_forecast_ETTh1_192_96ECL_w1251_prollcorr.csv_iTransformer_ECL_ftMS_sl96_ll48_pl192_dm512_nh8_el3_dl1_df2048_expand2_dc4_fc3_ebtimeF_dtTrue_Exp_0,iTransformer,192,96,1251,prollcorr.csv,ECL
0,0.3988938,0.31256995,0.5590795,2.0473437,781.9555,long_term_forecast_96_96ECL_w501_prandomwalk.csv_PatchTST_ECL_ftMS_sl96_ll48_pl96_dm512_nh8_el2_dl1_df2048_expand2_dc4_fc3_ebtimeF_dtTrue_Exp_0,PatchTST,96,96,501,prandomwalk.csv,ECL
0,0.4082287,0.31273228,0.5592247,2.228588,833.1206,long_term_forecast_96_96ECL_w751_ipsmoothrandomwalk.csv_iTransformer_ECL_ftMS_sl96_ll48_pl96_dm512_nh8_el3_dl1_df2048_expand2_dc4_fc3_ebtimeF_dtTrue_Exp_0,iTransformer,96,96,751,ipsmoothrandomwalk.csv,ECL
0,0.39774445,0.31285042,0.55933034,1.900862,568.5531,long_term_forecast_96_96ECL_w1251_pentropy.csv_PatchTST_ECL_ftMS_sl96_ll48_pl96_dm512_nh8_el2_dl1_df2048_expand2_dc4_fc3_ebtimeF_dtTrue_Exp_0,PatchTST,96,96,1251,pentropy.csv,ECL
0,0.39774445,0.31285042,0.55933034,1.900862,568.5531,long_term_forecast_96_96ECL_w1501_pentropy.csv_PatchTST_ECL_ftMS_sl96_ll48_pl96_dm512_nh8_el2_dl1_df2048_expand2_dc4_fc3_ebtimeF_dtTrue_Exp_0,PatchTST,96,96,1501,pentropy.csv,ECL
0,0.39774445,0.31285042,0.55933034,1.900862,568.5531,long_term_forecast_96_96ECL_w1501_ipentropy.csv_PatchTST_ECL_ftMS_sl96_ll48_pl96_dm512_nh8_el2_dl1_df2048_expand2_dc4_fc3_ebtimeF_dtTrue_Exp_0,PatchTST,96,96,1501,ipentropy.csv,ECL
0,0.39774445,0.31285042,0.55933034,1.900862,568.5531,long_term_forecast_96_96ECL_w1001_pentropy.csv_PatchTST_ECL_ftMS_sl96_ll48_pl96_dm512_nh8_el2_dl1_df2048_expand2_dc4_fc3_ebtimeF_dtTrue_Exp_0,PatchTST,96,96,1001,pentropy.csv,ECL
0,0.39774445,0.31285042,0.55933034,1.900862,568.5531,long_term_forecast_96_96ECL_w751_pentropy.csv_PatchTST_ECL_ftMS_sl96_ll48_pl96_dm512_nh8_el2_dl1_df2048_expand2_dc4_fc3_ebtimeF_dtTrue_Exp_0,PatchTST,96,96,751,pentropy.csv,ECL
0,0.39774445,0.31285042,0.55933034,1.900862,568.5531,long_term_forecast_96_96ECL_w1001_ipentropy.csv_PatchTST_ECL_ftMS_sl96_ll48_pl96_dm512_nh8_el2_dl1_df2048_expand2_dc4_fc3_ebtimeF_dtTrue_Exp_0,PatchTST,96,96,1001,ipentropy.csv,ECL
0,0.39774445,0.31285042,0.55933034,1.900862,568.5531,long_term_forecast_96_96ECL_w501_ipentropy.csv_PatchTST_ECL_ftMS_sl96_ll48_pl96_dm512_nh8_el2_dl1_df2048_expand2_dc4_fc3_ebtimeF_dtTrue_Exp_0,PatchTST,96,96,501,ipentropy.csv,ECL
0,0.39774445,0.31285042,0.55933034,1.900862,568.5531,long_term_forecast_96_96ECL_w501_pentropy.csv_PatchTST_ECL_ftMS_sl96_ll48_pl96_dm512_nh8_el2_dl1_df2048_expand2_dc4_fc3_ebtimeF_dtTrue_Exp_0,PatchTST,96,96,501,pentropy.csv,ECL
0,0.39774445,0.31285042,0.55933034,1.900862,568.5531,long_term_forecast_96_96ECL_w1251_ipentropy.csv_PatchTST_ECL_ftMS_sl96_ll48_pl96_dm512_nh8_el2_dl1_df2048_expand2_dc4_fc3_ebtimeF_dtTrue_Exp_0,PatchTST,96,96,1251,ipentropy.csv,ECL
0,0.39774445,0.31285042,0.55933034,1.900862,568.5531,long_term_forecast_96_96ECL.csv_PatchTST_ECL_ftMS_sl96_ll48_pl96_dm512_nh8_el2_dl1_df2048_expand2_dc4_fc3_ebtimeF_dtTrue_Exp_0,PatchTST,96,96,,identity,ECL
0,0.39774445,0.31285042,0.55933034,1.900862,568.5531,long_term_forecast_96_96ECL_w751_ipentropy.csv_PatchTST_ECL_ftMS_sl96_ll48_pl96_dm512_nh8_el2_dl1_df2048_expand2_dc4_fc3_ebtimeF_dtTrue_Exp_0,PatchTST,96,96,751,ipentropy.csv,ECL
0,0.39785907,0.3129812,0.5594472,1.902929,571.2093,long_term_forecast_96_96ECL_w1251_ipfarm.csv_PatchTST_ECL_ftMS_sl96_ll48_pl96_dm512_nh8_el2_dl1_df2048_expand2_dc4_fc3_ebtimeF_dtTrue_Exp_0,PatchTST,96,96,1251,ipfarm.csv,ECL
0,0.39792717,0.31302252,0.5594842,1.9027169,570.0452,long_term_forecast_96_96ECL_w1501_ipfarm.csv_PatchTST_ECL_ftMS_sl96_ll48_pl96_dm512_nh8_el2_dl1_df2048_expand2_dc4_fc3_ebtimeF_dtTrue_Exp_0,PatchTST,96,96,1501,ipfarm.csv,ECL
0,0.39786738,0.31313163,0.55958164,1.9049519,572.8118,long_term_forecast_96_96ECL_w751_pfarm.csv_PatchTST_ECL_ftMS_sl96_ll48_pl96_dm512_nh8_el2_dl1_df2048_expand2_dc4_fc3_ebtimeF_dtTrue_Exp_0,PatchTST,96,96,751,pfarm.csv,ECL
0,0.39797232,0.31313673,0.5595862,1.9031999,570.06335,long_term_forecast_96_96ECL_w1001_ipfarm.csv_PatchTST_ECL_ftMS_sl96_ll48_pl96_dm512_nh8_el2_dl1_df2048_expand2_dc4_fc3_ebtimeF_dtTrue_Exp_0,PatchTST,96,96,1001,ipfarm.csv,ECL
0,0.39787927,0.31322658,0.5596665,1.9019513,568.5538,long_term_forecast_96_96ECL_w1501_pfarm.csv_PatchTST_ECL_ftMS_sl96_ll48_pl96_dm512_nh8_el2_dl1_df2048_expand2_dc4_fc3_ebtimeF_dtTrue_Exp_0,PatchTST,96,96,1501,pfarm.csv,ECL
0,0.39800417,0.3133458,0.55977297,1.9029775,569.1172,long_term_forecast_96_96ECL_w1001_pfarm.csv_PatchTST_ECL_ftMS_sl96_ll48_pl96_dm512_nh8_el2_dl1_df2048_expand2_dc4_fc3_ebtimeF_dtTrue_Exp_0,PatchTST,96,96,1001,pfarm.csv,ECL
0,0.3980578,0.31340766,0.5598282,1.902378,566.7,long_term_forecast_96_96ECL_w1251_pfarm.csv_PatchTST_ECL_ftMS_sl96_ll48_pl96_dm512_nh8_el2_dl1_df2048_expand2_dc4_fc3_ebtimeF_dtTrue_Exp_0,PatchTST,96,96,1251,pfarm.csv,ECL
0,0.3982369,0.31354615,0.5599519,1.9055866,571.20233,long_term_forecast_96_96ECL_w501_ipfarm.csv_PatchTST_ECL_ftMS_sl96_ll48_pl96_dm512_nh8_el2_dl1_df2048_expand2_dc4_fc3_ebtimeF_dtTrue_Exp_0,PatchTST,96,96,501,ipfarm.csv,ECL
0,0.39822534,0.3135716,0.5599747,1.9032464,567.5802,long_term_forecast_96_96ECL_w751_ipfarm.csv_PatchTST_ECL_ftMS_sl96_ll48_pl96_dm512_nh8_el2_dl1_df2048_expand2_dc4_fc3_ebtimeF_dtTrue_Exp_0,PatchTST,96,96,751,ipfarm.csv,ECL
0,0.398305,0.31361997,0.5600178,1.9043535,568.0049,long_term_forecast_96_96ECL_w501_pfarm.csv_PatchTST_ECL_ftMS_sl96_ll48_pl96_dm512_nh8_el2_dl1_df2048_expand2_dc4_fc3_ebtimeF_dtTrue_Exp_0,PatchTST,96,96,501,pfarm.csv,ECL
0,0.39904913,0.31374907,0.5601331,1.943178,408.29453,long_term_forecast_192_96ECL.csv_TimeXer_ECL_ftMS_sl96_ll48_pl192_dm512_nh8_el3_dl1_df2048_expand2_dc4_fc3_ebtimeF_dtTrue_Exp_0,TimeXer,192,96,,identity,ECL
0,0.40597808,0.31410626,0.5604518,2.2603073,656.74744,long_term_forecast_ETTh1_192_96ECL_w1501_pfarm.csv_iTransformer_ECL_ftMS_sl96_ll48_pl192_dm512_nh8_el3_dl1_df2048_expand2_dc4_fc3_ebtimeF_dtTrue_Exp_0,iTransformer,192,96,1501,pfarm.csv,ECL
0,0.40775907,0.3144756,0.56078124,2.2592616,606.44025,long_term_forecast_ETTh1_192_96ECL_w1001_ipfarm.csv_iTransformer_ECL_ftMS_sl96_ll48_pl192_dm512_nh8_el3_dl1_df2048_expand2_dc4_fc3_ebtimeF_dtTrue_Exp_0,iTransformer,192,96,1001,ipfarm.csv,ECL
0,0.3992541,0.31448784,0.56079215,1.9135183,569.33026,long_term_forecast_96_96ECL_w1251_iprollcorr.csv_PatchTST_ECL_ftMS_sl96_ll48_pl96_dm512_nh8_el2_dl1_df2048_expand2_dc4_fc3_ebtimeF_dtTrue_Exp_0,PatchTST,96,96,1251,iprollcorr.csv,ECL
0,0.39952576,0.31460255,0.5608944,1.9105009,563.0068,long_term_forecast_96_96ECL_w1251_iprollcov.csv_PatchTST_ECL_ftMS_sl96_ll48_pl96_dm512_nh8_el2_dl1_df2048_expand2_dc4_fc3_ebtimeF_dtTrue_Exp_0,PatchTST,96,96,1251,iprollcov.csv,ECL
0,0.48741642,0.31470373,0.5609846,0.3473357,0.1465242,long_term_forecast_96_96ETTh1_w1501_pfarm.csv_Crossformer_ETTh1_ftMS_sl96_ll48_pl96_dm512_nh8_el2_dl1_df2048_expand2_dc4_fc3_ebtimeF_dtTrue_Exp_0,Crossformer,96,96,1501,pfarm.csv,ETTh1
0,0.40587422,0.31477824,0.561051,2.2597055,661.79205,long_term_forecast_ETTh1_192_96ECL_w751_prollcorr.csv_iTransformer_ECL_ftMS_sl96_ll48_pl192_dm512_nh8_el3_dl1_df2048_expand2_dc4_fc3_ebtimeF_dtTrue_Exp_0,iTransformer,192,96,751,prollcorr.csv,ECL
0,0.39953473,0.31499812,0.56124693,1.9147714,571.5762,long_term_forecast_96_96ECL_w1501_iprollcorr.csv_PatchTST_ECL_ftMS_sl96_ll48_pl96_dm512_nh8_el2_dl1_df2048_expand2_dc4_fc3_ebtimeF_dtTrue_Exp_0,PatchTST,96,96,1501,iprollcorr.csv,ECL
0,0.39861432,0.3151155,0.5613515,1.9036393,556.08325,long_term_forecast_96_96ECL_w1251_pmutual_info.csv_PatchTST_ECL_ftMS_sl96_ll48_pl96_dm512_nh8_el2_dl1_df2048_expand2_dc4_fc3_ebtimeF_dtTrue_Exp_0,PatchTST,96,96,1251,pmutual_info.csv,ECL
0,0.3997877,0.31517246,0.5614022,1.9155486,569.68207,long_term_forecast_96_96ECL_w1501_iprollcov.csv_PatchTST_ECL_ftMS_sl96_ll48_pl96_dm512_nh8_el2_dl1_df2048_expand2_dc4_fc3_ebtimeF_dtTrue_Exp_0,PatchTST,96,96,1501,iprollcov.csv,ECL
0,0.3996772,0.31521448,0.56143963,1.9157861,571.2463,long_term_forecast_96_96ECL_w751_iprollcov.csv_PatchTST_ECL_ftMS_sl96_ll48_pl96_dm512_nh8_el2_dl1_df2048_expand2_dc4_fc3_ebtimeF_dtTrue_Exp_0,PatchTST,96,96,751,iprollcov.csv,ECL
0,0.3995587,0.31527418,0.5614928,1.9146771,567.29565,long_term_forecast_96_96ECL_w1001_iprollcov.csv_PatchTST_ECL_ftMS_sl96_ll48_pl96_dm512_nh8_el2_dl1_df2048_expand2_dc4_fc3_ebtimeF_dtTrue_Exp_0,PatchTST,96,96,1001,iprollcov.csv,ECL
0,0.3996132,0.31533393,0.561546,1.9154872,568.7905,long_term_forecast_96_96ECL_w1001_iprollcorr.csv_PatchTST_ECL_ftMS_sl96_ll48_pl96_dm512_nh8_el2_dl1_df2048_expand2_dc4_fc3_ebtimeF_dtTrue_Exp_0,PatchTST,96,96,1001,iprollcorr.csv,ECL
0,0.40735552,0.31545323,0.56165224,2.2616265,585.67096,long_term_forecast_ETTh1_192_96ECL_w751_ipfarm.csv_iTransformer_ECL_ftMS_sl96_ll48_pl192_dm512_nh8_el3_dl1_df2048_expand2_dc4_fc3_ebtimeF_dtTrue_Exp_0,iTransformer,192,96,751,ipfarm.csv,ECL
0,0.39868402,0.3154696,0.5616668,1.909043,563.8303,long_term_forecast_96_96ECL_w1001_pmutual_info.csv_PatchTST_ECL_ftMS_sl96_ll48_pl96_dm512_nh8_el2_dl1_df2048_expand2_dc4_fc3_ebtimeF_dtTrue_Exp_0,PatchTST,96,96,1001,pmutual_info.csv,ECL
0,0.40701753,0.31577608,0.5619396,2.2767935,697.85,long_term_forecast_ETTh1_192_96ECL_w1251_pfarm.csv_iTransformer_ECL_ftMS_sl96_ll48_pl192_dm512_nh8_el3_dl1_df2048_expand2_dc4_fc3_ebtimeF_dtTrue_Exp_0,iTransformer,192,96,1251,pfarm.csv,ECL
0,0.39924794,0.31593612,0.56208193,1.9071089,565.1317,long_term_forecast_96_96ECL_w1501_pmutual_info.csv_PatchTST_ECL_ftMS_sl96_ll48_pl96_dm512_nh8_el2_dl1_df2048_expand2_dc4_fc3_ebtimeF_dtTrue_Exp_0,PatchTST,96,96,1501,pmutual_info.csv,ECL
0,0.40751714,0.3159761,0.5621175,2.266053,649.3621,long_term_forecast_ETTh1_192_96ECL_w751_pfarm.csv_iTransformer_ECL_ftMS_sl96_ll48_pl192_dm512_nh8_el3_dl1_df2048_expand2_dc4_fc3_ebtimeF_dtTrue_Exp_0,iTransformer,192,96,751,pfarm.csv,ECL
0,0.40035328,0.3159805,0.56212145,1.9249173,575.06757,long_term_forecast_96_96ECL_w751_iprollcorr.csv_PatchTST_ECL_ftMS_sl96_ll48_pl96_dm512_nh8_el2_dl1_df2048_expand2_dc4_fc3_ebtimeF_dtTrue_Exp_0,PatchTST,96,96,751,iprollcorr.csv,ECL
0,0.3971278,0.3160145,0.5621517,1.9733943,490.4604,long_term_forecast_192_96ECL_w501_ipfarm.csv_TimeXer_ECL_ftMS_sl96_ll48_pl192_dm512_nh8_el3_dl1_df2048_expand2_dc4_fc3_ebtimeF_dtTrue_Exp_0,TimeXer,192,96,501,ipfarm.csv,ECL
0,0.39931735,0.3160234,0.5621596,1.9096047,561.31616,long_term_forecast_96_96ECL_w751_pmutual_info.csv_PatchTST_ECL_ftMS_sl96_ll48_pl96_dm512_nh8_el2_dl1_df2048_expand2_dc4_fc3_ebtimeF_dtTrue_Exp_0,PatchTST,96,96,751,pmutual_info.csv,ECL
0,0.40028307,0.31622624,0.56233996,1.9199557,569.9682,long_term_forecast_96_96ECL_w501_iprollcov.csv_PatchTST_ECL_ftMS_sl96_ll48_pl96_dm512_nh8_el2_dl1_df2048_expand2_dc4_fc3_ebtimeF_dtTrue_Exp_0,PatchTST,96,96,501,iprollcov.csv,ECL
0,0.42900714,0.31632355,0.5624265,1.1468085,93.39994,long_term_forecast_96_96TrafficL_w501_ipfarm.csv_Autoformer_Traffic_ftMS_sl96_ll48_pl96_dm512_nh8_el2_dl1_df2048_expand2_dc4_fc3_ebtimeF_dtTrue_Exp_0,Autoformer,96,96,501,ipfarm.csv,TrafficL
0,0.39848748,0.31645316,0.5625417,1.9053812,567.1192,long_term_forecast_96_96ECL_w501_prollcov.csv_PatchTST_ECL_ftMS_sl96_ll48_pl96_dm512_nh8_el2_dl1_df2048_expand2_dc4_fc3_ebtimeF_dtTrue_Exp_0,PatchTST,96,96,501,prollcov.csv,ECL
0,0.40793672,0.3166597,0.56272525,2.261157,624.2633,long_term_forecast_ETTh1_192_96ECL_w501_pentropy.csv_iTransformer_ECL_ftMS_sl96_ll48_pl192_dm512_nh8_el3_dl1_df2048_expand2_dc4_fc3_ebtimeF_dtTrue_Exp_0,iTransformer,192,96,501,pentropy.csv,ECL
0,0.40793672,0.3166597,0.56272525,2.261157,624.2633,long_term_forecast_ETTh1_192_96ECL_w751_pentropy.csv_iTransformer_ECL_ftMS_sl96_ll48_pl192_dm512_nh8_el3_dl1_df2048_expand2_dc4_fc3_ebtimeF_dtTrue_Exp_0,iTransformer,192,96,751,pentropy.csv,ECL
0,0.40793672,0.3166597,0.56272525,2.261157,624.2633,long_term_forecast_ETTh1_192_96ECL_w1501_pentropy.csv_iTransformer_ECL_ftMS_sl96_ll48_pl192_dm512_nh8_el3_dl1_df2048_expand2_dc4_fc3_ebtimeF_dtTrue_Exp_0,iTransformer,192,96,1501,pentropy.csv,ECL
0,0.40793672,0.3166597,0.56272525,2.261157,624.2633,long_term_forecast_ETTh1_192_96ECL_w1251_pentropy.csv_iTransformer_ECL_ftMS_sl96_ll48_pl192_dm512_nh8_el3_dl1_df2048_expand2_dc4_fc3_ebtimeF_dtTrue_Exp_0,iTransformer,192,96,1251,pentropy.csv,ECL
0,0.40793672,0.3166597,0.56272525,2.261157,624.2633,long_term_forecast_ETTh1_192_96ECL_w501_ipentropy.csv_iTransformer_ECL_ftMS_sl96_ll48_pl192_dm512_nh8_el3_dl1_df2048_expand2_dc4_fc3_ebtimeF_dtTrue_Exp_0,iTransformer,192,96,501,ipentropy.csv,ECL
0,0.40793672,0.3166597,0.56272525,2.261157,624.2633,long_term_forecast_ETTh1_192_96ECL_w1251_ipentropy.csv_iTransformer_ECL_ftMS_sl96_ll48_pl192_dm512_nh8_el3_dl1_df2048_expand2_dc4_fc3_ebtimeF_dtTrue_Exp_0,iTransformer,192,96,1251,ipentropy.csv,ECL
0,0.40793672,0.3166597,0.56272525,2.261157,624.2633,long_term_forecast_ETTh1_192_96ECL_w1501_ipentropy.csv_iTransformer_ECL_ftMS_sl96_ll48_pl192_dm512_nh8_el3_dl1_df2048_expand2_dc4_fc3_ebtimeF_dtTrue_Exp_0,iTransformer,192,96,1501,ipentropy.csv,ECL
0,0.40793672,0.3166597,0.56272525,2.261157,624.2633,long_term_forecast_ETTh1_192_96ECL.csv_iTransformer_ECL_ftMS_sl96_ll48_pl192_dm512_nh8_el3_dl1_df2048_expand2_dc4_fc3_ebtimeF_dtTrue_Exp_0,iTransformer,192,96,,identity,ECL
0,0.40793672,0.3166597,0.56272525,2.261157,624.2633,long_term_forecast_ETTh1_192_96ECL_w751_ipentropy.csv_iTransformer_ECL_ftMS_sl96_ll48_pl192_dm512_nh8_el3_dl1_df2048_expand2_dc4_fc3_ebtimeF_dtTrue_Exp_0,iTransformer,192,96,751,ipentropy.csv,ECL
0,0.40793672,0.3166597,0.56272525,2.261157,624.2633,long_term_forecast_ETTh1_192_96ECL_w1001_pentropy.csv_iTransformer_ECL_ftMS_sl96_ll48_pl192_dm512_nh8_el3_dl1_df2048_expand2_dc4_fc3_ebtimeF_dtTrue_Exp_0,iTransformer,192,96,1001,pentropy.csv,ECL
0,0.40793672,0.3166597,0.56272525,2.261157,624.2633,long_term_forecast_ETTh1_192_96ECL_w1001_ipentropy.csv_iTransformer_ECL_ftMS_sl96_ll48_pl192_dm512_nh8_el3_dl1_df2048_expand2_dc4_fc3_ebtimeF_dtTrue_Exp_0,iTransformer,192,96,1001,ipentropy.csv,ECL
0,0.39966685,0.31671995,0.5627788,1.9005343,553.6482,long_term_forecast_96_96ECL_w1501_prollcov.csv_PatchTST_ECL_ftMS_sl96_ll48_pl96_dm512_nh8_el2_dl1_df2048_expand2_dc4_fc3_ebtimeF_dtTrue_Exp_0,PatchTST,96,96,1501,prollcov.csv,ECL
0,0.39968804,0.3168615,0.56290454,1.9064497,558.38184,long_term_forecast_96_96ECL_w1501_prollcorr.csv_PatchTST_ECL_ftMS_sl96_ll48_pl96_dm512_nh8_el2_dl1_df2048_expand2_dc4_fc3_ebtimeF_dtTrue_Exp_0,PatchTST,96,96,1501,prollcorr.csv,ECL
0,0.4008968,0.3168683,0.56291056,1.9122275,552.3542,long_term_forecast_96_96ECL_w1501_ipmutual_info.csv_PatchTST_ECL_ftMS_sl96_ll48_pl96_dm512_nh8_el2_dl1_df2048_expand2_dc4_fc3_ebtimeF_dtTrue_Exp_0,PatchTST,96,96,1501,ipmutual_info.csv,ECL
0,0.39951214,0.31691083,0.56294835,1.914454,567.6133,long_term_forecast_96_96ECL_w501_pmutual_info.csv_PatchTST_ECL_ftMS_sl96_ll48_pl96_dm512_nh8_el2_dl1_df2048_expand2_dc4_fc3_ebtimeF_dtTrue_Exp_0,PatchTST,96,96,501,pmutual_info.csv,ECL
0,0.4008286,0.31691325,0.5629505,1.9233541,568.91724,long_term_forecast_96_96ECL_w501_iprollcorr.csv_PatchTST_ECL_ftMS_sl96_ll48_pl96_dm512_nh8_el2_dl1_df2048_expand2_dc4_fc3_ebtimeF_dtTrue_Exp_0,PatchTST,96,96,501,iprollcorr.csv,ECL
0,0.39956108,0.3169209,0.5629573,1.9105606,562.14606,long_term_forecast_96_96ECL_w1001_prollcov.csv_PatchTST_ECL_ftMS_sl96_ll48_pl96_dm512_nh8_el2_dl1_df2048_expand2_dc4_fc3_ebtimeF_dtTrue_Exp_0,PatchTST,96,96,1001,prollcov.csv,ECL
0,0.4093847,0.31709617,0.5631129,2.3226955,787.08386,long_term_forecast_ETTh1_192_96ECL_w501_pmutual_info.csv_iTransformer_ECL_ftMS_sl96_ll48_pl192_dm512_nh8_el3_dl1_df2048_expand2_dc4_fc3_ebtimeF_dtTrue_Exp_0,iTransformer,192,96,501,pmutual_info.csv,ECL
0,0.41199082,0.31724736,0.56324714,2.1098351,611.2148,long_term_forecast_ETTh1_96_96ECL_w751_iprollcov.csv_iTransformer_ECL_ftMS_sl96_ll48_pl96_dm512_nh8_el3_dl1_df2048_expand2_dc4_fc3_ebtimeF_dtTrue_Exp_0,iTransformer,96,96,751,iprollcov.csv,ECL
0,0.39973098,0.31746882,0.5634437,1.9153681,567.5312,long_term_forecast_96_96ECL_w1001_prollcorr.csv_PatchTST_ECL_ftMS_sl96_ll48_pl96_dm512_nh8_el2_dl1_df2048_expand2_dc4_fc3_ebtimeF_dtTrue_Exp_0,PatchTST,96,96,1001,prollcorr.csv,ECL
0,0.3996995,0.31750512,0.5634759,1.9054021,549.4194,long_term_forecast_96_96ECL_w1251_prollcov.csv_PatchTST_ECL_ftMS_sl96_ll48_pl96_dm512_nh8_el2_dl1_df2048_expand2_dc4_fc3_ebtimeF_dtTrue_Exp_0,PatchTST,96,96,1251,prollcov.csv,ECL
0,0.44631502,0.3176582,0.56361175,1.1313378,43.139786,long_term_forecast_96_96ETTh2_w501_pmutual_info.csv_Autoformer_ETTh2_ftMS_sl96_ll48_pl96_dm512_nh8_el2_dl1_df2048_expand2_dc4_fc3_ebtimeF_dtTrue_Exp_0,Autoformer,96,96,501,pmutual_info.csv,ETTh2
0,0.4097579,0.31765965,0.56361306,1.2187879,114.21943,long_term_forecast_96_96TrafficL_w501_psmoothrandomwalk.csv_Autoformer_Traffic_ftMS_sl96_ll48_pl96_dm512_nh8_el2_dl1_df2048_expand2_dc4_fc3_ebtimeF_dtTrue_Exp_0,Autoformer,96,96,501,psmoothrandomwalk.csv,TrafficL
0,0.3992094,0.31775418,0.56369686,1.9088359,563.1885,long_term_forecast_96_96ECL_w501_prollcorr.csv_PatchTST_ECL_ftMS_sl96_ll48_pl96_dm512_nh8_el2_dl1_df2048_expand2_dc4_fc3_ebtimeF_dtTrue_Exp_0,PatchTST,96,96,501,prollcorr.csv,ECL
0,0.40137562,0.31785777,0.5637888,1.917734,564.2928,long_term_forecast_96_96ECL_w751_ipmutual_info.csv_PatchTST_ECL_ftMS_sl96_ll48_pl96_dm512_nh8_el2_dl1_df2048_expand2_dc4_fc3_ebtimeF_dtTrue_Exp_0,PatchTST,96,96,751,ipmutual_info.csv,ECL
0,0.40121672,0.31793144,0.5638541,1.9171287,554.6714,long_term_forecast_96_96ECL_w1251_ipmutual_info.csv_PatchTST_ECL_ftMS_sl96_ll48_pl96_dm512_nh8_el2_dl1_df2048_expand2_dc4_fc3_ebtimeF_dtTrue_Exp_0,PatchTST,96,96,1251,ipmutual_info.csv,ECL
0,0.40166813,0.31866637,0.5645054,1.9259193,569.6902,long_term_forecast_96_96ECL_w1001_ipmutual_info.csv_PatchTST_ECL_ftMS_sl96_ll48_pl96_dm512_nh8_el2_dl1_df2048_expand2_dc4_fc3_ebtimeF_dtTrue_Exp_0,PatchTST,96,96,1001,ipmutual_info.csv,ECL
0,0.49903262,0.31895527,0.5647613,0.36290497,0.15873511,long_term_forecast_96_96ETTh1_w1251_ipmutual_info.csv_Crossformer_ETTh1_ftMS_sl96_ll48_pl96_dm512_nh8_el2_dl1_df2048_expand2_dc4_fc3_ebtimeF_dtTrue_Exp_0,Crossformer,96,96,1251,ipmutual_info.csv,ETTh1
0,0.40985605,0.31929174,0.56505907,2.251954,589.9429,long_term_forecast_ETTh1_192_96ECL_w1251_ipfarm.csv_iTransformer_ECL_ftMS_sl96_ll48_pl192_dm512_nh8_el3_dl1_df2048_expand2_dc4_fc3_ebtimeF_dtTrue_Exp_0,iTransformer,192,96,1251,ipfarm.csv,ECL
0,0.4135531,0.3202027,0.56586456,2.403741,850.0404,long_term_forecast_ETTh1_192_96ECL_w1501_pmutual_info.csv_iTransformer_ECL_ftMS_sl96_ll48_pl192_dm512_nh8_el3_dl1_df2048_expand2_dc4_fc3_ebtimeF_dtTrue_Exp_0,iTransformer,192,96,1501,pmutual_info.csv,ECL
0,0.4121484,0.32022318,0.5658827,2.4236815,939.9577,long_term_forecast_ETTh1_192_96ECL_w1251_prollcov.csv_iTransformer_ECL_ftMS_sl96_ll48_pl192_dm512_nh8_el3_dl1_df2048_expand2_dc4_fc3_ebtimeF_dtTrue_Exp_0,iTransformer,192,96,1251,prollcov.csv,ECL
0,0.41210628,0.32048017,0.56610966,2.219963,815.46576,long_term_forecast_96_96ECL_w501_ipsmoothrandomwalk.csv_iTransformer_ECL_ftMS_sl96_ll48_pl96_dm512_nh8_el3_dl1_df2048_expand2_dc4_fc3_ebtimeF_dtTrue_Exp_0,iTransformer,96,96,501,ipsmoothrandomwalk.csv,ECL
0,0.409988,0.32049915,0.56612647,2.2758954,631.19025,long_term_forecast_ETTh1_192_96ECL_w1001_pfarm.csv_iTransformer_ECL_ftMS_sl96_ll48_pl192_dm512_nh8_el3_dl1_df2048_expand2_dc4_fc3_ebtimeF_dtTrue_Exp_0,iTransformer,192,96,1001,pfarm.csv,ECL
0,0.41145757,0.32062516,0.56623775,2.104822,380.3947,long_term_forecast_ETTh1_96_96ECL_w501_iprollcorr.csv_iTransformer_ECL_ftMS_sl96_ll48_pl96_dm512_nh8_el3_dl1_df2048_expand2_dc4_fc3_ebtimeF_dtTrue_Exp_0,iTransformer,96,96,501,iprollcorr.csv,ECL
0,0.41151476,0.32096645,0.566539,2.333441,784.5041,long_term_forecast_ETTh1_192_96ECL_w751_prollcov.csv_iTransformer_ECL_ftMS_sl96_ll48_pl192_dm512_nh8_el3_dl1_df2048_expand2_dc4_fc3_ebtimeF_dtTrue_Exp_0,iTransformer,192,96,751,prollcov.csv,ECL
0,0.4114322,0.3213148,0.5668464,2.387423,845.98285,long_term_forecast_ETTh1_192_96ECL_w1251_pmutual_info.csv_iTransformer_ECL_ftMS_sl96_ll48_pl192_dm512_nh8_el3_dl1_df2048_expand2_dc4_fc3_ebtimeF_dtTrue_Exp_0,iTransformer,192,96,1251,pmutual_info.csv,ECL
0,0.41360673,0.3218643,0.56733084,2.3153572,703.5777,long_term_forecast_ETTh1_192_96ECL_w501_ipfarm.csv_iTransformer_ECL_ftMS_sl96_ll48_pl192_dm512_nh8_el3_dl1_df2048_expand2_dc4_fc3_ebtimeF_dtTrue_Exp_0,iTransformer,192,96,501,ipfarm.csv,ECL
0,0.4121786,0.32194325,0.56740046,2.272735,600.8218,long_term_forecast_ETTh1_192_96ECL_w1501_ipfarm.csv_iTransformer_ECL_ftMS_sl96_ll48_pl192_dm512_nh8_el3_dl1_df2048_expand2_dc4_fc3_ebtimeF_dtTrue_Exp_0,iTransformer,192,96,1501,ipfarm.csv,ECL
0,0.41144958,0.32216355,0.5675945,2.3682694,874.0713,long_term_forecast_ETTh1_192_96ECL_w751_pmutual_info.csv_iTransformer_ECL_ftMS_sl96_ll48_pl192_dm512_nh8_el3_dl1_df2048_expand2_dc4_fc3_ebtimeF_dtTrue_Exp_0,iTransformer,192,96,751,pmutual_info.csv,ECL
0,0.4135611,0.32236576,0.5677726,2.360903,784.8735,long_term_forecast_ETTh1_192_96ECL_w1001_prollcov.csv_iTransformer_ECL_ftMS_sl96_ll48_pl192_dm512_nh8_el3_dl1_df2048_expand2_dc4_fc3_ebtimeF_dtTrue_Exp_0,iTransformer,192,96,1001,prollcov.csv,ECL
0,0.470766,0.32255828,0.56794214,0.7973412,15.674535,long_term_forecast_96_96ETTh2_w1501_pfarm.csv_Crossformer_ETTh2_ftMS_sl96_ll48_pl96_dm512_nh8_el2_dl1_df2048_expand2_dc4_fc3_ebtimeF_dtTrue_Exp_0,Crossformer,96,96,1501,pfarm.csv,ETTh2
0,0.41145378,0.32307026,0.5683927,2.292553,687.9484,long_term_forecast_ETTh1_192_96ECL_w501_pfarm.csv_iTransformer_ECL_ftMS_sl96_ll48_pl192_dm512_nh8_el3_dl1_df2048_expand2_dc4_fc3_ebtimeF_dtTrue_Exp_0,iTransformer,192,96,501,pfarm.csv,ECL
0,0.4140755,0.3238493,0.56907755,2.375011,854.2215,long_term_forecast_ETTh1_192_96ECL_w1001_pmutual_info.csv_iTransformer_ECL_ftMS_sl96_ll48_pl192_dm512_nh8_el3_dl1_df2048_expand2_dc4_fc3_ebtimeF_dtTrue_Exp_0,iTransformer,192,96,1001,pmutual_info.csv,ECL
0,0.42070216,0.32437736,0.56954134,2.122654,424.50974,long_term_forecast_96_96ECL_w501_ipfarm.csv_Autoformer_ECL_ftMS_sl96_ll48_pl96_dm512_nh8_el2_dl1_df2048_expand2_dc4_fc3_ebtimeF_dtTrue_Exp_0,Autoformer,96,96,501,ipfarm.csv,ECL
0,0.40979052,0.32483965,0.56994706,1.304216,119.15555,long_term_forecast_96_96TrafficL_w1001_iprollcov.csv_Autoformer_Traffic_ftMS_sl96_ll48_pl96_dm512_nh8_el2_dl1_df2048_expand2_dc4_fc3_ebtimeF_dtTrue_Exp_0,Autoformer,96,96,1001,iprollcov.csv,TrafficL
0,0.41371727,0.3256862,0.5706892,2.0550964,597.4655,long_term_forecast_96_96ECL_w751_ipsmoothrandomwalk.csv_TimeXer_ECL_ftMS_sl96_ll48_pl96_dm512_nh8_el4_dl1_df2048_expand2_dc4_fc3_ebtimeF_dtTrue_Exp_0,TimeXer,96,96,751,ipsmoothrandomwalk.csv,ECL
0,0.41469404,0.32568958,0.5706922,2.3653135,791.9646,long_term_forecast_ETTh1_192_96ECL_w1501_prollcov.csv_iTransformer_ECL_ftMS_sl96_ll48_pl192_dm512_nh8_el3_dl1_df2048_expand2_dc4_fc3_ebtimeF_dtTrue_Exp_0,iTransformer,192,96,1501,prollcov.csv,ECL
0,0.50029254,0.32606655,0.5710224,0.35634285,0.15132102,long_term_forecast_96_96ETTh1_w1251_pfarm.csv_Crossformer_ETTh1_ftMS_sl96_ll48_pl96_dm512_nh8_el2_dl1_df2048_expand2_dc4_fc3_ebtimeF_dtTrue_Exp_0,Crossformer,96,96,1251,pfarm.csv,ETTh1
0,0.41633266,0.32720155,0.57201535,2.3628535,789.59,long_term_forecast_ETTh1_192_96ECL_w1001_prollcorr.csv_iTransformer_ECL_ftMS_sl96_ll48_pl192_dm512_nh8_el3_dl1_df2048_expand2_dc4_fc3_ebtimeF_dtTrue_Exp_0,iTransformer,192,96,1001,prollcorr.csv,ECL
0,0.41816607,0.3272663,0.57207197,2.3884678,847.9785,long_term_forecast_ETTh1_192_96ECL_w1001_iprollcov.csv_iTransformer_ECL_ftMS_sl96_ll48_pl192_dm512_nh8_el3_dl1_df2048_expand2_dc4_fc3_ebtimeF_dtTrue_Exp_0,iTransformer,192,96,1001,iprollcov.csv,ECL
0,0.41653073,0.3296499,0.57415146,2.046575,562.1979,long_term_forecast_96_96ECL_w501_ipsmoothrandomwalk.csv_TimeXer_ECL_ftMS_sl96_ll48_pl96_dm512_nh8_el4_dl1_df2048_expand2_dc4_fc3_ebtimeF_dtTrue_Exp_0,TimeXer,96,96,501,ipsmoothrandomwalk.csv,ECL
0,0.4153195,0.32992196,0.5743883,2.3318841,730.7833,long_term_forecast_ETTh1_192_96ECL_w1501_prollcorr.csv_iTransformer_ECL_ftMS_sl96_ll48_pl192_dm512_nh8_el3_dl1_df2048_expand2_dc4_fc3_ebtimeF_dtTrue_Exp_0,iTransformer,192,96,1501,prollcorr.csv,ECL
0,0.41682523,0.33012366,0.57456386,2.339288,801.2357,long_term_forecast_ETTh1_192_96ECL_w501_ipmutual_info.csv_iTransformer_ECL_ftMS_sl96_ll48_pl192_dm512_nh8_el3_dl1_df2048_expand2_dc4_fc3_ebtimeF_dtTrue_Exp_0,iTransformer,192,96,501,ipmutual_info.csv,ECL
0,0.4996994,0.33155593,0.57580894,0.34804842,0.1516523,long_term_forecast_720_96ETTh1.csv_Crossformer_ETTh1_ftMS_sl96_ll48_pl720_dm512_nh8_el2_dl1_df2048_expand2_dc4_fc3_ebtimeF_dtTrue_Exp_0,Crossformer,720,96,,identity,ETTh1
0,0.43716818,0.33396846,0.57790005,1.2950331,133.04288,long_term_forecast_96_96TrafficL_w1501_ipfarm.csv_Autoformer_Traffic_ftMS_sl96_ll48_pl96_dm512_nh8_el2_dl1_df2048_expand2_dc4_fc3_ebtimeF_dtTrue_Exp_0,Autoformer,96,96,1501,ipfarm.csv,TrafficL
0,0.41562912,0.33584538,0.57952166,2.1098025,569.4615,long_term_forecast_ETTh1_96_96ECL_w751_iprollcorr.csv_iTransformer_ECL_ftMS_sl96_ll48_pl96_dm512_nh8_el3_dl1_df2048_expand2_dc4_fc3_ebtimeF_dtTrue_Exp_0,iTransformer,96,96,751,iprollcorr.csv,ECL
0,0.4280961,0.33642414,0.5800208,1.4167587,163.41335,long_term_forecast_96_96TrafficL_w501_iprollcov.csv_Autoformer_Traffic_ftMS_sl96_ll48_pl96_dm512_nh8_el2_dl1_df2048_expand2_dc4_fc3_ebtimeF_dtTrue_Exp_0,Autoformer,96,96,501,iprollcov.csv,TrafficL
0,0.40554184,0.33645502,0.5800474,1.9171803,571.9236,long_term_forecast_96_96ECL_w751_prollcov.csv_PatchTST_ECL_ftMS_sl96_ll48_pl96_dm512_nh8_el2_dl1_df2048_expand2_dc4_fc3_ebtimeF_dtTrue_Exp_0,PatchTST,96,96,751,prollcov.csv,ECL
0,0.4055119,0.3365822,0.58015704,1.910712,560.16864,long_term_forecast_96_96ECL_w751_prollcorr.csv_PatchTST_ECL_ftMS_sl96_ll48_pl96_dm512_nh8_el2_dl1_df2048_expand2_dc4_fc3_ebtimeF_dtTrue_Exp_0,PatchTST,96,96,751,prollcorr.csv,ECL
0,0.40628764,0.33667472,0.5802368,1.9358802,608.88544,long_term_forecast_96_96ECL_w501_ipmutual_info.csv_PatchTST_ECL_ftMS_sl96_ll48_pl96_dm512_nh8_el2_dl1_df2048_expand2_dc4_fc3_ebtimeF_dtTrue_Exp_0,PatchTST,96,96,501,ipmutual_info.csv,ECL
0,0.44430473,0.33812585,0.5814859,2.3857412,475.01462,long_term_forecast_96_96ECL_w1001_psmoothrandomwalk.csv_Autoformer_ECL_ftMS_sl96_ll48_pl96_dm512_nh8_el2_dl1_df2048_expand2_dc4_fc3_ebtimeF_dtTrue_Exp_0,Autoformer,96,96,1001,psmoothrandomwalk.csv,ECL
0,0.423347,0.33875278,0.5820247,2.4692633,971.1443,long_term_forecast_ETTh1_192_96ECL_w1501_ipmutual_info.csv_iTransformer_ECL_ftMS_sl96_ll48_pl192_dm512_nh8_el3_dl1_df2048_expand2_dc4_fc3_ebtimeF_dtTrue_Exp_0,iTransformer,192,96,1501,ipmutual_info.csv,ECL
0,0.40732974,0.33884838,0.5821068,1.9362117,590.99725,long_term_forecast_96_96ECL_w1251_prollcorr.csv_PatchTST_ECL_ftMS_sl96_ll48_pl96_dm512_nh8_el2_dl1_df2048_expand2_dc4_fc3_ebtimeF_dtTrue_Exp_0,PatchTST,96,96,1251,prollcorr.csv,ECL
0,0.44239372,0.33919504,0.58240455,2.420767,559.2989,long_term_forecast_96_96ECL_w501_psmoothrandomwalk.csv_Autoformer_ECL_ftMS_sl96_ll48_pl96_dm512_nh8_el2_dl1_df2048_expand2_dc4_fc3_ebtimeF_dtTrue_Exp_0,Autoformer,96,96,501,psmoothrandomwalk.csv,ECL
0,0.42013144,0.3392774,0.58247524,2.3951383,938.04,long_term_forecast_ETTh1_192_96ECL_w1501_iprollcov.csv_iTransformer_ECL_ftMS_sl96_ll48_pl192_dm512_nh8_el3_dl1_df2048_expand2_dc4_fc3_ebtimeF_dtTrue_Exp_0,iTransformer,192,96,1501,iprollcov.csv,ECL
0,0.51273113,0.33948743,0.5826555,1.0221074,22.18069,long_term_forecast_96_96ETTm2_w501_ipmutual_info.csv_Crossformer_ETTm2_ftMS_sl96_ll48_pl96_dm512_nh8_el2_dl1_df2048_expand2_dc4_fc1_ebtimeF_dtTrue_Exp_0,Crossformer,96,96,501,ipmutual_info.csv,ETTm2
0,0.424184,0.34097463,0.5839303,2.3505626,719.7762,long_term_forecast_ETTh1_192_96ECL_w501_iprollcov.csv_iTransformer_ECL_ftMS_sl96_ll48_pl192_dm512_nh8_el3_dl1_df2048_expand2_dc4_fc3_ebtimeF_dtTrue_Exp_0,iTransformer,192,96,501,iprollcov.csv,ECL
0,0.4237099,0.3413126,0.58421963,2.380838,817.386,long_term_forecast_ETTh1_192_96ECL_w501_prollcov.csv_iTransformer_ECL_ftMS_sl96_ll48_pl192_dm512_nh8_el3_dl1_df2048_expand2_dc4_fc3_ebtimeF_dtTrue_Exp_0,iTransformer,192,96,501,prollcov.csv,ECL
0,0.42779595,0.3413904,0.5842862,2.313974,615.7904,long_term_forecast_ETTh1_192_96ECL_w1251_iprollcov.csv_iTransformer_ECL_ftMS_sl96_ll48_pl192_dm512_nh8_el3_dl1_df2048_expand2_dc4_fc3_ebtimeF_dtTrue_Exp_0,iTransformer,192,96,1251,iprollcov.csv,ECL
0,0.4270527,0.34263492,0.5853503,1.2754545,141.986,long_term_forecast_96_96TrafficL_w501_prollcov.csv_Autoformer_Traffic_ftMS_sl96_ll48_pl96_dm512_nh8_el2_dl1_df2048_expand2_dc4_fc3_ebtimeF_dtTrue_Exp_0,Autoformer,96,96,501,prollcov.csv,TrafficL
0,0.41963446,0.34286234,0.58554447,2.347267,795.83044,long_term_forecast_ETTh1_192_96ECL_w501_prollcorr.csv_iTransformer_ECL_ftMS_sl96_ll48_pl192_dm512_nh8_el3_dl1_df2048_expand2_dc4_fc3_ebtimeF_dtTrue_Exp_0,iTransformer,192,96,501,prollcorr.csv,ECL
0,0.42272142,0.34314185,0.5857831,2.413353,994.5616,long_term_forecast_ETTh1_192_96ECL_w1501_iprollcorr.csv_iTransformer_ECL_ftMS_sl96_ll48_pl192_dm512_nh8_el3_dl1_df2048_expand2_dc4_fc3_ebtimeF_dtTrue_Exp_0,iTransformer,192,96,1501,iprollcorr.csv,ECL
0,0.42219773,0.34362343,0.58619404,2.389333,955.2657,long_term_forecast_ETTh1_192_96ECL_w1001_iprollcorr.csv_iTransformer_ECL_ftMS_sl96_ll48_pl192_dm512_nh8_el3_dl1_df2048_expand2_dc4_fc3_ebtimeF_dtTrue_Exp_0,iTransformer,192,96,1001,iprollcorr.csv,ECL
0,0.41741386,0.34509206,0.5874454,2.2234733,671.9031,long_term_forecast_ETTh1_96_96ECL_w1251_iprollcorr.csv_iTransformer_ECL_ftMS_sl96_ll48_pl96_dm512_nh8_el3_dl1_df2048_expand2_dc4_fc3_ebtimeF_dtTrue_Exp_0,iTransformer,96,96,1251,iprollcorr.csv,ECL
0,0.4254804,0.34539565,0.5877037,2.3834121,779.3626,long_term_forecast_ETTh1_192_96ECL_w501_iprollcorr.csv_iTransformer_ECL_ftMS_sl96_ll48_pl192_dm512_nh8_el3_dl1_df2048_expand2_dc4_fc3_ebtimeF_dtTrue_Exp_0,iTransformer,192,96,501,iprollcorr.csv,ECL
0,0.4255775,0.34581804,0.58806294,2.3768165,835.2228,long_term_forecast_ETTh1_192_96ECL_w1001_ipmutual_info.csv_iTransformer_ECL_ftMS_sl96_ll48_pl192_dm512_nh8_el3_dl1_df2048_expand2_dc4_fc3_ebtimeF_dtTrue_Exp_0,iTransformer,192,96,1001,ipmutual_info.csv,ECL
0,0.42355984,0.346126,0.5883247,1.2453674,116.46176,long_term_forecast_96_96TrafficL_w1251_psmoothrandomwalk.csv_Autoformer_Traffic_ftMS_sl96_ll48_pl96_dm512_nh8_el2_dl1_df2048_expand2_dc4_fc3_ebtimeF_dtTrue_Exp_0,Autoformer,96,96,1251,psmoothrandomwalk.csv,TrafficL
0,0.42391682,0.34719178,0.5892298,2.4067535,901.15,long_term_forecast_ETTh1_192_96ECL_w1251_ipmutual_info.csv_iTransformer_ECL_ftMS_sl96_ll48_pl192_dm512_nh8_el3_dl1_df2048_expand2_dc4_fc3_ebtimeF_dtTrue_Exp_0,iTransformer,192,96,1251,ipmutual_info.csv,ECL
0,0.4151768,0.34754717,0.5895313,2.1654022,741.988,long_term_forecast_192_96ECL_w501_ipentropy.csv_PatchTST_ECL_ftMS_sl96_ll48_pl192_dm512_nh8_el2_dl1_df2048_expand2_dc4_fc3_ebtimeF_dtTrue_Exp_0,PatchTST,192,96,501,ipentropy.csv,ECL
0,0.42737755,0.348071,0.5899754,2.352403,669.5035,long_term_forecast_ETTh1_192_96ECL_w751_ipmutual_info.csv_iTransformer_ECL_ftMS_sl96_ll48_pl192_dm512_nh8_el3_dl1_df2048_expand2_dc4_fc3_ebtimeF_dtTrue_Exp_0,iTransformer,192,96,751,ipmutual_info.csv,ECL
0,0.42535213,0.34857595,0.5904032,2.2422385,521.0973,long_term_forecast_ETTh1_192_96ECL_w751_iprollcorr.csv_iTransformer_ECL_ftMS_sl96_ll48_pl192_dm512_nh8_el3_dl1_df2048_expand2_dc4_fc3_ebtimeF_dtTrue_Exp_0,iTransformer,192,96,751,iprollcorr.csv,ECL
0,0.53140926,0.34959084,0.59126204,0.3874842,0.1747496,long_term_forecast_96_96ETTh1_w751_ipmutual_info.csv_Crossformer_ETTh1_ftMS_sl96_ll48_pl96_dm512_nh8_el2_dl1_df2048_expand2_dc4_fc3_ebtimeF_dtTrue_Exp_0,Crossformer,96,96,751,ipmutual_info.csv,ETTh1
0,0.47059578,0.3523921,0.59362626,0.6682239,7.6915045,long_term_forecast_96_96ETTh2_w501_iprollcorr.csv_Crossformer_ETTh2_ftMS_sl96_ll48_pl96_dm512_nh8_el2_dl1_df2048_expand2_dc4_fc3_ebtimeF_dtTrue_Exp_0,Crossformer,96,96,501,iprollcorr.csv,ETTh2
0,0.43048972,0.3533891,0.5944654,2.3038313,552.92834,long_term_forecast_ETTh1_192_96ECL_w1251_iprollcorr.csv_iTransformer_ECL_ftMS_sl96_ll48_pl192_dm512_nh8_el3_dl1_df2048_expand2_dc4_fc3_ebtimeF_dtTrue_Exp_0,iTransformer,192,96,1251,iprollcorr.csv,ECL
0,0.53243756,0.35396925,0.5949531,0.38162094,0.16673858,long_term_forecast_96_96ETTh1_w751_prollcov.csv_Crossformer_ETTh1_ftMS_sl96_ll48_pl96_dm512_nh8_el2_dl1_df2048_expand2_dc4_fc3_ebtimeF_dtTrue_Exp_0,Crossformer,96,96,751,prollcov.csv,ETTh1
0,0.48744175,0.35412955,0.5950878,0.91765386,20.515108,long_term_forecast_96_96ETTh2_w1001_ipmutual_info.csv_Crossformer_ETTh2_ftMS_sl96_ll48_pl96_dm512_nh8_el2_dl1_df2048_expand2_dc4_fc3_ebtimeF_dtTrue_Exp_0,Crossformer,96,96,1001,ipmutual_info.csv,ETTh2
0,0.43339443,0.35802332,0.5983505,2.2390518,564.74963,long_term_forecast_ETTh1_192_96ECL_w751_iprollcov.csv_iTransformer_ECL_ftMS_sl96_ll48_pl192_dm512_nh8_el3_dl1_df2048_expand2_dc4_fc3_ebtimeF_dtTrue_Exp_0,iTransformer,192,96,751,iprollcov.csv,ECL
0,0.45682076,0.35806563,0.5983859,2.5365722,606.24585,long_term_forecast_96_96ECL_w751_psmoothrandomwalk.csv_Autoformer_ECL_ftMS_sl96_ll48_pl96_dm512_nh8_el2_dl1_df2048_expand2_dc4_fc3_ebtimeF_dtTrue_Exp_0,Autoformer,96,96,751,psmoothrandomwalk.csv,ECL
0,0.49944597,0.35827735,0.5985627,0.8394436,17.853844,long_term_forecast_96_96ETTh2_w1501_pmutual_info.csv_Crossformer_ETTh2_ftMS_sl96_ll48_pl96_dm512_nh8_el2_dl1_df2048_expand2_dc4_fc3_ebtimeF_dtTrue_Exp_0,Crossformer,96,96,1501,pmutual_info.csv,ETTh2
0,0.43440083,0.3595942,0.5996617,1.2648089,109.243004,long_term_forecast_96_96TrafficL_w1001_psmoothrandomwalk.csv_Autoformer_Traffic_ftMS_sl96_ll48_pl96_dm512_nh8_el2_dl1_df2048_expand2_dc4_fc3_ebtimeF_dtTrue_Exp_0,Autoformer,96,96,1001,psmoothrandomwalk.csv,TrafficL
0,0.44272035,0.3608486,0.60070676,2.6187878,784.9694,long_term_forecast_336_96ECL_w1501_pmutual_info.csv_iTransformer_ECL_ftMS_sl96_ll48_pl336_dm512_nh8_el3_dl1_df2048_expand2_dc4_fc3_ebtimeF_dtTrue_Exp_0,iTransformer,336,96,1501,pmutual_info.csv,ECL
0,0.5328571,0.36163172,0.60135823,0.9833185,17.18036,long_term_forecast_96_96ETTm2_w1251_pfarm.csv_Crossformer_ETTm2_ftMS_sl96_ll48_pl96_dm512_nh8_el2_dl1_df2048_expand2_dc4_fc1_ebtimeF_dtTrue_Exp_0,Crossformer,96,96,1251,pfarm.csv,ETTm2
0,0.42810184,0.36277246,0.60230595,2.1890504,492.30496,long_term_forecast_336_96ECL_w501_ipfarm.csv_TimeXer_ECL_ftMS_sl96_ll48_pl336_dm512_nh8_el4_dl1_df2048_expand2_dc4_fc3_ebtimeF_dtTrue_Exp_0,TimeXer,336,96,501,ipfarm.csv,ECL
0,0.43951258,0.36397147,0.6033005,2.2802653,504.8717,long_term_forecast_720_96ECL.csv_TimeXer_ECL_ftMS_sl96_ll48_pl720_dm512_nh8_el3_dl1_df2048_expand2_dc4_fc3_ebtimeF_dtTrue_Exp_0,TimeXer,720,96,,identity,ECL
0,0.4410072,0.36510682,0.6042407,2.0929294,260.40442,long_term_forecast_96_96ECL_w1001_ipfarm.csv_Autoformer_ECL_ftMS_sl96_ll48_pl96_dm512_nh8_el2_dl1_df2048_expand2_dc4_fc3_ebtimeF_dtTrue_Exp_0,Autoformer,96,96,1001,ipfarm.csv,ECL
0,0.44540483,0.36517534,0.6042974,1.4636618,168.85315,long_term_forecast_96_96TrafficL_w751_iprollcov.csv_Autoformer_Traffic_ftMS_sl96_ll48_pl96_dm512_nh8_el2_dl1_df2048_expand2_dc4_fc3_ebtimeF_dtTrue_Exp_0,Autoformer,96,96,751,iprollcov.csv,TrafficL
0,0.46338278,0.36567086,0.60470724,1.1861535,42.769184,long_term_forecast_96_96ETTh2_w1001_pfarm.csv_Crossformer_ETTh2_ftMS_sl96_ll48_pl96_dm512_nh8_el2_dl1_df2048_expand2_dc4_fc3_ebtimeF_dtTrue_Exp_0,Crossformer,96,96,1001,pfarm.csv,ETTh2
0,0.4329344,0.36719084,0.60596275,1.250714,114.83916,long_term_forecast_96_96TrafficL_w751_psmoothrandomwalk.csv_Autoformer_Traffic_ftMS_sl96_ll48_pl96_dm512_nh8_el2_dl1_df2048_expand2_dc4_fc3_ebtimeF_dtTrue_Exp_0,Autoformer,96,96,751,psmoothrandomwalk.csv,TrafficL
0,0.43017173,0.3698846,0.6081814,2.1615214,415.30872,long_term_forecast_336_96ECL.csv_TimeXer_ECL_ftMS_sl96_ll48_pl336_dm512_nh8_el4_dl1_df2048_expand2_dc4_fc3_ebtimeF_dtTrue_Exp_0,TimeXer,336,96,,identity,ECL
0,0.45652485,0.37077346,0.6089117,2.4177904,614.0143,long_term_forecast_96_96ECL_w1501_ipentropy.csv_Autoformer_ECL_ftMS_sl96_ll48_pl96_dm512_nh8_el2_dl1_df2048_expand2_dc4_fc3_ebtimeF_dtTrue_Exp_0,Autoformer,96,96,1501,ipentropy.csv,ECL
0,0.45652485,0.37077346,0.6089117,2.4177904,614.0143,long_term_forecast_96_96ECL_w1001_ipentropy.csv_Autoformer_ECL_ftMS_sl96_ll48_pl96_dm512_nh8_el2_dl1_df2048_expand2_dc4_fc3_ebtimeF_dtTrue_Exp_0,Autoformer,96,96,1001,ipentropy.csv,ECL
0,0.45652485,0.37077346,0.6089117,2.4177904,614.0143,long_term_forecast_96_96ECL_w1001_pentropy.csv_Autoformer_ECL_ftMS_sl96_ll48_pl96_dm512_nh8_el2_dl1_df2048_expand2_dc4_fc3_ebtimeF_dtTrue_Exp_0,Autoformer,96,96,1001,pentropy.csv,ECL
0,0.45652485,0.37077346,0.6089117,2.4177904,614.0143,long_term_forecast_96_96ECL.csv_Autoformer_ECL_ftMS_sl96_ll48_pl96_dm512_nh8_el2_dl1_df2048_expand2_dc4_fc3_ebtimeF_dtTrue_Exp_0,Autoformer,96,96,,identity,ECL
0,0.45652485,0.37077346,0.6089117,2.4177904,614.0143,long_term_forecast_96_96ECL_w751_ipentropy.csv_Autoformer_ECL_ftMS_sl96_ll48_pl96_dm512_nh8_el2_dl1_df2048_expand2_dc4_fc3_ebtimeF_dtTrue_Exp_0,Autoformer,96,96,751,ipentropy.csv,ECL
0,0.45652485,0.37077346,0.6089117,2.4177904,614.0143,long_term_forecast_96_96ECL_w501_pentropy.csv_Autoformer_ECL_ftMS_sl96_ll48_pl96_dm512_nh8_el2_dl1_df2048_expand2_dc4_fc3_ebtimeF_dtTrue_Exp_0,Autoformer,96,96,501,pentropy.csv,ECL
0,0.45652485,0.37077346,0.6089117,2.4177904,614.0143,long_term_forecast_96_96ECL_w1501_pentropy.csv_Autoformer_ECL_ftMS_sl96_ll48_pl96_dm512_nh8_el2_dl1_df2048_expand2_dc4_fc3_ebtimeF_dtTrue_Exp_0,Autoformer,96,96,1501,pentropy.csv,ECL
0,0.45652485,0.37077346,0.6089117,2.4177904,614.0143,long_term_forecast_96_96ECL_w1251_ipentropy.csv_Autoformer_ECL_ftMS_sl96_ll48_pl96_dm512_nh8_el2_dl1_df2048_expand2_dc4_fc3_ebtimeF_dtTrue_Exp_0,Autoformer,96,96,1251,ipentropy.csv,ECL
0,0.45652485,0.37077346,0.6089117,2.4177904,614.0143,long_term_forecast_96_96ECL_w751_pentropy.csv_Autoformer_ECL_ftMS_sl96_ll48_pl96_dm512_nh8_el2_dl1_df2048_expand2_dc4_fc3_ebtimeF_dtTrue_Exp_0,Autoformer,96,96,751,pentropy.csv,ECL
0,0.45652485,0.37077346,0.6089117,2.4177904,614.0143,long_term_forecast_96_96ECL_w1251_pentropy.csv_Autoformer_ECL_ftMS_sl96_ll48_pl96_dm512_nh8_el2_dl1_df2048_expand2_dc4_fc3_ebtimeF_dtTrue_Exp_0,Autoformer,96,96,1251,pentropy.csv,ECL
0,0.45652485,0.37077346,0.6089117,2.4177904,614.0143,long_term_forecast_96_96ECL_w501_ipentropy.csv_Autoformer_ECL_ftMS_sl96_ll48_pl96_dm512_nh8_el2_dl1_df2048_expand2_dc4_fc3_ebtimeF_dtTrue_Exp_0,Autoformer,96,96,501,ipentropy.csv,ECL
0,0.5442154,0.3711272,0.6092021,0.39201534,0.17808746,long_term_forecast_96_96ETTh1.csv_Crossformer_ETTh1_ftMS_sl96_ll48_pl96_dm512_nh8_el2_dl1_df2048_expand2_dc4_fc3_ebtimeF_dtTrue_Exp_0,Crossformer,96,96,,identity,ETTh1
0,0.44215393,0.37546584,0.6127527,2.4834735,651.18475,long_term_forecast_336_96ECL.csv_iTransformer_ECL_ftMS_sl96_ll48_pl336_dm512_nh8_el3_dl1_df2048_expand2_dc4_fc3_ebtimeF_dtTrue_Exp_0,iTransformer,336,96,,identity,ECL
0,0.54468775,0.37599295,0.61318266,0.96522164,16.337461,long_term_forecast_96_96ETTm2_w751_ipmutual_info.csv_Crossformer_ETTm2_ftMS_sl96_ll48_pl96_dm512_nh8_el2_dl1_df2048_expand2_dc4_fc1_ebtimeF_dtTrue_Exp_0,Crossformer,96,96,751,ipmutual_info.csv,ETTm2
0,0.44727394,0.3776729,0.614551,2.3386981,582.2774,long_term_forecast_720_96ECL_w501_ipfarm.csv_TimeXer_ECL_ftMS_sl96_ll48_pl720_dm512_nh8_el3_dl1_df2048_expand2_dc4_fc3_ebtimeF_dtTrue_Exp_0,TimeXer,720,96,501,ipfarm.csv,ECL
0,0.5043446,0.38336876,0.6191678,0.74532664,10.75833,long_term_forecast_96_96ETTh2_w501_ipmutual_info.csv_Crossformer_ETTh2_ftMS_sl96_ll48_pl96_dm512_nh8_el2_dl1_df2048_expand2_dc4_fc3_ebtimeF_dtTrue_Exp_0,Crossformer,96,96,501,ipmutual_info.csv,ETTh2
0,0.52302516,0.38519606,0.62064165,0.9491122,22.185114,long_term_forecast_96_96ETTh2_w1251_pfarm.csv_Crossformer_ETTh2_ftMS_sl96_ll48_pl96_dm512_nh8_el2_dl1_df2048_expand2_dc4_fc3_ebtimeF_dtTrue_Exp_0,Crossformer,96,96,1251,pfarm.csv,ETTh2
0,0.4762132,0.38577163,0.6211052,2.7134285,954.4734,long_term_forecast_96_96ECL_w1251_psmoothrandomwalk.csv_Autoformer_ECL_ftMS_sl96_ll48_pl96_dm512_nh8_el2_dl1_df2048_expand2_dc4_fc3_ebtimeF_dtTrue_Exp_0,Autoformer,96,96,1251,psmoothrandomwalk.csv,ECL
0,0.4689683,0.38644266,0.62164515,0.9566546,22.859922,long_term_forecast_336_96ETTm2_w501_iprollcorr.csv_Crossformer_ETTm2_ftMS_sl96_ll48_pl336_dm512_nh8_el2_dl1_df2048_expand2_dc4_fc1_ebtimeF_dtTrue_Exp_0,Crossformer,336,96,501,iprollcorr.csv,ETTm2
0,0.44536003,0.38667202,0.62182957,1.3238162,116.22248,long_term_forecast_96_96TrafficL_w1251_iprollcov.csv_Autoformer_Traffic_ftMS_sl96_ll48_pl96_dm512_nh8_el2_dl1_df2048_expand2_dc4_fc3_ebtimeF_dtTrue_Exp_0,Autoformer,96,96,1251,iprollcov.csv,TrafficL
0,0.5635718,0.38669002,0.62184405,0.40357688,0.18125035,long_term_forecast_96_96ETTh1_w501_psmoothrandomwalk.csv_Crossformer_ETTh1_ftMS_sl96_ll48_pl96_dm512_nh8_el2_dl1_df2048_expand2_dc4_fc3_ebtimeF_dtTrue_Exp_0,Crossformer,96,96,501,psmoothrandomwalk.csv,ETTh1
0,0.4657293,0.38758627,0.62256426,2.2229915,395.81198,long_term_forecast_96_96ECL_w751_ipsmoothrandomwalk.csv_Autoformer_ECL_ftMS_sl96_ll48_pl96_dm512_nh8_el2_dl1_df2048_expand2_dc4_fc3_ebtimeF_dtTrue_Exp_0,Autoformer,96,96,751,ipsmoothrandomwalk.csv,ECL
0,0.46901584,0.3878628,0.62278634,2.4496706,599.60675,long_term_forecast_96_96ECL_w501_prandomwalk.csv_Autoformer_ECL_ftMS_sl96_ll48_pl96_dm512_nh8_el2_dl1_df2048_expand2_dc4_fc3_ebtimeF_dtTrue_Exp_0,Autoformer,96,96,501,prandomwalk.csv,ECL
0,0.53057647,0.38833237,0.6231632,0.9451352,21.689465,long_term_forecast_96_96ETTh2_w751_prollcov.csv_Crossformer_ETTh2_ftMS_sl96_ll48_pl96_dm512_nh8_el2_dl1_df2048_expand2_dc4_fc3_ebtimeF_dtTrue_Exp_0,Crossformer,96,96,751,prollcov.csv,ETTh2
0,0.45818073,0.39487544,0.62839115,2.0769236,163.59052,long_term_forecast_96_96ECL_w1251_ipfarm.csv_Autoformer_ECL_ftMS_sl96_ll48_pl96_dm512_nh8_el2_dl1_df2048_expand2_dc4_fc3_ebtimeF_dtTrue_Exp_0,Autoformer,96,96,1251,ipfarm.csv,ECL
0,0.47920373,0.39656386,0.62973315,2.7748199,1182.7198,long_term_forecast_96_96ECL_w1501_psmoothrandomwalk.csv_Autoformer_ECL_ftMS_sl96_ll48_pl96_dm512_nh8_el2_dl1_df2048_expand2_dc4_fc3_ebtimeF_dtTrue_Exp_0,Autoformer,96,96,1501,psmoothrandomwalk.csv,ECL
0,0.48751816,0.3974254,0.63041687,2.427589,512.4611,long_term_forecast_96_96ECL_w1001_pfarm.csv_Autoformer_ECL_ftMS_sl96_ll48_pl96_dm512_nh8_el2_dl1_df2048_expand2_dc4_fc3_ebtimeF_dtTrue_Exp_0,Autoformer,96,96,1001,pfarm.csv,ECL
0,0.46900156,0.39833,0.6311339,2.1913738,344.12836,long_term_forecast_96_96ECL_w501_iprandomwalk.csv_Autoformer_ECL_ftMS_sl96_ll48_pl96_dm512_nh8_el2_dl1_df2048_expand2_dc4_fc3_ebtimeF_dtTrue_Exp_0,Autoformer,96,96,501,iprandomwalk.csv,ECL
0,0.4820493,0.4003517,0.6327335,2.5912313,718.61664,long_term_forecast_96_96ECL_w501_pmutual_info.csv_Autoformer_ECL_ftMS_sl96_ll48_pl96_dm512_nh8_el2_dl1_df2048_expand2_dc4_fc3_ebtimeF_dtTrue_Exp_0,Autoformer,96,96,501,pmutual_info.csv,ECL
0,0.57689464,0.40128887,0.63347363,0.41368312,0.18825409,long_term_forecast_96_96ETTh1_w501_prandomwalk.csv_Crossformer_ETTh1_ftMS_sl96_ll48_pl96_dm512_nh8_el2_dl1_df2048_expand2_dc4_fc3_ebtimeF_dtTrue_Exp_0,Crossformer,96,96,501,prandomwalk.csv,ETTh1
0,0.4479745,0.40416777,0.6357419,2.299205,616.5908,long_term_forecast_336_96ECL_w501_ipentropy.csv_PatchTST_ECL_ftMS_sl96_ll48_pl336_dm512_nh8_el2_dl1_df2048_expand2_dc4_fc3_ebtimeF_dtTrue_Exp_0,PatchTST,336,96,501,ipentropy.csv,ECL
0,0.57428086,0.40502512,0.63641584,0.41688174,0.19925787,long_term_forecast_96_96ETTh1_w1001_pentropy.csv_Crossformer_ETTh1_ftMS_sl96_ll48_pl96_dm512_nh8_el2_dl1_df2048_expand2_dc4_fc3_ebtimeF_dtTrue_Exp_0,Crossformer,96,96,1001,pentropy.csv,ETTh1
0,0.4918472,0.40680918,0.63781595,2.4858365,445.76248,long_term_forecast_96_96ECL_w1251_pfarm.csv_Autoformer_ECL_ftMS_sl96_ll48_pl96_dm512_nh8_el2_dl1_df2048_expand2_dc4_fc3_ebtimeF_dtTrue_Exp_0,Autoformer,96,96,1251,pfarm.csv,ECL
0,0.48536673,0.40694976,0.63792616,2.7463624,619.50665,long_term_forecast_336_96ECL_w501_ipfarm.csv_Autoformer_ECL_ftMS_sl96_ll48_pl336_dm512_nh8_el2_dl1_df2048_expand2_dc4_fc3_ebtimeF_dtTrue_Exp_0,Autoformer,336,96,501,ipfarm.csv,ECL
0,0.5803279,0.41149443,0.6414783,0.416451,0.19469804,long_term_forecast_192_96ETTh1.csv_Crossformer_ETTh1_ftMS_sl96_ll48_pl192_dm512_nh8_el2_dl1_df2048_expand2_dc4_fc3_ebtimeF_dtTrue_Exp_0,Crossformer,192,96,,identity,ETTh1
0,0.48511988,0.41462383,0.6439129,1.5676328,275.7094,long_term_forecast_96_96TrafficL_w1501_prollcorr.csv_Autoformer_Traffic_ftMS_sl96_ll48_pl96_dm512_nh8_el2_dl1_df2048_expand2_dc4_fc3_ebtimeF_dtTrue_Exp_0,Autoformer,96,96,1501,prollcorr.csv,TrafficL
0,0.554947,0.414964,0.64417696,1.061265,28.358145,long_term_forecast_96_96ETTh2_w1001_prollcov.csv_Crossformer_ETTh2_ftMS_sl96_ll48_pl96_dm512_nh8_el2_dl1_df2048_expand2_dc4_fc3_ebtimeF_dtTrue_Exp_0,Crossformer,96,96,1001,prollcov.csv,ETTh2
0,0.5081793,0.41545686,0.64455944,1.4512932,142.8216,long_term_forecast_96_96TrafficL_w1501_iprollcorr.csv_Autoformer_Traffic_ftMS_sl96_ll48_pl96_dm512_nh8_el2_dl1_df2048_expand2_dc4_fc3_ebtimeF_dtTrue_Exp_0,Autoformer,96,96,1501,iprollcorr.csv,TrafficL
0,0.47981966,0.41600972,0.6449882,2.0750902,502.41827,long_term_forecast_96_96ECL_w501_ipmutual_info.csv_Autoformer_ECL_ftMS_sl96_ll48_pl96_dm512_nh8_el2_dl1_df2048_expand2_dc4_fc3_ebtimeF_dtTrue_Exp_0,Autoformer,96,96,501,ipmutual_info.csv,ECL
0,0.47770825,0.41616672,0.64510983,2.399288,527.54834,long_term_forecast_96_96ECL_w751_ipfarm.csv_Autoformer_ECL_ftMS_sl96_ll48_pl96_dm512_nh8_el2_dl1_df2048_expand2_dc4_fc3_ebtimeF_dtTrue_Exp_0,Autoformer,96,96,751,ipfarm.csv,ECL
0,0.55385953,0.418133,0.646632,0.9221543,17.994213,long_term_forecast_96_96ETTh2_w1251_prollcorr.csv_Crossformer_ETTh2_ftMS_sl96_ll48_pl96_dm512_nh8_el2_dl1_df2048_expand2_dc4_fc3_ebtimeF_dtTrue_Exp_0,Crossformer,96,96,1251,prollcorr.csv,ETTh2
0,0.47790793,0.41943678,0.6476394,2.3864152,752.3248,long_term_forecast_96_96ECL_w501_iprollcov.csv_Autoformer_ECL_ftMS_sl96_ll48_pl96_dm512_nh8_el2_dl1_df2048_expand2_dc4_fc3_ebtimeF_dtTrue_Exp_0,Autoformer,96,96,501,iprollcov.csv,ECL
0,0.5038469,0.4205662,0.64851075,2.5107224,473.24225,long_term_forecast_96_96ECL_w1501_pfarm.csv_Autoformer_ECL_ftMS_sl96_ll48_pl96_dm512_nh8_el2_dl1_df2048_expand2_dc4_fc3_ebtimeF_dtTrue_Exp_0,Autoformer,96,96,1501,pfarm.csv,ECL
0,0.49094456,0.4318467,0.65715045,2.7040098,1028.6552,long_term_forecast_96_96ECL_w751_prollcov.csv_Autoformer_ECL_ftMS_sl96_ll48_pl96_dm512_nh8_el2_dl1_df2048_expand2_dc4_fc3_ebtimeF_dtTrue_Exp_0,Autoformer,96,96,751,prollcov.csv,ECL
0,0.48963052,0.43213874,0.6573726,2.8487723,959.4708,long_term_forecast_720_96ECL_w1501_pmutual_info.csv_iTransformer_ECL_ftMS_sl96_ll48_pl720_dm512_nh8_el3_dl1_df2048_expand2_dc4_fc3_ebtimeF_dtTrue_Exp_0,iTransformer,720,96,1501,pmutual_info.csv,ECL
0,0.51566476,0.43432963,0.6590369,0.7273436,8.5026865,long_term_forecast_96_96ETTh2_w751_iprollcorr.csv_Crossformer_ETTh2_ftMS_sl96_ll48_pl96_dm512_nh8_el2_dl1_df2048_expand2_dc4_fc3_ebtimeF_dtTrue_Exp_0,Crossformer,96,96,751,iprollcorr.csv,ETTh2
0,0.5992156,0.4363716,0.6605843,0.44556203,0.23357943,long_term_forecast_336_96ETTm1_w1501_prollcov.csv_Crossformer_ETTm1_ftMS_sl96_ll48_pl336_dm512_nh8_el2_dl1_df2048_expand2_dc4_fc1_ebtimeF_dtTrue_Exp_0,Crossformer,336,96,1501,prollcov.csv,ETTm1
0,0.5260704,0.44236857,0.66510797,0.7874354,11.314008,long_term_forecast_96_96ETTh2_w501_prollcorr.csv_Crossformer_ETTh2_ftMS_sl96_ll48_pl96_dm512_nh8_el2_dl1_df2048_expand2_dc4_fc3_ebtimeF_dtTrue_Exp_0,Crossformer,96,96,501,prollcorr.csv,ETTh2
0,0.6061176,0.44403285,0.6663579,0.43893832,0.21670124,long_term_forecast_96_96ETTh1_w1501_ipmutual_info.csv_Crossformer_ETTh1_ftMS_sl96_ll48_pl96_dm512_nh8_el2_dl1_df2048_expand2_dc4_fc3_ebtimeF_dtTrue_Exp_0,Crossformer,96,96,1501,ipmutual_info.csv,ETTh1
0,0.50607204,0.44725397,0.6687705,3.024045,1915.3398,long_term_forecast_96_96ECL_w1501_prollcov.csv_Autoformer_ECL_ftMS_sl96_ll48_pl96_dm512_nh8_el2_dl1_df2048_expand2_dc4_fc3_ebtimeF_dtTrue_Exp_0,Autoformer,96,96,1501,prollcov.csv,ECL
0,0.5083148,0.44947404,0.6704283,2.9171698,883.55585,long_term_forecast_720_96ECL.csv_Autoformer_ECL_ftMS_sl96_ll48_pl720_dm512_nh8_el2_dl1_df2048_expand2_dc4_fc3_ebtimeF_dtTrue_Exp_0,Autoformer,720,96,,identity,ECL
0,0.518032,0.45149705,0.6719353,2.8410623,890.78894,long_term_forecast_96_96ECL_w1001_pmutual_info.csv_Autoformer_ECL_ftMS_sl96_ll48_pl96_dm512_nh8_el2_dl1_df2048_expand2_dc4_fc3_ebtimeF_dtTrue_Exp_0,Autoformer,96,96,1001,pmutual_info.csv,ECL
0,0.5263664,0.451571,0.67199033,2.8854177,806.11584,long_term_forecast_96_96ECL_w501_pfarm.csv_Autoformer_ECL_ftMS_sl96_ll48_pl96_dm512_nh8_el2_dl1_df2048_expand2_dc4_fc3_ebtimeF_dtTrue_Exp_0,Autoformer,96,96,501,pfarm.csv,ECL
0,0.50605017,0.4527466,0.6728645,2.69929,778.27094,long_term_forecast_336_96ECL.csv_Autoformer_ECL_ftMS_sl96_ll48_pl336_dm512_nh8_el2_dl1_df2048_expand2_dc4_fc3_ebtimeF_dtTrue_Exp_0,Autoformer,336,96,,identity,ECL
0,0.52867365,0.45343828,0.6733783,2.9557605,757.33984,long_term_forecast_96_96ECL_w751_pfarm.csv_Autoformer_ECL_ftMS_sl96_ll48_pl96_dm512_nh8_el2_dl1_df2048_expand2_dc4_fc3_ebtimeF_dtTrue_Exp_0,Autoformer,96,96,751,pfarm.csv,ECL
0,0.51232296,0.45654503,0.6756812,2.7368813,784.25006,long_term_forecast_192_96ECL_w501_ipfarm.csv_Autoformer_ECL_ftMS_sl96_ll48_pl192_dm512_nh8_el2_dl1_df2048_expand2_dc4_fc3_ebtimeF_dtTrue_Exp_0,Autoformer,192,96,501,ipfarm.csv,ECL
0,0.50161517,0.4582008,0.67690533,2.8140216,866.2138,long_term_forecast_720_96ECL.csv_iTransformer_ECL_ftMS_sl96_ll48_pl720_dm512_nh8_el3_dl1_df2048_expand2_dc4_fc3_ebtimeF_dtTrue_Exp_0,iTransformer,720,96,,identity,ECL
0,0.5117235,0.4596231,0.6779551,3.0291774,2166.1104,long_term_forecast_96_96ECL_w1251_prollcov.csv_Autoformer_ECL_ftMS_sl96_ll48_pl96_dm512_nh8_el2_dl1_df2048_expand2_dc4_fc3_ebtimeF_dtTrue_Exp_0,Autoformer,96,96,1251,prollcov.csv,ECL
0,0.52318126,0.4633797,0.68072,0.79820114,13.046146,long_term_forecast_96_96ETTh2_w1001_pmutual_info.csv_Crossformer_ETTh2_ftMS_sl96_ll48_pl96_dm512_nh8_el2_dl1_df2048_expand2_dc4_fc3_ebtimeF_dtTrue_Exp_0,Crossformer,96,96,1001,pmutual_info.csv,ETTh2
0,0.5229234,0.4714152,0.6865968,2.9444983,1017.0198,long_term_forecast_192_96ECL.csv_Autoformer_ECL_ftMS_sl96_ll48_pl192_dm512_nh8_el2_dl1_df2048_expand2_dc4_fc3_ebtimeF_dtTrue_Exp_0,Autoformer,192,96,,identity,ECL
0,0.5201613,0.4739991,0.6884759,2.8101275,1157.287,long_term_forecast_96_96ECL_w1001_prollcov.csv_Autoformer_ECL_ftMS_sl96_ll48_pl96_dm512_nh8_el2_dl1_df2048_expand2_dc4_fc3_ebtimeF_dtTrue_Exp_0,Autoformer,96,96,1001,prollcov.csv,ECL
0,0.5302596,0.47469747,0.6889829,2.9864435,909.568,long_term_forecast_96_96ECL_w1501_pmutual_info.csv_Autoformer_ECL_ftMS_sl96_ll48_pl96_dm512_nh8_el2_dl1_df2048_expand2_dc4_fc3_ebtimeF_dtTrue_Exp_0,Autoformer,96,96,1501,pmutual_info.csv,ECL
0,0.5691517,0.4754793,0.6895501,0.91831976,19.738127,long_term_forecast_192_96ETTh2_w501_prollcov.csv_Crossformer_ETTh2_ftMS_sl96_ll48_pl192_dm512_nh8_el2_dl1_df2048_expand2_dc4_fc3_ebtimeF_dtTrue_Exp_0,Crossformer,192,96,501,prollcov.csv,ETTh2
0,0.52078927,0.47908583,0.69216025,2.5525947,734.9644,long_term_forecast_96_96ECL_w751_prollcorr.csv_Autoformer_ECL_ftMS_sl96_ll48_pl96_dm512_nh8_el2_dl1_df2048_expand2_dc4_fc3_ebtimeF_dtTrue_Exp_0,Autoformer,96,96,751,prollcorr.csv,ECL
0,0.5590008,0.4800966,0.69289005,1.401965,56.02137,long_term_forecast_96_96ETTh2_w1501_prollcov.csv_Crossformer_ETTh2_ftMS_sl96_ll48_pl96_dm512_nh8_el2_dl1_df2048_expand2_dc4_fc3_ebtimeF_dtTrue_Exp_0,Crossformer,96,96,1501,prollcov.csv,ETTh2
0,0.5314527,0.4848319,0.6962987,3.0049818,1237.9496,long_term_forecast_96_96ECL_w751_pmutual_info.csv_Autoformer_ECL_ftMS_sl96_ll48_pl96_dm512_nh8_el2_dl1_df2048_expand2_dc4_fc3_ebtimeF_dtTrue_Exp_0,Autoformer,96,96,751,pmutual_info.csv,ECL
0,0.4856675,0.48549047,0.69677144,1.3055599,83.0732,long_term_forecast_96_96TrafficL_w1501_iprollcov.csv_Autoformer_Traffic_ftMS_sl96_ll48_pl96_dm512_nh8_el2_dl1_df2048_expand2_dc4_fc3_ebtimeF_dtTrue_Exp_0,Autoformer,96,96,1501,iprollcov.csv,TrafficL
0,0.52199745,0.486661,0.6976109,2.773085,1121.9634,long_term_forecast_96_96ECL_w1501_ipfarm.csv_Autoformer_ECL_ftMS_sl96_ll48_pl96_dm512_nh8_el2_dl1_df2048_expand2_dc4_fc3_ebtimeF_dtTrue_Exp_0,Autoformer,96,96,1501,ipfarm.csv,ECL
0,0.6488941,0.49173176,0.7012359,0.480988,0.2574936,long_term_forecast_96_96ETTh1_w751_ipentropy.csv_Crossformer_ETTh1_ftMS_sl96_ll48_pl96_dm512_nh8_el2_dl1_df2048_expand2_dc4_fc3_ebtimeF_dtTrue_Exp_0,Crossformer,96,96,751,ipentropy.csv,ETTh1
0,0.6536306,0.4977684,0.70552707,0.48591113,0.26204455,long_term_forecast_96_96ETTh1_w501_pentropy.csv_Crossformer_ETTh1_ftMS_sl96_ll48_pl96_dm512_nh8_el2_dl1_df2048_expand2_dc4_fc3_ebtimeF_dtTrue_Exp_0,Crossformer,96,96,501,pentropy.csv,ETTh1
0,0.6556991,0.49906322,0.7064441,0.48750776,0.26136902,long_term_forecast_96_96ETTh1_w501_ipentropy.csv_Crossformer_ETTh1_ftMS_sl96_ll48_pl96_dm512_nh8_el2_dl1_df2048_expand2_dc4_fc3_ebtimeF_dtTrue_Exp_0,Crossformer,96,96,501,ipentropy.csv,ETTh1
0,0.6540748,0.4993879,0.7066738,0.476935,0.24751833,long_term_forecast_96_96ETTh1_w1501_pentropy.csv_Crossformer_ETTh1_ftMS_sl96_ll48_pl96_dm512_nh8_el2_dl1_df2048_expand2_dc4_fc3_ebtimeF_dtTrue_Exp_0,Crossformer,96,96,1501,pentropy.csv,ETTh1
0,0.6428687,0.5063693,0.7115963,0.47508514,0.25956032,long_term_forecast_336_96ETTm1.csv_Crossformer_ETTm1_ftMS_sl96_ll48_pl336_dm512_nh8_el2_dl1_df2048_expand2_dc4_fc1_ebtimeF_dtTrue_Exp_0,Crossformer,336,96,,identity,ETTm1
0,0.6491272,0.5070766,0.7120931,0.4634704,0.23462462,long_term_forecast_96_96ETTh1_w751_ipsmoothrandomwalk.csv_Crossformer_ETTh1_ftMS_sl96_ll48_pl96_dm512_nh8_el2_dl1_df2048_expand2_dc4_fc3_ebtimeF_dtTrue_Exp_0,Crossformer,96,96,751,ipsmoothrandomwalk.csv,ETTh1
0,0.523451,0.5077931,0.71259606,2.721182,982.07825,long_term_forecast_720_96ECL_w501_ipentropy.csv_PatchTST_ECL_ftMS_sl96_ll48_pl720_dm512_nh8_el2_dl1_df2048_expand2_dc4_fc3_ebtimeF_dtTrue_Exp_0,PatchTST,720,96,501,ipentropy.csv,ECL
0,0.5614982,0.5081079,0.7128169,2.9435554,1000.1081,long_term_forecast_96_96ECL_w1501_prollcorr.csv_Autoformer_ECL_ftMS_sl96_ll48_pl96_dm512_nh8_el2_dl1_df2048_expand2_dc4_fc3_ebtimeF_dtTrue_Exp_0,Autoformer,96,96,1501,prollcorr.csv,ECL
0,0.6622906,0.5094816,0.7137798,0.49114004,0.26710328,long_term_forecast_96_96ETTh1_w1001_ipentropy.csv_Crossformer_ETTh1_ftMS_sl96_ll48_pl96_dm512_nh8_el2_dl1_df2048_expand2_dc4_fc3_ebtimeF_dtTrue_Exp_0,Crossformer,96,96,1001,ipentropy.csv,ETTh1
0,0.5316557,0.51617646,0.71845424,2.6931212,1087.3646,long_term_forecast_96_96ECL_w1001_ipsmoothrandomwalk.csv_Autoformer_ECL_ftMS_sl96_ll48_pl96_dm512_nh8_el2_dl1_df2048_expand2_dc4_fc3_ebtimeF_dtTrue_Exp_0,Autoformer,96,96,1001,ipsmoothrandomwalk.csv,ECL
0,0.5469948,0.51745766,0.71934533,3.1968322,1090.0212,long_term_forecast_720_96ECL_w501_ipfarm.csv_Autoformer_ECL_ftMS_sl96_ll48_pl720_dm512_nh8_el2_dl1_df2048_expand2_dc4_fc3_ebtimeF_dtTrue_Exp_0,Autoformer,720,96,501,ipfarm.csv,ECL
0,0.57035613,0.5244772,0.724208,2.660104,798.95953,long_term_forecast_96_96ECL_w1251_prollcorr.csv_Autoformer_ECL_ftMS_sl96_ll48_pl96_dm512_nh8_el2_dl1_df2048_expand2_dc4_fc3_ebtimeF_dtTrue_Exp_0,Autoformer,96,96,1251,prollcorr.csv,ECL
0,0.56651926,0.52639747,0.72553253,2.857509,1018.8453,long_term_forecast_96_96ECL_w501_prollcorr.csv_Autoformer_ECL_ftMS_sl96_ll48_pl96_dm512_nh8_el2_dl1_df2048_expand2_dc4_fc3_ebtimeF_dtTrue_Exp_0,Autoformer,96,96,501,prollcorr.csv,ECL
0,0.56096184,0.52772254,0.72644514,3.058091,873.4455,long_term_forecast_96_96ECL_w1251_pmutual_info.csv_Autoformer_ECL_ftMS_sl96_ll48_pl96_dm512_nh8_el2_dl1_df2048_expand2_dc4_fc3_ebtimeF_dtTrue_Exp_0,Autoformer,96,96,1251,pmutual_info.csv,ECL
0,0.5854789,0.5297287,0.7278246,0.890317,14.833703,long_term_forecast_96_96ETTh2_w1001_ipfarm.csv_Crossformer_ETTh2_ftMS_sl96_ll48_pl96_dm512_nh8_el2_dl1_df2048_expand2_dc4_fc3_ebtimeF_dtTrue_Exp_0,Crossformer,96,96,1001,ipfarm.csv,ETTh2
0,0.6394149,0.5319783,0.72936845,0.99554044,17.80327,long_term_forecast_96_96ETTh2.csv_Crossformer_ETTh2_ftMS_sl96_ll48_pl96_dm512_nh8_el2_dl1_df2048_expand2_dc4_fc3_ebtimeF_dtTrue_Exp_0,Crossformer,96,96,,identity,ETTh2
0,0.5341903,0.5334176,0.7303544,2.4291842,1156.7119,long_term_forecast_96_96ECL_w751_ipmutual_info.csv_Autoformer_ECL_ftMS_sl96_ll48_pl96_dm512_nh8_el2_dl1_df2048_expand2_dc4_fc3_ebtimeF_dtTrue_Exp_0,Autoformer,96,96,751,ipmutual_info.csv,ECL
0,0.5658643,0.54408824,0.7376234,3.427545,2377.9375,long_term_forecast_96_96ECL_w501_prollcov.csv_Autoformer_ECL_ftMS_sl96_ll48_pl96_dm512_nh8_el2_dl1_df2048_expand2_dc4_fc3_ebtimeF_dtTrue_Exp_0,Autoformer,96,96,501,prollcov.csv,ECL
0,0.6480343,0.54530513,0.7384478,1.0265743,19.477985,long_term_forecast_96_96ETTh2_w751_ipentropy.csv_Crossformer_ETTh2_ftMS_sl96_ll48_pl96_dm512_nh8_el2_dl1_df2048_expand2_dc4_fc3_ebtimeF_dtTrue_Exp_0,Crossformer,96,96,751,ipentropy.csv,ETTh2
0,0.5734643,0.54908997,0.7410061,2.268591,414.6262,long_term_forecast_96_96ECL_w1501_ipmutual_info.csv_Autoformer_ECL_ftMS_sl96_ll48_pl96_dm512_nh8_el2_dl1_df2048_expand2_dc4_fc3_ebtimeF_dtTrue_Exp_0,Autoformer,96,96,1501,ipmutual_info.csv,ECL
0,0.5808912,0.54931164,0.7411556,1.9802635,313.197,long_term_forecast_96_96TrafficL_w751_iprollcorr.csv_Autoformer_Traffic_ftMS_sl96_ll48_pl96_dm512_nh8_el2_dl1_df2048_expand2_dc4_fc3_ebtimeF_dtTrue_Exp_0,Autoformer,96,96,751,iprollcorr.csv,TrafficL
0,0.6096341,0.5507346,0.74211496,0.8637034,12.988473,long_term_forecast_96_96ETTh2_w501_pmutual_info.csv_Crossformer_ETTh2_ftMS_sl96_ll48_pl96_dm512_nh8_el2_dl1_df2048_expand2_dc4_fc3_ebtimeF_dtTrue_Exp_0,Crossformer,96,96,501,pmutual_info.csv,ETTh2
0,0.648467,0.5521186,0.7430468,0.9774269,16.605152,long_term_forecast_96_96ETTh2_w751_pentropy.csv_Crossformer_ETTh2_ftMS_sl96_ll48_pl96_dm512_nh8_el2_dl1_df2048_expand2_dc4_fc3_ebtimeF_dtTrue_Exp_0,Crossformer,96,96,751,pentropy.csv,ETTh2
0,0.6943306,0.55613005,0.74574125,0.51460105,0.29091844,long_term_forecast_96_96ETTh1_w1501_ipentropy.csv_Crossformer_ETTh1_ftMS_sl96_ll48_pl96_dm512_nh8_el2_dl1_df2048_expand2_dc4_fc3_ebtimeF_dtTrue_Exp_0,Crossformer,96,96,1501,ipentropy.csv,ETTh1
0,0.6966414,0.5576604,0.7467666,0.51811564,0.29491416,long_term_forecast_96_96ETTh1_w1251_ipentropy.csv_Crossformer_ETTh1_ftMS_sl96_ll48_pl96_dm512_nh8_el2_dl1_df2048_expand2_dc4_fc3_ebtimeF_dtTrue_Exp_0,Crossformer,96,96,1251,ipentropy.csv,ETTh1
0,0.56964904,0.55767876,0.7467789,3.303872,2441.2737,long_term_forecast_96_96ECL_w1001_prollcorr.csv_Autoformer_ECL_ftMS_sl96_ll48_pl96_dm512_nh8_el2_dl1_df2048_expand2_dc4_fc3_ebtimeF_dtTrue_Exp_0,Autoformer,96,96,1001,prollcorr.csv,ECL
0,0.5497114,0.55797356,0.74697626,2.6285563,929.6715,long_term_forecast_96_96ECL_w501_ipsmoothrandomwalk.csv_Autoformer_ECL_ftMS_sl96_ll48_pl96_dm512_nh8_el2_dl1_df2048_expand2_dc4_fc3_ebtimeF_dtTrue_Exp_0,Autoformer,96,96,501,ipsmoothrandomwalk.csv,ECL
0,0.6957873,0.55921656,0.74780786,0.5127777,0.28651524,long_term_forecast_96_96ETTh1_w751_pentropy.csv_Crossformer_ETTh1_ftMS_sl96_ll48_pl96_dm512_nh8_el2_dl1_df2048_expand2_dc4_fc3_ebtimeF_dtTrue_Exp_0,Crossformer,96,96,751,pentropy.csv,ETTh1
0,0.6492803,0.57064795,0.75541246,1.1543906,22.229683,long_term_forecast_192_96ETTm2.csv_Crossformer_ETTm2_ftMS_sl96_ll48_pl192_dm512_nh8_el2_dl1_df2048_expand2_dc4_fc1_ebtimeF_dtTrue_Exp_0,Crossformer,192,96,,identity,ETTm2
0,0.6522926,0.5713422,0.7558718,1.1014035,25.440239,long_term_forecast_96_96ETTh2_w751_pfarm.csv_Crossformer_ETTh2_ftMS_sl96_ll48_pl96_dm512_nh8_el2_dl1_df2048_expand2_dc4_fc3_ebtimeF_dtTrue_Exp_0,Crossformer,96,96,751,pfarm.csv,ETTh2
0,0.6649099,0.57159925,0.7560418,1.2074863,30.722551,long_term_forecast_96_96ETTh2_w1501_prollcorr.csv_Crossformer_ETTh2_ftMS_sl96_ll48_pl96_dm512_nh8_el2_dl1_df2048_expand2_dc4_fc3_ebtimeF_dtTrue_Exp_0,Crossformer,96,96,1501,prollcorr.csv,ETTh2
0,0.704906,0.57211816,0.7563849,0.5119687,0.27890703,long_term_forecast_96_96ETTh1_w751_psmoothrandomwalk.csv_Crossformer_ETTh1_ftMS_sl96_ll48_pl96_dm512_nh8_el2_dl1_df2048_expand2_dc4_fc3_ebtimeF_dtTrue_Exp_0,Crossformer,96,96,751,psmoothrandomwalk.csv,ETTh1
0,0.5595995,0.5728254,0.75685227,2.3108027,681.1677,long_term_forecast_96_96ECL_w1001_ipmutual_info.csv_Autoformer_ECL_ftMS_sl96_ll48_pl96_dm512_nh8_el2_dl1_df2048_expand2_dc4_fc3_ebtimeF_dtTrue_Exp_0,Autoformer,96,96,1001,ipmutual_info.csv,ECL
0,0.5661852,0.57583916,0.7588407,2.654484,656.97107,long_term_forecast_96_96ECL_w501_iprollcorr.csv_Autoformer_ECL_ftMS_sl96_ll48_pl96_dm512_nh8_el2_dl1_df2048_expand2_dc4_fc3_ebtimeF_dtTrue_Exp_0,Autoformer,96,96,501,iprollcorr.csv,ECL
0,0.6408992,0.57869494,0.76072,1.2804657,38.235424,long_term_forecast_96_96ETTh2_w751_ipfarm.csv_Crossformer_ETTh2_ftMS_sl96_ll48_pl96_dm512_nh8_el2_dl1_df2048_expand2_dc4_fc3_ebtimeF_dtTrue_Exp_0,Crossformer,96,96,751,ipfarm.csv,ETTh2
0,0.5955077,0.57959425,0.7613109,0.90953815,16.708002,long_term_forecast_96_96ETTh2_w1001_iprollcorr.csv_Crossformer_ETTh2_ftMS_sl96_ll48_pl96_dm512_nh8_el2_dl1_df2048_expand2_dc4_fc3_ebtimeF_dtTrue_Exp_0,Crossformer,96,96,1001,iprollcorr.csv,ETTh2
0,0.5592416,0.5807405,0.7620633,2.9170918,1456.3885,long_term_forecast_96_96ECL_w1501_ipsmoothrandomwalk.csv_Autoformer_ECL_ftMS_sl96_ll48_pl96_dm512_nh8_el2_dl1_df2048_expand2_dc4_fc3_ebtimeF_dtTrue_Exp_0,Autoformer,96,96,1501,ipsmoothrandomwalk.csv,ECL
0,0.56056374,0.593995,0.7707107,3.0869963,2045.9374,long_term_forecast_96_96ECL_w1251_ipsmoothrandomwalk.csv_Autoformer_ECL_ftMS_sl96_ll48_pl96_dm512_nh8_el2_dl1_df2048_expand2_dc4_fc3_ebtimeF_dtTrue_Exp_0,Autoformer,96,96,1251,ipsmoothrandomwalk.csv,ECL
0,0.58002955,0.59450626,0.77104235,2.2293684,192.87515,long_term_forecast_96_96ECL_w1001_iprollcorr.csv_Autoformer_ECL_ftMS_sl96_ll48_pl96_dm512_nh8_el2_dl1_df2048_expand2_dc4_fc3_ebtimeF_dtTrue_Exp_0,Autoformer,96,96,1001,iprollcorr.csv,ECL
0,0.58872837,0.602426,0.7761611,2.8374693,1115.1971,long_term_forecast_96_96ECL_w1001_iprollcov.csv_Autoformer_ECL_ftMS_sl96_ll48_pl96_dm512_nh8_el2_dl1_df2048_expand2_dc4_fc3_ebtimeF_dtTrue_Exp_0,Autoformer,96,96,1001,iprollcov.csv,ECL
0,0.6864979,0.6042582,0.7773405,1.0443991,18.179308,long_term_forecast_96_96ETTh2_w1501_pentropy.csv_Crossformer_ETTh2_ftMS_sl96_ll48_pl96_dm512_nh8_el2_dl1_df2048_expand2_dc4_fc3_ebtimeF_dtTrue_Exp_0,Crossformer,96,96,1501,pentropy.csv,ETTh2
0,0.72808397,0.607491,0.7794171,0.5289609,0.296365,long_term_forecast_96_96ETTh1_w1001_psmoothrandomwalk.csv_Crossformer_ETTh1_ftMS_sl96_ll48_pl96_dm512_nh8_el2_dl1_df2048_expand2_dc4_fc3_ebtimeF_dtTrue_Exp_0,Crossformer,96,96,1001,psmoothrandomwalk.csv,ETTh1
0,0.6984825,0.61749476,0.7858083,1.1319555,23.58369,long_term_forecast_96_96ETTh2_w1001_pentropy.csv_Crossformer_ETTh2_ftMS_sl96_ll48_pl96_dm512_nh8_el2_dl1_df2048_expand2_dc4_fc3_ebtimeF_dtTrue_Exp_0,Crossformer,96,96,1001,pentropy.csv,ETTh2
0,0.582116,0.61909914,0.7868285,2.7080839,974.9804,long_term_forecast_96_96ECL_w751_iprollcorr.csv_Autoformer_ECL_ftMS_sl96_ll48_pl96_dm512_nh8_el2_dl1_df2048_expand2_dc4_fc3_ebtimeF_dtTrue_Exp_0,Autoformer,96,96,751,iprollcorr.csv,ECL
0,0.59642863,0.62418336,0.7900528,2.3500705,278.05295,long_term_forecast_96_96ECL_w1251_iprollcorr.csv_Autoformer_ECL_ftMS_sl96_ll48_pl96_dm512_nh8_el2_dl1_df2048_expand2_dc4_fc3_ebtimeF_dtTrue_Exp_0,Autoformer,96,96,1251,iprollcorr.csv,ECL
0,0.6472473,0.6316306,0.7947519,2.1852984,440.18152,long_term_forecast_96_96TrafficL_w501_iprollcorr.csv_Autoformer_Traffic_ftMS_sl96_ll48_pl96_dm512_nh8_el2_dl1_df2048_expand2_dc4_fc3_ebtimeF_dtTrue_Exp_0,Autoformer,96,96,501,iprollcorr.csv,TrafficL
0,0.5916624,0.63267815,0.7954107,2.5499685,790.9925,long_term_forecast_96_96ECL_w1251_ipmutual_info.csv_Autoformer_ECL_ftMS_sl96_ll48_pl96_dm512_nh8_el2_dl1_df2048_expand2_dc4_fc3_ebtimeF_dtTrue_Exp_0,Autoformer,96,96,1251,ipmutual_info.csv,ECL
0,0.5754977,0.6429888,0.8018658,2.7556314,1875.8162,long_term_forecast_96_96ECL_w751_iprollcov.csv_Autoformer_ECL_ftMS_sl96_ll48_pl96_dm512_nh8_el2_dl1_df2048_expand2_dc4_fc3_ebtimeF_dtTrue_Exp_0,Autoformer,96,96,751,iprollcov.csv,ECL
0,0.6108221,0.64326346,0.80203706,2.625283,1109.785,long_term_forecast_96_96ECL_w1501_iprollcov.csv_Autoformer_ECL_ftMS_sl96_ll48_pl96_dm512_nh8_el2_dl1_df2048_expand2_dc4_fc3_ebtimeF_dtTrue_Exp_0,Autoformer,96,96,1501,iprollcov.csv,ECL
0,0.71806014,0.64843565,0.805255,1.2051231,27.657963,long_term_forecast_96_96ETTh2_w501_ipfarm.csv_Crossformer_ETTh2_ftMS_sl96_ll48_pl96_dm512_nh8_el2_dl1_df2048_expand2_dc4_fc3_ebtimeF_dtTrue_Exp_0,Crossformer,96,96,501,ipfarm.csv,ETTh2
0,0.7666811,0.6676606,0.817105,0.56218624,0.3363285,long_term_forecast_96_96ETTh1_w1251_pentropy.csv_Crossformer_ETTh1_ftMS_sl96_ll48_pl96_dm512_nh8_el2_dl1_df2048_expand2_dc4_fc3_ebtimeF_dtTrue_Exp_0,Crossformer,96,96,1251,pentropy.csv,ETTh1
0,0.7681142,0.668689,0.81773406,0.56045204,0.33038408,long_term_forecast_96_96ETTh1_w1251_psmoothrandomwalk.csv_Crossformer_ETTh1_ftMS_sl96_ll48_pl96_dm512_nh8_el2_dl1_df2048_expand2_dc4_fc3_ebtimeF_dtTrue_Exp_0,Crossformer,96,96,1251,psmoothrandomwalk.csv,ETTh1
0,0.7331622,0.67255723,0.8200959,1.1547035,22.788568,long_term_forecast_96_96ETTh2_w501_ipentropy.csv_Crossformer_ETTh2_ftMS_sl96_ll48_pl96_dm512_nh8_el2_dl1_df2048_expand2_dc4_fc3_ebtimeF_dtTrue_Exp_0,Crossformer,96,96,501,ipentropy.csv,ETTh2
0,0.60980237,0.67817616,0.8235145,2.8277938,1219.7031,long_term_forecast_96_96ECL_w1251_iprollcov.csv_Autoformer_ECL_ftMS_sl96_ll48_pl96_dm512_nh8_el2_dl1_df2048_expand2_dc4_fc3_ebtimeF_dtTrue_Exp_0,Autoformer,96,96,1251,iprollcov.csv,ECL
0,0.61521566,0.67990583,0.82456404,2.4805214,475.3173,long_term_forecast_96_96ECL_w1501_iprollcorr.csv_Autoformer_ECL_ftMS_sl96_ll48_pl96_dm512_nh8_el2_dl1_df2048_expand2_dc4_fc3_ebtimeF_dtTrue_Exp_0,Autoformer,96,96,1501,iprollcorr.csv,ECL
0,0.68621486,0.68247503,0.8261205,1.219293,32.58886,long_term_forecast_96_96ETTh2_w751_prollcorr.csv_Crossformer_ETTh2_ftMS_sl96_ll48_pl96_dm512_nh8_el2_dl1_df2048_expand2_dc4_fc3_ebtimeF_dtTrue_Exp_0,Crossformer,96,96,751,prollcorr.csv,ETTh2
0,0.71248853,0.6894254,0.8303164,1.0552706,17.638458,long_term_forecast_96_96ETTh2_w1501_ipfarm.csv_Crossformer_ETTh2_ftMS_sl96_ll48_pl96_dm512_nh8_el2_dl1_df2048_expand2_dc4_fc3_ebtimeF_dtTrue_Exp_0,Crossformer,96,96,1501,ipfarm.csv,ETTh2
0,0.74590886,0.69465643,0.8334605,1.1532167,21.819956,long_term_forecast_96_96ETTh2_w501_pentropy.csv_Crossformer_ETTh2_ftMS_sl96_ll48_pl96_dm512_nh8_el2_dl1_df2048_expand2_dc4_fc3_ebtimeF_dtTrue_Exp_0,Crossformer,96,96,501,pentropy.csv,ETTh2
0,0.68781173,0.6965177,0.83457637,1.217903,26.354404,long_term_forecast_96_96ETTh2_w751_iprollcov.csv_Crossformer_ETTh2_ftMS_sl96_ll48_pl96_dm512_nh8_el2_dl1_df2048_expand2_dc4_fc3_ebtimeF_dtTrue_Exp_0,Crossformer,96,96,751,iprollcov.csv,ETTh2
0,0.739888,0.7099887,0.8426083,1.3002383,34.99482,long_term_forecast_336_96ETTh2_w501_prollcov.csv_Crossformer_ETTh2_ftMS_sl96_ll48_pl336_dm512_nh8_el2_dl1_df2048_expand2_dc4_fc3_ebtimeF_dtTrue_Exp_0,Crossformer,336,96,501,prollcov.csv,ETTh2
0,0.76207185,0.7276588,0.8530292,1.1184387,18.544231,long_term_forecast_96_96ETTh2_w1251_pentropy.csv_Crossformer_ETTh2_ftMS_sl96_ll48_pl96_dm512_nh8_el2_dl1_df2048_expand2_dc4_fc3_ebtimeF_dtTrue_Exp_0,Crossformer,96,96,1251,pentropy.csv,ETTh2
0,0.66067946,0.7288212,0.8537103,2.143859,350.92154,long_term_forecast_96_96TrafficL_w1251_iprollcorr.csv_Autoformer_Traffic_ftMS_sl96_ll48_pl96_dm512_nh8_el2_dl1_df2048_expand2_dc4_fc3_ebtimeF_dtTrue_Exp_0,Autoformer,96,96,1251,iprollcorr.csv,TrafficL
0,0.7627317,0.72920614,0.85393566,1.1706944,22.670042,long_term_forecast_96_96ETTh2_w1001_ipentropy.csv_Crossformer_ETTh2_ftMS_sl96_ll48_pl96_dm512_nh8_el2_dl1_df2048_expand2_dc4_fc3_ebtimeF_dtTrue_Exp_0,Crossformer,96,96,1001,ipentropy.csv,ETTh2
0,0.79245764,0.73042774,0.8546507,0.5716845,0.3477053,long_term_forecast_96_96ETTh1_w1501_ipsmoothrandomwalk.csv_Crossformer_ETTh1_ftMS_sl96_ll48_pl96_dm512_nh8_el2_dl1_df2048_expand2_dc4_fc3_ebtimeF_dtTrue_Exp_0,Crossformer,96,96,1501,ipsmoothrandomwalk.csv,ETTh1
0,0.74012506,0.73351914,0.8564573,1.2546463,29.576117,long_term_forecast_96_96ETTh2_w751_ipmutual_info.csv_Crossformer_ETTh2_ftMS_sl96_ll48_pl96_dm512_nh8_el2_dl1_df2048_expand2_dc4_fc3_ebtimeF_dtTrue_Exp_0,Crossformer,96,96,751,ipmutual_info.csv,ETTh2
0,0.8116013,0.7370398,0.8585102,0.5929386,0.36391053,long_term_forecast_96_96ETTh1_w1501_psmoothrandomwalk.csv_Crossformer_ETTh1_ftMS_sl96_ll48_pl96_dm512_nh8_el2_dl1_df2048_expand2_dc4_fc3_ebtimeF_dtTrue_Exp_0,Crossformer,96,96,1501,psmoothrandomwalk.csv,ETTh1
0,0.80482453,0.75214547,0.8672632,0.5805121,0.35806486,long_term_forecast_96_96ETTh1_w1001_ipsmoothrandomwalk.csv_Crossformer_ETTh1_ftMS_sl96_ll48_pl96_dm512_nh8_el2_dl1_df2048_expand2_dc4_fc3_ebtimeF_dtTrue_Exp_0,Crossformer,96,96,1001,ipsmoothrandomwalk.csv,ETTh1
0,0.778745,0.75350434,0.8680463,1.294815,31.667418,long_term_forecast_96_96ETTh2_w1251_ipmutual_info.csv_Crossformer_ETTh2_ftMS_sl96_ll48_pl96_dm512_nh8_el2_dl1_df2048_expand2_dc4_fc3_ebtimeF_dtTrue_Exp_0,Crossformer,96,96,1251,ipmutual_info.csv,ETTh2
0,0.7798518,0.76758826,0.87612116,1.1667179,22.336609,long_term_forecast_96_96ETTh2_w1501_ipmutual_info.csv_Crossformer_ETTh2_ftMS_sl96_ll48_pl96_dm512_nh8_el2_dl1_df2048_expand2_dc4_fc3_ebtimeF_dtTrue_Exp_0,Crossformer,96,96,1501,ipmutual_info.csv,ETTh2
0,0.8275494,0.7765914,0.88124424,0.60106695,0.37577748,long_term_forecast_96_96ETTh1_w501_ipsmoothrandomwalk.csv_Crossformer_ETTh1_ftMS_sl96_ll48_pl96_dm512_nh8_el2_dl1_df2048_expand2_dc4_fc3_ebtimeF_dtTrue_Exp_0,Crossformer,96,96,501,ipsmoothrandomwalk.csv,ETTh1
0,0.7474051,0.7848707,0.8859293,1.0115854,15.180375,long_term_forecast_96_96ETTh2_w751_pmutual_info.csv_Crossformer_ETTh2_ftMS_sl96_ll48_pl96_dm512_nh8_el2_dl1_df2048_expand2_dc4_fc3_ebtimeF_dtTrue_Exp_0,Crossformer,96,96,751,pmutual_info.csv,ETTh2
0,0.8096545,0.81204635,0.90113616,1.199338,21.340338,long_term_forecast_96_96ETTh2_w1501_ipentropy.csv_Crossformer_ETTh2_ftMS_sl96_ll48_pl96_dm512_nh8_el2_dl1_df2048_expand2_dc4_fc3_ebtimeF_dtTrue_Exp_0,Crossformer,96,96,1501,ipentropy.csv,ETTh2
0,0.80094504,0.8223365,0.9068277,1.1276103,16.774532,long_term_forecast_96_96ETTh2_w1501_iprollcorr.csv_Crossformer_ETTh2_ftMS_sl96_ll48_pl96_dm512_nh8_el2_dl1_df2048_expand2_dc4_fc3_ebtimeF_dtTrue_Exp_0,Crossformer,96,96,1501,iprollcorr.csv,ETTh2
0,0.863609,0.83118886,0.9116956,0.63216966,0.41691318,long_term_forecast_720_96ETTm1_w1501_prollcov.csv_Crossformer_ETTm1_ftMS_sl96_ll48_pl720_dm512_nh8_el2_dl1_df2048_expand2_dc4_fc1_ebtimeF_dtTrue_Exp_0,Crossformer,720,96,1501,prollcov.csv,ETTm1
0,0.8236838,0.83869314,0.9158019,1.462207,41.04012,long_term_forecast_96_96ETTh2_w1251_ipfarm.csv_Crossformer_ETTh2_ftMS_sl96_ll48_pl96_dm512_nh8_el2_dl1_df2048_expand2_dc4_fc3_ebtimeF_dtTrue_Exp_0,Crossformer,96,96,1251,ipfarm.csv,ETTh2
0,0.75792867,0.84078497,0.91694325,1.5476067,50.187412,long_term_forecast_336_96ETTm2.csv_Crossformer_ETTm2_ftMS_sl96_ll48_pl336_dm512_nh8_el2_dl1_df2048_expand2_dc4_fc1_ebtimeF_dtTrue_Exp_0,Crossformer,336,96,,identity,ETTm2
0,0.8519082,0.8870683,0.94184303,1.3199615,28.057827,long_term_forecast_96_96ETTh2_w1251_ipentropy.csv_Crossformer_ETTh2_ftMS_sl96_ll48_pl96_dm512_nh8_el2_dl1_df2048_expand2_dc4_fc3_ebtimeF_dtTrue_Exp_0,Crossformer,96,96,1251,ipentropy.csv,ETTh2
0,0.88694155,0.89137405,0.94412607,0.6456586,0.43469617,long_term_forecast_96_96ETTh1_w1251_ipsmoothrandomwalk.csv_Crossformer_ETTh1_ftMS_sl96_ll48_pl96_dm512_nh8_el2_dl1_df2048_expand2_dc4_fc3_ebtimeF_dtTrue_Exp_0,Crossformer,96,96,1251,ipsmoothrandomwalk.csv,ETTh1
0,0.75109166,0.89851063,0.94789803,2.5364327,487.0969,long_term_forecast_96_96TrafficL_w1001_iprollcorr.csv_Autoformer_Traffic_ftMS_sl96_ll48_pl96_dm512_nh8_el2_dl1_df2048_expand2_dc4_fc3_ebtimeF_dtTrue_Exp_0,Autoformer,96,96,1001,iprollcorr.csv,TrafficL
0,0.8466076,0.9350117,0.96696,1.1826274,17.034672,long_term_forecast_96_96ETTh2_w501_iprollcov.csv_Crossformer_ETTh2_ftMS_sl96_ll48_pl96_dm512_nh8_el2_dl1_df2048_expand2_dc4_fc3_ebtimeF_dtTrue_Exp_0,Crossformer,96,96,501,iprollcov.csv,ETTh2
0,0.9136867,0.9409314,0.9700162,0.6889606,0.5259257,long_term_forecast_720_96ETTm1.csv_Crossformer_ETTm1_ftMS_sl96_ll48_pl720_dm512_nh8_el2_dl1_df2048_expand2_dc4_fc1_ebtimeF_dtTrue_Exp_0,Crossformer,720,96,,identity,ETTm1
0,0.8944014,0.97681415,0.98833907,1.4145088,32.278236,long_term_forecast_96_96ETTh2_w1251_iprollcorr.csv_Crossformer_ETTh2_ftMS_sl96_ll48_pl96_dm512_nh8_el2_dl1_df2048_expand2_dc4_fc3_ebtimeF_dtTrue_Exp_0,Crossformer,96,96,1251,iprollcorr.csv,ETTh2
0,0.893646,0.97966796,0.9897818,1.4895545,36.956444,long_term_forecast_96_96ETTh2_w751_ipsmoothrandomwalk.csv_Crossformer_ETTh2_ftMS_sl96_ll48_pl96_dm512_nh8_el2_dl1_df2048_expand2_dc4_fc3_ebtimeF_dtTrue_Exp_0,Crossformer,96,96,751,ipsmoothrandomwalk.csv,ETTh2
0,0.85497475,0.99506354,0.99752873,1.6681931,58.486885,long_term_forecast_96_96ETTh2_w501_iprandomwalk.csv_Crossformer_ETTh2_ftMS_sl96_ll48_pl96_dm512_nh8_el2_dl1_df2048_expand2_dc4_fc3_ebtimeF_dtTrue_Exp_0,Crossformer,96,96,501,iprandomwalk.csv,ETTh2
0,0.81226444,1.0024513,1.0012249,1.5175146,46.413254,long_term_forecast_720_96ETTm2_w501_iprollcorr.csv_Crossformer_ETTm2_ftMS_sl96_ll48_pl720_dm512_nh8_el2_dl1_df2048_expand2_dc4_fc1_ebtimeF_dtTrue_Exp_0,Crossformer,720,96,501,iprollcorr.csv,ETTm2
0,0.896414,1.007154,1.0035707,1.6539704,49.06187,long_term_forecast_96_96ETTh2_w501_ipsmoothrandomwalk.csv_Crossformer_ETTh2_ftMS_sl96_ll48_pl96_dm512_nh8_el2_dl1_df2048_expand2_dc4_fc3_ebtimeF_dtTrue_Exp_0,Crossformer,96,96,501,ipsmoothrandomwalk.csv,ETTh2
0,0.91224825,1.0201273,1.0100135,1.34604,25.529886,long_term_forecast_96_96ETTh2_w1501_iprollcov.csv_Crossformer_ETTh2_ftMS_sl96_ll48_pl96_dm512_nh8_el2_dl1_df2048_expand2_dc4_fc3_ebtimeF_dtTrue_Exp_0,Crossformer,96,96,1501,iprollcov.csv,ETTh2
0,0.8757767,1.0366693,1.0181695,1.4169972,31.858318,long_term_forecast_192_96ETTh2.csv_Crossformer_ETTh2_ftMS_sl96_ll48_pl192_dm512_nh8_el2_dl1_df2048_expand2_dc4_fc3_ebtimeF_dtTrue_Exp_0,Crossformer,192,96,,identity,ETTh2
0,0.915428,1.0374783,1.0185668,1.4725255,33.56626,long_term_forecast_96_96ETTh2_w1001_prollcorr.csv_Crossformer_ETTh2_ftMS_sl96_ll48_pl96_dm512_nh8_el2_dl1_df2048_expand2_dc4_fc3_ebtimeF_dtTrue_Exp_0,Crossformer,96,96,1001,prollcorr.csv,ETTh2
0,0.8721846,1.0718689,1.035311,1.1727146,14.127322,long_term_forecast_96_96ETTh2_w1001_iprollcov.csv_Crossformer_ETTh2_ftMS_sl96_ll48_pl96_dm512_nh8_el2_dl1_df2048_expand2_dc4_fc3_ebtimeF_dtTrue_Exp_0,Crossformer,96,96,1001,iprollcov.csv,ETTh2
0,0.9934046,1.0784702,1.0384942,0.73304284,0.5479441,long_term_forecast_96_96ETTh1_w501_iprandomwalk.csv_Crossformer_ETTh1_ftMS_sl96_ll48_pl96_dm512_nh8_el2_dl1_df2048_expand2_dc4_fc3_ebtimeF_dtTrue_Exp_0,Crossformer,96,96,501,iprandomwalk.csv,ETTh1
0,0.9557827,1.1577481,1.075987,1.6045289,41.79426,long_term_forecast_96_96ETTh2_w1001_ipsmoothrandomwalk.csv_Crossformer_ETTh2_ftMS_sl96_ll48_pl96_dm512_nh8_el2_dl1_df2048_expand2_dc4_fc3_ebtimeF_dtTrue_Exp_0,Crossformer,96,96,1001,ipsmoothrandomwalk.csv,ETTh2
0,1.0048782,1.1940069,1.0927062,1.5974916,36.655285,long_term_forecast_96_96ETTh2_w1251_iprollcov.csv_Crossformer_ETTh2_ftMS_sl96_ll48_pl96_dm512_nh8_el2_dl1_df2048_expand2_dc4_fc3_ebtimeF_dtTrue_Exp_0,Crossformer,96,96,1251,iprollcov.csv,ETTh2
0,1.0297351,1.2367638,1.1120988,1.6995859,44.81897,long_term_forecast_96_96ETTh2_w501_pfarm.csv_Crossformer_ETTh2_ftMS_sl96_ll48_pl96_dm512_nh8_el2_dl1_df2048_expand2_dc4_fc3_ebtimeF_dtTrue_Exp_0,Crossformer,96,96,501,pfarm.csv,ETTh2
0,1.0809796,1.4192251,1.1913123,1.7862257,56.553974,long_term_forecast_336_96ETTh2.csv_Crossformer_ETTh2_ftMS_sl96_ll48_pl336_dm512_nh8_el2_dl1_df2048_expand2_dc4_fc3_ebtimeF_dtTrue_Exp_0,Crossformer,336,96,,identity,ETTh2
0,1.0009261,1.474366,1.2142347,1.603151,40.044876,long_term_forecast_720_96ETTm2.csv_Crossformer_ETTm2_ftMS_sl96_ll48_pl720_dm512_nh8_el2_dl1_df2048_expand2_dc4_fc1_ebtimeF_dtTrue_Exp_0,Crossformer,720,96,,identity,ETTm2
0,1.1234945,1.5348743,1.2389004,1.8106681,46.887585,long_term_forecast_96_96ETTh2_w1251_ipsmoothrandomwalk.csv_Crossformer_ETTh2_ftMS_sl96_ll48_pl96_dm512_nh8_el2_dl1_df2048_expand2_dc4_fc3_ebtimeF_dtTrue_Exp_0,Crossformer,96,96,1251,ipsmoothrandomwalk.csv,ETTh2
0,1.1880461,1.6325687,1.2777201,2.0146089,62.1808,long_term_forecast_96_96ETTh2_w1501_ipsmoothrandomwalk.csv_Crossformer_ETTh2_ftMS_sl96_ll48_pl96_dm512_nh8_el2_dl1_df2048_expand2_dc4_fc3_ebtimeF_dtTrue_Exp_0,Crossformer,96,96,1501,ipsmoothrandomwalk.csv,ETTh2
0,1.247429,1.7832544,1.3353854,1.9030211,58.19081,long_term_forecast_720_96ETTh2.csv_Crossformer_ETTh2_ftMS_sl96_ll48_pl720_dm512_nh8_el2_dl1_df2048_expand2_dc4_fc3_ebtimeF_dtTrue_Exp_0,Crossformer,720,96,,identity,ETTh2
0,1.2616714,1.8194879,1.348884,1.7706451,40.83272,long_term_forecast_720_96ETTh2_w501_prollcov.csv_Crossformer_ETTh2_ftMS_sl96_ll48_pl720_dm512_nh8_el2_dl1_df2048_expand2_dc4_fc3_ebtimeF_dtTrue_Exp_0,Crossformer,720,96,501,prollcov.csv,ETTh2
