model_name,pred_len,dataset,mse,pwindow,pconstructor,mse_identity,mse_diff,improvement
iTransformer,192,ETTm2,0.10467019,1501,iprollcorr.csv,0.12018147,0.015511280000000002,12.906548738337117
iTransformer,192,ETTm2,0.10529768,501,ipmutual,0.12018147,0.014883789999999994,12.384429979097439
iTransformer,192,ETTm2,0.10603403,1251,iprollcorr.csv,0.12018147,0.014147439999999997,11.771731532323574
iTransformer,96,ETTm2,0.06817696,751,iprollcov.csv,0.0758165,0.00763954,10.07635541076151
iTransformer,96,Weather,0.0012668977,1251,ipmutual,0.0013943221,0.00012742440000000003,9.138806592823856
TimeXer,96,ETTh2,0.13148762,501,prollcov.csv,0.14430724,0.012819620000000004,8.88355982693592
iTransformer,96,ETTm2,0.06930745,1001,prollcorr.csv,0.0758165,0.0065090499999999885,8.585268378255378
iTransformer,192,ETTm2,0.110248454,501,pfarm.csv,0.12018147,0.009933016000000003,8.265014565057328
TimeXer,96,ETTh2,0.13249215,1001,prollcov.csv,0.14430724,0.01181509,8.18745476664927
iTransformer,96,ETTm2,0.06963253,1001,iprollcov.csv,0.0758165,0.006183969999999997,8.156496277195593
iTransformer,192,ETTm2,0.110434026,1501,iprollcov.csv,0.12018147,0.009747443999999994,8.110604737984978
iTransformer,96,ETTm2,0.06969594,1501,prollcov.csv,0.0758165,0.006120559999999997,8.072860129391355
TimeXer,96,ETTh2,0.13275003,1501,pmutual,0.14430724,0.011557210000000012,8.008752714001051
TimeXer,96,ETTh2,0.13281535,501,prollcorr.csv,0.14430724,0.011491890000000005,7.96348817980304
TimeXer,96,ETTh2,0.13316384,751,ipentropy.csv,0.14430724,0.011143399999999998,7.721996484722456
iTransformer,96,ETTm2,0.07050209,1251,ipfarm.csv,0.0758165,0.005314409999999992,7.009569157109589
iTransformer,192,ETTm2,0.11195598,751,ipmutual,0.12018147,0.008225490000000002,6.844224821014423
iTransformer,96,ETTm2,0.07072228,751,ipfarm.csv,0.0758165,0.0050942199999999965,6.719144249602654
iTransformer,96,ETTm2,0.07077638,501,iprollcorr.csv,0.0758165,0.005040119999999995,6.647787750687509
iTransformer,96,Weather,0.0013018474,1001,prollcorr.csv,0.0013943221,9.247469999999996e-05,6.632233685459046
iTransformer,192,ETTm2,0.11234597,1001,iprollcorr.csv,0.12018147,0.007835499999999995,6.519723880894447
iTransformer,96,Weather,0.0013034736,1501,pentropy.csv,0.0013943221,9.084849999999988e-05,6.515603532354532
iTransformer,96,ETTm2,0.070926026,1501,pfarm.csv,0.0758165,0.004890473999999992,6.450408552228066
iTransformer,192,ETTm2,0.11245576,1001,ipmutual,0.12018147,0.007725709999999997,6.4283703635843334
iTransformer,96,Weather,0.001305675,751,pfarm.csv,0.0013943221,8.864709999999989e-05,6.357720357441074
TimeXer,96,ETTh2,0.13520916,1251,pmutual,0.14430724,0.009098080000000008,6.304659419721428
TimeXer,96,ETTh2,0.13522576,1251,pfarm.csv,0.14430724,0.009081480000000003,6.2931561853722675
iTransformer,96,ETTm2,0.07109724,1001,iprollcorr.csv,0.0758165,0.004719259999999989,6.224581720337907
iTransformer,96,ETTm2,0.07113162,751,pfarm.csv,0.0758165,0.0046848799999999885,6.179235390713089
iTransformer,96,Weather,0.0013111434,1251,pentropy.csv,0.0013943221,8.317869999999996e-05,5.965529772496611
iTransformer,96,ETTm2,0.071331345,1001,ipfarm.csv,0.0758165,0.004485154999999991,5.915803288202424
iTransformer,96,Weather,0.0013122847,1001,ipfarm.csv,0.0013943221,8.20374e-05,5.883676375781464
iTransformer,96,ETTm2,0.07135704,1251,pfarm.csv,0.0758165,0.004459459999999998,5.881912248652996
iTransformer,96,ETTm2,0.071397446,1251,iprollcorr.csv,0.0758165,0.004419053999999992,5.828617781089858
iTransformer,96,Weather,0.0013148849,751,pentropy.csv,0.0013943221,7.943719999999998e-05,5.697191488250812
iTransformer,192,ETTm2,0.11334961,501,iprollcov.csv,0.12018147,0.006831859999999995,5.684620099920558
iTransformer,96,Weather,0.0013154194,501,ipentropy.csv,0.0013943221,7.890269999999986e-05,5.658857447644261
iTransformer,96,Weather,0.001315564,501,pfarm.csv,0.0013943221,7.875809999999999e-05,5.648486816640143
iTransformer,192,ETTh2,0.18304768,1501,prollcorr.csv,0.19396114,0.010913460000000014,5.626621909935162
iTransformer,96,Traffic,0.14766572,501,iprollcorr.csv,0.15639566,0.008729939999999992,5.5819579648182005
iTransformer,96,Weather,0.0013171938,1501,ipentropy.csv,0.0013943221,7.712829999999998e-05,5.531598473552128
iTransformer,96,Weather,0.0013172443,1251,ipentropy.csv,0.0013943221,7.707779999999989e-05,5.527976641839063
iTransformer,96,Weather,0.0013180161,1001,pfarm.csv,0.0013943221,7.630599999999994e-05,5.472623578153136
iTransformer,96,Weather,0.0013191027,501,prollcorr.csv,0.0013943221,7.521939999999999e-05,5.394693234798472
iTransformer,96,ETTm2,0.07173591,1501,prollcorr.csv,0.0758165,0.004080589999999995,5.382192530649654
iTransformer,96,Weather,0.0013193506,1501,prollcorr.csv,0.0013943221,7.497150000000002e-05,5.376913985656544
iTransformer,192,ETTh2,0.18353656,1251,prollcorr.csv,0.19396114,0.010424580000000017,5.374571421883794
iTransformer,192,ETTm2,0.113736846,1251,prollcov.csv,0.12018147,0.006444623999999996,5.362410694427349
iTransformer,96,ETTm2,0.071772374,501,ipfarm.csv,0.0758165,0.004044125999999995,5.3340974589963865
iTransformer,192,ETTm2,0.11378897,751,iprollcorr.csv,0.12018147,0.006392499999999995,5.319039615674526
iTransformer,192,Weather,0.001500696,1001,prollcorr.csv,0.0015828296,8.213360000000006e-05,5.189036141350911
iTransformer,96,Weather,0.0013234564,751,ipmutual,0.0013943221,7.086570000000006e-05,5.0824483094688135
TimeXer,96,ETTh2,0.13698012,1251,prollcov.csv,0.14430724,0.0073271199999999925,5.077444485806805
iTransformer,96,Weather,0.0013238742,1001,ipentropy.csv,0.0013943221,7.044790000000005e-05,5.052483927494232
iTransformer,192,ETTh2,0.18421547,1001,pmutual,0.19396114,0.009745670000000012,5.024547700637361
iTransformer,96,Weather,0.001324808,1001,pentropy.csv,0.0013943221,6.951409999999994e-05,4.985512314550557
iTransformer,96,Weather,0.0013254612,1001,pmutual,0.0013943221,6.886089999999989e-05,4.938665176432325
iTransformer,192,ETTm2,0.11424929,1501,prollcov.csv,0.12018147,0.005932179999999995,4.936018838844287
iTransformer,96,Weather,0.0013257765,751,ipentropy.csv,0.0013943221,6.854559999999992e-05,4.916052037043659
iTransformer,96,ETTm2,0.072146714,1501,ipmutual,0.0758165,0.0036697859999999943,4.840352693674853
iTransformer,192,ETTh2,0.18461345,1001,prollcov.csv,0.19396114,0.009347689999999992,4.819362270194943
iTransformer,96,Weather,0.0013288897,1501,iprollcorr.csv,0.0013943221,6.543239999999995e-05,4.692775076863513
iTransformer,96,ETTm2,0.072298765,501,pentropy.csv,0.0758165,0.003517734999999994,4.63980136250024
iTransformer,192,ETTm2,0.11466244,1001,iprollcov.csv,0.12018147,0.005519029999999994,4.592247041078791
iTransformer,96,Weather,0.0013306867,501,ipfarm.csv,0.0013943221,6.363539999999996e-05,4.563895243430478
TimeXer,96,ETTh2,0.13772123,1501,pfarm.csv,0.14430724,0.006586010000000003,4.563880509390938
iTransformer,96,Weather,0.0013307786,1251,prollcov.csv,0.0013943221,6.354350000000006e-05,4.557304226907116
iTransformer,96,ETTm2,0.07236734,1251,ipentropy.csv,0.0758165,0.003449159999999993,4.549352713459462
iTransformer,96,Weather,0.0013320518,1251,iprollcorr.csv,0.0013943221,6.22703e-05,4.46599103607409
iTransformer,192,ETTh2,0.18530121,751,prollcov.csv,0.19396114,0.00865993000000001,4.464775779313325
TimeXer,96,ETTh2,0.13788319,1251,prollcorr.csv,0.14430724,0.0064240500000000145,4.451647748234956
TimeXer,96,ETTh2,0.13789001,1501,prollcov.csv,0.14430724,0.006417229999999996,4.446921720628844
iTransformer,192,Weather,0.0015129161,501,prollcorr.csv,0.0015828296,6.991349999999996e-05,4.416994728933548
iTransformer,96,ETTm2,0.07250956,1501,pentropy.csv,0.0758165,0.0033069399999999943,4.3617682166810585
iTransformer,192,ETTh2,0.18578961,501,prollcov.csv,0.19396114,0.00817153000000001,4.212972763513356
iTransformer,192,ETTm2,0.115127675,1001,prollcorr.csv,0.12018147,0.005053795,4.2051366154865635
iTransformer,96,ETTm2,0.072648704,1251,prollcov.csv,0.0758165,0.0031677960000000005,4.178240884240239
iTransformer,96,ETTm2,0.07266418,501,ipentropy.csv,0.0758165,0.00315232,4.157828441038561
iTransformer,96,Weather,0.0013367725,1001,iprollcorr.csv,0.0013943221,5.754960000000004e-05,4.127425076314866
TimeXer,96,ETTh2,0.13845225,1001,pmutual,0.14430724,0.005854990000000004,4.0573085591547615
iTransformer,192,ETTh2,0.18612486,1501,pmutual,0.19396114,0.007836280000000001,4.040128862925842
iTransformer,96,ETTm2,0.0728432,1251,prollcorr.csv,0.0758165,0.002973299999999998,3.9217056973086315
iTransformer,192,ETTh2,0.18646243,1001,prollcorr.csv,0.19396114,0.007498709999999992,3.866088846456559
iTransformer,192,ETTh2,0.18646993,501,ipmutual,0.19396114,0.007491209999999998,3.86222209252843
iTransformer,192,ETTh2,0.18664193,1251,prollcov.csv,0.19396114,0.007319209999999993,3.7735445357765953
TimeXer,96,ETTh2,0.13890524,1501,prollcorr.csv,0.14430724,0.00540199999999999,3.743401924948457
iTransformer,96,ETTm2,0.07298131,1251,pmutual,0.0758165,0.0028351900000000013,3.7395421840892173
iTransformer,192,ETTh2,0.18671884,1501,prollcov.csv,0.19396114,0.007242300000000007,3.733892263161583
iTransformer,96,ETTh2,0.13199979,1251,prollcorr.csv,0.13711844,0.005118650000000002,3.7330135902946404
iTransformer,192,ETTh2,0.18675652,1251,pmutual,0.19396114,0.007204619999999995,3.714465691426641
iTransformer,96,ETTm2,0.073040724,1251,pentropy.csv,0.0758165,0.0027757759999999937,3.6611766567963353
iTransformer,96,ETTm2,0.073066555,501,ipmutual,0.0758165,0.0027499449999999898,3.627106236769028
iTransformer,96,Weather,0.0013444514,1251,pmutual,0.0013943221,4.987070000000006e-05,3.576698669554191
iTransformer,192,Weather,0.0015266644,1251,prollcorr.csv,0.0015828296,5.6165200000000016e-05,3.548404705092703
iTransformer,192,ETTm2,0.11597532,1251,pentropy.csv,0.12018147,0.004206149999999992,3.4998323784856282
iTransformer,192,ETTm2,0.115988865,1001,pmutual,0.12018147,0.004192605000000002,3.488561922233105
iTransformer,192,ETTm2,0.11600122,751,pentropy.csv,0.12018147,0.0041802499999999965,3.4782816352637367
iTransformer,192,ETTh2,0.18724482,751,prollcorr.csv,0.19396114,0.006716319999999998,3.462714232345715
iTransformer,96,Weather,0.0013461174,501,pmutual,0.0013943221,4.8204700000000064e-05,3.457214082743153
iTransformer,96,Weather,0.0013474997,751,ipfarm.csv,0.0013943221,4.6822399999999886e-05,3.3580763010211117
iTransformer,96,ETTh2,0.1325259,1501,pmutual,0.13711844,0.004592540000000006,3.3493234024541163
iTransformer,96,ETTm2,0.07328979,751,ipmutual,0.0758165,0.0025267100000000015,3.332665053121684
iTransformer,96,Weather,0.0013479175,1251,pfarm.csv,0.0013943221,4.640459999999988e-05,3.3281119190465303
iTransformer,192,ETTm2,0.116229065,501,ipentropy.csv,0.12018147,0.003952404999999992,3.288697500538138
iTransformer,192,Weather,0.0015308182,1501,prollcorr.csv,0.0015828296,5.201139999999995e-05,3.285975950917265
TimeXer,96,ETTh2,0.13966587,1251,iprollcorr.csv,0.14430724,0.004641370000000006,3.216311253683464
iTransformer,96,Weather,0.0013496596,1001,ipmutual,0.0013943221,4.4662499999999954e-05,3.2031694828619552
iTransformer,96,ETTm2,0.07346365,751,iprollcorr.csv,0.0758165,0.0023528499999999897,3.1033482157577703
iTransformer,192,ETTh2,0.18797532,1251,ipfarm.csv,0.19396114,0.005985820000000003,3.0860923997456413
iTransformer,96,Traffic,0.15160672,1001,iprollcorr.csv,0.15639566,0.0047889399999999915,3.0620670675899775
iTransformer,192,ETTh2,0.18809061,501,iprollcorr.csv,0.19396114,0.005870530000000013,3.0266526583623983
iTransformer,192,ETTh1,0.0703008,1251,pmutual,0.07248679,0.0021859899999999988,3.015708103504099
iTransformer,96,ETTm2,0.07353659,1001,pentropy.csv,0.0758165,0.002279909999999996,3.007142244762019
TimeXer,96,ETTh2,0.13997908,751,pmutual,0.14430724,0.0043281599999999976,2.9992673964244605
iTransformer,192,ETTh1,0.07036723,1501,pmutual,0.07248679,0.0021195599999999926,2.9240638190765416
iTransformer,192,Weather,0.0015375492,751,iprollcov.csv,0.0015828296,4.528039999999989e-05,2.8607248689309253
iTransformer,192,ETTm2,0.116747595,751,iprollcov.csv,0.12018147,0.003433875000000003,2.8572416363354542
iTransformer,96,Weather,0.0013544966,501,pentropy.csv,0.0013943221,3.9825500000000014e-05,2.8562625522467164
iTransformer,96,ETTh1,0.05703763,751,pmutual,0.058687977,0.0016503470000000034,2.8120700088196995
iTransformer,96,Weather,0.0013552767,1501,prollcov.csv,0.0013943221,3.904540000000006e-05,2.8003142172099302
TimeXer,96,Weather,0.0012973044,501,ipmutual,0.0013344327,3.712830000000009e-05,2.78232840067544
iTransformer,192,Weather,0.0015388869,751,prollcorr.csv,0.0015828296,4.394269999999996e-05,2.776211665488184
iTransformer,96,Weather,0.0013563125,1001,iprollcov.csv,0.0013943221,3.800959999999986e-05,2.7260272214002677
iTransformer,96,ETTh2,0.13339847,1251,prollcov.csv,0.13711844,0.003719970000000017,2.712961145123892
TimeXer,96,Traffic,0.16395408,501,iprollcorr.csv,0.1684373,0.00448322000000001,2.6616551084587616
iTransformer,192,Weather,0.0015411149,751,ipfarm.csv,0.0015828296,4.171470000000001e-05,2.635451093408918
TimeXer,96,ETTh2,0.14050493,751,prollcorr.csv,0.14430724,0.003802310000000003,2.6348712649483166
iTransformer,96,ETTm2,0.0738611,751,pentropy.csv,0.0758165,0.001955399999999996,2.5791219589403314
TimeXer,96,ETTm2,0.06609039,1251,pentropy.csv,0.06781768,0.0017272900000000063,2.5469612053965958
iTransformer,96,ETTm2,0.07391676,1501,ipentropy.csv,0.0758165,0.001899739999999997,2.5057078604261567
iTransformer,192,ETTm2,0.117174216,1001,pentropy.csv,0.12018147,0.003007254000000001,2.5022609558694873
iTransformer,192,ETTm2,0.11730139,1501,prollcorr.csv,0.12018147,0.002880079999999993,2.396442646274832
TimeXer,96,ETTh2,0.14085871,1251,iprollcov.csv,0.14430724,0.003448530000000005,2.3897137801263506
TimeXer,96,ETTm2,0.06619869,501,iprollcov.csv,0.06781768,0.0016189900000000007,2.387268334746928
iTransformer,192,ETTh2,0.18933229,751,pmutual,0.19396114,0.004628850000000018,2.386483189364642
TimeXer,96,ETTh1,0.055289656,751,pmutual,0.056639295,0.0013496389999999997,2.3828668771389188
TimeXer,96,ETTm2,0.066237,501,prollcorr.csv,0.06781768,0.001580680000000001,2.330778640614071
iTransformer,96,ETTh2,0.13395973,1001,pmutual,0.13711844,0.003158710000000009,2.303636184892425
iTransformer,96,Weather,0.001362582,1501,ipfarm.csv,0.0013943221,3.174009999999997e-05,2.2763821931819037
iTransformer,96,Weather,0.0013626365,1501,ipmutual,0.0013943221,3.1685600000000034e-05,2.272473483709398
iTransformer,192,ETTm2,0.117487356,1251,prollcorr.csv,0.12018147,0.0026941139999999975,2.2417049816415107
TimeXer,96,ETTh2,0.14109108,1001,prollcorr.csv,0.14430724,0.0032161599999999957,2.2286892882158895
TimeXer,96,ETTm2,0.06630753,501,ipfarm.csv,0.06781768,0.0015101500000000018,2.226779211556635
iTransformer,192,ETTm2,0.11750635,501,pentropy.csv,0.12018147,0.002675120000000003,2.225900548562106
TimeXer,96,ETTm2,0.06631464,1251,iprollcorr.csv,0.06781768,0.001503040000000011,2.2162952197716157
iTransformer,96,Traffic,0.15304115,751,iprollcorr.csv,0.15639566,0.003354510000000005,2.1448868849685505
iTransformer,96,Weather,0.0013645395,1001,prollcov.csv,0.0013943221,2.9782599999999887e-05,2.1359913896509197
TimeXer,96,Traffic,0.16489352,751,iprollcorr.csv,0.1684373,0.003543780000000024,2.103916412813566
iTransformer,96,ECL,0.2729548,1501,pmutual,0.2787739,0.0058191000000000215,2.0873905340492853
TimeXer,96,ETTm2,0.06640703,1501,iprollcorr.csv,0.06781768,0.0014106499999999994,2.0800623082358456
TimeXer,96,ETTh2,0.14131117,1501,iprollcorr.csv,0.14430724,0.0029960699999999896,2.0761744178601083
TimeXer,96,ETTh2,0.14132507,751,prollcov.csv,0.14430724,0.002982170000000006,2.0665421915075126
iTransformer,192,ETTm2,0.11774021,751,prollcorr.csv,0.12018147,0.0024412600000000007,2.031311482543857
iTransformer,96,ETTh2,0.1343374,1501,prollcorr.csv,0.13711844,0.0027810400000000124,2.02820277126841
iTransformer,192,ETTm2,0.11775566,501,prollcov.csv,0.12018147,0.0024258100000000005,2.018455923363228
iTransformer,192,Weather,0.0015511942,1001,iprollcov.csv,0.0015828296,3.1635400000000046e-05,1.998661131937389
iTransformer,192,ETTh2,0.19016244,501,prollcorr.csv,0.19396114,0.003798700000000016,1.9584850862394476
iTransformer,192,ETTh1,0.07107834,751,pmutual,0.07248679,0.0014084499999999917,1.9430436911332283
iTransformer,192,ETTm2,0.117874615,1501,ipfarm.csv,0.12018147,0.0023068549999999965,1.919476438422659
iTransformer,96,Weather,0.0013676045,1251,iprollcov.csv,0.0013943221,2.6717599999999874e-05,1.9161713064721468
iTransformer,96,Weather,0.0013676352,501,ipmutual,0.0013943221,2.668690000000003e-05,1.9139695196683773
iTransformer,192,ETTh2,0.19026737,1501,ipmutual,0.19396114,0.003693770000000013,1.9043866209489244
iTransformer,96,Weather,0.001367811,1501,pmutual,0.0013943221,2.651109999999993e-05,1.9013612421405306
iTransformer,192,ETTh2,0.19030596,1251,iprollcov.csv,0.19396114,0.003655180000000008,1.8844908830707057
TimeXer,96,ETTh2,0.14160673,751,pfarm.csv,0.14430724,0.002700510000000017,1.8713614091711663
iTransformer,192,ETTh2,0.1903669,1251,iprollcorr.csv,0.19396114,0.0035942399999999985,1.8530722184866506
iTransformer,192,ETTm2,0.11796548,1001,ipentropy.csv,0.12018147,0.002215990000000001,1.8438699410150343
TimeXer,96,ETTm2,0.06658026,1251,pfarm.csv,0.06781768,0.001237420000000003,1.8246274422834912
TimeXer,96,Traffic,0.16537648,1251,iprollcorr.csv,0.1684373,0.0030608200000000196,1.8171865732827701
TimeXer,96,ETTh2,0.14170404,1501,iprollcov.csv,0.14430724,0.0026032,1.803928895043658
TimeXer,96,ETTm2,0.06660671,1501,ipmutual,0.06781768,0.0012109700000000057,1.7856258132097786
iTransformer,96,ETTh2,0.13468318,501,prollcov.csv,0.13711844,0.0024352599999999947,1.7760266234067383
iTransformer,192,ETTm2,0.11807397,1251,ipmutual,0.12018147,0.0021074999999999983,1.7535981212411518
TimeXer,96,ETTm2,0.066628434,1251,ipfarm.csv,0.06781768,0.001189246000000005,1.7535928684083633
iTransformer,96,ETTh2,0.13473962,501,iprollcorr.csv,0.13711844,0.0023788200000000037,1.7348651282788834
TimeXer,96,ETTh2,0.14180557,751,iprollcov.csv,0.14430724,0.0025016700000000114,1.733572064714155
TimeXer,96,ETTm2,0.06664601,751,prollcov.csv,0.06781768,0.0011716699999999997,1.7276763227524143
iTransformer,96,ETTh2,0.13475752,1001,prollcov.csv,0.13711844,0.0023609200000000163,1.7218107207170794
TimeXer,96,ETTh2,0.14184473,1001,iprollcov.csv,0.14430724,0.002462510000000001,1.7064355191049325
iTransformer,96,ETTm2,0.074535765,501,iprollcov.csv,0.0758165,0.0012807349999999912,1.6892562964526077
TimeXer,96,ETTh2,0.14187032,501,ipfarm.csv,0.14430724,0.002436920000000009,1.6887025210931959
iTransformer,96,ETTm2,0.074544296,1501,ipfarm.csv,0.0758165,0.001272203999999999,1.678004128388938
TimeXer,96,ETTh2,0.14190656,501,pfarm.csv,0.14430724,0.002400680000000016,1.6635894359839576
iTransformer,96,ETTh1,0.05772086,1251,pmutual,0.058687977,0.0009671170000000034,1.6478962973966598
TimeXer,96,ETTm2,0.06671581,1251,iprollcov.csv,0.06781768,0.0011018700000000048,1.6247533091665842
TimeXer,96,ETTm2,0.06671645,1501,ipentropy.csv,0.06781768,0.0011012300000000086,1.6238096024517625
iTransformer,96,ETTh2,0.13495128,1001,prollcorr.csv,0.13711844,0.0021671600000000013,1.5805022285842816
iTransformer,96,ETTh2,0.13496874,501,ipfarm.csv,0.13711844,0.0021497000000000044,1.5677687114876775
iTransformer,96,ETTm2,0.07464604,1501,iprollcorr.csv,0.0758165,0.0011704599999999982,1.5438064273607963
iTransformer,192,ETTh2,0.19097327,1001,ipmutual,0.19396114,0.0029878700000000036,1.540447741233117
iTransformer,96,Weather,0.0013729243,501,iprollcov.csv,0.0013943221,2.139779999999988e-05,1.5346382302912562
iTransformer,96,Weather,0.0013731573,751,prollcov.csv,0.0013943221,2.1164800000000004e-05,1.5179276008032867
iTransformer,96,ETTm1,0.029946666,1501,ipmutual,0.030397011,0.0004503450000000013,1.4815436952008252
iTransformer,192,ETTm2,0.118411094,751,ipfarm.csv,0.12018147,0.001770376000000004,1.4730856595446902
iTransformer,192,ETTm2,0.11844664,1001,prollcov.csv,0.12018147,0.0017348299999999928,1.4435087206039274
iTransformer,96,ETTm1,0.029960724,1001,prollcorr.csv,0.030397011,0.0004362870000000005,1.4352957269384166
iTransformer,96,ETTm1,0.029963851,751,iprollcov.csv,0.030397011,0.0004331600000000019,1.425008531266452
iTransformer,96,ETTm1,0.029965686,751,ipmutual,0.030397011,0.00043132500000000323,1.418971753505643
TimeXer,96,ETTh2,0.14226593,751,ipmutual,0.14430724,0.0020413099999999906,1.4145582716431904
iTransformer,96,ETTm1,0.02996926,1501,ipfarm.csv,0.030397011,0.0004277510000000005,1.4072140185099136
iTransformer,96,ETTh2,0.13522878,1251,pmutual,0.13711844,0.0018896600000000152,1.378122446550599
TimeXer,96,ETTh2,0.14231981,751,iprollcorr.csv,0.14430724,0.0019874300000000122,1.3772212676231714
iTransformer,192,ECL,0.31234425,1251,prollcorr.csv,0.3166597,0.0043154499999999985,1.3628036658911755
iTransformer,192,ETTh2,0.19132487,751,pfarm.csv,0.19396114,0.002636269999999996,1.3591743170822754
TimeXer,96,ETTh2,0.14236788,1001,ipmutual,0.14430724,0.001939360000000001,1.3439103956253344
iTransformer,96,ETTm1,0.02998923,1251,ipfarm.csv,0.030397011,0.0004077810000000029,1.3415167695271184
iTransformer,96,ETTm1,0.029994188,1001,ipmutual,0.030397011,0.00040282300000000007,1.325205955282906
iTransformer,192,ETTm2,0.11858965,1251,iprollcov.csv,0.12018147,0.0015918199999999938,1.3245136708678915
iTransformer,192,ETTh2,0.1913935,1501,ipentropy.csv,0.19396114,0.00256764000000001,1.3237909408039208
TimeXer,96,ETTm2,0.06692259,1001,prollcorr.csv,0.06781768,0.0008950900000000012,1.3198475677728891
iTransformer,96,ETTm1,0.029997889,1251,pentropy.csv,0.030397011,0.00039912200000000175,1.313030416049794
TimeXer,96,ETTh2,0.14244907,1001,iprollcorr.csv,0.14430724,0.0018581699999999923,1.287648492203158
iTransformer,192,ETTh2,0.19146967,501,pmutual,0.19396114,0.0024914699999999956,1.2845201879098027
TimeXer,96,ETTm2,0.066948876,1001,iprollcov.csv,0.06781768,0.0008688040000000008,1.2810877635448465
TimeXer,96,ETTm2,0.06695921,1501,pentropy.csv,0.06781768,0.0008584700000000001,1.2658498491838706
iTransformer,96,Traffic,0.15441714,501,prollcov.csv,0.15639566,0.0019785199999999836,1.2650734681512157
iTransformer,96,ETTm1,0.030014845,501,pfarm.csv,0.030397011,0.0003821660000000032,1.2572486156615965
TimeXer,96,ETTm2,0.06696919,501,iprollcorr.csv,0.06781768,0.0008484900000000073,1.251133922599545
iTransformer,192,ETTh2,0.19155774,1501,ipfarm.csv,0.19396114,0.0024034,1.2391141854497245
iTransformer,96,Traffic,0.15446073,1001,prollcov.csv,0.15639566,0.0019349300000000014,1.237201850741895
iTransformer,96,Traffic,0.15446201,1251,iprollcorr.csv,0.15639566,0.0019336499999999812,1.236383413708527
TimeXer,96,Traffic,0.16635922,1001,iprollcorr.csv,0.1684373,0.00207808000000001,1.2337409825495955
TimeXer,96,ETTh2,0.14252888,1251,ipmutual,0.14430724,0.0017783600000000066,1.2323428817570112
iTransformer,96,ETTm1,0.030022437,1501,prollcov.csv,0.030397011,0.0003745740000000025,1.2322724757378365
iTransformer,96,ETTh2,0.13549589,751,iprollcorr.csv,0.13711844,0.0016225500000000004,1.1833200552748415
iTransformer,96,ETTm2,0.074922815,751,ipentropy.csv,0.0758165,0.0008936849999999913,1.1787473702953728
iTransformer,96,ETTh2,0.13550305,1001,ipmutual,0.13711844,0.0016153899999999943,1.1780982922501118
iTransformer,96,ETTh2,0.13551103,501,prollcorr.csv,0.13711844,0.0016074100000000036,1.1722785060856902
iTransformer,96,Traffic,0.15456377,1001,prollcorr.csv,0.15639566,0.0018318900000000027,1.1713176695568168
iTransformer,96,Weather,0.0013783998,1251,prollcorr.csv,0.0013943221,1.5922299999999914e-05,1.1419384373237658
iTransformer,96,ETTm1,0.030055441,501,iprollcorr.csv,0.030397011,0.00034157000000000284,1.1236960107689629
TimeXer,96,Weather,0.0013197099,751,ipmutual,0.0013344327,1.4722800000000055e-05,1.103300301319059
iTransformer,96,ETTh2,0.13562122,1251,iprollcorr.csv,0.13711844,0.0014972200000000213,1.091917323446811
TimeXer,96,ECL,0.26591513,501,ipfarm.csv,0.26882008,0.0029049500000000172,1.0806298398542313
PatchTST,96,ETTm2,0.063732125,1001,prollcorr.csv,0.06441702,0.0006848950000000048,1.0632205587902153
iTransformer,96,ETTm2,0.07501544,1251,iprollcov.csv,0.0758165,0.0008010599999999923,1.056577394102857
TimeXer,96,ETTh1,0.056045625,1001,pmutual,0.056639295,0.0005936699999999975,1.0481592329141765
iTransformer,96,Traffic,0.1547627,501,prollcorr.csv,0.15639566,0.0016329599999999889,1.0441210453026568
iTransformer,192,ETTh1,0.07173058,1001,pmutual,0.07248679,0.0007562099999999933,1.043238361086197
iTransformer,96,ETTh2,0.13570246,751,pfarm.csv,0.13711844,0.0014159800000000111,1.03266927482548
iTransformer,96,ETTm2,0.07503479,1001,prollcov.csv,0.0758165,0.000781709999999991,1.0310552452302482
iTransformer,192,Weather,0.0015666516,751,pfarm.csv,0.0015828296,1.617799999999994e-05,1.0220935974409335
iTransformer,192,ETTh2,0.1919936,1251,ipmutual,0.19396114,0.0019675400000000176,1.0143990698343068
TimeXer,96,Weather,0.0013211563,1501,ipfarm.csv,0.0013344327,1.327639999999992e-05,0.9949096721026035
iTransformer,96,Traffic,0.15484248,1501,iprollcorr.csv,0.15639566,0.0015531799999999873,0.993109399583075
TimeXer,96,ETTm2,0.06715876,501,ipmutual,0.06781768,0.0006589200000000073,0.9716050445842548
iTransformer,96,ETTh2,0.1357937,1501,prollcov.csv,0.13711844,0.0013247400000000187,0.966128261085831
TimeXer,96,ETTh1,0.056093298,501,pmutual,0.056639295,0.0005459969999999995,0.963989753050421
iTransformer,96,ETTh2,0.135811,1251,iprollcov.csv,0.13711844,0.0013074400000000208,0.9535114314311194
PatchTST,96,ETTm2,0.063804194,501,prollcov.csv,0.06441702,0.0006128260000000108,0.9513417416701528
iTransformer,192,Weather,0.0015678493,501,iprollcov.csv,0.0015828296,1.4980300000000044e-05,0.9464253132491359
TimeXer,96,ETTm2,0.06717766,1001,iprollcorr.csv,0.06781768,0.000640020000000005,0.9437362056620118
iTransformer,96,ETTm1,0.030111939,1001,ipentropy.csv,0.030397011,0.0002850720000000008,0.9378290516788009
iTransformer,192,ETTh2,0.19214763,501,ipfarm.csv,0.19396114,0.0018135099999999904,0.9349862554942656
PatchTST,96,ETTm2,0.06381562,751,pfarm.csv,0.06441702,0.0006014000000000019,0.9336041934259018
iTransformer,96,ECL,0.27624923,1501,pfarm.csv,0.2787739,0.0025246700000000066,0.9056335618219663
iTransformer,96,ETTh2,0.13589655,751,pmutual,0.13711844,0.0012218900000000033,0.8911201148437827
TimeXer,96,ETTm2,0.06721668,1001,pentropy.csv,0.06781768,0.0006010000000000043,0.8861995868923919
TimeXer,96,ETTh1,0.056142386,751,prollcov.csv,0.056639295,0.0004969089999999968,0.8773220076273844
TimeXer,96,Weather,0.0013228017,501,pfarm.csv,0.0013344327,1.1631000000000011e-05,0.8716063387835155
TimeXer,96,ETTh1,0.056147423,1001,prollcov.csv,0.056639295,0.0004918719999999974,0.8684288884598536
iTransformer,192,ETTh1,0.07185943,1501,prollcorr.csv,0.07248679,0.0006273599999999935,0.8654818346901464
TimeXer,96,ETTm2,0.06723399,751,pentropy.csv,0.06781768,0.0005836900000000117,0.8606752693398118
TimeXer,96,ETTm2,0.06723472,501,prollcov.csv,0.06781768,0.0005829600000000074,0.8595988538682056
TimeXer,96,ETTm2,0.067250475,1251,ipmutual,0.06781768,0.0005672050000000012,0.836367448724287
iTransformer,96,ETTh2,0.13597456,1251,ipfarm.csv,0.13711844,0.0011438800000000138,0.834227693955688
iTransformer,96,ETTh2,0.13597898,501,iprollcov.csv,0.13711844,0.0011394600000000088,0.831004203373382
iTransformer,192,ETTh2,0.19235188,751,ipmutual,0.19396114,0.0016092600000000012,0.829681656851471
TimeXer,96,ETTh1,0.056170724,501,ipmutual,0.056639295,0.00046857100000000096,0.8272896052113661
TimeXer,96,Weather,0.0013234206,1501,pmutual,0.0013344327,1.1012099999999948e-05,0.8252270796421542
iTransformer,192,ETTh2,0.19238262,1001,iprollcov.csv,0.19396114,0.00157852,0.8138331214180325
TimeXer,96,ETTm1,0.028265199,751,iprollcorr.csv,0.028495742,0.00023054299999999972,0.8090436809822312
iTransformer,192,ECL,0.31410626,1501,pfarm.csv,0.3166597,0.0025534399999999624,0.8063672137629015
PatchTST,96,ETTm2,0.063897856,1001,prollcov.csv,0.06441702,0.0005191640000000025,0.8059422804718419
TimeXer,96,ECL,0.26667064,1251,pmutual,0.26882008,0.0021494400000000025,0.7995831263795481
TimeXer,96,ETTh1,0.056187257,1001,prollcorr.csv,0.056639295,0.00045203800000000183,0.7980996232386047
TimeXer,96,Weather,0.0013238002,1001,pfarm.csv,0.0013344327,1.0632499999999956e-05,0.7967805345297636
TimeXer,96,ETTm2,0.067277566,1001,ipfarm.csv,0.06781768,0.0005401140000000082,0.7964206383940119
TimeXer,96,ECL,0.26669073,1251,pfarm.csv,0.26882008,0.00212935000000003,0.7921097263270027
TimeXer,96,ETTh1,0.056192044,751,prollcorr.csv,0.056639295,0.0004472510000000027,0.7896478937458573
iTransformer,96,ETTh2,0.13604163,751,prollcorr.csv,0.13711844,0.0010768100000000114,0.7853137769070383
TimeXer,96,ETTm2,0.06729934,1251,prollcov.csv,0.06781768,0.000518340000000006,0.7643139665054982
TimeXer,96,ETTm2,0.06730119,1501,iprollcov.csv,0.06781768,0.0005164900000000083,0.7615860642829544
iTransformer,192,ETTh2,0.19249453,1501,pfarm.csv,0.19396114,0.001466610000000007,0.7561359971383995
iTransformer,192,ETTh2,0.19249572,1251,ipentropy.csv,0.19396114,0.001465419999999995,0.7555224721817964
iTransformer,96,ETTm1,0.030173259,501,ipentropy.csv,0.030397011,0.00022375200000000067,0.7360986907561426
TimeXer,96,ECL,0.26684412,1001,ipfarm.csv,0.26882008,0.001975959999999999,0.7350492567370706
TimeXer,96,ETTm1,0.028287193,1501,ipfarm.csv,0.028495742,0.00020854900000000232,0.731860219677741
TimeXer,96,ETTh1,0.056233127,1251,pmutual,0.056639295,0.0004061679999999984,0.7171134457093762
iTransformer,192,ETTh2,0.1925768,751,ipentropy.csv,0.19396114,0.0013843400000000117,0.7137202843827437
TimeXer,96,ETTh2,0.14328943,751,ipfarm.csv,0.14430724,0.0010178100000000079,0.7053076477659803
iTransformer,192,Weather,0.0015716982,1001,pmutual,0.0015828296,1.1131400000000081e-05,0.703259529642362
iTransformer,192,Weather,0.0015716996,1001,pfarm.csv,0.0015828296,1.1130000000000037e-05,0.7031710804498499
iTransformer,192,ECL,0.3144756,1001,ipfarm.csv,0.3166597,0.0021840999999999666,0.689730963554872
iTransformer,192,ETTh2,0.19262554,501,ipentropy.csv,0.19396114,0.0013355999999999923,0.6885915395217785
iTransformer,96,ETTh2,0.13618197,1001,ipfarm.csv,0.13711844,0.0009364699999999948,0.6829643044363652
iTransformer,96,ETTh2,0.13618447,1501,ipmutual,0.13711844,0.0009339700000000062,0.6811410631567907
TimeXer,96,ETTh2,0.14335348,1001,ipentropy.csv,0.14430724,0.0009537599999999979,0.6609231802922694
iTransformer,96,ETTh2,0.13621734,501,ipmutual,0.13711844,0.0009011000000000158,0.6571690868128427
TimeXer,96,ETTm2,0.06737969,1251,pmutual,0.06781768,0.0004379899999999992,0.6458345375424214
iTransformer,96,Traffic,0.15538663,1251,prollcov.csv,0.15639566,0.001009029999999994,0.6451777498173505
TimeXer,96,ETTh1,0.056275185,1251,pfarm.csv,0.056639295,0.0003641100000000008,0.6428575779412523
TimeXer,96,ETTm2,0.067387305,751,ipfarm.csv,0.06781768,0.0004303750000000106,0.6346059021777368
TimeXer,96,ETTh1,0.05628346,1501,prollcorr.csv,0.056639295,0.0003558349999999988,0.6282475797059247
PatchTST,96,ETTm1,0.029223824,501,pmutual,0.029405579,0.0001817550000000022,0.6180969944512985
TimeXer,96,ETTm1,0.028322827,1001,pentropy.csv,0.028495742,0.00017291500000000265,0.6068099577824737
iTransformer,192,Weather,0.0015732542,751,pentropy.csv,0.0015828296,9.575400000000085e-06,0.6049545699676127
TimeXer,96,ETTm1,0.028323984,1001,ipmutual,0.028495742,0.00017175800000000102,0.6027497020432071
iTransformer,192,ETTm2,0.11946169,1001,ipfarm.csv,0.12018147,0.0007197800000000032,0.5989109635620227
iTransformer,192,ECL,0.31477824,751,prollcorr.csv,0.3166597,0.0018814600000000015,0.5941583346412573
PatchTST,96,ETTm2,0.06403619,1251,pfarm.csv,0.06441702,0.00038082999999999867,0.5911946873667839
TimeXer,96,ETTh1,0.05630778,501,prollcorr.csv,0.056639295,0.0003315149999999975,0.5853091921430121
iTransformer,96,ETTm1,0.030220237,1251,ipentropy.csv,0.030397011,0.00017677400000000107,0.5815506004850315
TimeXer,96,ETTh2,0.14347723,1501,ipmutual,0.14430724,0.0008300099999999921,0.575168647117076
iTransformer,192,Weather,0.001573839,501,pmutual,0.0015828296,8.99059999999994e-06,0.568008078696528
PatchTST,96,ETTm1,0.02923961,751,pmutual,0.029405579,0.00016596900000000192,0.5644133040196281
iTransformer,192,ETTh1,0.07208224,1001,ipmutual,0.07248679,0.00040454999999998964,0.5581016899768767
TimeXer,96,ETTh1,0.056325503,1501,prollcov.csv,0.056639295,0.00031379200000000024,0.5540181953182861
iTransformer,96,ETTh2,0.13636377,751,iprollcov.csv,0.13711844,0.0007546700000000128,0.5503781985851158
iTransformer,192,ETTm2,0.11952021,1501,ipmutual,0.12018147,0.0006612599999999969,0.5502179329309226
iTransformer,192,ETTm2,0.11952135,1501,pfarm.csv,0.12018147,0.0006601200000000002,0.5492693673991508
TimeXer,96,ETTh1,0.056329522,501,ipfarm.csv,0.056639295,0.0003097729999999993,0.5469224149064696
iTransformer,192,ETTh2,0.19290486,1251,pentropy.csv,0.19396114,0.0010562799999999928,0.5445833118943273
PatchTST,96,ETTm2,0.06406813,501,prollcorr.csv,0.06441702,0.0003488900000000045,0.5416115181981477
PatchTST,96,ETTm2,0.06406903,751,iprollcorr.csv,0.06441702,0.00034799000000000635,0.5402143719160034
iTransformer,96,ETTh2,0.13638756,1001,ipentropy.csv,0.13711844,0.0007308800000000171,0.5330282345686087
PatchTST,96,ETTm2,0.06407546,1001,ipmutual,0.06441702,0.00034156000000000464,0.5302325379224382
TimeXer,96,Weather,0.0013273634,1251,pmutual,0.0013344327,7.069300000000058e-06,0.5297606990596122
TimeXer,96,ETTh1,0.056342732,1501,iprollcov.csv,0.056639295,0.0002965629999999997,0.5235993844909258
PatchTST,96,ETTm2,0.06408157,751,prollcorr.csv,0.06441702,0.000335450000000001,0.5207474670514112
TimeXer,96,ECL,0.26742354,1001,prollcov.csv,0.26882008,0.0013965400000000017,0.5195073225184672
iTransformer,96,ETTm1,0.030240757,501,prollcorr.csv,0.030397011,0.0001562540000000015,0.5140439630725583
PatchTST,96,ETTm1,0.029258903,501,pfarm.csv,0.029405579,0.00014667600000000183,0.498803305318361
TimeXer,96,ETTh1,0.056358755,1001,ipmutual,0.056639295,0.0002805399999999958,0.49530983745471374
TimeXer,96,ETTh1,0.056362517,1501,ipmutual,0.056639295,0.00027677799999999836,0.4886678056285806
TimeXer,96,ETTm2,0.06748866,501,pmutual,0.06781768,0.0003290199999999993,0.48515372392567735
TimeXer,96,ETTh1,0.056366384,1001,pfarm.csv,0.056639295,0.0002729110000000007,0.48184039013903807
TimeXer,96,ETTm2,0.06749455,1501,prollcorr.csv,0.06781768,0.0003231300000000048,0.47646867306579166
TimeXer,96,ETTm2,0.06749579,1001,ipmutual,0.06781768,0.00032189000000000523,0.4746402413058146
TimeXer,96,ETTh1,0.056371495,1251,prollcorr.csv,0.056639295,0.0002677999999999986,0.47281661962776655
TimeXer,96,ECL,0.2675627,501,pmutual,0.26882008,0.0012573800000000301,0.4677403563007756
TimeXer,96,ETTh2,0.14364803,501,ipmutual,0.14430724,0.0006592099999999934,0.4568100671871996
TimeXer,96,ETTm1,0.028366068,1501,ipmutual,0.028495742,0.00012967399999999976,0.4550644794580178
iTransformer,192,ETTh1,0.07216488,501,prollcorr.csv,0.07248679,0.0003219099999999947,0.44409471022236563
TimeXer,96,ETTh1,0.056394402,1001,iprollcorr.csv,0.056639295,0.00024489299999999603,0.4323729665067265
TimeXer,96,ETTm2,0.06752451,751,prollcorr.csv,0.06781768,0.00029317000000000926,0.4322914024779515
iTransformer,96,Traffic,0.15575482,1251,prollcorr.csv,0.15639566,0.0006408400000000036,0.40975561598065036
iTransformer,192,Weather,0.0015763739,501,ipentropy.csv,0.0015828296,6.455700000000068e-06,0.4078581800593107
iTransformer,192,ETTh1,0.07219355,751,ipmutual,0.07248679,0.00029324000000000017,0.4045426759827552
iTransformer,192,Weather,0.0015764893,1251,ipentropy.csv,0.0015828296,6.340299999999964e-06,0.40056743947674245
TimeXer,96,ETTh1,0.056414947,1501,pfarm.csv,0.056639295,0.00022434799999999921,0.3960995630330484
iTransformer,192,Weather,0.0015765992,501,pentropy.csv,0.0015828296,6.2304000000000005e-06,0.3936241778647556
iTransformer,192,ETTh2,0.19319789,751,pentropy.csv,0.19396114,0.0007632499999999931,0.39350665808625024
PatchTST,96,ETTm2,0.06416812,751,ipfarm.csv,0.06441702,0.0002489000000000102,0.38638856625160584
iTransformer,192,ECL,0.31545323,751,ipfarm.csv,0.3166597,0.001206470000000015,0.3809989082917767
TimeXer,96,ETTh1,0.056424923,1251,iprollcorr.csv,0.056639295,0.0002143719999999974,0.37848634945049614
TimeXer,96,ETTm1,0.028387906,1251,ipmutual,0.028495742,0.00010783600000000004,0.37842846836555455
iTransformer,96,ETTh2,0.13659963,1501,ipfarm.csv,0.13711844,0.0005188100000000084,0.37836632330415104
PatchTST,96,ETTm1,0.029295772,751,prollcov.csv,0.029405579,0.00010980699999999996,0.37342233594516183
iTransformer,192,Weather,0.0015769553,751,ipmutual,0.0015828296,5.874299999999999e-06,0.3711264939700394
PatchTST,96,ETTh2,0.135849,1501,pmutual,0.13635339,0.0005043899999999935,0.3699137953225758
iTransformer,96,ETTh1,0.05847191,751,pfarm.csv,0.058687977,0.00021606700000000034,0.3681622898673102
iTransformer,96,ETTh1,0.05847205,1001,pmutual,0.058687977,0.00021592700000000464,0.36792374015550855
TimeXer,96,Traffic,0.16782369,1001,prollcov.csv,0.1684373,0.0006136100000000144,0.3642957943400983
PatchTST,96,ETTh2,0.13585697,1001,iprollcorr.csv,0.13635339,0.0004964199999999974,0.3640686894546571
iTransformer,96,ETTh2,0.13662449,1001,iprollcov.csv,0.13711844,0.0004939500000000208,0.3602360120199885
TimeXer,96,ETTm1,0.028394949,1251,ipfarm.csv,0.028495742,0.0001007930000000018,0.3537124950106644
PatchTST,96,ETTm1,0.029302185,751,pfarm.csv,0.029405579,0.00010339399999999971,0.3516135492519964
iTransformer,96,ETTh1,0.05848193,1251,ipentropy.csv,0.058687977,0.00020604700000000087,0.3510889462078423
TimeXer,96,ETTm1,0.028397107,1501,pentropy.csv,0.028495742,9.86349999999997e-05,0.3461394337441702
TimeXer,96,Traffic,0.1678583,501,ipfarm.csv,0.1684373,0.0005790000000000239,0.34374808905154847
PatchTST,96,ETTm1,0.02930507,501,prollcov.csv,0.029405579,0.0001005090000000021,0.34180248584801576
iTransformer,192,Traffic,0.15498559,501,iprollcorr.csv,0.15551504,0.0005294499999999869,0.3404493867602689
iTransformer,96,ETTh1,0.058495767,1251,iprollcorr.csv,0.058687977,0.00019221000000000515,0.32751171504856125
PatchTST,96,ETTm1,0.02931034,1001,pfarm.csv,0.029405579,9.523900000000043e-05,0.3238807166490428
TimeXer,96,ETTh1,0.056457568,751,pentropy.csv,0.056639295,0.00018172699999999958,0.32084968571730915
iTransformer,96,Traffic,0.15589485,501,ipfarm.csv,0.15639566,0.0005008099999999904,0.32021988333946766
iTransformer,192,ETTh1,0.072254695,1001,iprollcorr.csv,0.07248679,0.0002320950000000016,0.32018937519512397
PatchTST,96,ETTh2,0.13591723,751,iprollcorr.csv,0.13635339,0.000436159999999991,0.31987470205177226
iTransformer,96,Traffic,0.15589967,501,iprollcov.csv,0.15639566,0.0004959900000000017,0.3171379563857474
PatchTST,96,ETTh2,0.1359334,501,prollcorr.csv,0.13635339,0.0004199899999999812,0.30801581097468955
TimeXer,96,ETTm2,0.0676089,751,ipentropy.csv,0.06781768,0.00020878000000000563,0.30785482487753285
PatchTST,96,ETTm2,0.0642197,501,ipmutual,0.06441702,0.00019732000000000083,0.30631656043697897
iTransformer,96,ETTh2,0.13670695,1501,iprollcov.csv,0.13711844,0.00041149000000001434,0.3000982216542241
PatchTST,96,ETTm1,0.029317778,501,ipmutual,0.029405579,8.780100000000193e-05,0.29858619685741244
PatchTST,96,ETTh2,0.13594812,1001,prollcorr.csv,0.13635339,0.00040526999999998536,0.2972203331358211
PatchTST,96,ETTm1,0.029318394,751,iprollcorr.csv,0.029405579,8.718500000000004e-05,0.2964913562831054
iTransformer,192,ETTh2,0.19338766,1001,ipfarm.csv,0.19396114,0.0005734800000000151,0.29566747236070845
PatchTST,96,ETTm1,0.029319193,501,iprollcorr.csv,0.029405579,8.63860000000008e-05,0.29377418482390977
iTransformer,96,ETTh2,0.13672127,1251,pfarm.csv,0.13711844,0.00039717000000000224,0.2896546956047649
iTransformer,96,ETTh2,0.13672392,1001,iprollcorr.csv,0.13711844,0.0003945200000000093,0.28772205984841226
PatchTST,96,ETTm1,0.029321311,751,prollcorr.csv,0.029405579,8.426800000000192e-05,0.28657146999214644
iTransformer,192,ETTh2,0.19341256,1001,pentropy.csv,0.19396114,0.000548579999999993,0.28282984931929817
iTransformer,96,Weather,0.0013903936,501,iprollcorr.csv,0.0013943221,3.9285000000000014e-06,0.2817498195000998
TimeXer,96,ETTm1,0.028415835,501,ipmutual,0.028495742,7.990700000000059e-05,0.28041733393010293
PatchTST,96,ETTh2,0.13597181,501,iprollcorr.csv,0.13635339,0.0003815799999999925,0.27984636098889254
iTransformer,192,ETTm2,0.11984517,501,ipfarm.csv,0.12018147,0.0003362999999999977,0.27982683187349744
iTransformer,192,ECL,0.31577608,1251,pfarm.csv,0.3166597,0.0008836199999999739,0.2790440337055754
PatchTST,96,ETTm1,0.029324388,1251,pmutual,0.029405579,8.119100000000129e-05,0.27610746926629565
PatchTST,96,ETTm1,0.029326163,1001,ipmutual,0.029405579,7.941600000000229e-05,0.2700711997543129
PatchTST,96,ETTh2,0.13598707,1001,ipmutual,0.13635339,0.0003663200000000033,0.268654853392353
PatchTST,96,ETTm1,0.029326856,1501,prollcov.csv,0.029405579,7.872300000000276e-05,0.2677145041082264
iTransformer,96,ETTh1,0.058531974,1251,iprollcov.csv,0.058687977,0.00015600300000000178,0.2658176477952235
iTransformer,96,ECL,0.27803597,1251,pmutual,0.2787739,0.0007379299999999978,0.2647055552905052
iTransformer,192,ETTh2,0.19345221,751,iprollcov.csv,0.19396114,0.0005089299999999908,0.2623876102192381
TimeXer,96,ETTm1,0.028421555,751,ipfarm.csv,0.028495742,7.418699999999986e-05,0.2603441594888102
iTransformer,192,Weather,0.0015788315,1501,ipfarm.csv,0.0015828296,3.9981000000001e-06,0.2525919404085
TimeXer,96,ETTh1,0.056499373,501,pentropy.csv,0.056639295,0.00013992200000000066,0.24704050430006352
iTransformer,192,Traffic,0.15513094,1251,prollcorr.csv,0.15551504,0.00038409999999999833,0.24698575777622434
iTransformer,192,Weather,0.0015789331,1001,iprollcorr.csv,0.0015828296,3.896499999999931e-06,0.2461730561520919
TimeXer,96,ETTh1,0.05649988,751,pfarm.csv,0.056639295,0.0001394149999999969,0.24614536603959655
PatchTST,96,ETTh2,0.13602492,501,ipmutual,0.13635339,0.0003284699999999974,0.24089610093302222
TimeXer,96,ETTh1,0.056503538,1251,prollcov.csv,0.056639295,0.00013575700000000024,0.2396869523181746
PatchTST,96,ETTh2,0.13603011,1501,prollcorr.csv,0.13635339,0.00032327999999998136,0.2370898149286801
PatchTST,96,ETTh2,0.1360303,1501,ipmutual,0.13635339,0.0003230899999999981,0.23695047112506562
iTransformer,192,ETTh2,0.193517,751,iprollcorr.csv,0.19396114,0.00044414000000000953,0.22898401195208976
TimeXer,96,ETTh1,0.056509748,1251,ipmutual,0.056639295,0.0001295470000000007,0.22872283279656058
TimeXer,96,ETTh1,0.056510027,1501,pmutual,0.056639295,0.00012926800000000183,0.22823024191950453
iTransformer,192,ETTh1,0.07232307,501,ipfarm.csv,0.07248679,0.0001637199999999922,0.225861843240668
TimeXer,96,ETTm1,0.02843168,1001,ipfarm.csv,0.028495742,6.406200000000015e-05,0.2248125351499889
iTransformer,96,ETTm1,0.030329531,1001,prollcov.csv,0.030397011,6.74800000000017e-05,0.2219955113349852
iTransformer,192,ETTh2,0.19353242,1501,iprollcov.csv,0.19396114,0.00042871999999999355,0.2210339658758417
PatchTST,96,ETTm2,0.0642758,1001,ipentropy.csv,0.06441702,0.00014122000000001134,0.21922777551648823
iTransformer,192,ECL,0.3159761,751,pfarm.csv,0.3166597,0.0006836000000000064,0.21587843353606614
PatchTST,96,ETTm1,0.029342469,751,ipfarm.csv,0.029405579,6.311000000000164e-05,0.21461913740927063
TimeXer,96,Traffic,0.16807628,1501,ipfarm.csv,0.1684373,0.00036102000000001744,0.21433494837545924
PatchTST,96,ETTh2,0.13606298,501,pfarm.csv,0.13635339,0.00029040999999999095,0.21298333690126145
PatchTST,96,ETTh2,0.13606857,751,pfarm.csv,0.13635339,0.0002848199999999912,0.208883695520875
iTransformer,96,ETTm2,0.0756582,1001,pfarm.csv,0.0758165,0.0001583000000000001,0.20879360033765754
TimeXer,96,ETTm1,0.028436499,1001,ipentropy.csv,0.028495742,5.924300000000049e-05,0.20790123661282617
PatchTST,96,ETTm1,0.02934445,1501,ipmutual,0.029405579,6.112900000000004e-05,0.2078823205623669
iTransformer,192,ETTm1,0.044526935,1251,ipentropy.csv,0.04461782,9.088500000000582e-05,0.2036966395937897
iTransformer,192,ETTm1,0.044527497,1501,pfarm.csv,0.04461782,9.032300000000326e-05,0.20243705317741487
TimeXer,96,Weather,0.0013317567,501,pentropy.csv,0.0013344327,2.6760000000000672e-06,0.20053465416428026
TimeXer,96,Weather,0.0013318469,501,ipentropy.csv,0.0013344327,2.5858000000001e-06,0.19377522748056905
PatchTST,96,ETTh2,0.13609333,1001,iprollcov.csv,0.13635339,0.00026005999999997864,0.1907249977429814
PatchTST,96,ETTh2,0.136095,501,iprollcov.csv,0.13635339,0.00025838999999999723,0.18950023904796004
iTransformer,96,ETTh2,0.13685904,751,ipentropy.csv,0.13711844,0.0002594000000000207,0.1891795151695284
PatchTST,96,ETTm1,0.029350132,1501,iprollcorr.csv,0.029405579,5.5447000000000135e-05,0.18855945669357552
TimeXer,96,Weather,0.0013319175,1001,prollcorr.csv,0.0013344327,2.515200000000094e-06,0.18848458974364868
TimeXer,96,ETTm2,0.06769054,1251,prollcorr.csv,0.06781768,0.0001271400000000117,0.1874732370674014
iTransformer,192,ETTh1,0.07235101,1251,pfarm.csv,0.07248679,0.000135780000000002,0.1873168890497179
iTransformer,192,ETTm1,0.044535212,501,pfarm.csv,0.04461782,8.260800000000484e-05,0.18514575566445166
iTransformer,192,ETTh2,0.19360496,1001,ipentropy.csv,0.19396114,0.0003561800000000115,0.1836347218829563
iTransformer,192,ETTh1,0.07235396,1001,prollcorr.csv,0.07248679,0.00013283000000000045,0.18324718200378368
iTransformer,192,Weather,0.0015799516,1501,iprollcorr.csv,0.0015828296,2.877999999999995e-06,0.18182626860149667
PatchTST,96,ETTh2,0.13610898,1001,pmutual,0.13635339,0.00024441000000000046,0.17924746865479507
iTransformer,192,ETTh1,0.07235954,501,ipentropy.csv,0.07248679,0.00012724999999999542,0.1755492276592679
TimeXer,96,ETTh1,0.05653987,501,prollcov.csv,0.056639295,9.942500000000021e-05,0.17554067366128093
iTransformer,96,ETTm1,0.030344015,1501,pfarm.csv,0.030397011,5.299600000000307e-05,0.17434608948887462
iTransformer,96,ETTh2,0.13688232,501,pentropy.csv,0.13711844,0.00023612000000000632,0.1722014923740427
PatchTST,96,ETTm2,0.064307086,1501,iprollcorr.csv,0.06441702,0.00010993400000000597,0.17065986597952834
iTransformer,192,ETTh1,0.072363295,1001,iprollcov.csv,0.07248679,0.00012349500000000124,0.17036897343640303
iTransformer,96,ETTh2,0.13688566,751,prollcov.csv,0.13711844,0.00023278000000001575,0.16976564202452693
iTransformer,96,ETTh2,0.1368879,1501,pfarm.csv,0.13711844,0.0002305400000000013,0.16813201783801018
TimeXer,96,ECL,0.26837066,1501,pfarm.csv,0.26882008,0.0004494200000000337,0.1671824515490188
PatchTST,96,ETTh2,0.13612641,751,pmutual,0.13635339,0.00022697999999998775,0.1664645081431329
TimeXer,96,ETTh1,0.05654652,1501,iprollcorr.csv,0.056639295,9.277499999999633e-05,0.16379970831204085
PatchTST,96,ETTm1,0.02935854,501,ipfarm.csv,0.029405579,4.703900000000219e-05,0.15996624314046728
iTransformer,192,ETTh2,0.19365227,1501,pentropy.csv,0.19396114,0.00030887000000001663,0.159243238104301
iTransformer,96,ETTm1,0.030349141,1501,ipentropy.csv,0.030397011,4.787000000000194e-05,0.1574825893243317
iTransformer,96,ETTh2,0.13690315,1251,ipentropy.csv,0.13711844,0.00021529000000000686,0.15701024603255903
iTransformer,192,Traffic,0.15527326,751,iprollcorr.csv,0.15551504,0.000241779999999997,0.15547049340050775
iTransformer,96,ETTh1,0.058597267,1501,iprollcov.csv,0.058687977,9.071000000000079e-05,0.15456317398706856
iTransformer,96,ETTh2,0.13690779,1501,ipentropy.csv,0.13711844,0.00021065000000000667,0.1536263102176532
iTransformer,192,ETTh1,0.07237616,1501,prollcov.csv,0.07248679,0.00011063000000000045,0.15262091203100656
TimeXer,96,ETTm1,0.02845277,1251,ipentropy.csv,0.028495742,4.297200000000223e-05,0.15080147763831603
TimeXer,96,ETTh2,0.14409128,1001,pentropy.csv,0.14430724,0.00021596000000001503,0.14965292108699121
PatchTST,96,ETTm1,0.029362738,1001,ipfarm.csv,0.029405579,4.2841000000001794e-05,0.14569004065521646
TimeXer,96,ETTh1,0.056557193,751,ipmutual,0.056639295,8.210200000000056e-05,0.14495590031620373
TimeXer,96,Traffic,0.16821483,501,prollcorr.csv,0.1684373,0.0002224700000000024,0.13207882102123603
iTransformer,96,Traffic,0.15619612,1501,ipfarm.csv,0.15639566,0.00019953999999999805,0.1275866606528583
PatchTST,96,ETTh2,0.13618004,1501,prollcov.csv,0.13635339,0.0001733499999999888,0.12713288609838655
PatchTST,96,ETTm1,0.029368207,501,prollcorr.csv,0.029405579,3.7372000000000793e-05,0.12709152912785968
PatchTST,96,ETTh2,0.13618405,1251,ipmutual,0.13635339,0.00016933999999999005,0.12419199845342317
PatchTST,96,ETTm1,0.029369872,1501,pfarm.csv,0.029405579,3.5706999999999406e-05,0.12142933828985106
iTransformer,96,Traffic,0.15620755,1251,ipfarm.csv,0.15639566,0.00018810999999999134,0.12027827370656664
iTransformer,96,Traffic,0.156215,751,prollcov.csv,0.15639566,0.00018065999999999915,0.1155147144108725
PatchTST,96,ETTh2,0.13619688,751,prollcorr.csv,0.13635339,0.0001565099999999986,0.11478262476642392
iTransformer,96,ETTh1,0.05862211,501,ipentropy.csv,0.058687977,6.586700000000417e-05,0.11223252762657702
iTransformer,192,ETTm2,0.12004882,501,iprollcorr.csv,0.12018147,0.00013264999999999805,0.11037475244727664
iTransformer,96,ECL,0.2784682,1001,pfarm.csv,0.2787739,0.00030570000000001984,0.10965875930279693
PatchTST,96,ETTh2,0.1362057,1251,pentropy.csv,0.13635339,0.00014768999999997812,0.10831413872436771
iTransformer,96,Traffic,0.15623342,751,prollcorr.csv,0.15639566,0.00016223999999998018,0.10373689397773582
TimeXer,96,ETTh1,0.05658212,1001,iprollcov.csv,0.056639295,5.717499999999959e-05,0.10094581862291822
iTransformer,192,Traffic,0.15536319,501,ipfarm.csv,0.15551504,0.00015184999999998117,0.09764328903492625
iTransformer,96,ETTm1,0.030367471,1001,pentropy.csv,0.030397011,2.954000000000151e-05,0.09718060765909355
iTransformer,192,Traffic,0.15537083,1251,ipfarm.csv,0.15551504,0.00014421000000000572,0.0927305809135925
PatchTST,96,ETTh2,0.13623051,501,ipfarm.csv,0.13635339,0.00012287999999999188,0.0901187715244864
iTransformer,192,ETTh1,0.07242318,1001,pfarm.csv,0.07248679,6.360999999999173e-05,0.08775392040396841
iTransformer,192,ETTh1,0.07242473,751,ipentropy.csv,0.07248679,6.205999999998879e-05,0.08561559975271191
iTransformer,96,Traffic,0.15626223,751,pfarm.csv,0.15639566,0.00013342999999998995,0.08531566668793107
iTransformer,96,ETTm2,0.07575421,1501,iprollcov.csv,0.0758165,6.228999999999263e-05,0.08215889681005142
TimeXer,96,Traffic,0.16830227,751,ipfarm.csv,0.1684373,0.0001350300000000082,0.08016632895445854
TimeXer,96,ETTm2,0.067763776,1501,pfarm.csv,0.06781768,5.390400000000739e-05,0.07948369805632895
iTransformer,192,ETTh1,0.07243184,751,prollcorr.csv,0.07248679,5.4949999999998056e-05,0.0758069159911731
iTransformer,96,Traffic,0.15627725,1501,prollcov.csv,0.15639566,0.00011840999999998547,0.07571181962465293
iTransformer,192,ETTh1,0.07243306,751,ipfarm.csv,0.07248679,5.373000000000183e-05,0.07412385070438605
PatchTST,96,ETTh2,0.13625267,1251,iprollcov.csv,0.13635339,0.00010071999999999859,0.07386688369097284
iTransformer,192,ETTh1,0.072433464,1501,ipfarm.csv,0.07248679,5.3325999999992435e-05,0.07356650777333695
PatchTST,96,ETTm2,0.064370915,1001,pfarm.csv,0.06441702,4.6105000000004615e-05,0.07157269926489088
iTransformer,192,ETTm2,0.120098054,1251,ipfarm.csv,0.12018147,8.341600000000282e-05,0.06940837052500924
PatchTST,96,ETTh2,0.1362615,1001,pentropy.csv,0.13635339,9.188999999998337e-05,0.06739106376451907
PatchTST,96,ETTh2,0.13626224,1251,prollcorr.csv,0.13635339,9.11499999999843e-05,0.06684835631881561
PatchTST,96,ETTm1,0.029385997,1501,ipentropy.csv,0.029405579,1.9582000000000627e-05,0.06659280539927687
iTransformer,96,ETTm2,0.07576608,501,prollcorr.csv,0.0758165,5.041999999999547e-05,0.06650267421998572
PatchTST,96,ETTh2,0.13626644,1001,ipfarm.csv,0.13635339,8.69500000000023e-05,0.06376812487023778
iTransformer,192,ETTh2,0.19383776,751,ipfarm.csv,0.19396114,0.00012338000000000626,0.06361067995373004
PatchTST,96,ETTm1,0.029386934,1251,prollcov.csv,0.029405579,1.864500000000116e-05,0.0634063352399936
PatchTST,96,ETTm1,0.029387472,1251,ipentropy.csv,0.029405579,1.8106999999999845e-05,0.06157675045269419
iTransformer,192,Traffic,0.15542144,1501,ipfarm.csv,0.15551504,9.359999999999924e-05,0.06018710473276362
iTransformer,192,ETTh1,0.072443195,1251,ipentropy.csv,0.07248679,4.35949999999935e-05,0.060141992768604456
PatchTST,96,ETTh1,0.05673742,1001,pfarm.csv,0.056771465,3.404500000000338e-05,0.059968507066011735
PatchTST,96,ETTh2,0.13627927,1251,ipentropy.csv,0.13635339,7.411999999998309e-05,0.05435875118321818
PatchTST,96,ETTh2,0.13628177,1251,ipfarm.csv,0.13635339,7.161999999999447e-05,0.05252528008287471
TimeXer,96,ETTh2,0.14423159,1501,ipfarm.csv,0.14430724,7.565000000001043e-05,0.052422872199627976
PatchTST,96,ETTm1,0.02939041,751,pentropy.csv,0.029405579,1.5169000000002375e-05,0.05158544914215896
iTransformer,96,ETTh1,0.05865793,751,iprollcov.csv,0.058687977,3.0047000000005264e-05,0.05119787993374736
PatchTST,96,ETTm1,0.029391097,1251,ipfarm.csv,0.029405579,1.448199999999969e-05,0.04924915778736984
PatchTST,96,ETTh2,0.13628873,1501,ipentropy.csv,0.13635339,6.465999999999417e-05,0.047420896539495036
TimeXer,96,ETTh1,0.056612875,1251,pentropy.csv,0.056639295,2.6419999999999222e-05,0.046646060831087716
PatchTST,96,ETTm1,0.02939246,1501,iprollcov.csv,0.029405579,1.3119000000002407e-05,0.04461398294521732
PatchTST,96,ETTm2,0.06438894,1501,ipmutual,0.06441702,2.8079999999999772e-05,0.0435909640029914
PatchTST,96,ETTm1,0.029392766,1251,ipmutual,0.029405579,1.2813000000000407e-05,0.0435733640884963
TimeXer,96,Traffic,0.16836554,1001,pfarm.csv,0.1684373,7.176000000000404e-05,0.04260339010421328
PatchTST,96,ETTh2,0.13629611,501,pentropy.csv,0.13635339,5.727999999999289e-05,0.04200848985125555
PatchTST,96,ETTh2,0.1362967,1501,pentropy.csv,0.13635339,5.668999999999813e-05,0.04157579067157636
PatchTST,96,ETTh2,0.1362968,1001,ipentropy.csv,0.13635339,5.6589999999995255e-05,0.04150245182756018
TimeXer,96,Weather,0.0013338883,751,prollcorr.csv,0.0013344327,5.444000000000282e-07,0.040796362379311314
PatchTST,96,ETTh1,0.056748502,1501,prollcorr.csv,0.056771465,2.2963000000000844e-05,0.04044813710549982
PatchTST,96,ETTm1,0.029394122,1001,ipentropy.csv,0.029405579,1.145699999999944e-05,0.038961994252857395
PatchTST,96,ETTh1,0.056750014,1251,prollcorr.csv,0.056771465,2.145099999999872e-05,0.03778482728955246
PatchTST,96,ETTm1,0.029394789,1001,pentropy.csv,0.029405579,1.0790000000000105e-05,0.03669371720244007
iTransformer,96,ECL,0.27867725,1251,ipfarm.csv,0.2787739,9.665000000003143e-05,0.03466967316525379
TimeXer,96,ETTh1,0.05661986,501,iprollcov.csv,0.056639295,1.9434999999998204e-05,0.03431363331764317
iTransformer,192,ETTh2,0.19390245,1001,pfarm.csv,0.19396114,5.869000000000013e-05,0.03025863840561059
iTransformer,192,ETTh1,0.07246688,751,pfarm.csv,0.07248679,1.9909999999997985e-05,0.02746707365576264
iTransformer,96,Traffic,0.15635331,1001,pfarm.csv,0.15639566,4.234999999999656e-05,0.02707875653326733
PatchTST,96,ETTh1,0.056756783,1501,pentropy.csv,0.056771465,1.4682000000001971e-05,0.025861583807995744
PatchTST,96,ETTm1,0.029398242,501,ipentropy.csv,0.029405579,7.336999999999622e-06,0.024951047554614112
TimeXer,96,ETTh1,0.056626443,1251,ipentropy.csv,0.056639295,1.2852000000000696e-05,0.022690960401256222
TimeXer,96,Traffic,0.16839999,1251,ipfarm.csv,0.1684373,3.731000000001261e-05,0.02215067565201568
PatchTST,96,ETTh1,0.056758936,1251,pentropy.csv,0.056771465,1.2528999999997237e-05,0.022069185637533285
iTransformer,192,Weather,0.0015824888,1501,prollcov.csv,0.0015828296,3.4079999999998833e-07,0.021531060576576805
PatchTST,96,ETTm2,0.0644034,501,pfarm.csv,0.06441702,1.362000000000585e-05,0.02114348040316961
PatchTST,96,ETTh1,0.056759983,501,ipentropy.csv,0.056771465,1.1482000000000159e-05,0.02022494927689493
PatchTST,96,ETTm2,0.06440421,751,prollcov.csv,0.06441702,1.2810000000001986e-05,0.019886048749231156
PatchTST,96,ETTh2,0.13632686,1001,prollcov.csv,0.13635339,2.6529999999996834e-05,0.019456795316931126
TimeXer,96,ETTm1,0.028490292,1251,prollcov.csv,0.028495742,5.450000000000593e-06,0.019125664458923698
TimeXer,96,ETTm1,0.028490722,501,pentropy.csv,0.028495742,5.020000000001412e-06,0.017616667079598813
iTransformer,192,Traffic,0.15548784,1001,pfarm.csv,0.15551504,2.7200000000004998e-05,0.01749026975140475
PatchTST,96,ETTh2,0.13632965,1501,ipfarm.csv,0.13635339,2.373999999999432e-05,0.01741064156893666
TimeXer,96,ETTh1,0.056630056,751,ipentropy.csv,0.056639295,9.239000000001163e-06,0.01631199682129017
iTransformer,192,Traffic,0.1554897,1501,prollcov.csv,0.15551504,2.533999999998482e-05,0.016294243952215053
iTransformer,96,ETTh2,0.1371005,1251,ipmutual,0.13711844,1.7940000000021827e-05,0.013083579422302228
iTransformer,96,ETTh1,0.058681305,1251,pentropy.csv,0.058687977,6.671999999999234e-06,0.01136859769420785
iTransformer,192,ETTh1,0.0724801,1251,pentropy.csv,0.07248679,6.68999999998976e-06,0.009229267843133571
PatchTST,96,ETTh1,0.05676642,1001,pentropy.csv,0.056771465,5.045000000002131e-06,0.008886506627937347
iTransformer,192,ETTh1,0.07248095,501,pentropy.csv,0.07248679,5.839999999993073e-06,0.008056640389225503
PatchTST,96,ETTh2,0.13634427,751,ipfarm.csv,0.13635339,9.12000000000135e-06,0.006688502574084406
TimeXer,96,ETTm1,0.028493874,1501,ipentropy.csv,0.028495742,1.8680000000020902e-06,0.006555365359505606
PatchTST,96,ETTm1,0.029403714,1501,pentropy.csv,0.029405579,1.8650000000001998e-06,0.006342333881608656
PatchTST,96,ETTm1,0.029403903,751,ipmutual,0.029405579,1.6760000000025366e-06,0.005699598705410754
PatchTST,96,ETTh2,0.13634624,1251,pmutual,0.13635339,7.149999999983558e-06,0.00524372734699413
PatchTST,96,ETTh1,0.056769047,751,ipentropy.csv,0.056771465,2.417999999997089e-06,0.004259181967555512
PatchTST,96,ETTh2,0.13634878,501,ipentropy.csv,0.13635339,4.609999999988235e-06,0.0033809207090401165
PatchTST,96,ETTh1,0.05677076,1001,ipentropy.csv,0.056771465,7.049999999966805e-07,0.0012418210451265975
TimeXer,96,Traffic,0.1684373,501,pmutual,0.1684373,0.0,0.0
TimeXer,96,Traffic,0.1684373,,identity,0.1684373,0.0,0.0
TimeXer,96,Traffic,0.1684373,1501,pmutual,0.1684373,0.0,0.0
iTransformer,96,Traffic,0.15639566,1251,pmutual,0.15639566,0.0,0.0
iTransformer,96,Traffic,0.15639566,1251,ipentropy.csv,0.15639566,0.0,0.0
iTransformer,96,Traffic,0.15639566,1001,pmutual,0.15639566,0.0,0.0
iTransformer,96,Traffic,0.15639566,1001,pentropy.csv,0.15639566,0.0,0.0
TimeXer,96,Traffic,0.1684373,751,pentropy.csv,0.1684373,0.0,0.0
TimeXer,96,Traffic,0.1684373,1001,pmutual,0.1684373,0.0,0.0
TimeXer,96,Traffic,0.1684373,1001,ipmutual,0.1684373,0.0,0.0
iTransformer,96,Traffic,0.15639566,751,ipmutual,0.15639566,0.0,0.0
iTransformer,96,Traffic,0.15639566,1501,pmutual,0.15639566,0.0,0.0
TimeXer,96,Traffic,0.1684373,1501,ipentropy.csv,0.1684373,0.0,0.0
iTransformer,96,Weather,0.0013943221,,identity,0.0013943221,0.0,0.0
iTransformer,96,ETTm2,0.0758165,,identity,0.0758165,0.0,0.0
TimeXer,96,Traffic,0.1684373,1251,pentropy.csv,0.1684373,0.0,0.0
TimeXer,96,Traffic,0.1684373,1251,pmutual,0.1684373,0.0,0.0
iTransformer,192,ECL,0.3166597,751,pentropy.csv,0.3166597,0.0,0.0
iTransformer,192,ECL,0.3166597,501,ipentropy.csv,0.3166597,0.0,0.0
iTransformer,192,ECL,0.3166597,751,ipentropy.csv,0.3166597,0.0,0.0
iTransformer,96,Traffic,0.15639566,,identity,0.15639566,0.0,0.0
iTransformer,192,ETTh1,0.07248679,,identity,0.07248679,0.0,0.0
iTransformer,96,Traffic,0.15639566,501,ipentropy.csv,0.15639566,0.0,0.0
iTransformer,192,ECL,0.3166597,1501,ipentropy.csv,0.3166597,0.0,0.0
iTransformer,192,ECL,0.3166597,,identity,0.3166597,0.0,0.0
iTransformer,192,ECL,0.3166597,1501,pentropy.csv,0.3166597,0.0,0.0
iTransformer,192,ECL,0.3166597,1251,ipentropy.csv,0.3166597,0.0,0.0
iTransformer,192,ECL,0.3166597,501,pentropy.csv,0.3166597,0.0,0.0
iTransformer,192,ECL,0.3166597,1001,pentropy.csv,0.3166597,0.0,0.0
iTransformer,192,ECL,0.3166597,1251,pentropy.csv,0.3166597,0.0,0.0
TimeXer,96,Traffic,0.1684373,751,ipentropy.csv,0.1684373,0.0,0.0
iTransformer,192,ECL,0.3166597,1001,ipentropy.csv,0.3166597,0.0,0.0
TimeXer,96,Traffic,0.1684373,1501,ipmutual,0.1684373,0.0,0.0
TimeXer,96,Weather,0.0013344327,,identity,0.0013344327,0.0,0.0
iTransformer,192,Weather,0.0015828296,,identity,0.0015828296,0.0,0.0
iTransformer,96,Traffic,0.15639566,501,pentropy.csv,0.15639566,0.0,0.0
iTransformer,96,Traffic,0.15639566,1001,ipentropy.csv,0.15639566,0.0,0.0
iTransformer,96,Traffic,0.15639566,1251,pentropy.csv,0.15639566,0.0,0.0
TimeXer,96,Traffic,0.1684373,1001,pentropy.csv,0.1684373,0.0,0.0
TimeXer,96,ECL,0.26882008,1001,ipentropy.csv,0.26882008,0.0,0.0
TimeXer,96,Traffic,0.1684373,751,pmutual,0.1684373,0.0,0.0
TimeXer,96,ECL,0.26882008,501,ipentropy.csv,0.26882008,0.0,0.0
iTransformer,96,ETTh2,0.13711844,,identity,0.13711844,0.0,0.0
TimeXer,96,ECL,0.26882008,1001,pentropy.csv,0.26882008,0.0,0.0
PatchTST,96,ETTh2,0.13635339,,identity,0.13635339,0.0,0.0
PatchTST,96,ETTm1,0.029405579,,identity,0.029405579,0.0,0.0
iTransformer,96,ETTh1,0.058687977,,identity,0.058687977,0.0,0.0
TimeXer,96,ECL,0.26882008,1501,ipentropy.csv,0.26882008,0.0,0.0
TimeXer,96,ECL,0.26882008,,identity,0.26882008,0.0,0.0
PatchTST,96,ETTm2,0.06441702,,identity,0.06441702,0.0,0.0
iTransformer,192,Traffic,0.15551504,751,pentropy.csv,0.15551504,0.0,0.0
iTransformer,96,Traffic,0.15639566,1501,ipentropy.csv,0.15639566,0.0,0.0
TimeXer,96,ECL,0.26882008,751,ipentropy.csv,0.26882008,0.0,0.0
iTransformer,192,Traffic,0.15551504,1251,ipmutual,0.15551504,0.0,0.0
iTransformer,192,Traffic,0.15551504,1001,pentropy.csv,0.15551504,0.0,0.0
iTransformer,192,Traffic,0.15551504,501,ipmutual,0.15551504,0.0,0.0
TimeXer,96,Traffic,0.1684373,1001,ipentropy.csv,0.1684373,0.0,0.0
iTransformer,192,Traffic,0.15551504,501,pentropy.csv,0.15551504,0.0,0.0
PatchTST,96,ETTh1,0.056771465,,identity,0.056771465,0.0,0.0
iTransformer,96,Traffic,0.15639566,1251,ipmutual,0.15639566,0.0,0.0
iTransformer,96,ETTm1,0.030397011,,identity,0.030397011,0.0,0.0
iTransformer,96,Traffic,0.15639566,1001,ipmutual,0.15639566,0.0,0.0
iTransformer,96,Traffic,0.15639566,751,pmutual,0.15639566,0.0,0.0
iTransformer,192,ETTm1,0.04461782,,identity,0.04461782,0.0,0.0
iTransformer,192,ETTh2,0.19396114,,identity,0.19396114,0.0,0.0
TimeXer,96,ECL,0.26882008,1251,ipentropy.csv,0.26882008,0.0,0.0
TimeXer,96,ECL,0.26882008,751,pentropy.csv,0.26882008,0.0,0.0
TimeXer,96,ECL,0.26882008,501,pentropy.csv,0.26882008,0.0,0.0
TimeXer,96,ECL,0.26882008,1251,pentropy.csv,0.26882008,0.0,0.0
TimeXer,96,ECL,0.26882008,1501,pentropy.csv,0.26882008,0.0,0.0
TimeXer,96,ETTh2,0.14430724,,identity,0.14430724,0.0,0.0
iTransformer,96,Traffic,0.15639566,1501,pentropy.csv,0.15639566,0.0,0.0
iTransformer,96,Traffic,0.15639566,751,pentropy.csv,0.15639566,0.0,0.0
iTransformer,96,Traffic,0.15639566,501,pmutual,0.15639566,0.0,0.0
iTransformer,96,Traffic,0.15639566,751,ipentropy.csv,0.15639566,0.0,0.0
iTransformer,96,Traffic,0.15639566,501,ipmutual,0.15639566,0.0,0.0
TimeXer,96,ETTh1,0.056639295,,identity,0.056639295,0.0,0.0
iTransformer,192,Traffic,0.15551504,501,ipentropy.csv,0.15551504,0.0,0.0
iTransformer,192,Traffic,0.15551504,1251,pmutual,0.15551504,0.0,0.0
iTransformer,192,Traffic,0.15551504,1251,pentropy.csv,0.15551504,0.0,0.0
iTransformer,192,ETTm2,0.12018147,,identity,0.12018147,0.0,0.0
iTransformer,192,Traffic,0.15551504,1501,pentropy.csv,0.15551504,0.0,0.0
iTransformer,192,Traffic,0.15551504,501,pmutual,0.15551504,0.0,0.0
iTransformer,192,Traffic,0.15551504,751,ipentropy.csv,0.15551504,0.0,0.0
iTransformer,192,Traffic,0.15551504,1001,pmutual,0.15551504,0.0,0.0
TimeXer,96,ETTm1,0.028495742,,identity,0.028495742,0.0,0.0
iTransformer,96,ECL,0.2787739,1251,pentropy.csv,0.2787739,0.0,0.0
iTransformer,96,ECL,0.2787739,501,ipentropy.csv,0.2787739,0.0,0.0
iTransformer,96,ECL,0.2787739,751,pentropy.csv,0.2787739,0.0,0.0
iTransformer,96,ECL,0.2787739,1001,pentropy.csv,0.2787739,0.0,0.0
iTransformer,96,ECL,0.2787739,1501,pentropy.csv,0.2787739,0.0,0.0
TimeXer,96,ETTm2,0.06781768,,identity,0.06781768,0.0,0.0
iTransformer,96,ECL,0.2787739,,identity,0.2787739,0.0,0.0
iTransformer,96,ECL,0.2787739,751,ipentropy.csv,0.2787739,0.0,0.0
iTransformer,96,ECL,0.2787739,501,pentropy.csv,0.2787739,0.0,0.0
iTransformer,96,ECL,0.2787739,1251,ipentropy.csv,0.2787739,0.0,0.0
iTransformer,96,ECL,0.2787739,1501,ipentropy.csv,0.2787739,0.0,0.0
iTransformer,96,ECL,0.2787739,1001,ipentropy.csv,0.2787739,0.0,0.0
iTransformer,192,Traffic,0.15551504,1501,ipentropy.csv,0.15551504,0.0,0.0
iTransformer,96,Traffic,0.15639566,1501,ipmutual,0.15639566,0.0,0.0
TimeXer,96,Traffic,0.1684373,751,ipmutual,0.1684373,0.0,0.0
iTransformer,192,Traffic,0.15551504,751,ipmutual,0.15551504,0.0,0.0
TimeXer,96,Traffic,0.1684373,501,ipmutual,0.1684373,0.0,0.0
iTransformer,192,Traffic,0.15551504,1001,ipentropy.csv,0.15551504,0.0,0.0
iTransformer,192,Traffic,0.15551504,1001,ipmutual,0.15551504,0.0,0.0
iTransformer,192,Traffic,0.15551504,1251,ipentropy.csv,0.15551504,0.0,0.0
iTransformer,192,Traffic,0.15551504,1501,ipmutual,0.15551504,0.0,0.0
iTransformer,192,Traffic,0.15551504,,identity,0.15551504,0.0,0.0
TimeXer,96,Traffic,0.1684373,1501,pentropy.csv,0.1684373,0.0,0.0
TimeXer,96,Traffic,0.1684373,1251,ipmutual,0.1684373,0.0,0.0
TimeXer,96,Traffic,0.1684373,501,pentropy.csv,0.1684373,0.0,0.0
TimeXer,96,Traffic,0.1684373,501,ipentropy.csv,0.1684373,0.0,0.0
iTransformer,192,Traffic,0.15551504,1501,pmutual,0.15551504,0.0,0.0
TimeXer,96,Traffic,0.1684373,1251,ipentropy.csv,0.1684373,0.0,0.0
iTransformer,192,Traffic,0.15551504,751,pmutual,0.15551504,0.0,0.0
PatchTST,96,ETTh1,0.056771763,1251,ipentropy.csv,0.056771465,-2.980000000027405e-07,-0.0005249115907132933
iTransformer,192,Traffic,0.15551665,751,pfarm.csv,0.15551504,-1.61000000001299e-06,-0.0010352696433817527
PatchTST,96,ETTh2,0.13635619,751,ipmutual,0.13635339,-2.799999999997249e-06,-0.002053487632392014
PatchTST,96,ETTh1,0.056773167,1251,prollcov.csv,0.056771465,-1.7019999999992597e-06,-0.002997984991226243
PatchTST,96,ETTh2,0.13636142,751,pentropy.csv,0.13635339,-8.030000000019966e-06,-0.005889109174344669
iTransformer,192,ETTh1,0.0724915,751,pentropy.csv,0.07248679,-4.710000000004988e-06,-0.0064977356563933756
TimeXer,96,ETTh2,0.1443177,1501,pentropy.csv,0.14430724,-1.0459999999989922e-05,-0.007248423571811035
PatchTST,96,ETTh2,0.1363633,1501,pfarm.csv,0.13635339,-9.910000000001862e-06,-0.007267879441795955
PatchTST,96,ETTm2,0.06442184,1501,prollcorr.csv,0.06441702,-4.819999999988722e-06,-0.007482494533259567
PatchTST,96,ETTh2,0.13636549,751,iprollcov.csv,0.13635339,-1.2100000000014877e-05,-0.00887400012571369
PatchTST,96,ETTh1,0.056776606,1501,ipentropy.csv,0.056771465,-5.141000000000173e-06,-0.009055605663866826
iTransformer,192,ETTm1,0.044622168,751,ipmutual,0.04461782,-4.347999999994301e-06,-0.00974498529958277
PatchTST,96,ETTm1,0.029408779,1001,prollcorr.csv,0.029405579,-3.199999999998343e-06,-0.010882288697659524
PatchTST,96,ETTh2,0.13636905,1251,prollcov.csv,0.13635339,-1.5660000000000673e-05,-0.011484862972604256
TimeXer,96,ETTm1,0.028499443,501,iprollcorr.csv,0.028495742,-3.7009999999983167e-06,-0.01298790535090582
iTransformer,96,ETTh1,0.058696486,1251,ipmutual,0.058687977,-8.508999999996825e-06,-0.01449871069843969
TimeXer,96,ETTh1,0.056647807,501,ipentropy.csv,0.056639295,-8.512000000002184e-06,-0.015028435647022415
PatchTST,96,ETTh1,0.0567809,751,ipfarm.csv,0.056771465,-9.43500000000208e-06,-0.016619264625286807
PatchTST,96,ETTh1,0.0567811,751,pentropy.csv,0.056771465,-9.635000000000893e-06,-0.016971554283478317
PatchTST,96,ETTh1,0.056782123,1501,pfarm.csv,0.056771465,-1.0657999999996726e-05,-0.018773515885131247
TimeXer,96,Weather,0.0013347405,1251,pentropy.csv,0.0013344327,-3.0780000000001084e-07,-0.023065981521586728
iTransformer,96,Traffic,0.15643196,1001,ipfarm.csv,0.15639566,-3.6300000000016874e-05,-0.023210362742813247
PatchTST,96,ETTm1,0.029412774,1251,pfarm.csv,0.029405579,-7.194999999998036e-06,-0.02446814599364983
PatchTST,96,ETTm1,0.029413039,1251,prollcorr.csv,0.029405579,-7.45999999999733e-06,-0.025369335526422822
PatchTST,96,ETTm1,0.029413294,751,ipentropy.csv,0.029405579,-7.714999999998418e-06,-0.02623651790702172
PatchTST,96,ETTm1,0.0294133,1001,pmutual,0.029405579,-7.720999999998729e-06,-0.026256922198330895
PatchTST,96,ETTm1,0.029413428,501,iprollcov.csv,0.029405579,-7.848999999997275e-06,-0.02669221374623256
PatchTST,96,ETTh2,0.13639139,1251,iprollcorr.csv,0.13635339,-3.800000000001025e-05,-0.027868760725355088
PatchTST,96,ETTm1,0.02941454,501,pentropy.csv,0.029405579,-8.960999999998304e-06,-0.0304738090686747
PatchTST,96,ETTh2,0.13639577,501,prollcov.csv,0.13635339,-4.238000000000852e-05,-0.031081002093170197
iTransformer,96,ETTh1,0.058706686,1001,ipentropy.csv,0.058687977,-1.87089999999987e-05,-0.03187876113023746
PatchTST,96,ETTh1,0.05679054,1251,ipfarm.csv,0.056771465,-1.907500000000034e-05,-0.03359962615021533
PatchTST,96,ETTh2,0.1364014,1001,pfarm.csv,0.13635339,-4.8010000000014985e-05,-0.03520997901116722
PatchTST,96,ETTm1,0.029415965,1001,iprollcov.csv,0.029405579,-1.0385999999997647e-05,-0.03531982825435148
PatchTST,96,ETTh1,0.056792382,501,ipmutual,0.056771465,-2.091700000000224e-05,-0.03684421390218173
PatchTST,96,ETTm1,0.029417133,1251,pentropy.csv,0.029405579,-1.1554000000000425e-05,-0.039291863629008716
TimeXer,96,ETTh1,0.05666253,1001,ipentropy.csv,0.056639295,-2.3235000000003392e-05,-0.041022756374357046
iTransformer,192,ETTh1,0.07251789,1001,ipentropy.csv,0.07248679,-3.110000000000612e-05,-0.04290436919610611
TimeXer,96,Traffic,0.16851264,1251,pfarm.csv,0.1684373,-7.533999999997931e-05,-0.0447288100675915
TimeXer,96,Traffic,0.16851434,1001,ipfarm.csv,0.1684373,-7.704000000000044e-05,-0.04573808770385208
iTransformer,192,Traffic,0.1555875,1501,pfarm.csv,0.15551504,-7.245999999999642e-05,-0.04659356419803282
iTransformer,192,Traffic,0.15558828,751,ipfarm.csv,0.15551504,-7.324000000000219e-05,-0.0470951234041429
TimeXer,96,ETTh2,0.14437672,1251,ipentropy.csv,0.14430724,-6.947999999998289e-05,-0.04814727244453077
PatchTST,96,ETTh1,0.0568001,1501,ipfarm.csv,0.056771465,-2.8634999999999078e-05,-0.05043907181186724
PatchTST,96,ETTh2,0.13642347,751,prollcov.csv,0.13635339,-7.008000000000014e-05,-0.05139586188506215
iTransformer,96,ETTm1,0.030412856,1001,ipfarm.csv,0.030397011,-1.5844999999996973e-05,-0.05212683576025607
iTransformer,192,ETTh1,0.07252783,1001,prollcov.csv,0.07248679,-4.104000000000607e-05,-0.05661721259833147
iTransformer,192,ETTh1,0.07252795,1001,pentropy.csv,0.07248679,-4.115999999999842e-05,-0.056782760003579166
PatchTST,96,ETTh2,0.13643113,1501,iprollcov.csv,0.13635339,-7.774000000002057e-05,-0.05701361733655509
PatchTST,96,ETTh1,0.05680389,1001,ipmutual,0.056771465,-3.242500000000259e-05,-0.05711496083464217
PatchTST,96,ETTh2,0.13643305,751,ipentropy.csv,0.13635339,-7.966000000000917e-05,-0.05842172314161693
PatchTST,96,ETTh1,0.056804664,1251,pfarm.csv,0.056771465,-3.319899999999765e-05,-0.058478321811842704
PatchTST,96,ETTh2,0.13643378,1251,pfarm.csv,0.13635339,-8.03900000000135e-05,-0.05895709670292284
PatchTST,96,ETTh1,0.056805056,501,pentropy.csv,0.056771465,-3.359099999999948e-05,-0.0591688095419054
iTransformer,192,Weather,0.0015837797,1251,pfarm.csv,0.0015828296,-9.501000000000301e-07,-0.06002541271656975
PatchTST,96,ETTm2,0.06445861,1251,iprollcorr.csv,0.06441702,-4.158999999999413e-05,-0.06456368208276962
iTransformer,192,Traffic,0.15561894,1251,pfarm.csv,0.15551504,-0.00010390000000001787,-0.0668102583518725
PatchTST,96,ETTh1,0.056810144,501,iprollcov.csv,0.056771465,-3.86789999999998e-05,-0.06813105844635116
iTransformer,192,Traffic,0.15562858,1001,ipfarm.csv,0.15551504,-0.00011353999999999531,-0.07300901571963414
iTransformer,96,ETTh1,0.058731172,751,ipentropy.csv,0.058687977,-4.3194999999995876e-05,-0.07360110572561715
TimeXer,96,Traffic,0.16856521,751,pfarm.csv,0.1684373,-0.0001279099999999811,-0.07593923673674483
iTransformer,96,ETTh1,0.05873361,501,pentropy.csv,0.058687977,-4.5632999999996315e-05,-0.07775527856411939
iTransformer,96,ETTh2,0.1372308,1001,pentropy.csv,0.13711844,-0.00011235999999997803,-0.0819437560695542
TimeXer,96,Weather,0.0013355602,501,iprollcov.csv,0.0013344327,-1.127500000000026e-06,-0.08449283354642209
PatchTST,96,ETTm1,0.029430833,1001,iprollcorr.csv,0.029405579,-2.525399999999886e-05,-0.08588166211588236
TimeXer,96,ETTm1,0.028520457,751,pentropy.csv,0.028495742,-2.4714999999998072e-05,-0.08673225634902951
iTransformer,96,Traffic,0.15653487,1501,pfarm.csv,0.15639566,-0.00013921000000000072,-0.08901142141668172
iTransformer,192,ETTm1,0.04465757,1001,pentropy.csv,0.04461782,-3.974999999999812e-05,-0.08908996450296791
iTransformer,96,ETTh1,0.05874041,1501,pentropy.csv,0.058687977,-5.2432999999997565e-05,-0.08934197885198455
iTransformer,192,Traffic,0.15565412,501,pfarm.csv,0.15551504,-0.00013908000000001364,-0.0894318645965134
PatchTST,96,ETTm1,0.02943282,1251,iprollcorr.csv,0.029405579,-2.7240999999997295e-05,-0.0926388832540835
PatchTST,96,ETTm1,0.0294331,1501,prollcorr.csv,0.029405579,-2.7520999999999102e-05,-0.09359108351513534
TimeXer,96,ETTm1,0.02852322,751,ipentropy.csv,0.028495742,-2.747799999999745e-05,-0.09642844183526594
iTransformer,96,ETTh2,0.13725239,1251,pentropy.csv,0.13711844,-0.0001339499999999938,-0.09768926776004291
iTransformer,96,ETTm1,0.030427411,751,ipfarm.csv,0.030397011,-3.039999999999987e-05,-0.10000983320366556
TimeXer,96,Traffic,0.16860828,1501,pfarm.csv,0.1684373,-0.00017097999999998725,-0.10150958249745587
iTransformer,192,ETTh2,0.19415917,501,pentropy.csv,0.19396114,-0.00019802999999998794,-0.10209777071839646
TimeXer,96,Weather,0.0013358006,1251,prollcov.csv,0.0013344327,-1.3679000000000382e-06,-0.10250797960811649
TimeXer,96,Traffic,0.16861309,1001,prollcorr.csv,0.1684373,-0.00017578999999998124,-0.10436524451530702
PatchTST,96,ETTh2,0.13649869,501,pmutual,0.13635339,-0.00014530000000001486,-0.10656134035245833
PatchTST,96,ETTh1,0.05683198,1001,ipfarm.csv,0.056771465,-6.05149999999971e-05,-0.1065940433279238
iTransformer,96,Traffic,0.15656582,1501,prollcorr.csv,0.15639566,-0.00017016000000000253,-0.1088009731216343
iTransformer,96,Traffic,0.15656607,1251,pfarm.csv,0.15639566,-0.00017041000000000972,-0.10896082410471603
PatchTST,96,ETTm2,0.06449025,751,ipmutual,0.06441702,-7.322999999999358e-05,-0.11368113582403155
PatchTST,96,ETTm1,0.02943945,1001,prollcov.csv,0.029405579,-3.387099999999782e-05,-0.1151856251495603
iTransformer,192,ETTh1,0.072570525,1251,ipmutual,0.07248679,-8.373500000000145e-05,-0.11551759982750161
TimeXer,96,ETTh1,0.056705687,1001,pentropy.csv,0.056639295,-6.639199999999845e-05,-0.11721897315282341
iTransformer,192,Weather,0.0015847164,1501,ipentropy.csv,0.0015828296,-1.8868000000000443e-06,-0.11920424030483409
TimeXer,96,Weather,0.0013360376,1001,prollcov.csv,0.0013344327,-1.604899999999975e-06,-0.12026833575046347
PatchTST,96,ETTm1,0.029441018,1501,ipfarm.csv,0.029405579,-3.543899999999822e-05,-0.1205179466114176
iTransformer,96,ETTh1,0.05876169,1501,ipentropy.csv,0.058687977,-7.371299999999609e-05,-0.12560153504694171
TimeXer,96,ETTh1,0.056712374,751,ipfarm.csv,0.056639295,-7.307900000000367e-05,-0.12902526417393378
TimeXer,96,ETTh1,0.056713376,1501,ipentropy.csv,0.056639295,-7.408100000000362e-05,-0.13079435399046477
iTransformer,96,Traffic,0.15660071,751,ipfarm.csv,0.15639566,-0.00020505000000001217,-0.13110977631988777
TimeXer,96,ETTm1,0.0285332,501,ipentropy.csv,0.028495742,-3.745800000000063e-05,-0.13145121822060513
PatchTST,96,ETTm1,0.029445894,1251,iprollcov.csv,0.029405579,-4.03149999999991e-05,-0.13709983401448786
iTransformer,192,ECL,0.31709617,501,pmutual,0.3166597,-0.0004364700000000221,-0.13783566396356156
PatchTST,96,ETTm2,0.06450632,501,pmutual,0.06441702,-8.930000000000049e-05,-0.13862795888415902
TimeXer,96,ETTh1,0.056718398,1501,ipfarm.csv,0.056639295,-7.910300000000398e-05,-0.13966098977751043
iTransformer,96,ETTh1,0.05877127,1501,ipfarm.csv,0.058687977,-8.329299999999817e-05,-0.14192515104072878
iTransformer,96,ETTh1,0.05877216,751,pentropy.csv,0.058687977,-8.418299999999462e-05,-0.14344164563722245
PatchTST,96,ETTm1,0.029447831,1501,pmutual,0.029405579,-4.225199999999957e-05,-0.1436870193917949
PatchTST,96,ETTh1,0.05685391,751,ipmutual,0.056771465,-8.244500000000043e-05,-0.14522260434885806
iTransformer,192,Traffic,0.15574215,501,prollcorr.csv,0.15551504,-0.0002271100000000026,-0.14603732217797238
iTransformer,192,ETTh1,0.07259311,1501,pentropy.csv,0.07248679,-0.00010632000000000696,-0.14667500105882322
PatchTST,96,ETTh2,0.1365669,1501,iprollcorr.csv,0.13635339,-0.0002135100000000001,-0.15658576585444636
PatchTST,96,ETTh1,0.05686143,1251,ipmutual,0.056771465,-8.996499999999741e-05,-0.15846869549693213
PatchTST,96,ETTm1,0.029453864,751,iprollcov.csv,0.029405579,-4.828499999999861e-05,-0.16420353430210846
iTransformer,96,ETTh1,0.05878441,751,ipfarm.csv,0.058687977,-9.643299999999994e-05,-0.1643147454205142
PatchTST,96,ETTh1,0.056865282,1001,iprollcov.csv,0.056771465,-9.381700000000298e-05,-0.16525379431375073
iTransformer,96,ETTh1,0.058786664,1001,iprollcorr.csv,0.058687977,-9.868700000000008e-05,-0.16815539578063846
PatchTST,96,ETTh1,0.056869004,501,ipfarm.csv,0.056771465,-9.753900000000065e-05,-0.17180990485272954
PatchTST,96,ETTh1,0.056870256,751,pfarm.csv,0.056771465,-9.879100000000085e-05,-0.17401523811302183
PatchTST,96,ETTh1,0.056872785,1001,prollcorr.csv,0.056771465,-0.00010132000000000196,-0.17846994084088189
PatchTST,96,ETTh1,0.056873634,1501,prollcov.csv,0.056771465,-0.00010216899999999918,-0.1799654104399088
TimeXer,96,ETTm1,0.028548118,1251,pentropy.csv,0.028495742,-5.237599999999981e-05,-0.18380289939458255
TimeXer,96,ETTh1,0.056745995,1501,pentropy.csv,0.056639295,-0.00010670000000000124,-0.188385113197474
PatchTST,96,ETTh1,0.056878917,751,iprollcov.csv,0.056771465,-0.00010745200000000094,-0.18927114176109588
iTransformer,192,ETTh1,0.0726249,1251,ipfarm.csv,0.07248679,-0.00013811000000001072,-0.19053126783516106
iTransformer,96,ETTh2,0.13738059,1501,pentropy.csv,0.13711844,-0.0002621499999999888,-0.19118508057704622
PatchTST,96,ETTh1,0.05688337,1001,iprollcorr.csv,0.056771465,-0.00011190500000000242,-0.197114871000779
iTransformer,192,Traffic,0.15582809,1001,prollcorr.csv,0.15551504,-0.00031305000000000915,-0.2012988582969269
PatchTST,96,ETTh1,0.056886632,501,pfarm.csv,0.056771465,-0.00011516699999999935,-0.2028607153259113
iTransformer,192,ETTm1,0.04470885,1501,ipentropy.csv,0.04461782,-9.102999999999889e-05,-0.20402162185422526
iTransformer,192,ETTm1,0.044708952,1251,ipmutual,0.04461782,-9.113200000000071e-05,-0.2042502300650294
TimeXer,96,Traffic,0.16878505,1501,iprollcorr.csv,0.1684373,-0.00034774999999998,-0.2064566458854304
iTransformer,96,ETTh1,0.058809664,1001,ipfarm.csv,0.058687977,-0.00012168699999999533,-0.2073457055778142
TimeXer,96,ECL,0.26938084,1001,pfarm.csv,0.26882008,-0.0005607599999999935,-0.20860048847541204
PatchTST,96,ETTh1,0.056891553,1251,iprollcov.csv,0.056771465,-0.00012008799999999736,-0.2115288023657613
iTransformer,96,Traffic,0.15672891,501,pfarm.csv,0.15639566,-0.00033325000000000715,-0.21308136044184806
PatchTST,96,ETTm2,0.06455466,501,ipentropy.csv,0.06441702,-0.00013763999999999443,-0.21367023808303212
TimeXer,96,Weather,0.0013373117,1251,ipentropy.csv,0.0013344327,-2.8789999999999025e-06,-0.21574711111320208
iTransformer,96,ETTh1,0.058817264,501,pmutual,0.058687977,-0.00012928699999999876,-0.22029554707601995
TimeXer,96,Weather,0.0013374289,751,ipfarm.csv,0.0013344327,-2.9961999999999697e-06,-0.22452986950934054
iTransformer,192,ETTh2,0.1944057,501,pfarm.csv,0.19396114,-0.00044455999999998275,-0.22920055017205135
iTransformer,192,Weather,0.001586465,1001,ipentropy.csv,0.0015828296,-3.635400000000016e-06,-0.22967728174909138
TimeXer,96,Traffic,0.16883399,501,pfarm.csv,0.1684373,-0.00039668999999997734,-0.2355119679548279
iTransformer,96,ETTh1,0.058826994,1001,pentropy.csv,0.058687977,-0.00013901699999999823,-0.23687475204674072
TimeXer,96,ETTm1,0.028564066,501,ipfarm.csv,0.028495742,-6.832399999999808e-05,-0.2397691556864814
iTransformer,96,ETTm1,0.0304701,1001,iprollcov.csv,0.030397011,-7.30889999999984e-05,-0.2404479835204797
PatchTST,96,ETTm2,0.064572796,1501,pmutual,0.06441702,-0.00015577599999999636,-0.24182428805305856
iTransformer,192,ETTm1,0.044728428,1001,ipmutual,0.04461782,-0.00011060799999999815,-0.24790095078602706
TimeXer,96,Traffic,0.16885976,1501,prollcov.csv,0.1684373,-0.0004224599999999856,-0.2508114295348985
TimeXer,96,ETTh1,0.056783903,1001,ipfarm.csv,0.056639295,-0.00014460799999999746,-0.25531391236419426
TimeXer,96,Weather,0.0013378708,1501,pentropy.csv,0.0013344327,-3.438099999999956e-06,-0.2576450652026105
iTransformer,96,ETTh1,0.058840226,1251,ipfarm.csv,0.058687977,-0.00015224900000000013,-0.2594211076657151
iTransformer,192,ETTh2,0.19446665,1001,iprollcorr.csv,0.19396114,-0.0005055099999999868,-0.2606243704280078
TimeXer,96,Traffic,0.16888201,1251,prollcov.csv,0.1684373,-0.00044470999999998706,-0.26402109271520446
PatchTST,96,ETTm2,0.06458929,501,ipfarm.csv,0.06441702,-0.00017226999999998827,-0.26742932225052984
iTransformer,192,ETTh1,0.072681636,501,ipmutual,0.07248679,-0.00019484599999999852,-0.268802081041247
iTransformer,192,ETTh1,0.0726841,1501,pfarm.csv,0.07248679,-0.0001973100000000061,-0.2722013210958936
TimeXer,96,Weather,0.0013381048,1501,prollcov.csv,0.0013344327,-3.6720999999999542e-06,-0.2751806067102488
TimeXer,96,ETTm1,0.028576013,1001,iprollcov.csv,0.028495742,-8.027099999999981e-05,-0.28169471775818233
iTransformer,96,ETTm1,0.03048421,1501,iprollcorr.csv,0.030397011,-8.719899999999961e-05,-0.28686702123442204
iTransformer,192,ETTm2,0.12052941,501,pmutual,0.12018147,-0.0003479400000000049,-0.28951218519793853
iTransformer,192,ETTm1,0.044747926,1001,ipentropy.csv,0.04461782,-0.0001301059999999979,-0.2916009791603397
PatchTST,96,ETTh1,0.056938015,751,iprollcorr.csv,0.056771465,-0.00016655000000000142,-0.293369212860724
iTransformer,96,ETTm1,0.030486511,1251,iprollcorr.csv,0.030397011,-8.94999999999993e-05,-0.294436844464738
TimeXer,96,ETTh2,0.14474474,1501,ipentropy.csv,0.14430724,-0.00043750000000000733,-0.3031725920335025
iTransformer,192,ETTh2,0.19456062,1251,pfarm.csv,0.19396114,-0.0005994799999999856,-0.30907221931155154
iTransformer,96,ETTh1,0.058871403,751,prollcorr.csv,0.058687977,-0.00018342600000000042,-0.3125444245590548
iTransformer,192,ETTm1,0.04475972,1501,prollcov.csv,0.04461782,-0.00014190000000000036,-0.31803436384834655
iTransformer,96,ETTm1,0.030493809,1251,ipmutual,0.030397011,-9.679799999999864e-05,-0.31844578402790535
PatchTST,96,ETTh1,0.056953806,1501,iprollcov.csv,0.056771465,-0.00018234100000000253,-0.32118424282340174
iTransformer,192,ETTm1,0.044761866,751,prollcov.csv,0.04461782,-0.0001440459999999949,-0.32284410130301056
PatchTST,96,ETTh1,0.05695527,501,iprollcorr.csv,0.056771465,-0.00018380500000000216,-0.32376300312137823
TimeXer,96,ETTm1,0.02858876,1251,pfarm.csv,0.028495742,-9.301800000000027e-05,-0.32642771681467453
TimeXer,96,ETTm1,0.028589852,1501,iprollcov.csv,0.028495742,-9.410999999999795e-05,-0.33025986829891263
iTransformer,192,Traffic,0.1560333,1001,iprollcorr.csv,0.15551504,-0.0005182600000000204,-0.33325394122653373
PatchTST,96,ETTh1,0.056960724,1501,ipmutual,0.056771465,-0.00018925899999999718,-0.333369942100309
iTransformer,96,ETTh2,0.13757586,751,pentropy.csv,0.13711844,-0.00045741999999998617,-0.3335948104426991
TimeXer,96,ETTh1,0.056837346,1251,ipfarm.csv,0.056639295,-0.0001980509999999977,-0.34967066592194995
iTransformer,96,ETTh1,0.058896746,1501,pmutual,0.058687977,-0.00020876899999999754,-0.3557270341760077
TimeXer,96,ETTh2,0.14482589,501,iprollcov.csv,0.14430724,-0.0005186500000000094,-0.35940677681868866
PatchTST,96,ETTh1,0.05697561,751,prollcov.csv,0.056771465,-0.0002041450000000028,-0.3595908613596686
iTransformer,192,ETTh1,0.072750054,751,prollcov.csv,0.07248679,-0.00026326399999999917,-0.3631889341492418
TimeXer,96,ETTm1,0.028599616,1501,pfarm.csv,0.028495742,-0.00010387400000000033,-0.36452463669835417
PatchTST,96,ETTh1,0.05697919,1501,pmutual,0.056771465,-0.00020772499999999888,-0.3658968462413272
TimeXer,96,ECL,0.26980817,1501,pmutual,0.26882008,-0.000988089999999997,-0.3675655479307933
TimeXer,96,ETTm2,0.06806699,1001,ipentropy.csv,0.06781768,-0.0002493099999999887,-0.367618001677422
TimeXer,96,ETTm1,0.028601997,751,iprollcov.csv,0.028495742,-0.00010625499999999954,-0.37288027102435
iTransformer,192,ETTm1,0.0447858,1501,ipmutual,0.04461782,-0.00016797999999999813,-0.3764863455901658
iTransformer,96,Weather,0.0013995742,751,iprollcov.csv,0.0013943221,-5.252100000000112e-06,-0.3766776701022032
PatchTST,96,ETTh1,0.05698771,1001,prollcov.csv,0.056771465,-0.00021624499999999686,-0.38090438568037105
TimeXer,96,Weather,0.0013395447,751,pfarm.csv,0.0013344327,-5.112000000000042e-06,-0.3830841375514885
TimeXer,96,Traffic,0.16908444,1251,prollcorr.csv,0.1684373,-0.0006471399999999905,-0.38420231148325845
TimeXer,96,Traffic,0.16908765,501,prollcov.csv,0.1684373,-0.000650349999999994,-0.38610806513758766
iTransformer,96,Weather,0.0013997675,1251,ipfarm.csv,0.0013943221,-5.445400000000109e-06,-0.39054103782763744
iTransformer,96,ETTh1,0.05891885,751,ipmutual,0.058687977,-0.0002308729999999995,-0.3933906258176176
iTransformer,96,ETTh1,0.058922708,1251,pfarm.csv,0.058687977,-0.00023473099999999497,-0.39996437430445925
TimeXer,96,ETTh1,0.05686594,501,iprollcorr.csv,0.056639295,-0.00022664499999999754,-0.4001550513649535
PatchTST,96,ETTh1,0.05700073,1251,iprollcorr.csv,0.056771465,-0.00022926499999999933,-0.40383844242877887
PatchTST,96,ETTm2,0.06467727,1251,ipfarm.csv,0.06441702,-0.00026024999999998966,-0.4040081332542077
iTransformer,192,ETTh1,0.07278129,1501,ipentropy.csv,0.07248679,-0.0002945000000000031,-0.4062809237379709
PatchTST,96,ETTh1,0.057002984,751,prollcorr.csv,0.056771465,-0.00023151899999999948,-0.407808746876621
iTransformer,96,ETTm2,0.076132774,1251,ipmutual,0.0758165,-0.0003162740000000053,-0.4171572151180881
PatchTST,96,ETTm2,0.064685985,501,iprollcorr.csv,0.06441702,-0.000268964999999996,-0.417537166419676
iTransformer,192,Traffic,0.15618128,751,prollcorr.csv,0.15551504,-0.0006662400000000124,-0.42840872496963145
iTransformer,96,ETTh1,0.05894249,1501,pfarm.csv,0.058687977,-0.0002545129999999979,-0.43367144858306816
TimeXer,96,ETTh1,0.05688527,1251,iprollcov.csv,0.056639295,-0.00024597500000000244,-0.43428330101919954
iTransformer,96,ETTm1,0.030529145,751,ipentropy.csv,0.030397011,-0.00013213399999999903,-0.4346940559385889
iTransformer,96,ETTh2,0.13771963,751,ipmutual,0.13711844,-0.0006011900000000014,-0.438445769948959
iTransformer,192,ETTh1,0.072810374,1001,ipfarm.csv,0.07248679,-0.00032358400000000176,-0.44640409652572804
TimeXer,96,ETTm2,0.06812374,1501,ipfarm.csv,0.06781768,-0.0003060599999999969,-0.4512982455312492
iTransformer,96,ETTm1,0.0305378,501,prollcov.csv,0.030397011,-0.0001407889999999988,-0.46316725022732924
iTransformer,192,Weather,0.0015903132,751,iprollcorr.csv,0.0015828296,-7.483599999999957e-06,-0.47279884075960904
iTransformer,192,ETTh1,0.072831064,751,iprollcov.csv,0.07248679,-0.0003442740000000055,-0.47494722831567726
PatchTST,96,ETTh1,0.05704179,1251,pmutual,0.056771465,-0.0002703250000000018,-0.47616350925592954
iTransformer,192,Weather,0.0015903667,1501,pmutual,0.0015828296,-7.537099999999986e-06,-0.47617886347336347
iTransformer,192,ETTh1,0.07283287,1251,iprollcov.csv,0.07248679,-0.0003460799999999986,-0.47743871676480454
iTransformer,192,Traffic,0.15627214,1251,iprollcorr.csv,0.15551504,-0.0007571000000000105,-0.48683394223479
iTransformer,96,ETTh1,0.058975503,501,iprollcov.csv,0.058687977,-0.0002875259999999963,-0.4899231745541276
iTransformer,192,Traffic,0.15627989,501,iprollcov.csv,0.15551504,-0.0007648500000000114,-0.4918173830646935
iTransformer,96,ETTh1,0.05897789,751,iprollcorr.csv,0.058687977,-0.0002899129999999958,-0.4939904471404693
PatchTST,96,ETTh1,0.057052422,501,prollcov.csv,0.056771465,-0.00028095699999999835,-0.4948912274854953
iTransformer,192,ETTm1,0.044839244,1501,prollcorr.csv,0.04461782,-0.00022142399999999784,-0.49626808302153225
PatchTST,96,ETTh1,0.057053324,751,pmutual,0.056771465,-0.00028185900000000236,-0.49648005384395555
PatchTST,96,ETTh1,0.05705415,1001,pmutual,0.056771465,-0.0002826849999999978,-0.4979350101322871
iTransformer,192,Traffic,0.15629877,1001,prollcov.csv,0.15551504,-0.0007837300000000103,-0.5039576879509597
PatchTST,96,ETTm2,0.06474213,1501,ipentropy.csv,0.06441702,-0.0003251099999999896,-0.5046958086542804
iTransformer,96,ETTm1,0.03055125,1251,iprollcov.csv,0.030397011,-0.000154238999999997,-0.5074150218256557
iTransformer,192,Traffic,0.15630534,1251,prollcov.csv,0.15551504,-0.0007902999999999938,-0.5081823597254606
iTransformer,192,ETTh1,0.07285762,1501,ipmutual,0.07248679,-0.00037083000000000255,-0.5115828690993249
iTransformer,96,ETTh1,0.05899555,1001,iprollcov.csv,0.058687977,-0.0003075729999999985,-0.5240817893586593
iTransformer,192,ETTm1,0.044852156,1251,pfarm.csv,0.04461782,-0.00023433599999999472,-0.5252071930004529
iTransformer,192,ETTm1,0.044855107,501,iprollcorr.csv,0.04461782,-0.00023728699999999575,-0.5318211423148772
TimeXer,96,ETTm1,0.028647851,501,iprollcov.csv,0.028495742,-0.0001521089999999975,-0.533795540400378
iTransformer,192,ETTh1,0.0728739,1251,prollcorr.csv,0.07248679,-0.00038711000000000995,-0.5340421337460384
TimeXer,96,ETTm1,0.028648635,1251,iprollcov.csv,0.028495742,-0.0001528929999999977,-0.5365468286454786
PatchTST,96,ETTh1,0.057079658,501,prollcorr.csv,0.056771465,-0.0003081929999999983,-0.5428660331382998
PatchTST,96,ETTh1,0.0570815,1501,iprollcorr.csv,0.056771465,-0.00031003500000000017,-0.5461106208902662
iTransformer,192,ETTm2,0.1208487,751,pfarm.csv,0.12018147,-0.0006672300000000048,-0.5551854208473276
TimeXer,96,Weather,0.0013419255,1001,ipmutual,0.0013344327,-7.492800000000058e-06,-0.5614970316599749
PatchTST,96,ETTm2,0.064779386,1001,pmutual,0.06441702,-0.000362365999999989,-0.5625314551961407
TimeXer,96,Weather,0.0013421589,1251,pfarm.csv,0.0013344327,-7.726200000000068e-06,-0.5789876102406715
iTransformer,96,ECL,0.28038964,1251,pfarm.csv,0.2787739,-0.0016157399999999766,-0.5795879743404876
TimeXer,96,ECL,0.2703853,751,pfarm.csv,0.26882008,-0.0015652199999999783,-0.5822556112623649
iTransformer,192,Traffic,0.1564288,1501,iprollcorr.csv,0.15551504,-0.0009137600000000135,-0.5875701797073861
iTransformer,96,ETTm1,0.030577896,501,iprollcov.csv,0.030397011,-0.00018088499999999869,-0.5950749565475325
PatchTST,96,ETTm2,0.064807594,1501,prollcov.csv,0.06441702,-0.00039057399999999076,-0.6063211244481517
TimeXer,96,ETTh2,0.14518969,501,iprollcorr.csv,0.14430724,-0.0008824500000000068,-0.6115077802056271
PatchTST,96,ETTm2,0.06481132,751,pmutual,0.06441702,-0.0003943000000000002,-0.6121053100562556
iTransformer,96,Weather,0.0014028692,751,pmutual,0.0013943221,-8.54710000000006e-06,-0.6129932244493621
TimeXer,96,Weather,0.0013426971,501,prollcov.csv,0.0013344327,-8.264399999999934e-06,-0.6193193557082297
TimeXer,96,ETTh2,0.14520478,1251,pentropy.csv,0.14430724,-0.0008975400000000022,-0.6219646360085621
iTransformer,96,ETTh1,0.059062175,1501,ipmutual,0.058687977,-0.0003741979999999992,-0.6376058932820247
TimeXer,96,Weather,0.0013429597,1501,ipmutual,0.0013344327,-8.526999999999927e-06,-0.6389981300668012
iTransformer,192,Weather,0.0015929928,501,ipfarm.csv,0.0015828296,-1.016319999999995e-05,-0.6420905952226285
TimeXer,96,Weather,0.0013430049,751,prollcov.csv,0.0013344327,-8.572199999999945e-06,-0.6423853372298165
iTransformer,96,ETTm1,0.030594692,1501,iprollcov.csv,0.030397011,-0.00019768099999999816,-0.6503303893925563
iTransformer,96,ETTm2,0.07631205,751,prollcov.csv,0.0758165,-0.0004955500000000113,-0.6536176162181204
iTransformer,192,Traffic,0.15653767,501,prollcov.csv,0.15551504,-0.0010226299999999966,-0.6575762704366064
PatchTST,96,ETTm2,0.06484307,501,iprollcov.csv,0.06441702,-0.00042604999999999726,-0.6613935261208873
TimeXer,96,Weather,0.0013433299,751,ipentropy.csv,0.0013344327,-8.897199999999966e-06,-0.666740255990427
TimeXer,96,ETTm2,0.06827343,1001,pfarm.csv,0.06781768,-0.0004557499999999909,-0.672022398878863
TimeXer,96,Weather,0.0013434212,751,pentropy.csv,0.0013344327,-8.988500000000092e-06,-0.6735821147068782
iTransformer,192,ETTm1,0.04492489,751,ipentropy.csv,0.04461782,-0.00030706999999999957,-0.6882227773566695
TimeXer,96,ETTm1,0.028693946,1001,iprollcorr.csv,0.028495742,-0.00019820400000000044,-0.6955565501680934
TimeXer,96,Weather,0.0013437661,1001,ipentropy.csv,0.0013344327,-9.33339999999996e-06,-0.6994283038777422
TimeXer,96,ETTm2,0.06830581,501,pentropy.csv,0.06781768,-0.0004881299999999894,-0.7197680604821477
iTransformer,96,ECL,0.28078815,501,pmutual,0.2787739,-0.002014249999999995,-0.722538946436519
TimeXer,96,ECL,0.2707793,1251,prollcov.csv,0.26882008,-0.0019592199999999838,-0.7288220433533029
iTransformer,192,Weather,0.0015944599,1251,ipfarm.csv,0.0015828296,-1.163029999999999e-05,-0.7347790311730327
TimeXer,96,ETTm1,0.028705213,1501,prollcov.csv,0.028495742,-0.00020947099999999927,-0.7350957908027076
TimeXer,96,ETTh2,0.14539196,1001,ipfarm.csv,0.14430724,-0.0010847199999999835,-0.7516739977841607
iTransformer,192,ETTm2,0.1211031,1501,pmutual,0.12018147,-0.0009216300000000066,-0.7668653079380762
TimeXer,96,Weather,0.00134467,1251,prollcorr.csv,0.0013344327,-1.0237300000000065e-05,-0.7671649533168713
iTransformer,192,ETTh1,0.07304305,1251,iprollcorr.csv,0.07248679,-0.0005562600000000029,-0.7673949970746434
TimeXer,96,Weather,0.0013448512,1001,pentropy.csv,0.0013344327,-1.0418500000000056e-05,-0.7807437572535547
TimeXer,96,ETTm2,0.068349175,751,pfarm.csv,0.06781768,-0.0005314949999999929,-0.783711563120403
iTransformer,96,ETTh1,0.05915079,1001,pfarm.csv,0.058687977,-0.0004628129999999994,-0.7885993412245227
iTransformer,192,ETTh2,0.19549148,501,iprollcov.csv,0.19396114,-0.0015303399999999912,-0.7889930941837067
iTransformer,192,ETTh1,0.07306721,1501,iprollcov.csv,0.07248679,-0.0005804199999999982,-0.8007252079999656
PatchTST,96,ETTm2,0.06493633,1251,prollcorr.csv,0.06441702,-0.000519309999999995,-0.8061689286464897
TimeXer,96,Weather,0.0013452811,1251,ipmutual,0.0013344327,-1.084840000000007e-05,-0.8129596944079736
iTransformer,192,Traffic,0.15678692,1501,prollcorr.csv,0.15551504,-0.001271880000000003,-0.8178501577725236
TimeXer,96,Weather,0.0013454205,1501,ipentropy.csv,0.0013344327,-1.0987799999999902e-05,-0.8234060811009728
iTransformer,192,ECL,0.31929174,1251,ipfarm.csv,0.3166597,-0.002632040000000002,-0.8311888124696645
PatchTST,96,ETTm2,0.06495679,751,pentropy.csv,0.06441702,-0.000539769999999995,-0.8379307207939687
PatchTST,96,ETTm2,0.06496117,1001,pentropy.csv,0.06441702,-0.0005441499999999933,-0.8447301660337488
iTransformer,192,ETTm1,0.044998106,1001,iprollcorr.csv,0.04461782,-0.0003802860000000005,-0.8523186475717561
iTransformer,96,ETTh2,0.13828728,501,ipentropy.csv,0.13711844,-0.0011688400000000043,-0.8524309348910359
iTransformer,96,ECL,0.2811604,1001,pmutual,0.2787739,-0.002386499999999958,-0.8560700983843745
TimeXer,96,ETTm1,0.02874107,1001,pfarm.csv,0.028495742,-0.0002453279999999995,-0.8609286257574886
iTransformer,192,Traffic,0.15686615,751,prollcov.csv,0.15551504,-0.0013511100000000165,-0.8687969986697212
iTransformer,96,ETTh1,0.059212513,751,prollcov.csv,0.058687977,-0.0005245359999999991,-0.8937707973815472
iTransformer,96,ETTh1,0.059224166,501,iprollcorr.csv,0.058687977,-0.0005361889999999994,-0.9136266530366166
TimeXer,96,ETTm2,0.06843758,751,iprollcorr.csv,0.06781768,-0.0006198999999999927,-0.9140684258146144
TimeXer,96,ETTh2,0.14563248,751,pentropy.csv,0.14430724,-0.0013252400000000053,-0.9183461619805113
iTransformer,192,ETTm2,0.12129603,751,prollcov.csv,0.12018147,-0.0011145600000000006,-0.9273975430654996
TimeXer,96,ECL,0.27132198,751,pmutual,0.26882008,-0.0025019000000000013,-0.9306968437774444
iTransformer,192,Weather,0.0015975644,1001,prollcov.csv,0.0015828296,-1.4734800000000027e-05,-0.9309151155626625
TimeXer,96,ECL,0.27136153,1501,ipmutual,0.26882008,-0.0025414500000000007,-0.9454092863896181
PatchTST,96,ETTm2,0.06502742,1251,prollcov.csv,0.06441702,-0.0006103999999999971,-0.947575656247366
TimeXer,96,Weather,0.0013471387,1251,ipfarm.csv,0.0013344327,-1.2705999999999915e-05,-0.9521649162224453
TimeXer,96,ETTm1,0.028767936,1501,iprollcorr.csv,0.028495742,-0.0002721939999999999,-0.9552093782993961
iTransformer,96,ECL,0.28144464,1501,ipfarm.csv,0.2787739,-0.0026707400000000048,-0.9580308630040347
PatchTST,96,ETTm2,0.0650368,1251,ipentropy.csv,0.06441702,-0.0006197800000000003,-0.9621370252768605
PatchTST,96,ETTm2,0.06504936,501,pentropy.csv,0.06441702,-0.0006323399999999951,-0.9816349778365951
iTransformer,96,ETTh1,0.05926804,1251,prollcov.csv,0.058687977,-0.0005800629999999987,-0.988384724864513
TimeXer,96,ETTm1,0.02877994,501,pfarm.csv,0.028495742,-0.0002841979999999994,-0.9973349702562558
TimeXer,96,Weather,0.0013477778,1001,ipfarm.csv,0.0013344327,-1.3345099999999928e-05,-1.000057927237539
iTransformer,96,ETTh2,0.13849795,1501,iprollcorr.csv,0.13711844,-0.0013795100000000005,-1.006071831038918
TimeXer,96,ECL,0.27153233,1001,pmutual,0.26882008,-0.0027122499999999716,-1.0089462066970487
iTransformer,192,ETTm1,0.045068894,501,ipentropy.csv,0.04461782,-0.00045107399999999576,-1.0109727458670006
iTransformer,192,ETTh1,0.07321976,1251,prollcov.csv,0.07248679,-0.0007329699999999995,-1.0111773469345235
TimeXer,96,ETTm1,0.028784456,751,ipmutual,0.028495742,-0.00028871399999999894,-1.0131829520354267
TimeXer,96,ETTm2,0.06850485,751,iprollcov.csv,0.06781768,-0.0006871700000000008,-1.0132608487934132
iTransformer,192,ETTm2,0.12140572,1501,ipentropy.csv,0.12018147,-0.0012242499999999962,-1.0186678528728232
iTransformer,192,Weather,0.0015990565,1251,pmutual,0.0015828296,-1.6226899999999917e-05,-1.0251830013792969
iTransformer,96,ETTm1,0.030709159,1251,pfarm.csv,0.030397011,-0.0003121479999999982,-1.0269035991729523
TimeXer,96,Weather,0.0013483469,501,ipfarm.csv,0.0013344327,-1.3914199999999922e-05,-1.042705263442654
PatchTST,96,ETTh1,0.057367064,501,pmutual,0.056771465,-0.0005955990000000022,-1.0491168406522577
iTransformer,192,ETTm1,0.0450874,1001,iprollcov.csv,0.04461782,-0.0004695799999999972,-1.0524494473284378
iTransformer,96,ETTh2,0.13856615,501,pmutual,0.13711844,-0.001447709999999991,-1.0558098531459306
TimeXer,96,ETTh2,0.14584772,501,ipentropy.csv,0.14430724,-0.001540479999999983,-1.0675001476017303
TimeXer,96,ETTm1,0.028802218,1251,iprollcorr.csv,0.028495742,-0.00030647599999999997,-1.0755150716903596
iTransformer,96,ETTm1,0.030724127,1001,iprollcorr.csv,0.030397011,-0.0003271159999999988,-1.0761452828371803
iTransformer,96,ETTh2,0.13862391,751,ipfarm.csv,0.13711844,-0.001505469999999981,-1.0979340196694047
iTransformer,192,ETTm1,0.045108784,751,pentropy.csv,0.04461782,-0.0004909639999999965,-1.1003764863455823
iTransformer,192,Weather,0.001600298,1251,pentropy.csv,0.0015828296,-1.7468400000000004e-05,-1.1036184817367583
TimeXer,96,Weather,0.0013491757,501,prollcorr.csv,0.0013344327,-1.4743000000000004e-05,-1.1048140531927915
TimeXer,96,Weather,0.0013492254,1501,pfarm.csv,0.0013344327,-1.4792700000000039e-05,-1.108538482307878
iTransformer,192,ETTm1,0.045115788,1001,prollcov.csv,0.04461782,-0.0004979679999999945,-1.1160742501538499
TimeXer,96,ETTm1,0.028814206,1251,prollcorr.csv,0.028495742,-0.00031846399999999747,-1.1175845149075165
iTransformer,192,ECL,0.3202027,1501,pmutual,0.3166597,-0.0035430000000000184,-1.118866720331011
iTransformer,96,ETTh1,0.059345037,501,ipfarm.csv,0.058687977,-0.000657060000000001,-1.119581954579898
iTransformer,192,ECL,0.32022318,1251,prollcov.csv,0.3166597,-0.0035634800000000078,-1.1253342310372958
TimeXer,96,ECL,0.27185166,1251,ipfarm.csv,0.26882008,-0.003031579999999978,-1.127735695934611
iTransformer,96,ETTh1,0.059350476,501,pfarm.csv,0.058687977,-0.000662498999999997,-1.1288496108836688
TimeXer,96,ETTm1,0.028818505,1001,prollcov.csv,0.028495742,-0.0003227630000000002,-1.1326709794045728
TimeXer,96,ETTh2,0.14596832,501,pmutual,0.14430724,-0.0016610800000000092,-1.1510718381142964
iTransformer,192,Weather,0.0016011209,751,ipentropy.csv,0.0015828296,-1.8291300000000026e-05,-1.1556076535339006
iTransformer,192,ETTm1,0.045134675,751,ipfarm.csv,0.04461782,-0.0005168549999999966,-1.158404870520336
iTransformer,96,ETTm1,0.030753285,501,ipfarm.csv,0.030397011,-0.0003562740000000002,-1.1720691879869376
iTransformer,192,Weather,0.0016014312,1251,iprollcorr.csv,0.0015828296,-1.8601600000000022e-05,-1.1752117852736657
TimeXer,96,ETTh2,0.14600606,1251,ipfarm.csv,0.14430724,-0.0016988199999999898,-1.1772243721104982
iTransformer,96,ETTm2,0.07670974,1001,ipmutual,0.0758165,-0.0008932400000000035,-1.178160426820024
iTransformer,192,ETTh2,0.19625328,1501,iprollcorr.csv,0.19396114,-0.002292139999999998,-1.1817521798438584
iTransformer,96,ETTh1,0.059387393,1001,ipmutual,0.058687977,-0.0006994159999999944,-1.1917534659611702
iTransformer,192,ETTm1,0.045152195,501,pentropy.csv,0.04461782,-0.0005343749999999967,-1.1976716926107027
iTransformer,192,Weather,0.0016018116,1001,pentropy.csv,0.0015828296,-1.898200000000007e-05,-1.1992446944383697
PatchTST,96,ETTm2,0.06519389,1001,iprollcorr.csv,0.06441702,-0.000776869999999999,-1.2060011469018574
TimeXer,96,ETTm2,0.06863615,751,ipmutual,0.06781768,-0.0008184700000000017,-1.2068681795071752
PatchTST,96,ETTm2,0.06519504,1251,pmutual,0.06441702,-0.0007780199999999904,-1.2077863893734766
iTransformer,192,ECL,0.32049915,1001,pfarm.csv,0.3166597,-0.003839450000000022,-1.2124845693973758
TimeXer,96,ETTm2,0.06864279,1501,prollcov.csv,0.06781768,-0.00082510999999999,-1.2166591366734898
iTransformer,192,Traffic,0.15740977,1501,iprollcov.csv,0.15551504,-0.0018947300000000111,-1.2183580443409276
iTransformer,192,ETTm2,0.1216626,1251,ipentropy.csv,0.12018147,-0.0014811299999999972,-1.2324112860326948
TimeXer,96,ETTm1,0.028847558,751,pfarm.csv,0.028495742,-0.00035181599999999785,-1.2346265628036561
iTransformer,192,ETTh1,0.07339107,501,prollcov.csv,0.07248679,-0.0009042800000000073,-1.2475100635577976
TimeXer,96,Traffic,0.17054835,751,prollcorr.csv,0.1684373,-0.0021110499999999754,-1.2533150317655146
iTransformer,192,ETTm1,0.045178056,1251,pentropy.csv,0.04461782,-0.0005602359999999987,-1.2556328390764018
TimeXer,96,Traffic,0.17055544,751,prollcov.csv,0.1684373,-0.0021181399999999906,-1.2575243132014053
PatchTST,96,ETTm2,0.065233186,1251,ipmutual,0.06441702,-0.0008161659999999932,-1.2670036583499098
iTransformer,96,ETTm1,0.030782888,751,pentropy.csv,0.030397011,-0.00038587699999999975,-1.2694570528661508
TimeXer,96,ECL,0.27223942,1001,prollcorr.csv,0.26882008,-0.003419339999999993,-1.2719808728574118
TimeXer,96,ETTm1,0.02886165,1501,pmutual,0.028495742,-0.0003659079999999981,-1.284079565290836
iTransformer,96,ETTh1,0.059457652,501,ipmutual,0.058687977,-0.0007696749999999974,-1.3114696388324945
iTransformer,96,Traffic,0.15844695,1501,iprollcov.csv,0.15639566,-0.002051290000000011,-1.3116028923053307
PatchTST,96,ETTm2,0.065271035,1251,pentropy.csv,0.06441702,-0.0008540149999999996,-1.3257598690532402
iTransformer,192,Weather,0.0016041107,1501,pentropy.csv,0.0015828296,-2.128109999999998e-05,-1.3444972219372182
iTransformer,192,ECL,0.32096645,751,prollcov.csv,0.3166597,-0.004306750000000026,-1.3600562370266964
TimeXer,96,ETTm1,0.028887024,1501,prollcorr.csv,0.028495742,-0.00039128199999999974,-1.3731244478561033
iTransformer,192,Weather,0.0016046036,1001,ipfarm.csv,0.0015828296,-2.1774000000000012e-05,-1.375637655499999
TimeXer,96,ETTm1,0.028887903,1001,prollcorr.csv,0.028495742,-0.0003921609999999985,-1.3762091192431434
iTransformer,192,ETTh1,0.07349056,751,iprollcorr.csv,0.07248679,-0.001003770000000001,-1.3847626581339871
iTransformer,96,ETTh1,0.05950233,1501,iprollcorr.csv,0.058687977,-0.0008143529999999968,-1.3875976675767794
iTransformer,96,ETTm2,0.07686899,501,pfarm.csv,0.0758165,-0.0010524900000000031,-1.3882070525545274
iTransformer,96,ETTm1,0.030819476,751,prollcorr.csv,0.030397011,-0.00042246499999999687,-1.3898241508021854
iTransformer,192,Weather,0.0016051105,751,pmutual,0.0015828296,-2.2280900000000046e-05,-1.4076625809878742
TimeXer,96,Traffic,0.17081018,501,iprollcov.csv,0.1684373,-0.002372879999999994,-1.408761598529538
TimeXer,96,ETTm1,0.028900787,1001,pmutual,0.028495742,-0.0004050449999999997,-1.4214228918832845
iTransformer,96,ETTm2,0.076903306,1501,pmutual,0.0758165,-0.0010868060000000096,-1.4334689678368293
iTransformer,192,ETTm1,0.045260012,501,ipmutual,0.04461782,-0.0006421919999999998,-1.4393172951972995
iTransformer,96,Weather,0.0014144111,1501,iprollcov.csv,0.0013943221,-2.0089000000000044e-05,-1.4407718273991388
iTransformer,192,Weather,0.0016057566,1001,ipmutual,0.0015828296,-2.292700000000006e-05,-1.44848188333097
iTransformer,192,Weather,0.0016058409,1251,iprollcov.csv,0.0015828296,-2.3011299999999967e-05,-1.453807788279924
iTransformer,96,ETTm1,0.030839954,501,ipmutual,0.030397011,-0.00044294299999999773,-1.4571926167345786
iTransformer,192,ETTm1,0.045269843,1501,pentropy.csv,0.04461782,-0.0006520229999999946,-1.4613510924558721
iTransformer,192,ECL,0.3213148,1251,pmutual,0.3166597,-0.004655100000000023,-1.4700639203536237
iTransformer,192,ETTm1,0.045281496,1251,prollcov.csv,0.04461782,-0.000663675999999995,-1.4874684599112977
iTransformer,192,ETTm1,0.045287058,1251,iprollcorr.csv,0.04461782,-0.0006692379999999956,-1.4999343311708093
iTransformer,192,Weather,0.0016067404,501,ipmutual,0.0015828296,-2.391080000000009e-05,-1.5106363944672307
TimeXer,96,ECL,0.27288404,501,pfarm.csv,0.26882008,-0.004063959999999978,-1.5117769476149168
TimeXer,96,ETTm2,0.06886765,1001,pmutual,0.06781768,-0.0010499699999999973,-1.5482245927610576
iTransformer,192,ETTm1,0.045311756,1501,ipfarm.csv,0.04461782,-0.0006939359999999992,-1.5552888957819972
iTransformer,96,ETTm1,0.030870965,1501,prollcorr.csv,0.030397011,-0.00047395399999999865,-1.5592125159937555
PatchTST,96,ETTm2,0.06542245,1501,ipfarm.csv,0.06441702,-0.0010054299999999877,-1.5608142071769038
TimeXer,96,ETTm2,0.06887744,501,pfarm.csv,0.06781768,-0.001059759999999993,-1.562660356414423
iTransformer,96,ECL,0.28313226,1001,ipfarm.csv,0.2787739,-0.0043583600000000056,-1.5634031736830474
iTransformer,192,ETTm1,0.04531719,1001,pfarm.csv,0.04461782,-0.0006993699999999978,-1.56746788614952
TimeXer,96,ETTm1,0.028944943,501,prollcov.csv,0.028495742,-0.00044920099999999977,-1.576379376259091
iTransformer,192,ETTm1,0.045321584,1251,ipfarm.csv,0.04461782,-0.0007037639999999956,-1.5773159692696677
TimeXer,96,ETTh1,0.057533022,751,iprollcorr.csv,0.056639295,-0.0008937270000000039,-1.577927479499884
iTransformer,96,ETTm1,0.030877393,1001,pfarm.csv,0.030397011,-0.00048038199999999795,-1.5803593320408968
iTransformer,96,ETTm1,0.030877752,751,iprollcorr.csv,0.030397011,-0.0004807409999999998,-1.581540369215907
iTransformer,96,Weather,0.0014163983,751,prollcorr.csv,0.0013943221,-2.2076200000000065e-05,-1.5832926982940358
TimeXer,96,Weather,0.0013557059,1501,prollcorr.csv,0.0013344327,-2.1273200000000107e-05,-1.594175562394425
iTransformer,96,ECL,0.2832322,751,pfarm.csv,0.2787739,-0.004458299999999971,-1.5992530147190862
TimeXer,96,ETTm1,0.02895432,1251,pmutual,0.028495742,-0.0004585779999999977,-1.6092860470171215
TimeXer,96,ETTm1,0.028955594,501,prollcorr.csv,0.028495742,-0.0004598520000000002,-1.6137568904154176
iTransformer,192,ETTm1,0.04533892,501,iprollcov.csv,0.04461782,-0.0007210999999999954,-1.616170400077806
iTransformer,192,ETTh1,0.07366245,501,iprollcorr.csv,0.07248679,-0.001175660000000009,-1.6218955205493428
iTransformer,192,ETTm1,0.045345195,1001,ipfarm.csv,0.04461782,-0.0007273749999999954,-1.630234287555948
iTransformer,192,ECL,0.3218643,501,ipfarm.csv,0.3166597,-0.005204600000000004,-1.643594053806027
iTransformer,192,ETTm2,0.12217059,751,ipentropy.csv,0.12018147,-0.001989119999999997,-1.6550970794416118
iTransformer,96,ETTm1,0.030901056,1251,pmutual,0.030397011,-0.0005040449999999981,-1.6582058018796586
TimeXer,96,ETTm1,0.028969223,751,prollcov.csv,0.028495742,-0.0004734809999999978,-1.6615850887476376
iTransformer,192,ECL,0.32194325,1501,ipfarm.csv,0.3166597,-0.005283550000000026,-1.6685261812602066
TimeXer,96,Traffic,0.17125095,1501,prollcorr.csv,0.1684373,-0.002813650000000001,-1.6704435418995678
iTransformer,96,ETTm2,0.077090144,1001,ipentropy.csv,0.0758165,-0.0012736440000000043,-1.6799034510957438
iTransformer,192,ETTm1,0.045368627,1501,pmutual,0.04461782,-0.0007508069999999992,-1.6827514208448535
TimeXer,96,ETTh2,0.1467702,1001,pfarm.csv,0.14430724,-0.0024629599999999863,-1.706747353771014
iTransformer,192,ECL,0.32216355,751,pmutual,0.3166597,-0.005503850000000032,-1.7380961328517752
TimeXer,96,ECL,0.27349588,1501,ipfarm.csv,0.26882008,-0.004675800000000008,-1.739378992819289
iTransformer,96,ETTm1,0.030927228,751,prollcov.csv,0.030397011,-0.0005302169999999995,-1.744306372754872
iTransformer,96,ETTm1,0.030930912,751,pfarm.csv,0.030397011,-0.0005339009999999998,-1.7564259854365278
PatchTST,96,ETTm2,0.0655598,751,ipentropy.csv,0.06441702,-0.001142779999999996,-1.7740342536801548
PatchTST,96,ETTm2,0.065562904,1501,pentropy.csv,0.06441702,-0.0011458839999999998,-1.7788528559688104
iTransformer,192,Weather,0.0016110502,1251,prollcov.csv,0.0015828296,-2.8220600000000012e-05,-1.7829209158079944
iTransformer,96,ECL,0.28376174,501,ipfarm.csv,0.2787739,-0.004987839999999966,-1.7892062348734818
iTransformer,192,ECL,0.32236576,1001,prollcov.csv,0.3166597,-0.005706060000000013,-1.8019533271837287
iTransformer,96,ETTh1,0.05975116,501,prollcorr.csv,0.058687977,-0.0010631829999999953,-1.8115857017869184
iTransformer,96,ETTh2,0.13960816,501,pfarm.csv,0.13711844,-0.002489720000000001,-1.815744111441175
TimeXer,96,ETTh2,0.14697745,501,pentropy.csv,0.14430724,-0.002670210000000006,-1.8503645416543246
iTransformer,96,ETTm1,0.0309632,1501,pentropy.csv,0.030397011,-0.0005661889999999982,-1.8626469556496792
iTransformer,192,ETTm1,0.045450542,1251,iprollcov.csv,0.04461782,-0.0008327219999999941,-1.8663439854300232
TimeXer,96,Weather,0.0013594007,1001,pmutual,0.0013344327,-2.4967999999999995e-05,-1.8710572665073328
PatchTST,96,ETTm2,0.06562737,1251,iprollcov.csv,0.06441702,-0.001210349999999999,-1.8789288917742528
iTransformer,96,Weather,0.0014205293,1501,pfarm.csv,0.0013943221,-2.6207199999999948e-05,-1.8795657043662972
iTransformer,192,ETTm1,0.04545658,1501,iprollcov.csv,0.04461782,-0.0008387600000000009,-1.879876695006616
iTransformer,96,ETTh1,0.059794486,1501,prollcov.csv,0.058687977,-0.0011065089999999986,-1.8854100218857406
PatchTST,96,ETTm2,0.06563192,1001,iprollcov.csv,0.06441702,-0.001214899999999991,-1.8859922424228732
iTransformer,96,ECL,0.28403392,751,ipfarm.csv,0.2787739,-0.005260019999999976,-1.886840913012293
iTransformer,96,ETTh1,0.059800826,1501,prollcorr.csv,0.058687977,-0.001112848999999999,-1.896212915977661
iTransformer,96,ETTm1,0.030973988,501,pentropy.csv,0.030397011,-0.0005769769999999994,-1.8981372872484052
iTransformer,96,ETTm2,0.077260785,501,prollcov.csv,0.0758165,-0.0014442850000000035,-1.9049745108254845
iTransformer,96,ECL,0.28408593,1251,prollcorr.csv,0.2787739,-0.005312029999999968,-1.9054976093529443
iTransformer,192,ETTh1,0.07387171,501,iprollcov.csv,0.07248679,-0.0013849199999999978,-1.9105826040855138
iTransformer,192,Traffic,0.15849788,1001,iprollcov.csv,0.15551504,-0.0029828400000000144,-1.9180395671055446
TimeXer,96,ECL,0.27400994,501,ipmutual,0.26882008,-0.005189859999999991,-1.9306072671356953
iTransformer,192,Weather,0.0016134898,501,pfarm.csv,0.0015828296,-3.0660199999999914e-05,-1.9370499515551083
TimeXer,96,ECL,0.2740675,1251,ipmutual,0.26882008,-0.005247420000000003,-1.9520193580777156
PatchTST,96,ETTm2,0.065676354,1501,pfarm.csv,0.06441702,-0.0012593340000000008,-1.9549709067572525
TimeXer,96,ECL,0.27410537,751,ipfarm.csv,0.26882008,-0.005285289999999998,-1.9661068473753887
TimeXer,96,ECL,0.27423167,1501,iprollcov.csv,0.26882008,-0.005411589999999966,-2.013089944768994
iTransformer,192,ECL,0.32307026,501,pfarm.csv,0.3166597,-0.00641056000000001,-2.0244319059229863
iTransformer,96,ETTh1,0.05987723,1001,prollcov.csv,0.058687977,-0.0011892529999999943,-2.0263997172708716
iTransformer,192,ETTm1,0.04556529,751,iprollcov.csv,0.04461782,-0.0009474699999999989,-2.123523740066186
TimeXer,96,ETTm2,0.069259174,751,pmutual,0.06781768,-0.0014414940000000015,-2.1255430737235503
iTransformer,192,ETTm2,0.122760735,1251,pmutual,0.12018147,-0.0025792649999999973,-2.1461419967653894
iTransformer,192,Weather,0.0016169567,501,iprollcorr.csv,0.0015828296,-3.412709999999993e-05,-2.156081741205745
iTransformer,192,Weather,0.0016170556,501,prollcov.csv,0.0015828296,-3.422600000000005e-05,-2.1623300448765965
TimeXer,96,ECL,0.2746676,501,prollcorr.csv,0.26882008,-0.005847519999999995,-2.175254170000989
iTransformer,192,ETTm1,0.04562618,1501,iprollcorr.csv,0.04461782,-0.0010083599999999998,-2.2599938768859613
iTransformer,192,ECL,0.3238493,1001,pmutual,0.3166597,-0.007189600000000018,-2.2704499498989037
iTransformer,96,ETTm1,0.03108728,1251,prollcorr.csv,0.030397011,-0.0006902689999999968,-2.2708449853835853
iTransformer,192,ETTh1,0.07416047,501,pmutual,0.07248679,-0.0016736800000000107,-2.3089448436053117
iTransformer,192,ETTm2,0.12297543,1001,pfarm.csv,0.12018147,-0.002793959999999998,-2.324784344874462
iTransformer,96,Weather,0.0014268578,751,iprollcorr.csv,0.0013943221,-3.253570000000001e-05,-2.3334421795365654
iTransformer,192,ETTm2,0.123042926,751,pmutual,0.12018147,-0.0028614559999999983,-2.38094608095574
iTransformer,192,Weather,0.0016209349,1501,iprollcov.csv,0.0015828296,-3.810529999999997e-05,-2.4074164395207145
TimeXer,96,ETTm2,0.069464006,1001,prollcov.csv,0.06781768,-0.0016463259999999896,-2.427576407803967
iTransformer,192,ETTm1,0.045701653,751,pfarm.csv,0.04461782,-0.0010838329999999993,-2.4291482640792386
TimeXer,96,Traffic,0.17254865,1001,iprollcov.csv,0.1684373,-0.004111349999999986,-2.4408785939931272
PatchTST,96,ETTm2,0.06600022,1501,iprollcov.csv,0.06441702,-0.001583199999999993,-2.457735548772658
iTransformer,96,ETTh1,0.060151298,1251,prollcorr.csv,0.058687977,-0.0014633209999999966,-2.4933914488141182
TimeXer,96,ECL,0.27564108,1251,prollcorr.csv,0.26882008,-0.006820999999999966,-2.5373848560717507
TimeXer,96,ETTm1,0.029231094,751,pmutual,0.028495742,-0.0007353519999999981,-2.5805680020544757
iTransformer,96,ETTm1,0.03118261,1501,pmutual,0.030397011,-0.0007855989999999979,-2.584461347202848
iTransformer,192,Weather,0.0016247551,1501,pfarm.csv,0.0015828296,-4.19254999999999e-05,-2.6487690146810436
iTransformer,96,ETTm1,0.031202435,1251,prollcov.csv,0.030397011,-0.000805423999999999,-2.6496815755996503
TimeXer,96,ECL,0.275946,751,ipmutual,0.26882008,-0.007125920000000008,-2.6508138826534116
TimeXer,96,ETTm1,0.029258398,751,prollcorr.csv,0.028495742,-0.0007626560000000004,-2.676385826345566
iTransformer,96,ECL,0.28624094,1001,prollcorr.csv,0.2787739,-0.00746703999999998,-2.6785290875508716
iTransformer,192,Weather,0.0016254325,1501,ipmutual,0.0015828296,-4.2602899999999964e-05,-2.6915657882566744
iTransformer,192,ETTm1,0.045821737,501,prollcov.csv,0.04461782,-0.0012039169999999988,-2.6982873658999895
TimeXer,96,ETTm2,0.069655925,501,ipentropy.csv,0.06781768,-0.0018382449999999884,-2.7105689843710197
iTransformer,192,ETTm2,0.12344653,501,prollcorr.csv,0.12018147,-0.00326506,-2.716774890505167
PatchTST,96,ETTm2,0.06617173,1001,ipfarm.csv,0.06441702,-0.0017547099999999927,-2.72398505860717
iTransformer,96,ETTm1,0.031231979,1001,pmutual,0.030397011,-0.0008349679999999984,-2.7468753424473165
PatchTST,96,ETTm2,0.066198125,751,iprollcov.csv,0.06441702,-0.0017811049999999912,-2.7649602542930287
iTransformer,96,ETTm1,0.031245897,751,pmutual,0.030397011,-0.0008488860000000001,-2.7926627391094474
TimeXer,96,ECL,0.27640972,501,iprollcov.csv,0.26882008,-0.007589640000000009,-2.823315877296074
TimeXer,96,ETTm2,0.06973688,1251,ipentropy.csv,0.06781768,-0.001919199999999996,-2.829940511087958
iTransformer,192,ECL,0.32568958,1501,prollcov.csv,0.3166597,-0.00902987999999999,-2.85160378791491
iTransformer,192,Weather,0.0016286254,1251,ipmutual,0.0015828296,-4.5795800000000006e-05,-2.8932868073733276
iTransformer,96,ETTh1,0.060389806,1001,prollcorr.csv,0.058687977,-0.001701828999999995,-2.899791553557886
iTransformer,96,Traffic,0.16094947,1001,iprollcov.csv,0.15639566,-0.004553810000000019,-2.9117240209862727
iTransformer,192,ETTm1,0.045935135,751,prollcorr.csv,0.04461782,-0.0013173149999999995,-2.952441423628495
TimeXer,96,ECL,0.2767829,751,prollcorr.csv,0.26882008,-0.007962819999999982,-2.962137352239454
iTransformer,192,ETTm1,0.045970928,501,ipfarm.csv,0.04461782,-0.0013531079999999987,-3.0326627343066037
iTransformer,192,ETTh1,0.07468907,1501,iprollcorr.csv,0.07248679,-0.002202280000000001,-3.03818116376791
TimeXer,96,ECL,0.27710778,501,prollcov.csv,0.26882008,-0.008287700000000009,-3.082991419390995
TimeXer,96,ECL,0.2771503,751,prollcov.csv,0.26882008,-0.00833022,-3.0988086901841556
iTransformer,192,ETTm2,0.12391445,1251,pfarm.csv,0.12018147,-0.003732979999999997,-3.1061194375472336
iTransformer,192,Weather,0.0016325183,751,prollcov.csv,0.0015828296,-4.968870000000001e-05,-3.1392324227446853
TimeXer,96,Weather,0.0013767421,501,pmutual,0.0013344327,-4.230940000000006e-05,-3.1705907686464863
TimeXer,96,ECL,0.2775074,1501,prollcov.csv,0.26882008,-0.008687319999999998,-3.231648469117336
TimeXer,96,Traffic,0.17388749,1501,iprollcov.csv,0.1684373,-0.005450189999999994,-3.235738164883902
iTransformer,96,ETTm2,0.078272544,751,prollcorr.csv,0.0758165,-0.0024560440000000044,-3.2394584292337476
iTransformer,96,ECL,0.28782666,501,pfarm.csv,0.2787739,-0.009052759999999993,-3.2473484784622926
TimeXer,96,Weather,0.0013777678,1251,iprollcov.csv,0.0013344327,-4.3335100000000066e-05,-3.247454892254968
iTransformer,96,ETTm2,0.07828044,1001,pmutual,0.0758165,-0.0024639400000000117,-3.249873048742703
TimeXer,96,Weather,0.0013780518,1001,iprollcov.csv,0.0013344327,-4.3619099999999984e-05,-3.268737344341156
TimeXer,96,Weather,0.0013787419,1501,iprollcov.csv,0.0013344327,-4.430920000000004e-05,-3.3204522041463793
iTransformer,192,ECL,0.32720155,1001,prollcorr.csv,0.3166597,-0.01054185000000002,-3.3290785028849643
iTransformer,192,ETTm1,0.046108324,1251,pmutual,0.04461782,-0.0014905039999999967,-3.340602476768243
iTransformer,192,ECL,0.3272663,1001,iprollcov.csv,0.3166597,-0.010606600000000022,-3.3495263211580193
TimeXer,96,ETTm2,0.070126176,1501,pmutual,0.06781768,-0.0023084959999999932,-3.4039737130494485
iTransformer,96,ETTh2,0.14182495,1001,pfarm.csv,0.13711844,-0.004706509999999997,-3.4324413259077313
iTransformer,96,ETTm1,0.03146638,501,pmutual,0.030397011,-0.0010693690000000006,-3.5180070829990506
TimeXer,96,ECL,0.27848256,1001,ipmutual,0.26882008,-0.009662479999999973,-3.594404108502599
TimeXer,96,ECL,0.27855024,1001,iprollcov.csv,0.26882008,-0.009730159999999988,-3.619580799172438
iTransformer,96,ECL,0.28900203,751,prollcorr.csv,0.2787739,-0.010228130000000002,-3.6689697277973305
TimeXer,96,Weather,0.0013837036,1001,iprollcorr.csv,0.0013344327,-4.92709e-05,-3.692273128498725
TimeXer,96,Weather,0.0013837231,501,iprollcorr.csv,0.0013344327,-4.929039999999993e-05,-3.6937344236243557
TimeXer,96,Weather,0.0013840965,751,pmutual,0.0013344327,-4.966379999999998e-05,-3.72171635182501
iTransformer,96,ECL,0.28927445,1501,iprollcorr.csv,0.2787739,-0.010500549999999997,-3.7666904972093858
iTransformer,96,Weather,0.0014472628,501,prollcov.csv,0.0013943221,-5.294070000000004e-05,-3.7968773499322745
iTransformer,96,ECL,0.2893729,1251,prollcov.csv,0.2787739,-0.01059899999999997,-3.802005854923997
iTransformer,192,Traffic,0.16150607,1251,iprollcov.csv,0.15551504,-0.005991030000000008,-3.852379808409533
iTransformer,96,ETTm2,0.07873955,501,pmutual,0.0758165,-0.0029230500000000104,-3.8554272486859857
iTransformer,96,ECL,0.2895575,1001,prollcov.csv,0.2787739,-0.010783600000000004,-3.868224392599165
TimeXer,96,Weather,0.0013860586,751,iprollcorr.csv,0.0013344327,-5.1625899999999895e-05,-3.868752616748668
iTransformer,96,ECL,0.28960833,1501,iprollcov.csv,0.2787739,-0.010834430000000006,-3.8864578068463382
iTransformer,96,ECL,0.2898868,751,pmutual,0.2787739,-0.011112899999999981,-3.986348793771576
iTransformer,192,ETTm1,0.0464067,751,pmutual,0.04461782,-0.0017888799999999996,-4.009339766039666
iTransformer,192,ETTm1,0.04642554,1251,prollcorr.csv,0.04461782,-0.0018077199999999988,-4.05156504732862
TimeXer,96,Weather,0.0013893371,751,iprollcov.csv,0.0013344327,-5.490440000000007e-05,-4.114437543384546
TimeXer,96,Weather,0.0013893917,1501,iprollcorr.csv,0.0013344327,-5.495900000000004e-05,-4.118529169736326
iTransformer,192,ECL,0.32992196,1501,prollcorr.csv,0.3166597,-0.013262260000000026,-4.188174245096558
iTransformer,192,ETTh1,0.075536475,501,pfarm.csv,0.07248679,-0.0030496850000000103,-4.207228655041851
iTransformer,192,ETTm1,0.046510324,1001,pmutual,0.04461782,-0.0018925039999999962,-4.2415877781567906
iTransformer,192,ECL,0.33012366,501,ipmutual,0.3166597,-0.013463959999999997,-4.251870383253694
TimeXer,96,ECL,0.28034502,1501,iprollcorr.csv,0.26882008,-0.011524939999999984,-4.287231816908909
TimeXer,96,Weather,0.0013929032,1251,iprollcorr.csv,0.0013344327,-5.847050000000009e-05,-4.381674699668263
iTransformer,192,ETTm1,0.046587843,1001,prollcorr.csv,0.04461782,-0.0019700229999999944,-4.415327777107878
iTransformer,96,ECL,0.2912875,1501,ipmutual,0.2787739,-0.012513599999999958,-4.48879898727964
TimeXer,96,ECL,0.2809179,501,iprollcorr.csv,0.26882008,-0.012097819999999981,-4.500340897153212
iTransformer,96,ECL,0.29154396,1251,ipmutual,0.2787739,-0.012770059999999972,-4.580794687020546
iTransformer,192,ETTm1,0.04672945,751,iprollcorr.csv,0.04461782,-0.0021116299999999963,-4.73270545266442
iTransformer,96,ECL,0.29210082,1501,prollcov.csv,0.2787739,-0.013326919999999964,-4.780547963779953
iTransformer,96,ETTh1,0.061524812,501,prollcov.csv,0.058687977,-0.002836834999999996,-4.833758369282342
iTransformer,96,ECL,0.2925069,501,ipmutual,0.2787739,-0.013732999999999995,-4.926214398119765
TimeXer,96,ECL,0.28222448,1501,prollcorr.csv,0.26882008,-0.013404399999999983,-4.986383457664316
iTransformer,96,ECL,0.292702,501,prollcov.csv,0.2787739,-0.013928099999999999,-4.996199428999629
TimeXer,96,ETTh1,0.059771113,751,iprollcov.csv,0.056639295,-0.0031318180000000015,-5.5294085140007505
TimeXer,96,ECL,0.28382605,751,iprollcov.csv,0.26882008,-0.01500596999999998,-5.582161124273148
TimeXer,96,ECL,0.28410968,1001,iprollcorr.csv,0.26882008,-0.015289599999999959,-5.6876703555775885
iTransformer,192,Traffic,0.16456151,751,iprollcov.csv,0.15551504,-0.009046470000000001,-5.817102963160348
TimeXer,96,ETTm1,0.03015751,501,pmutual,0.028495742,-0.0016617679999999975,-5.831636179187745
TimeXer,96,ETTh1,0.05998878,501,pfarm.csv,0.056639295,-0.0033494849999999993,-5.91371237936489
iTransformer,96,ECL,0.29557765,1001,iprollcov.csv,0.2787739,-0.016803750000000006,-6.027734303677642
iTransformer,192,ETTm1,0.047506586,501,prollcorr.csv,0.04461782,-0.002888766000000001,-6.474466928236298
TimeXer,96,Traffic,0.17943631,751,iprollcov.csv,0.1684373,-0.010999009999999976,-6.530032243452
iTransformer,96,ECL,0.29705882,501,iprollcov.csv,0.2787739,-0.018284919999999982,-6.559050183679312
TimeXer,96,Traffic,0.17999505,1251,iprollcov.csv,0.1684373,-0.011557749999999978,-6.861752117850367
iTransformer,192,ETTm2,0.1284376,1501,pentropy.csv,0.12018147,-0.008256130000000014,-6.869719599868445
iTransformer,192,ECL,0.33875278,1501,ipmutual,0.3166597,-0.022093079999999987,-6.976915597406297
iTransformer,96,ECL,0.29831782,751,prollcov.csv,0.2787739,-0.019543919999999992,-7.010670654605754
iTransformer,192,ECL,0.3392774,1501,iprollcov.csv,0.3166597,-0.02261770000000002,-7.142588715899125
iTransformer,96,Traffic,0.16776256,751,iprollcov.csv,0.15639566,-0.011366900000000013,-7.26804055815872
iTransformer,96,Traffic,0.16828722,1251,iprollcov.csv,0.15639566,-0.011891559999999995,-7.603510225283743
iTransformer,192,ECL,0.34097463,501,iprollcov.csv,0.3166597,-0.024314930000000012,-7.678567875861694
iTransformer,192,ECL,0.3413126,501,prollcov.csv,0.3166597,-0.024652900000000033,-7.785297592336516
iTransformer,192,ECL,0.3413904,1251,iprollcov.csv,0.3166597,-0.024730699999999994,-7.80986655390629
iTransformer,96,ECL,0.30178845,1501,prollcorr.csv,0.2787739,-0.023014549999999967,-8.255632969944449
TimeXer,96,ECL,0.29103515,1251,iprollcov.csv,0.26882008,-0.022215070000000003,-8.263917635914698
iTransformer,192,ECL,0.34286234,501,prollcorr.csv,0.3166597,-0.02620264,-8.27469993813548
iTransformer,192,ECL,0.34314185,1501,iprollcorr.csv,0.3166597,-0.026482150000000038,-8.362968195826637
TimeXer,96,ECL,0.29134917,751,iprollcorr.csv,0.26882008,-0.022529089999999974,-8.380731826283206
iTransformer,96,ETTm2,0.0822083,751,pmutual,0.0758165,-0.006391800000000003,-8.430618664802521
iTransformer,192,ECL,0.34362343,1001,iprollcorr.csv,0.3166597,-0.02696373000000002,-8.515049436350763
iTransformer,96,ECL,0.3028435,1251,iprollcov.csv,0.2787739,-0.02406959999999997,-8.634093794289912
iTransformer,192,ETTm1,0.048509594,501,pmutual,0.04461782,-0.0038917740000000006,-8.722465597826162
iTransformer,192,ECL,0.34539565,501,iprollcorr.csv,0.3166597,-0.02873595000000001,-9.074710169939532
iTransformer,192,ECL,0.34581804,1001,ipmutual,0.3166597,-0.029158340000000005,-9.208099420292513
iTransformer,96,ECL,0.30513692,501,prollcorr.csv,0.2787739,-0.02636301999999996,-9.456774827198657
iTransformer,96,ECL,0.3052175,1001,iprollcorr.csv,0.2787739,-0.026443599999999956,-9.485679972192502
iTransformer,192,ECL,0.34719178,1251,ipmutual,0.3166597,-0.030532080000000017,-9.641921595959326
TimeXer,96,ECL,0.29505602,1251,iprollcorr.csv,0.26882008,-0.026235939999999958,-9.759665275004737
iTransformer,192,ECL,0.348071,751,ipmutual,0.3166597,-0.03141130000000003,-9.919576125411611
iTransformer,192,ECL,0.34857595,751,iprollcorr.csv,0.3166597,-0.031916250000000035,-10.079037528299319
iTransformer,96,ECL,0.308881,751,ipmutual,0.2787739,-0.030107099999999998,-10.799827386997132
iTransformer,192,ECL,0.3533891,1251,iprollcorr.csv,0.3166597,-0.03672940000000002,-11.599013073024457
iTransformer,96,ECL,0.31189844,1001,ipmutual,0.2787739,-0.03312453999999998,-11.882224268484237
iTransformer,192,ECL,0.35802332,751,iprollcov.csv,0.3166597,-0.04136361999999999,-13.062483164103291
iTransformer,96,ECL,0.31724736,751,iprollcov.csv,0.2787739,-0.03847345999999996,-13.80095482396306
iTransformer,96,ECL,0.32062516,501,iprollcorr.csv,0.2787739,-0.04185126,-15.012617752235771
iTransformer,96,ECL,0.33584538,751,iprollcorr.csv,0.2787739,-0.05707148000000001,-20.472318247870408
iTransformer,96,ECL,0.34509206,1251,iprollcorr.csv,0.2787739,-0.06631815999999996,-23.789228475119067
