,mae,mse,rmse,mape,mspe,exp_name,model_name,features_powerset,pred_len,dataset
0,0.21369532,0.07783162,0.27898318,0.16170968,0.043907166,long_term_forecast_96_96powerset_HUFL_LULL.csv_MLP_ETTh1_ftMS_sl96_ll48_pl96_dm512_nh8_el2_dl1_df2048_expand2_dc4_fc1_ebtimeF_dtTrue_Exp_0,MLP,"['HUFL', 'LULL']",96,ETTh1
0,0.22293052,0.08532353,0.29210192,0.16704753,0.046322722,long_term_forecast_96_96powerset_MUFL_LULL.csv_MLP_ETTh1_ftMS_sl96_ll48_pl96_dm512_nh8_el2_dl1_df2048_expand2_dc4_fc1_ebtimeF_dtTrue_Exp_0,MLP,"['MUFL', 'LULL']",96,ETTh1
0,0.22341768,0.08721061,0.29531443,0.16288258,0.04345241,long_term_forecast_96_96powerset_empty.csv_MLP_ETTh1_ftMS_sl96_ll48_pl96_dm512_nh8_el2_dl1_df2048_expand2_dc4_fc1_ebtimeF_dtTrue_Exp_0,MLP,['empty'],96,ETTh1
0,0.22549681,0.08916121,0.29859874,0.16527951,0.04532954,long_term_forecast_96_96powerset_LULL.csv_MLP_ETTh1_ftMS_sl96_ll48_pl96_dm512_nh8_el2_dl1_df2048_expand2_dc4_fc1_ebtimeF_dtTrue_Exp_0,MLP,['LULL'],96,ETTh1
0,0.23536229,0.093912005,0.30645066,0.17593552,0.04983678,long_term_forecast_96_96powerset_HUFL_MUFL_LULL.csv_MLP_ETTh1_ftMS_sl96_ll48_pl96_dm512_nh8_el2_dl1_df2048_expand2_dc4_fc1_ebtimeF_dtTrue_Exp_0,MLP,"['HUFL', 'MUFL', 'LULL']",96,ETTh1
0,0.23822427,0.09507956,0.30834973,0.17835613,0.051243715,long_term_forecast_96_96powerset_HUFL_MUFL.csv_MLP_ETTh1_ftMS_sl96_ll48_pl96_dm512_nh8_el2_dl1_df2048_expand2_dc4_fc1_ebtimeF_dtTrue_Exp_0,MLP,"['HUFL', 'MUFL']",96,ETTh1
0,0.24212211,0.09787019,0.31284213,0.18112881,0.051976647,long_term_forecast_96_96powerset_HUFL.csv_MLP_ETTh1_ftMS_sl96_ll48_pl96_dm512_nh8_el2_dl1_df2048_expand2_dc4_fc1_ebtimeF_dtTrue_Exp_0,MLP,['HUFL'],96,ETTh1
0,0.24917895,0.10480638,0.32373813,0.18183613,0.05190072,long_term_forecast_96_96powerset_LUFL.csv_MLP_ETTh1_ftMS_sl96_ll48_pl96_dm512_nh8_el2_dl1_df2048_expand2_dc4_fc1_ebtimeF_dtTrue_Exp_0,MLP,['LUFL'],96,ETTh1
0,0.252424,0.107156575,0.3273478,0.18285114,0.052012347,long_term_forecast_96_96powerset_LUFL_LULL.csv_MLP_ETTh1_ftMS_sl96_ll48_pl96_dm512_nh8_el2_dl1_df2048_expand2_dc4_fc1_ebtimeF_dtTrue_Exp_0,MLP,"['LUFL', 'LULL']",96,ETTh1
0,0.25466576,0.10776562,0.32827675,0.18938464,0.05597903,long_term_forecast_96_96powerset_MUFL.csv_MLP_ETTh1_ftMS_sl96_ll48_pl96_dm512_nh8_el2_dl1_df2048_expand2_dc4_fc1_ebtimeF_dtTrue_Exp_0,MLP,['MUFL'],96,ETTh1
0,0.25826356,0.11101406,0.33318773,0.19019239,0.055826213,long_term_forecast_96_96powerset_MUFL_LUFL.csv_MLP_ETTh1_ftMS_sl96_ll48_pl96_dm512_nh8_el2_dl1_df2048_expand2_dc4_fc1_ebtimeF_dtTrue_Exp_0,MLP,"['MUFL', 'LUFL']",96,ETTh1
0,0.260508,0.11246387,0.33535632,0.19165526,0.05640205,long_term_forecast_96_96powerset_HUFL_LUFL.csv_MLP_ETTh1_ftMS_sl96_ll48_pl96_dm512_nh8_el2_dl1_df2048_expand2_dc4_fc1_ebtimeF_dtTrue_Exp_0,MLP,"['HUFL', 'LUFL']",96,ETTh1
0,0.2583034,0.11289289,0.33599538,0.18863472,0.05534325,long_term_forecast_96_96powerset_MUFL_LUFL_LULL.csv_MLP_ETTh1_ftMS_sl96_ll48_pl96_dm512_nh8_el2_dl1_df2048_expand2_dc4_fc1_ebtimeF_dtTrue_Exp_0,MLP,"['MUFL', 'LUFL', 'LULL']",96,ETTh1
0,0.2563952,0.11383843,0.3373995,0.18224396,0.051881373,long_term_forecast_192_96powerset_empty.csv_MLP_ETTh1_ftMS_sl96_ll48_pl192_dm512_nh8_el2_dl1_df2048_expand2_dc4_fc1_ebtimeF_dtTrue_Exp_0,MLP,['empty'],192,ETTh1
0,0.26161146,0.11507864,0.33923244,0.1907109,0.056148298,long_term_forecast_96_96powerset_HUFL_LUFL_LULL.csv_MLP_ETTh1_ftMS_sl96_ll48_pl96_dm512_nh8_el2_dl1_df2048_expand2_dc4_fc1_ebtimeF_dtTrue_Exp_0,MLP,"['HUFL', 'LUFL', 'LULL']",96,ETTh1
0,0.26351672,0.116427235,0.34121436,0.19362736,0.058771618,long_term_forecast_96_96powerset_HUFL_MUFL_LUFL_LULL.csv_MLP_ETTh1_ftMS_sl96_ll48_pl96_dm512_nh8_el2_dl1_df2048_expand2_dc4_fc1_ebtimeF_dtTrue_Exp_0,MLP,"['HUFL', 'MUFL', 'LUFL', 'LULL']",96,ETTh1
0,0.2717404,0.121099055,0.3479929,0.19959308,0.061051816,long_term_forecast_192_96powerset_HUFL_LULL.csv_MLP_ETTh1_ftMS_sl96_ll48_pl192_dm512_nh8_el2_dl1_df2048_expand2_dc4_fc1_ebtimeF_dtTrue_Exp_0,MLP,"['HUFL', 'LULL']",192,ETTh1
0,0.2659441,0.1221973,0.3495673,0.18924262,0.056043018,long_term_forecast_192_96powerset_LULL.csv_MLP_ETTh1_ftMS_sl96_ll48_pl192_dm512_nh8_el2_dl1_df2048_expand2_dc4_fc1_ebtimeF_dtTrue_Exp_0,MLP,['LULL'],192,ETTh1
0,0.27647743,0.12839082,0.35831666,0.1974781,0.060025044,long_term_forecast_192_96powerset_LUFL_LULL.csv_MLP_ETTh1_ftMS_sl96_ll48_pl192_dm512_nh8_el2_dl1_df2048_expand2_dc4_fc1_ebtimeF_dtTrue_Exp_0,MLP,"['LUFL', 'LULL']",192,ETTh1
0,0.28183398,0.12859282,0.3585984,0.20738044,0.065272,long_term_forecast_192_96powerset_HUFL_MUFL_LULL.csv_MLP_ETTh1_ftMS_sl96_ll48_pl192_dm512_nh8_el2_dl1_df2048_expand2_dc4_fc1_ebtimeF_dtTrue_Exp_0,MLP,"['HUFL', 'MUFL', 'LULL']",192,ETTh1
0,0.2842284,0.13136862,0.3624481,0.20830533,0.06478927,long_term_forecast_96_96powerset_HUFL_MUFL_LUFL.csv_MLP_ETTh1_ftMS_sl96_ll48_pl96_dm512_nh8_el2_dl1_df2048_expand2_dc4_fc1_ebtimeF_dtTrue_Exp_0,MLP,"['HUFL', 'MUFL', 'LUFL']",96,ETTh1
0,0.28408366,0.13157347,0.36273056,0.19871475,0.057870217,long_term_forecast_336_96powerset_empty.csv_MLP_ETTh1_ftMS_sl96_ll48_pl336_dm512_nh8_el2_dl1_df2048_expand2_dc4_fc1_ebtimeF_dtTrue_Exp_0,MLP,['empty'],336,ETTh1
0,0.28987187,0.13543287,0.36801204,0.20557338,0.06266114,long_term_forecast_336_96powerset_LUFL_LULL.csv_MLP_ETTh1_ftMS_sl96_ll48_pl336_dm512_nh8_el2_dl1_df2048_expand2_dc4_fc1_ebtimeF_dtTrue_Exp_0,MLP,"['LUFL', 'LULL']",336,ETTh1
0,0.29010525,0.13768038,0.37105307,0.20971586,0.06547917,long_term_forecast_192_96powerset_MUFL_LULL.csv_MLP_ETTh1_ftMS_sl96_ll48_pl192_dm512_nh8_el2_dl1_df2048_expand2_dc4_fc1_ebtimeF_dtTrue_Exp_0,MLP,"['MUFL', 'LULL']",192,ETTh1
0,0.30067316,0.14378686,0.37919238,0.21356837,0.06671416,long_term_forecast_336_96powerset_LUFL.csv_MLP_ETTh1_ftMS_sl96_ll48_pl336_dm512_nh8_el2_dl1_df2048_expand2_dc4_fc1_ebtimeF_dtTrue_Exp_0,MLP,['LUFL'],336,ETTh1
0,0.2987063,0.14425354,0.37980723,0.21712142,0.0700958,long_term_forecast_192_96powerset_HUFL_LUFL_LULL.csv_MLP_ETTh1_ftMS_sl96_ll48_pl192_dm512_nh8_el2_dl1_df2048_expand2_dc4_fc1_ebtimeF_dtTrue_Exp_0,MLP,"['HUFL', 'LUFL', 'LULL']",192,ETTh1
0,0.29895794,0.14533876,0.38123322,0.21814437,0.07161668,long_term_forecast_192_96powerset_HUFL_MUFL_LUFL_LULL.csv_MLP_ETTh1_ftMS_sl96_ll48_pl192_dm512_nh8_el2_dl1_df2048_expand2_dc4_fc1_ebtimeF_dtTrue_Exp_0,MLP,"['HUFL', 'MUFL', 'LUFL', 'LULL']",192,ETTh1
0,0.30626974,0.14946015,0.38660076,0.22334506,0.07345211,long_term_forecast_192_96powerset_HUFL_MUFL.csv_MLP_ETTh1_ftMS_sl96_ll48_pl192_dm512_nh8_el2_dl1_df2048_expand2_dc4_fc1_ebtimeF_dtTrue_Exp_0,MLP,"['HUFL', 'MUFL']",192,ETTh1
0,0.30447406,0.14970076,0.38691184,0.22117735,0.072571136,long_term_forecast_192_96powerset_MUFL_LUFL_LULL.csv_MLP_ETTh1_ftMS_sl96_ll48_pl192_dm512_nh8_el2_dl1_df2048_expand2_dc4_fc1_ebtimeF_dtTrue_Exp_0,MLP,"['MUFL', 'LUFL', 'LULL']",192,ETTh1
0,0.30912387,0.15351313,0.39180753,0.21747842,0.06860431,long_term_forecast_336_96powerset_LULL.csv_MLP_ETTh1_ftMS_sl96_ll48_pl336_dm512_nh8_el2_dl1_df2048_expand2_dc4_fc1_ebtimeF_dtTrue_Exp_0,MLP,['LULL'],336,ETTh1
0,0.3165768,0.1573495,0.39667302,0.23219596,0.07912844,long_term_forecast_192_96powerset_HUFL.csv_MLP_ETTh1_ftMS_sl96_ll48_pl192_dm512_nh8_el2_dl1_df2048_expand2_dc4_fc1_ebtimeF_dtTrue_Exp_0,MLP,['HUFL'],192,ETTh1
0,0.33745286,0.15921557,0.39901826,0.23922876,0.07518925,long_term_forecast_96_96powerset_LUFL_LULL.csv_LSTM_ETTh1_ftMS_sl96_ll48_pl96_dm512_nh8_el2_dl1_df2048_expand2_dc4_fc1_ebtimeF_dtTrue_Exp_0,LSTM,"['LUFL', 'LULL']",96,ETTh1
0,0.32487875,0.16091806,0.40114594,0.23792069,0.0825186,long_term_forecast_336_96powerset_HUFL.csv_MLP_ETTh1_ftMS_sl96_ll48_pl336_dm512_nh8_el2_dl1_df2048_expand2_dc4_fc1_ebtimeF_dtTrue_Exp_0,MLP,['HUFL'],336,ETTh1
0,0.32523686,0.16189986,0.40236783,0.23920842,0.084058896,long_term_forecast_336_96powerset_HUFL_LULL.csv_MLP_ETTh1_ftMS_sl96_ll48_pl336_dm512_nh8_el2_dl1_df2048_expand2_dc4_fc1_ebtimeF_dtTrue_Exp_0,MLP,"['HUFL', 'LULL']",336,ETTh1
0,0.32625312,0.16820994,0.41013405,0.23189647,0.07661267,long_term_forecast_192_96powerset_LUFL.csv_MLP_ETTh1_ftMS_sl96_ll48_pl192_dm512_nh8_el2_dl1_df2048_expand2_dc4_fc1_ebtimeF_dtTrue_Exp_0,MLP,['LUFL'],192,ETTh1
0,0.33168235,0.17079848,0.41327772,0.24239525,0.0848156,long_term_forecast_192_96powerset_HUFL_MUFL_LUFL.csv_MLP_ETTh1_ftMS_sl96_ll48_pl192_dm512_nh8_el2_dl1_df2048_expand2_dc4_fc1_ebtimeF_dtTrue_Exp_0,MLP,"['HUFL', 'MUFL', 'LUFL']",192,ETTh1
0,0.33599585,0.17251405,0.4153481,0.24427448,0.08585101,long_term_forecast_336_96powerset_MUFL.csv_MLP_ETTh1_ftMS_sl96_ll48_pl336_dm512_nh8_el2_dl1_df2048_expand2_dc4_fc1_ebtimeF_dtTrue_Exp_0,MLP,['MUFL'],336,ETTh1
0,0.33554867,0.17520821,0.4185788,0.24462332,0.08627492,long_term_forecast_192_96powerset_MUFL.csv_MLP_ETTh1_ftMS_sl96_ll48_pl192_dm512_nh8_el2_dl1_df2048_expand2_dc4_fc1_ebtimeF_dtTrue_Exp_0,MLP,['MUFL'],192,ETTh1
0,0.34447876,0.17671974,0.42038047,0.23951681,0.07859119,long_term_forecast_720_96powerset_HULL.csv_MLP_ETTh1_ftMS_sl96_ll48_pl720_dm512_nh8_el2_dl1_df2048_expand2_dc4_fc1_ebtimeF_dtTrue_Exp_0,MLP,['HULL'],720,ETTh1
0,0.36069748,0.17688099,0.42057222,0.25524235,0.082147084,long_term_forecast_96_96powerset_MUFL_LUFL.csv_LSTM_ETTh1_ftMS_sl96_ll48_pl96_dm512_nh8_el2_dl1_df2048_expand2_dc4_fc1_ebtimeF_dtTrue_Exp_0,LSTM,"['MUFL', 'LUFL']",96,ETTh1
0,0.34390777,0.17794585,0.4218363,0.25058964,0.089420564,long_term_forecast_336_96powerset_HUFL_MUFL.csv_MLP_ETTh1_ftMS_sl96_ll48_pl336_dm512_nh8_el2_dl1_df2048_expand2_dc4_fc1_ebtimeF_dtTrue_Exp_0,MLP,"['HUFL', 'MUFL']",336,ETTh1
0,0.36564913,0.1809505,0.42538276,0.25870666,0.083855845,long_term_forecast_96_96powerset_HUFL_LUFL.csv_LSTM_ETTh1_ftMS_sl96_ll48_pl96_dm512_nh8_el2_dl1_df2048_expand2_dc4_fc1_ebtimeF_dtTrue_Exp_0,LSTM,"['HUFL', 'LUFL']",96,ETTh1
0,0.34476635,0.18099952,0.42544037,0.24805844,0.086891174,long_term_forecast_336_96powerset_MUFL_LULL.csv_MLP_ETTh1_ftMS_sl96_ll48_pl336_dm512_nh8_el2_dl1_df2048_expand2_dc4_fc1_ebtimeF_dtTrue_Exp_0,MLP,"['MUFL', 'LULL']",336,ETTh1
0,0.3692852,0.18355662,0.4284351,0.26188993,0.085571304,long_term_forecast_96_96powerset_HUFL_MUFL_LUFL.csv_LSTM_ETTh1_ftMS_sl96_ll48_pl96_dm512_nh8_el2_dl1_df2048_expand2_dc4_fc1_ebtimeF_dtTrue_Exp_0,LSTM,"['HUFL', 'MUFL', 'LUFL']",96,ETTh1
0,0.34710267,0.18362649,0.42851663,0.250966,0.089567654,long_term_forecast_336_96powerset_HUFL_MUFL_LUFL_LULL.csv_MLP_ETTh1_ftMS_sl96_ll48_pl336_dm512_nh8_el2_dl1_df2048_expand2_dc4_fc1_ebtimeF_dtTrue_Exp_0,MLP,"['HUFL', 'MUFL', 'LUFL', 'LULL']",336,ETTh1
0,0.34730372,0.18406905,0.42903268,0.2525137,0.09141005,long_term_forecast_336_96powerset_HUFL_MUFL_LULL.csv_MLP_ETTh1_ftMS_sl96_ll48_pl336_dm512_nh8_el2_dl1_df2048_expand2_dc4_fc1_ebtimeF_dtTrue_Exp_0,MLP,"['HUFL', 'MUFL', 'LULL']",336,ETTh1
0,0.370007,0.18532947,0.43049908,0.26200482,0.08627635,long_term_forecast_96_96powerset_MUFL_LUFL_LULL.csv_LSTM_ETTh1_ftMS_sl96_ll48_pl96_dm512_nh8_el2_dl1_df2048_expand2_dc4_fc1_ebtimeF_dtTrue_Exp_0,LSTM,"['MUFL', 'LUFL', 'LULL']",96,ETTh1
0,0.34843454,0.18569732,0.4309261,0.25341445,0.09077569,long_term_forecast_192_96powerset_HUFL_LUFL.csv_MLP_ETTh1_ftMS_sl96_ll48_pl192_dm512_nh8_el2_dl1_df2048_expand2_dc4_fc1_ebtimeF_dtTrue_Exp_0,MLP,"['HUFL', 'LUFL']",192,ETTh1
0,0.3709259,0.1860733,0.43136215,0.26263076,0.08660604,long_term_forecast_96_96powerset_HUFL_LUFL_LULL.csv_LSTM_ETTh1_ftMS_sl96_ll48_pl96_dm512_nh8_el2_dl1_df2048_expand2_dc4_fc1_ebtimeF_dtTrue_Exp_0,LSTM,"['HUFL', 'LUFL', 'LULL']",96,ETTh1
0,0.371959,0.18639956,0.43174016,0.2634694,0.08688002,long_term_forecast_96_96powerset_MUFL.csv_LSTM_ETTh1_ftMS_sl96_ll48_pl96_dm512_nh8_el2_dl1_df2048_expand2_dc4_fc1_ebtimeF_dtTrue_Exp_0,LSTM,['MUFL'],96,ETTh1
0,0.35181853,0.18944027,0.43524736,0.2555967,0.09222707,long_term_forecast_192_96powerset_MUFL_LUFL.csv_MLP_ETTh1_ftMS_sl96_ll48_pl192_dm512_nh8_el2_dl1_df2048_expand2_dc4_fc1_ebtimeF_dtTrue_Exp_0,MLP,"['MUFL', 'LUFL']",192,ETTh1
0,0.37886238,0.19211622,0.43831065,0.26846895,0.08937644,long_term_forecast_96_96powerset_HUFL_MUFL_LUFL_LULL.csv_LSTM_ETTh1_ftMS_sl96_ll48_pl96_dm512_nh8_el2_dl1_df2048_expand2_dc4_fc1_ebtimeF_dtTrue_Exp_0,LSTM,"['HUFL', 'MUFL', 'LUFL', 'LULL']",96,ETTh1
0,0.38028705,0.19281888,0.43911147,0.26974812,0.08988278,long_term_forecast_96_96powerset_HUFL.csv_LSTM_ETTh1_ftMS_sl96_ll48_pl96_dm512_nh8_el2_dl1_df2048_expand2_dc4_fc1_ebtimeF_dtTrue_Exp_0,LSTM,['HUFL'],96,ETTh1
0,0.38242394,0.19579732,0.44248992,0.27034843,0.0901478,long_term_forecast_96_96powerset_empty.csv_LSTM_ETTh1_ftMS_sl96_ll48_pl96_dm512_nh8_el2_dl1_df2048_expand2_dc4_fc1_ebtimeF_dtTrue_Exp_0,LSTM,['empty'],96,ETTh1
0,0.38278764,0.1960265,0.4427488,0.2711434,0.09132943,long_term_forecast_96_96powerset_HUFL_MUFL_LULL.csv_LSTM_ETTh1_ftMS_sl96_ll48_pl96_dm512_nh8_el2_dl1_df2048_expand2_dc4_fc1_ebtimeF_dtTrue_Exp_0,LSTM,"['HUFL', 'MUFL', 'LULL']",96,ETTh1
0,0.38808122,0.20083772,0.4481492,0.27539706,0.09408158,long_term_forecast_96_96powerset_HUFL_LULL.csv_LSTM_ETTh1_ftMS_sl96_ll48_pl96_dm512_nh8_el2_dl1_df2048_expand2_dc4_fc1_ebtimeF_dtTrue_Exp_0,LSTM,"['HUFL', 'LULL']",96,ETTh1
0,0.36788523,0.20312096,0.45068944,0.26694602,0.10006746,long_term_forecast_336_96powerset_HUFL_LUFL_LULL.csv_MLP_ETTh1_ftMS_sl96_ll48_pl336_dm512_nh8_el2_dl1_df2048_expand2_dc4_fc1_ebtimeF_dtTrue_Exp_0,MLP,"['HUFL', 'LUFL', 'LULL']",336,ETTh1
0,0.39345592,0.20586397,0.45372236,0.27883473,0.09597888,long_term_forecast_96_96powerset_MUFL_LULL.csv_LSTM_ETTh1_ftMS_sl96_ll48_pl96_dm512_nh8_el2_dl1_df2048_expand2_dc4_fc1_ebtimeF_dtTrue_Exp_0,LSTM,"['MUFL', 'LULL']",96,ETTh1
0,0.37296766,0.20865281,0.4567853,0.2701428,0.10211342,long_term_forecast_336_96powerset_MUFL_LUFL_LULL.csv_MLP_ETTh1_ftMS_sl96_ll48_pl336_dm512_nh8_el2_dl1_df2048_expand2_dc4_fc1_ebtimeF_dtTrue_Exp_0,MLP,"['MUFL', 'LUFL', 'LULL']",336,ETTh1
0,0.38485622,0.20963965,0.45786422,0.26457834,0.09132708,long_term_forecast_720_96powerset_empty.csv_MLP_ETTh1_ftMS_sl96_ll48_pl720_dm512_nh8_el2_dl1_df2048_expand2_dc4_fc1_ebtimeF_dtTrue_Exp_0,MLP,['empty'],720,ETTh1
0,0.37838972,0.21222326,0.46067697,0.2657792,0.09426442,long_term_forecast_336_96powerset_HULL.csv_MLP_ETTh1_ftMS_sl96_ll48_pl336_dm512_nh8_el2_dl1_df2048_expand2_dc4_fc1_ebtimeF_dtTrue_Exp_0,MLP,['HULL'],336,ETTh1
0,0.38045862,0.2133652,0.46191472,0.2768982,0.10625344,long_term_forecast_336_96powerset_HUFL_LUFL.csv_MLP_ETTh1_ftMS_sl96_ll48_pl336_dm512_nh8_el2_dl1_df2048_expand2_dc4_fc1_ebtimeF_dtTrue_Exp_0,MLP,"['HUFL', 'LUFL']",336,ETTh1
0,0.38243306,0.21614492,0.46491387,0.2778766,0.107008904,long_term_forecast_336_96powerset_MUFL_LUFL.csv_MLP_ETTh1_ftMS_sl96_ll48_pl336_dm512_nh8_el2_dl1_df2048_expand2_dc4_fc1_ebtimeF_dtTrue_Exp_0,MLP,"['MUFL', 'LUFL']",336,ETTh1
0,0.39119434,0.21634726,0.46513143,0.2728888,0.09739605,long_term_forecast_720_96powerset_MULL.csv_MLP_ETTh1_ftMS_sl96_ll48_pl720_dm512_nh8_el2_dl1_df2048_expand2_dc4_fc1_ebtimeF_dtTrue_Exp_0,MLP,['MULL'],720,ETTh1
0,0.39947155,0.22513871,0.47448784,0.28262752,0.101436794,long_term_forecast_96_96powerset_HULL_LULL.csv_MLP_ETTh1_ftMS_sl96_ll48_pl96_dm512_nh8_el2_dl1_df2048_expand2_dc4_fc1_ebtimeF_dtTrue_Exp_0,MLP,"['HULL', 'LULL']",96,ETTh1
0,0.39512312,0.22880955,0.47834042,0.28645676,0.112480044,long_term_forecast_336_96powerset_HUFL_MUFL_LUFL.csv_MLP_ETTh1_ftMS_sl96_ll48_pl336_dm512_nh8_el2_dl1_df2048_expand2_dc4_fc1_ebtimeF_dtTrue_Exp_0,MLP,"['HUFL', 'MUFL', 'LUFL']",336,ETTh1
0,0.40895534,0.23782998,0.48767817,0.28918555,0.10656121,long_term_forecast_96_96powerset_HULL_MULL_LULL.csv_MLP_ETTh1_ftMS_sl96_ll48_pl96_dm512_nh8_el2_dl1_df2048_expand2_dc4_fc1_ebtimeF_dtTrue_Exp_0,MLP,"['HULL', 'MULL', 'LULL']",96,ETTh1
0,0.43137047,0.2391077,0.4889864,0.30726513,0.112073645,long_term_forecast_96_96powerset_HUFL_MUFL.csv_LSTM_ETTh1_ftMS_sl96_ll48_pl96_dm512_nh8_el2_dl1_df2048_expand2_dc4_fc1_ebtimeF_dtTrue_Exp_0,LSTM,"['HUFL', 'MUFL']",96,ETTh1
0,0.42159238,0.24511327,0.49508914,0.29856244,0.11073529,long_term_forecast_96_96powerset_MULL_LULL.csv_MLP_ETTh1_ftMS_sl96_ll48_pl96_dm512_nh8_el2_dl1_df2048_expand2_dc4_fc1_ebtimeF_dtTrue_Exp_0,MLP,"['MULL', 'LULL']",96,ETTh1
0,0.41163298,0.24596268,0.49594626,0.28962466,0.10990516,long_term_forecast_336_96powerset_HULL_MULL_LULL.csv_MLP_ETTh1_ftMS_sl96_ll48_pl336_dm512_nh8_el2_dl1_df2048_expand2_dc4_fc1_ebtimeF_dtTrue_Exp_0,MLP,"['HULL', 'MULL', 'LULL']",336,ETTh1
0,0.4171202,0.24997018,0.49997017,0.29335722,0.11151478,long_term_forecast_336_96powerset_HULL_LULL.csv_MLP_ETTh1_ftMS_sl96_ll48_pl336_dm512_nh8_el2_dl1_df2048_expand2_dc4_fc1_ebtimeF_dtTrue_Exp_0,MLP,"['HULL', 'LULL']",336,ETTh1
0,0.41853058,0.25082538,0.5008247,0.29148394,0.114434294,long_term_forecast_720_96powerset_LULL.csv_MLP_ETTh1_ftMS_sl96_ll48_pl720_dm512_nh8_el2_dl1_df2048_expand2_dc4_fc1_ebtimeF_dtTrue_Exp_0,MLP,['LULL'],720,ETTh1
0,0.41640118,0.25310016,0.5030906,0.29154488,0.11143588,long_term_forecast_336_96powerset_HULL_LUFL.csv_MLP_ETTh1_ftMS_sl96_ll48_pl336_dm512_nh8_el2_dl1_df2048_expand2_dc4_fc1_ebtimeF_dtTrue_Exp_0,MLP,"['HULL', 'LUFL']",336,ETTh1
0,0.42369127,0.2549804,0.5049558,0.298306,0.11428191,long_term_forecast_336_96powerset_HULL_MULL.csv_MLP_ETTh1_ftMS_sl96_ll48_pl336_dm512_nh8_el2_dl1_df2048_expand2_dc4_fc1_ebtimeF_dtTrue_Exp_0,MLP,"['HULL', 'MULL']",336,ETTh1
0,0.43132234,0.25612605,0.506089,0.30049375,0.11490215,long_term_forecast_720_96powerset_HULL_MULL.csv_MLP_ETTh1_ftMS_sl96_ll48_pl720_dm512_nh8_el2_dl1_df2048_expand2_dc4_fc1_ebtimeF_dtTrue_Exp_0,MLP,"['HULL', 'MULL']",720,ETTh1
0,0.4369393,0.25766426,0.5076064,0.3269817,0.13799974,long_term_forecast_96_96powerset_HUFL_HULL.csv_MLP_ETTh1_ftMS_sl96_ll48_pl96_dm512_nh8_el2_dl1_df2048_expand2_dc4_fc1_ebtimeF_dtTrue_Exp_0,MLP,"['HUFL', 'HULL']",96,ETTh1
0,0.42879418,0.26003706,0.5099383,0.29874912,0.11810552,long_term_forecast_720_96powerset_LUFL_LULL.csv_MLP_ETTh1_ftMS_sl96_ll48_pl720_dm512_nh8_el2_dl1_df2048_expand2_dc4_fc1_ebtimeF_dtTrue_Exp_0,MLP,"['LUFL', 'LULL']",720,ETTh1
0,0.43277165,0.2610545,0.5109349,0.29877383,0.113693625,long_term_forecast_720_96powerset_HULL_LUFL.csv_MLP_ETTh1_ftMS_sl96_ll48_pl720_dm512_nh8_el2_dl1_df2048_expand2_dc4_fc1_ebtimeF_dtTrue_Exp_0,MLP,"['HULL', 'LUFL']",720,ETTh1
0,0.44328916,0.2628414,0.5126806,0.31681958,0.12143584,long_term_forecast_96_96powerset_HULL.csv_MLP_ETTh1_ftMS_sl96_ll48_pl96_dm512_nh8_el2_dl1_df2048_expand2_dc4_fc1_ebtimeF_dtTrue_Exp_0,MLP,['HULL'],96,ETTh1
0,0.44307157,0.2746879,0.52410674,0.3107029,0.12200107,long_term_forecast_336_96powerset_MULL_LULL.csv_MLP_ETTh1_ftMS_sl96_ll48_pl336_dm512_nh8_el2_dl1_df2048_expand2_dc4_fc1_ebtimeF_dtTrue_Exp_0,MLP,"['MULL', 'LULL']",336,ETTh1
0,0.45061454,0.27512467,0.52452326,0.32313594,0.12825954,long_term_forecast_96_96powerset_HULL_MULL.csv_MLP_ETTh1_ftMS_sl96_ll48_pl96_dm512_nh8_el2_dl1_df2048_expand2_dc4_fc1_ebtimeF_dtTrue_Exp_0,MLP,"['HULL', 'MULL']",96,ETTh1
0,0.45277187,0.27820358,0.5274501,0.31368703,0.12362015,long_term_forecast_720_96powerset_LUFL.csv_MLP_ETTh1_ftMS_sl96_ll48_pl720_dm512_nh8_el2_dl1_df2048_expand2_dc4_fc1_ebtimeF_dtTrue_Exp_0,MLP,['LUFL'],720,ETTh1
0,0.45717356,0.27994528,0.5290986,0.3399044,0.14813448,long_term_forecast_96_96powerset_HUFL_HULL_MUFL_MULL_LULL.csv_MLP_ETTh1_ftMS_sl96_ll48_pl96_dm512_nh8_el2_dl1_df2048_expand2_dc4_fc1_ebtimeF_dtTrue_Exp_0,MLP,"['HUFL', 'HULL', 'MUFL', 'MULL', 'LULL']",96,ETTh1
0,0.45274478,0.28162777,0.53068614,0.31828907,0.1259204,long_term_forecast_336_96powerset_MULL.csv_MLP_ETTh1_ftMS_sl96_ll48_pl336_dm512_nh8_el2_dl1_df2048_expand2_dc4_fc1_ebtimeF_dtTrue_Exp_0,MLP,['MULL'],336,ETTh1
0,0.4669051,0.28605005,0.5348365,0.34804517,0.15146255,long_term_forecast_96_96powerset_HUFL_MULL.csv_MLP_ETTh1_ftMS_sl96_ll48_pl96_dm512_nh8_el2_dl1_df2048_expand2_dc4_fc1_ebtimeF_dtTrue_Exp_0,MLP,"['HUFL', 'MULL']",96,ETTh1
0,0.44957235,0.28957084,0.5381179,0.32348764,0.14500663,long_term_forecast_720_96powerset_HUFL.csv_MLP_ETTh1_ftMS_sl96_ll48_pl720_dm512_nh8_el2_dl1_df2048_expand2_dc4_fc1_ebtimeF_dtTrue_Exp_0,MLP,['HUFL'],720,ETTh1
0,0.46305597,0.28997788,0.53849596,0.3237327,0.13204491,long_term_forecast_720_96powerset_HULL_MULL_LULL.csv_MLP_ETTh1_ftMS_sl96_ll48_pl720_dm512_nh8_el2_dl1_df2048_expand2_dc4_fc1_ebtimeF_dtTrue_Exp_0,MLP,"['HULL', 'MULL', 'LULL']",720,ETTh1
0,0.45870253,0.29081282,0.53927064,0.3425358,0.15784338,long_term_forecast_336_96powerset_HUFL_HULL.csv_MLP_ETTh1_ftMS_sl96_ll48_pl336_dm512_nh8_el2_dl1_df2048_expand2_dc4_fc1_ebtimeF_dtTrue_Exp_0,MLP,"['HUFL', 'HULL']",336,ETTh1
0,0.4832102,0.29244924,0.54078573,0.34076998,0.13135922,long_term_forecast_96_96powerset_HULL_LUFL_LULL.csv_LSTM_ETTh1_ftMS_sl96_ll48_pl96_dm512_nh8_el2_dl1_df2048_expand2_dc4_fc1_ebtimeF_dtTrue_Exp_0,LSTM,"['HULL', 'LUFL', 'LULL']",96,ETTh1
0,0.47069257,0.29574063,0.5438204,0.3399322,0.14078727,long_term_forecast_96_96powerset_MULL.csv_MLP_ETTh1_ftMS_sl96_ll48_pl96_dm512_nh8_el2_dl1_df2048_expand2_dc4_fc1_ebtimeF_dtTrue_Exp_0,MLP,['MULL'],96,ETTh1
0,0.47875175,0.29668763,0.54469043,0.35801327,0.15940341,long_term_forecast_96_96powerset_HUFL_HULL_LULL.csv_MLP_ETTh1_ftMS_sl96_ll48_pl96_dm512_nh8_el2_dl1_df2048_expand2_dc4_fc1_ebtimeF_dtTrue_Exp_0,MLP,"['HUFL', 'HULL', 'LULL']",96,ETTh1
0,0.45690027,0.3007253,0.54838425,0.32669884,0.14780718,long_term_forecast_720_96powerset_HUFL_MUFL.csv_MLP_ETTh1_ftMS_sl96_ll48_pl720_dm512_nh8_el2_dl1_df2048_expand2_dc4_fc1_ebtimeF_dtTrue_Exp_0,MLP,"['HUFL', 'MUFL']",720,ETTh1
0,0.47567526,0.30128995,0.5488989,0.33643097,0.1355988,long_term_forecast_192_96powerset_HULL.csv_MLP_ETTh1_ftMS_sl96_ll48_pl192_dm512_nh8_el2_dl1_df2048_expand2_dc4_fc1_ebtimeF_dtTrue_Exp_0,MLP,['HULL'],192,ETTh1
0,0.47545817,0.3027747,0.5502497,0.33758318,0.1379222,long_term_forecast_192_96powerset_HULL_MULL.csv_MLP_ETTh1_ftMS_sl96_ll48_pl192_dm512_nh8_el2_dl1_df2048_expand2_dc4_fc1_ebtimeF_dtTrue_Exp_0,MLP,"['HULL', 'MULL']",192,ETTh1
0,0.46305314,0.3029767,0.5504332,0.3262228,0.14291826,long_term_forecast_720_96powerset_MUFL.csv_MLP_ETTh1_ftMS_sl96_ll48_pl720_dm512_nh8_el2_dl1_df2048_expand2_dc4_fc1_ebtimeF_dtTrue_Exp_0,MLP,['MUFL'],720,ETTh1
0,0.47677234,0.30498394,0.5522535,0.3540582,0.16135971,long_term_forecast_192_96powerset_HUFL_HULL_LULL.csv_MLP_ETTh1_ftMS_sl96_ll48_pl192_dm512_nh8_el2_dl1_df2048_expand2_dc4_fc1_ebtimeF_dtTrue_Exp_0,MLP,"['HUFL', 'HULL', 'LULL']",192,ETTh1
0,0.47798124,0.30573675,0.55293465,0.33158085,0.13523208,long_term_forecast_720_96powerset_MULL_LUFL.csv_MLP_ETTh1_ftMS_sl96_ll48_pl720_dm512_nh8_el2_dl1_df2048_expand2_dc4_fc1_ebtimeF_dtTrue_Exp_0,MLP,"['MULL', 'LUFL']",720,ETTh1
0,0.47875288,0.3061057,0.5532682,0.3373273,0.13619941,long_term_forecast_192_96powerset_HULL_LULL.csv_MLP_ETTh1_ftMS_sl96_ll48_pl192_dm512_nh8_el2_dl1_df2048_expand2_dc4_fc1_ebtimeF_dtTrue_Exp_0,MLP,"['HULL', 'LULL']",192,ETTh1
0,0.4593387,0.30666503,0.55377346,0.33096713,0.15489197,long_term_forecast_720_96powerset_HUFL_LULL.csv_MLP_ETTh1_ftMS_sl96_ll48_pl720_dm512_nh8_el2_dl1_df2048_expand2_dc4_fc1_ebtimeF_dtTrue_Exp_0,MLP,"['HUFL', 'LULL']",720,ETTh1
0,0.48895955,0.3073484,0.55439013,0.36557302,0.16495025,long_term_forecast_96_96powerset_HUFL_MULL_LULL.csv_MLP_ETTh1_ftMS_sl96_ll48_pl96_dm512_nh8_el2_dl1_df2048_expand2_dc4_fc1_ebtimeF_dtTrue_Exp_0,MLP,"['HUFL', 'MULL', 'LULL']",96,ETTh1
0,0.48771673,0.30886635,0.55575746,0.36651248,0.16855855,long_term_forecast_96_96powerset_HULL_MUFL.csv_MLP_ETTh1_ftMS_sl96_ll48_pl96_dm512_nh8_el2_dl1_df2048_expand2_dc4_fc1_ebtimeF_dtTrue_Exp_0,MLP,"['HULL', 'MUFL']",96,ETTh1
0,0.47732818,0.30964085,0.5564538,0.3544966,0.16516571,long_term_forecast_336_96powerset_HUFL_MULL.csv_MLP_ETTh1_ftMS_sl96_ll48_pl336_dm512_nh8_el2_dl1_df2048_expand2_dc4_fc1_ebtimeF_dtTrue_Exp_0,MLP,"['HUFL', 'MULL']",336,ETTh1
0,0.46185684,0.30972293,0.55652755,0.32979837,0.15196781,long_term_forecast_720_96powerset_HUFL_MUFL_LULL.csv_MLP_ETTh1_ftMS_sl96_ll48_pl720_dm512_nh8_el2_dl1_df2048_expand2_dc4_fc1_ebtimeF_dtTrue_Exp_0,MLP,"['HUFL', 'MUFL', 'LULL']",720,ETTh1
0,0.4815733,0.31167027,0.5582744,0.33250383,0.13630746,long_term_forecast_720_96powerset_HULL_LUFL_LULL.csv_MLP_ETTh1_ftMS_sl96_ll48_pl720_dm512_nh8_el2_dl1_df2048_expand2_dc4_fc1_ebtimeF_dtTrue_Exp_0,MLP,"['HULL', 'LUFL', 'LULL']",720,ETTh1
0,0.48384437,0.31344697,0.5598633,0.34204593,0.1409023,long_term_forecast_192_96powerset_HULL_MULL_LULL.csv_MLP_ETTh1_ftMS_sl96_ll48_pl192_dm512_nh8_el2_dl1_df2048_expand2_dc4_fc1_ebtimeF_dtTrue_Exp_0,MLP,"['HULL', 'MULL', 'LULL']",192,ETTh1
0,0.49642715,0.3159198,0.56206745,0.36914417,0.16716152,long_term_forecast_96_96powerset_HUFL_HULL_MULL_LULL.csv_MLP_ETTh1_ftMS_sl96_ll48_pl96_dm512_nh8_el2_dl1_df2048_expand2_dc4_fc1_ebtimeF_dtTrue_Exp_0,MLP,"['HUFL', 'HULL', 'MULL', 'LULL']",96,ETTh1
0,0.4954218,0.3162818,0.5623894,0.37113106,0.17148632,long_term_forecast_96_96powerset_HUFL_HULL_MUFL_LULL.csv_MLP_ETTh1_ftMS_sl96_ll48_pl96_dm512_nh8_el2_dl1_df2048_expand2_dc4_fc1_ebtimeF_dtTrue_Exp_0,MLP,"['HUFL', 'HULL', 'MUFL', 'LULL']",96,ETTh1
0,0.47714302,0.3174985,0.56347007,0.33298057,0.13893174,long_term_forecast_336_96powerset_HULL_LUFL_LULL.csv_MLP_ETTh1_ftMS_sl96_ll48_pl336_dm512_nh8_el2_dl1_df2048_expand2_dc4_fc1_ebtimeF_dtTrue_Exp_0,MLP,"['HULL', 'LUFL', 'LULL']",336,ETTh1
0,0.50758433,0.3186973,0.5645328,0.35828626,0.14327756,long_term_forecast_96_96powerset_MULL_LUFL_LULL.csv_LSTM_ETTh1_ftMS_sl96_ll48_pl96_dm512_nh8_el2_dl1_df2048_expand2_dc4_fc1_ebtimeF_dtTrue_Exp_0,LSTM,"['MULL', 'LUFL', 'LULL']",96,ETTh1
0,0.49319384,0.32205757,0.5675012,0.36597472,0.16997164,long_term_forecast_192_96powerset_HUFL_MULL_LULL.csv_MLP_ETTh1_ftMS_sl96_ll48_pl192_dm512_nh8_el2_dl1_df2048_expand2_dc4_fc1_ebtimeF_dtTrue_Exp_0,MLP,"['HUFL', 'MULL', 'LULL']",192,ETTh1
0,0.48996997,0.32294923,0.56828624,0.34511805,0.15148802,long_term_forecast_720_96powerset_HULL_LULL.csv_MLP_ETTh1_ftMS_sl96_ll48_pl720_dm512_nh8_el2_dl1_df2048_expand2_dc4_fc1_ebtimeF_dtTrue_Exp_0,MLP,"['HULL', 'LULL']",720,ETTh1
0,0.48825803,0.32343042,0.56870943,0.35958773,0.16813022,long_term_forecast_336_96powerset_HUFL_HULL_MULL_LULL.csv_MLP_ETTh1_ftMS_sl96_ll48_pl336_dm512_nh8_el2_dl1_df2048_expand2_dc4_fc1_ebtimeF_dtTrue_Exp_0,MLP,"['HUFL', 'HULL', 'MULL', 'LULL']",336,ETTh1
0,0.49021727,0.32508042,0.57015824,0.3638867,0.17317973,long_term_forecast_336_96powerset_HUFL_HULL_LULL.csv_MLP_ETTh1_ftMS_sl96_ll48_pl336_dm512_nh8_el2_dl1_df2048_expand2_dc4_fc1_ebtimeF_dtTrue_Exp_0,MLP,"['HUFL', 'HULL', 'LULL']",336,ETTh1
0,0.49223554,0.33162868,0.5758721,0.3447804,0.14665408,long_term_forecast_336_96powerset_MULL_LUFL.csv_MLP_ETTh1_ftMS_sl96_ll48_pl336_dm512_nh8_el2_dl1_df2048_expand2_dc4_fc1_ebtimeF_dtTrue_Exp_0,MLP,"['MULL', 'LUFL']",336,ETTh1
0,0.510563,0.33296457,0.57703084,0.3833331,0.18190557,long_term_forecast_96_96powerset_HUFL_MUFL_MULL_LULL.csv_MLP_ETTh1_ftMS_sl96_ll48_pl96_dm512_nh8_el2_dl1_df2048_expand2_dc4_fc1_ebtimeF_dtTrue_Exp_0,MLP,"['HUFL', 'MUFL', 'MULL', 'LULL']",96,ETTh1
0,0.4950995,0.33443245,0.57830137,0.36227056,0.17569697,long_term_forecast_720_96powerset_HUFL_HULL.csv_MLP_ETTh1_ftMS_sl96_ll48_pl720_dm512_nh8_el2_dl1_df2048_expand2_dc4_fc1_ebtimeF_dtTrue_Exp_0,MLP,"['HUFL', 'HULL']",720,ETTh1
0,0.5157312,0.33637702,0.5799802,0.3856694,0.18011339,long_term_forecast_96_96powerset_MUFL_MULL.csv_MLP_ETTh1_ftMS_sl96_ll48_pl96_dm512_nh8_el2_dl1_df2048_expand2_dc4_fc1_ebtimeF_dtTrue_Exp_0,MLP,"['MUFL', 'MULL']",96,ETTh1
0,0.48708615,0.33693925,0.58046466,0.34855664,0.16702324,long_term_forecast_720_96powerset_MUFL_LULL.csv_MLP_ETTh1_ftMS_sl96_ll48_pl720_dm512_nh8_el2_dl1_df2048_expand2_dc4_fc1_ebtimeF_dtTrue_Exp_0,MLP,"['MUFL', 'LULL']",720,ETTh1
0,0.50556254,0.33934847,0.5825362,0.3503794,0.14977895,long_term_forecast_720_96powerset_HULL_MULL_LUFL.csv_MLP_ETTh1_ftMS_sl96_ll48_pl720_dm512_nh8_el2_dl1_df2048_expand2_dc4_fc1_ebtimeF_dtTrue_Exp_0,MLP,"['HULL', 'MULL', 'LUFL']",720,ETTh1
0,0.5034039,0.33980379,0.5829269,0.36611357,0.17509781,long_term_forecast_720_96powerset_HUFL_MULL.csv_MLP_ETTh1_ftMS_sl96_ll48_pl720_dm512_nh8_el2_dl1_df2048_expand2_dc4_fc1_ebtimeF_dtTrue_Exp_0,MLP,"['HUFL', 'MULL']",720,ETTh1
0,0.5040241,0.34026256,0.5833203,0.37290245,0.1792796,long_term_forecast_336_96powerset_HUFL_MULL_LULL.csv_MLP_ETTh1_ftMS_sl96_ll48_pl336_dm512_nh8_el2_dl1_df2048_expand2_dc4_fc1_ebtimeF_dtTrue_Exp_0,MLP,"['HUFL', 'MULL', 'LULL']",336,ETTh1
0,0.510956,0.34096214,0.58391964,0.36074373,0.15272243,long_term_forecast_192_96powerset_MULL_LULL.csv_MLP_ETTh1_ftMS_sl96_ll48_pl192_dm512_nh8_el2_dl1_df2048_expand2_dc4_fc1_ebtimeF_dtTrue_Exp_0,MLP,"['MULL', 'LULL']",192,ETTh1
0,0.53699106,0.3451253,0.58747363,0.3879233,0.16681866,long_term_forecast_96_96powerset_HUFL_HULL_MUFL_LUFL_LULL.csv_LSTM_ETTh1_ftMS_sl96_ll48_pl96_dm512_nh8_el2_dl1_df2048_expand2_dc4_fc1_ebtimeF_dtTrue_Exp_0,LSTM,"['HUFL', 'HULL', 'MUFL', 'LUFL', 'LULL']",96,ETTh1
0,0.5359988,0.34628057,0.5884561,0.38455665,0.16388185,long_term_forecast_96_96powerset_HUFL_HULL_LULL.csv_LSTM_ETTh1_ftMS_sl96_ll48_pl96_dm512_nh8_el2_dl1_df2048_expand2_dc4_fc1_ebtimeF_dtTrue_Exp_0,LSTM,"['HUFL', 'HULL', 'LULL']",96,ETTh1
0,0.5398593,0.34774202,0.5896965,0.38965902,0.16719748,long_term_forecast_96_96powerset_HUFL_HULL_LUFL.csv_LSTM_ETTh1_ftMS_sl96_ll48_pl96_dm512_nh8_el2_dl1_df2048_expand2_dc4_fc1_ebtimeF_dtTrue_Exp_0,LSTM,"['HUFL', 'HULL', 'LUFL']",96,ETTh1
0,0.52755994,0.3529666,0.59410995,0.3907125,0.18380508,long_term_forecast_96_96powerset_HUFL_HULL_MULL.csv_MLP_ETTh1_ftMS_sl96_ll48_pl96_dm512_nh8_el2_dl1_df2048_expand2_dc4_fc1_ebtimeF_dtTrue_Exp_0,MLP,"['HUFL', 'HULL', 'MULL']",96,ETTh1
0,0.51474506,0.35468566,0.59555495,0.38282737,0.18980666,long_term_forecast_336_96powerset_HULL_MUFL.csv_MLP_ETTh1_ftMS_sl96_ll48_pl336_dm512_nh8_el2_dl1_df2048_expand2_dc4_fc1_ebtimeF_dtTrue_Exp_0,MLP,"['HULL', 'MUFL']",336,ETTh1
0,0.5301961,0.35530904,0.59607804,0.39129347,0.18332832,long_term_forecast_96_96powerset_HULL_MUFL_LULL.csv_MLP_ETTh1_ftMS_sl96_ll48_pl96_dm512_nh8_el2_dl1_df2048_expand2_dc4_fc1_ebtimeF_dtTrue_Exp_0,MLP,"['HULL', 'MUFL', 'LULL']",96,ETTh1
0,0.5300768,0.35595617,0.5966206,0.40048766,0.19808069,long_term_forecast_96_96powerset_HUFL_HULL_MUFL.csv_MLP_ETTh1_ftMS_sl96_ll48_pl96_dm512_nh8_el2_dl1_df2048_expand2_dc4_fc1_ebtimeF_dtTrue_Exp_0,MLP,"['HUFL', 'HULL', 'MUFL']",96,ETTh1
0,0.5226833,0.35647583,0.597056,0.37120932,0.16175228,long_term_forecast_96_96powerset_HULL_LUFL.csv_MLP_ETTh1_ftMS_sl96_ll48_pl96_dm512_nh8_el2_dl1_df2048_expand2_dc4_fc1_ebtimeF_dtTrue_Exp_0,MLP,"['HULL', 'LUFL']",96,ETTh1
0,0.5375741,0.35971412,0.5997617,0.4029196,0.1946373,long_term_forecast_96_96powerset_MUFL_MULL_LULL.csv_MLP_ETTh1_ftMS_sl96_ll48_pl96_dm512_nh8_el2_dl1_df2048_expand2_dc4_fc1_ebtimeF_dtTrue_Exp_0,MLP,"['MUFL', 'MULL', 'LULL']",96,ETTh1
0,0.52848595,0.36144313,0.6012014,0.39439034,0.19337183,long_term_forecast_192_96powerset_HUFL_HULL.csv_MLP_ETTh1_ftMS_sl96_ll48_pl192_dm512_nh8_el2_dl1_df2048_expand2_dc4_fc1_ebtimeF_dtTrue_Exp_0,MLP,"['HUFL', 'HULL']",192,ETTh1
0,0.5326954,0.3652878,0.60439044,0.39436045,0.1912068,long_term_forecast_192_96powerset_HULL_MUFL_LULL.csv_MLP_ETTh1_ftMS_sl96_ll48_pl192_dm512_nh8_el2_dl1_df2048_expand2_dc4_fc1_ebtimeF_dtTrue_Exp_0,MLP,"['HULL', 'MUFL', 'LULL']",192,ETTh1
0,0.52059126,0.3714017,0.60942733,0.36946738,0.17874266,long_term_forecast_720_96powerset_HUFL_LUFL_LULL.csv_MLP_ETTh1_ftMS_sl96_ll48_pl720_dm512_nh8_el2_dl1_df2048_expand2_dc4_fc1_ebtimeF_dtTrue_Exp_0,MLP,"['HUFL', 'LUFL', 'LULL']",720,ETTh1
0,0.5266252,0.37371558,0.6113228,0.366714,0.16288412,long_term_forecast_336_96powerset_HULL_MULL_LUFL_LULL.csv_MLP_ETTh1_ftMS_sl96_ll48_pl336_dm512_nh8_el2_dl1_df2048_expand2_dc4_fc1_ebtimeF_dtTrue_Exp_0,MLP,"['HULL', 'MULL', 'LUFL', 'LULL']",336,ETTh1
0,0.5323984,0.37412792,0.61166,0.39259812,0.19488145,long_term_forecast_336_96powerset_HULL_MUFL_LULL.csv_MLP_ETTh1_ftMS_sl96_ll48_pl336_dm512_nh8_el2_dl1_df2048_expand2_dc4_fc1_ebtimeF_dtTrue_Exp_0,MLP,"['HULL', 'MUFL', 'LULL']",336,ETTh1
0,0.5417757,0.37818477,0.6149673,0.37405008,0.16519481,long_term_forecast_720_96powerset_MULL_LUFL_LULL.csv_MLP_ETTh1_ftMS_sl96_ll48_pl720_dm512_nh8_el2_dl1_df2048_expand2_dc4_fc1_ebtimeF_dtTrue_Exp_0,MLP,"['MULL', 'LUFL', 'LULL']",720,ETTh1
0,0.533965,0.378595,0.6153007,0.39812306,0.2042405,long_term_forecast_336_96powerset_HUFL_HULL_MUFL_LULL.csv_MLP_ETTh1_ftMS_sl96_ll48_pl336_dm512_nh8_el2_dl1_df2048_expand2_dc4_fc1_ebtimeF_dtTrue_Exp_0,MLP,"['HUFL', 'HULL', 'MUFL', 'LULL']",336,ETTh1
0,0.5429393,0.3813756,0.61755615,0.38217822,0.17873529,long_term_forecast_720_96powerset_MULL_LULL.csv_MLP_ETTh1_ftMS_sl96_ll48_pl720_dm512_nh8_el2_dl1_df2048_expand2_dc4_fc1_ebtimeF_dtTrue_Exp_0,MLP,"['MULL', 'LULL']",720,ETTh1
0,0.53651,0.38177377,0.61787844,0.39901674,0.20450155,long_term_forecast_336_96powerset_HUFL_MUFL_MULL_LULL.csv_MLP_ETTh1_ftMS_sl96_ll48_pl336_dm512_nh8_el2_dl1_df2048_expand2_dc4_fc1_ebtimeF_dtTrue_Exp_0,MLP,"['HUFL', 'MUFL', 'MULL', 'LULL']",336,ETTh1
0,0.5665015,0.38220376,0.6182263,0.40589434,0.17956367,long_term_forecast_96_96powerset_MUFL_MULL_LUFL.csv_LSTM_ETTh1_ftMS_sl96_ll48_pl96_dm512_nh8_el2_dl1_df2048_expand2_dc4_fc1_ebtimeF_dtTrue_Exp_0,LSTM,"['MUFL', 'MULL', 'LUFL']",96,ETTh1
0,0.5404665,0.38327548,0.61909246,0.40069094,0.20337972,long_term_forecast_336_96powerset_HUFL_HULL_MULL.csv_MLP_ETTh1_ftMS_sl96_ll48_pl336_dm512_nh8_el2_dl1_df2048_expand2_dc4_fc1_ebtimeF_dtTrue_Exp_0,MLP,"['HUFL', 'HULL', 'MULL']",336,ETTh1
0,0.53009874,0.3834511,0.61923426,0.37562117,0.18375692,long_term_forecast_720_96powerset_MUFL_LUFL_LULL.csv_MLP_ETTh1_ftMS_sl96_ll48_pl720_dm512_nh8_el2_dl1_df2048_expand2_dc4_fc1_ebtimeF_dtTrue_Exp_0,MLP,"['MUFL', 'LUFL', 'LULL']",720,ETTh1
0,0.5366282,0.3842738,0.6198982,0.3749611,0.16907634,long_term_forecast_336_96powerset_MULL_LUFL_LULL.csv_MLP_ETTh1_ftMS_sl96_ll48_pl336_dm512_nh8_el2_dl1_df2048_expand2_dc4_fc1_ebtimeF_dtTrue_Exp_0,MLP,"['MULL', 'LUFL', 'LULL']",336,ETTh1
0,0.5449729,0.38565156,0.6210085,0.40979883,0.21209489,long_term_forecast_192_96powerset_HUFL_HULL_MUFL.csv_MLP_ETTh1_ftMS_sl96_ll48_pl192_dm512_nh8_el2_dl1_df2048_expand2_dc4_fc1_ebtimeF_dtTrue_Exp_0,MLP,"['HUFL', 'HULL', 'MUFL']",192,ETTh1
0,0.5519311,0.38607273,0.6213475,0.4070879,0.19896266,long_term_forecast_96_96powerset_HULL_MUFL_MULL_LULL.csv_MLP_ETTh1_ftMS_sl96_ll48_pl96_dm512_nh8_el2_dl1_df2048_expand2_dc4_fc1_ebtimeF_dtTrue_Exp_0,MLP,"['HULL', 'MUFL', 'MULL', 'LULL']",96,ETTh1
0,0.5520043,0.38765746,0.6226214,0.40990222,0.2050578,long_term_forecast_192_96powerset_MUFL_MULL_LULL.csv_MLP_ETTh1_ftMS_sl96_ll48_pl192_dm512_nh8_el2_dl1_df2048_expand2_dc4_fc1_ebtimeF_dtTrue_Exp_0,MLP,"['MUFL', 'MULL', 'LULL']",192,ETTh1
0,0.5662937,0.3882241,0.6230763,0.40051284,0.17516944,long_term_forecast_96_96powerset_HULL_LULL.csv_LSTM_ETTh1_ftMS_sl96_ll48_pl96_dm512_nh8_el2_dl1_df2048_expand2_dc4_fc1_ebtimeF_dtTrue_Exp_0,LSTM,"['HULL', 'LULL']",96,ETTh1
0,0.55992913,0.39008933,0.6245713,0.39985177,0.18034436,long_term_forecast_192_96powerset_MULL.csv_MLP_ETTh1_ftMS_sl96_ll48_pl192_dm512_nh8_el2_dl1_df2048_expand2_dc4_fc1_ebtimeF_dtTrue_Exp_0,MLP,['MULL'],192,ETTh1
0,0.54514706,0.39020348,0.6246627,0.3975092,0.20281753,long_term_forecast_720_96powerset_HUFL_HULL_MULL.csv_MLP_ETTh1_ftMS_sl96_ll48_pl720_dm512_nh8_el2_dl1_df2048_expand2_dc4_fc1_ebtimeF_dtTrue_Exp_0,MLP,"['HUFL', 'HULL', 'MULL']",720,ETTh1
0,0.5765851,0.39274934,0.6266972,0.41680732,0.18961596,long_term_forecast_96_96powerset_HUFL_HULL_MUFL_MULL_LUFL_LULL.csv_LSTM_ETTh1_ftMS_sl96_ll48_pl96_dm512_nh8_el2_dl1_df2048_expand2_dc4_fc1_ebtimeF_dtTrue_Exp_0,LSTM,"['HUFL', 'HULL', 'MUFL', 'MULL', 'LUFL', 'LULL']",96,ETTh1
0,0.5458429,0.39393714,0.6276441,0.40527517,0.21000116,long_term_forecast_336_96powerset_HUFL_HULL_MUFL.csv_MLP_ETTh1_ftMS_sl96_ll48_pl336_dm512_nh8_el2_dl1_df2048_expand2_dc4_fc1_ebtimeF_dtTrue_Exp_0,MLP,"['HUFL', 'HULL', 'MUFL']",336,ETTh1
0,0.5423609,0.39407545,0.6277543,0.3883593,0.19403173,long_term_forecast_720_96powerset_HUFL_LUFL.csv_MLP_ETTh1_ftMS_sl96_ll48_pl720_dm512_nh8_el2_dl1_df2048_expand2_dc4_fc1_ebtimeF_dtTrue_Exp_0,MLP,"['HUFL', 'LUFL']",720,ETTh1
0,0.5424696,0.39591303,0.6292162,0.38502172,0.18998986,long_term_forecast_720_96powerset_HUFL_MUFL_LUFL.csv_MLP_ETTh1_ftMS_sl96_ll48_pl720_dm512_nh8_el2_dl1_df2048_expand2_dc4_fc1_ebtimeF_dtTrue_Exp_0,MLP,"['HUFL', 'MUFL', 'LUFL']",720,ETTh1
0,0.54489374,0.39829627,0.63110715,0.3890695,0.19457808,long_term_forecast_720_96powerset_MUFL_LUFL.csv_MLP_ETTh1_ftMS_sl96_ll48_pl720_dm512_nh8_el2_dl1_df2048_expand2_dc4_fc1_ebtimeF_dtTrue_Exp_0,MLP,"['MUFL', 'LUFL']",720,ETTh1
0,0.57502174,0.39966294,0.63218904,0.4065626,0.18015683,long_term_forecast_96_96powerset_HULL_MULL_LULL.csv_LSTM_ETTh1_ftMS_sl96_ll48_pl96_dm512_nh8_el2_dl1_df2048_expand2_dc4_fc1_ebtimeF_dtTrue_Exp_0,LSTM,"['HULL', 'MULL', 'LULL']",96,ETTh1
0,0.55440587,0.39986512,0.6323489,0.40951887,0.20965037,long_term_forecast_336_96powerset_MUFL_MULL_LULL.csv_MLP_ETTh1_ftMS_sl96_ll48_pl336_dm512_nh8_el2_dl1_df2048_expand2_dc4_fc1_ebtimeF_dtTrue_Exp_0,MLP,"['MUFL', 'MULL', 'LULL']",336,ETTh1
0,0.5492046,0.40129614,0.6334794,0.39945957,0.20734444,long_term_forecast_720_96powerset_HUFL_HULL_LULL.csv_MLP_ETTh1_ftMS_sl96_ll48_pl720_dm512_nh8_el2_dl1_df2048_expand2_dc4_fc1_ebtimeF_dtTrue_Exp_0,MLP,"['HUFL', 'HULL', 'LULL']",720,ETTh1
0,0.54740226,0.4020993,0.634113,0.38778496,0.19246595,long_term_forecast_720_96powerset_HUFL_MUFL_LUFL_LULL.csv_MLP_ETTh1_ftMS_sl96_ll48_pl720_dm512_nh8_el2_dl1_df2048_expand2_dc4_fc1_ebtimeF_dtTrue_Exp_0,MLP,"['HUFL', 'MUFL', 'LUFL', 'LULL']",720,ETTh1
0,0.5889963,0.4065493,0.63761216,0.4245595,0.19390276,long_term_forecast_96_96powerset_HUFL_HULL_MULL_LULL.csv_LSTM_ETTh1_ftMS_sl96_ll48_pl96_dm512_nh8_el2_dl1_df2048_expand2_dc4_fc1_ebtimeF_dtTrue_Exp_0,LSTM,"['HUFL', 'HULL', 'MULL', 'LULL']",96,ETTh1
0,0.55791533,0.40799704,0.63874644,0.40505436,0.20927307,long_term_forecast_720_96powerset_HUFL_MUFL_MULL.csv_MLP_ETTh1_ftMS_sl96_ll48_pl720_dm512_nh8_el2_dl1_df2048_expand2_dc4_fc1_ebtimeF_dtTrue_Exp_0,MLP,"['HUFL', 'MUFL', 'MULL']",720,ETTh1
0,0.55670965,0.4082196,0.63892066,0.40360358,0.20899403,long_term_forecast_720_96powerset_HUFL_MULL_LULL.csv_MLP_ETTh1_ftMS_sl96_ll48_pl720_dm512_nh8_el2_dl1_df2048_expand2_dc4_fc1_ebtimeF_dtTrue_Exp_0,MLP,"['HUFL', 'MULL', 'LULL']",720,ETTh1
0,0.5889185,0.40869588,0.63929325,0.4228126,0.19283608,long_term_forecast_96_96powerset_HUFL_MULL.csv_LSTM_ETTh1_ftMS_sl96_ll48_pl96_dm512_nh8_el2_dl1_df2048_expand2_dc4_fc1_ebtimeF_dtTrue_Exp_0,LSTM,"['HUFL', 'MULL']",96,ETTh1
0,0.5696125,0.41036513,0.64059746,0.4108505,0.19818144,long_term_forecast_192_96powerset_HUFL_HULL_MULL_LULL.csv_MLP_ETTh1_ftMS_sl96_ll48_pl192_dm512_nh8_el2_dl1_df2048_expand2_dc4_fc1_ebtimeF_dtTrue_Exp_0,MLP,"['HUFL', 'HULL', 'MULL', 'LULL']",192,ETTh1
0,0.5757466,0.41086662,0.64098877,0.42853454,0.21748939,long_term_forecast_96_96powerset_HULL_MUFL_MULL.csv_MLP_ETTh1_ftMS_sl96_ll48_pl96_dm512_nh8_el2_dl1_df2048_expand2_dc4_fc1_ebtimeF_dtTrue_Exp_0,MLP,"['HULL', 'MUFL', 'MULL']",96,ETTh1
0,0.5589376,0.41268983,0.6424094,0.39404228,0.18625206,long_term_forecast_336_96powerset_HULL_MULL_LUFL.csv_MLP_ETTh1_ftMS_sl96_ll48_pl336_dm512_nh8_el2_dl1_df2048_expand2_dc4_fc1_ebtimeF_dtTrue_Exp_0,MLP,"['HULL', 'MULL', 'LUFL']",336,ETTh1
0,0.5625558,0.41287547,0.64255387,0.41682896,0.21865933,long_term_forecast_336_96powerset_HUFL_MUFL_MULL.csv_MLP_ETTh1_ftMS_sl96_ll48_pl336_dm512_nh8_el2_dl1_df2048_expand2_dc4_fc1_ebtimeF_dtTrue_Exp_0,MLP,"['HUFL', 'MUFL', 'MULL']",336,ETTh1
0,0.5611913,0.41339797,0.6429603,0.40798908,0.20655319,long_term_forecast_336_96powerset_HUFL_HULL_MUFL_MULL_LULL.csv_MLP_ETTh1_ftMS_sl96_ll48_pl336_dm512_nh8_el2_dl1_df2048_expand2_dc4_fc1_ebtimeF_dtTrue_Exp_0,MLP,"['HUFL', 'HULL', 'MUFL', 'MULL', 'LULL']",336,ETTh1
0,0.5759241,0.4134546,0.64300436,0.42645702,0.21551305,long_term_forecast_96_96powerset_HUFL_MUFL_MULL.csv_MLP_ETTh1_ftMS_sl96_ll48_pl96_dm512_nh8_el2_dl1_df2048_expand2_dc4_fc1_ebtimeF_dtTrue_Exp_0,MLP,"['HUFL', 'MUFL', 'MULL']",96,ETTh1
0,0.59678733,0.41386148,0.6433207,0.4328916,0.20096286,long_term_forecast_96_96powerset_HULL_MUFL_LUFL.csv_LSTM_ETTh1_ftMS_sl96_ll48_pl96_dm512_nh8_el2_dl1_df2048_expand2_dc4_fc1_ebtimeF_dtTrue_Exp_0,LSTM,"['HULL', 'MUFL', 'LUFL']",96,ETTh1
0,0.5746365,0.4146713,0.64394975,0.3996051,0.18498354,long_term_forecast_720_96powerset_HULL_MULL_LUFL_LULL.csv_MLP_ETTh1_ftMS_sl96_ll48_pl720_dm512_nh8_el2_dl1_df2048_expand2_dc4_fc1_ebtimeF_dtTrue_Exp_0,MLP,"['HULL', 'MULL', 'LUFL', 'LULL']",720,ETTh1
0,0.595787,0.41479877,0.64404875,0.4300471,0.19860163,long_term_forecast_96_96powerset_HUFL_MUFL_MULL_LULL.csv_LSTM_ETTh1_ftMS_sl96_ll48_pl96_dm512_nh8_el2_dl1_df2048_expand2_dc4_fc1_ebtimeF_dtTrue_Exp_0,LSTM,"['HUFL', 'MUFL', 'MULL', 'LULL']",96,ETTh1
0,0.56604666,0.41573137,0.64477235,0.39649925,0.18261291,long_term_forecast_192_96powerset_HULL_LUFL_LULL.csv_MLP_ETTh1_ftMS_sl96_ll48_pl192_dm512_nh8_el2_dl1_df2048_expand2_dc4_fc1_ebtimeF_dtTrue_Exp_0,MLP,"['HULL', 'LUFL', 'LULL']",192,ETTh1
0,0.578487,0.41774622,0.6463329,0.427427,0.21646494,long_term_forecast_96_96powerset_HUFL_HULL_MUFL_MULL.csv_MLP_ETTh1_ftMS_sl96_ll48_pl96_dm512_nh8_el2_dl1_df2048_expand2_dc4_fc1_ebtimeF_dtTrue_Exp_0,MLP,"['HUFL', 'HULL', 'MUFL', 'MULL']",96,ETTh1
0,0.60010326,0.4187354,0.6470977,0.43549612,0.20397612,long_term_forecast_96_96powerset_HUFL_HULL_MUFL_MULL_LUFL.csv_LSTM_ETTh1_ftMS_sl96_ll48_pl96_dm512_nh8_el2_dl1_df2048_expand2_dc4_fc1_ebtimeF_dtTrue_Exp_0,LSTM,"['HUFL', 'HULL', 'MUFL', 'MULL', 'LUFL']",96,ETTh1
0,0.60060155,0.42149404,0.6492257,0.43326765,0.20151176,long_term_forecast_96_96powerset_HULL_MUFL_MULL_LUFL_LULL.csv_LSTM_ETTh1_ftMS_sl96_ll48_pl96_dm512_nh8_el2_dl1_df2048_expand2_dc4_fc1_ebtimeF_dtTrue_Exp_0,LSTM,"['HULL', 'MUFL', 'MULL', 'LUFL', 'LULL']",96,ETTh1
0,0.57218236,0.42185274,0.6495019,0.4157799,0.21030991,long_term_forecast_336_96powerset_MUFL_MULL.csv_MLP_ETTh1_ftMS_sl96_ll48_pl336_dm512_nh8_el2_dl1_df2048_expand2_dc4_fc1_ebtimeF_dtTrue_Exp_0,MLP,"['MUFL', 'MULL']",336,ETTh1
0,0.59476304,0.4222647,0.64981896,0.4221495,0.19214953,long_term_forecast_96_96powerset_MULL_LULL.csv_LSTM_ETTh1_ftMS_sl96_ll48_pl96_dm512_nh8_el2_dl1_df2048_expand2_dc4_fc1_ebtimeF_dtTrue_Exp_0,LSTM,"['MULL', 'LULL']",96,ETTh1
0,0.57227236,0.4224165,0.6499358,0.41858727,0.21367343,long_term_forecast_336_96powerset_HUFL_HULL_LUFL_LULL.csv_MLP_ETTh1_ftMS_sl96_ll48_pl336_dm512_nh8_el2_dl1_df2048_expand2_dc4_fc1_ebtimeF_dtTrue_Exp_0,MLP,"['HUFL', 'HULL', 'LUFL', 'LULL']",336,ETTh1
0,0.6037546,0.42443237,0.6514847,0.43607616,0.20353277,long_term_forecast_96_96powerset_HUFL_HULL_MULL_LUFL_LULL.csv_LSTM_ETTh1_ftMS_sl96_ll48_pl96_dm512_nh8_el2_dl1_df2048_expand2_dc4_fc1_ebtimeF_dtTrue_Exp_0,LSTM,"['HUFL', 'HULL', 'MULL', 'LUFL', 'LULL']",96,ETTh1
0,0.6034198,0.424768,0.6517423,0.43581873,0.20383514,long_term_forecast_96_96powerset_HUFL_HULL.csv_LSTM_ETTh1_ftMS_sl96_ll48_pl96_dm512_nh8_el2_dl1_df2048_expand2_dc4_fc1_ebtimeF_dtTrue_Exp_0,LSTM,"['HUFL', 'HULL']",96,ETTh1
0,0.59723604,0.42521283,0.65208346,0.42396733,0.19358017,long_term_forecast_96_96powerset_MULL.csv_LSTM_ETTh1_ftMS_sl96_ll48_pl96_dm512_nh8_el2_dl1_df2048_expand2_dc4_fc1_ebtimeF_dtTrue_Exp_0,LSTM,['MULL'],96,ETTh1
0,0.5841953,0.4263881,0.652984,0.43435305,0.22574818,long_term_forecast_192_96powerset_HULL_MUFL.csv_MLP_ETTh1_ftMS_sl96_ll48_pl192_dm512_nh8_el2_dl1_df2048_expand2_dc4_fc1_ebtimeF_dtTrue_Exp_0,MLP,"['HULL', 'MUFL']",192,ETTh1
0,0.60066104,0.4273191,0.6536965,0.42827603,0.196785,long_term_forecast_96_96powerset_HULL.csv_LSTM_ETTh1_ftMS_sl96_ll48_pl96_dm512_nh8_el2_dl1_df2048_expand2_dc4_fc1_ebtimeF_dtTrue_Exp_0,LSTM,['HULL'],96,ETTh1
0,0.6031551,0.42757377,0.65389127,0.43292075,0.20150985,long_term_forecast_96_96powerset_MUFL_MULL.csv_LSTM_ETTh1_ftMS_sl96_ll48_pl96_dm512_nh8_el2_dl1_df2048_expand2_dc4_fc1_ebtimeF_dtTrue_Exp_0,LSTM,"['MUFL', 'MULL']",96,ETTh1
0,0.5789178,0.42810017,0.65429366,0.41068542,0.19443446,long_term_forecast_192_96powerset_HULL_LUFL.csv_MLP_ETTh1_ftMS_sl96_ll48_pl192_dm512_nh8_el2_dl1_df2048_expand2_dc4_fc1_ebtimeF_dtTrue_Exp_0,MLP,"['HULL', 'LUFL']",192,ETTh1
0,0.6032023,0.42863455,0.6547019,0.43052304,0.19776212,long_term_forecast_96_96powerset_HULL_MULL_LUFL.csv_LSTM_ETTh1_ftMS_sl96_ll48_pl96_dm512_nh8_el2_dl1_df2048_expand2_dc4_fc1_ebtimeF_dtTrue_Exp_0,LSTM,"['HULL', 'MULL', 'LUFL']",96,ETTh1
0,0.6079186,0.43019393,0.6558917,0.43909007,0.20613444,long_term_forecast_96_96powerset_HUFL_MUFL_MULL_LUFL_LULL.csv_LSTM_ETTh1_ftMS_sl96_ll48_pl96_dm512_nh8_el2_dl1_df2048_expand2_dc4_fc1_ebtimeF_dtTrue_Exp_0,LSTM,"['HUFL', 'MUFL', 'MULL', 'LUFL', 'LULL']",96,ETTh1
0,0.6078317,0.4305068,0.6561302,0.4402535,0.20858234,long_term_forecast_96_96powerset_HUFL_HULL_MUFL_LULL.csv_LSTM_ETTh1_ftMS_sl96_ll48_pl96_dm512_nh8_el2_dl1_df2048_expand2_dc4_fc1_ebtimeF_dtTrue_Exp_0,LSTM,"['HUFL', 'HULL', 'MUFL', 'LULL']",96,ETTh1
0,0.5893931,0.43200955,0.6572743,0.43287283,0.22020938,long_term_forecast_192_96powerset_HUFL_MULL.csv_MLP_ETTh1_ftMS_sl96_ll48_pl192_dm512_nh8_el2_dl1_df2048_expand2_dc4_fc1_ebtimeF_dtTrue_Exp_0,MLP,"['HUFL', 'MULL']",192,ETTh1
0,0.60958874,0.43311793,0.65811694,0.43917423,0.20602934,long_term_forecast_96_96powerset_HUFL_MUFL_MULL_LUFL.csv_LSTM_ETTh1_ftMS_sl96_ll48_pl96_dm512_nh8_el2_dl1_df2048_expand2_dc4_fc1_ebtimeF_dtTrue_Exp_0,LSTM,"['HUFL', 'MUFL', 'MULL', 'LUFL']",96,ETTh1
0,0.6096194,0.43347254,0.6583863,0.43888733,0.205741,long_term_forecast_96_96powerset_HULL_MUFL_MULL_LULL.csv_LSTM_ETTh1_ftMS_sl96_ll48_pl96_dm512_nh8_el2_dl1_df2048_expand2_dc4_fc1_ebtimeF_dtTrue_Exp_0,LSTM,"['HULL', 'MUFL', 'MULL', 'LULL']",96,ETTh1
0,0.58292663,0.43614936,0.66041607,0.4239291,0.22499242,long_term_forecast_720_96powerset_MUFL_MULL.csv_MLP_ETTh1_ftMS_sl96_ll48_pl720_dm512_nh8_el2_dl1_df2048_expand2_dc4_fc1_ebtimeF_dtTrue_Exp_0,MLP,"['MUFL', 'MULL']",720,ETTh1
0,0.61318254,0.43696404,0.66103256,0.44283682,0.20943262,long_term_forecast_96_96powerset_HULL_MUFL_LUFL_LULL.csv_LSTM_ETTh1_ftMS_sl96_ll48_pl96_dm512_nh8_el2_dl1_df2048_expand2_dc4_fc1_ebtimeF_dtTrue_Exp_0,LSTM,"['HULL', 'MUFL', 'LUFL', 'LULL']",96,ETTh1
0,0.57915556,0.43914413,0.6626795,0.4211207,0.22634363,long_term_forecast_720_96powerset_HUFL_HULL_MUFL.csv_MLP_ETTh1_ftMS_sl96_ll48_pl720_dm512_nh8_el2_dl1_df2048_expand2_dc4_fc1_ebtimeF_dtTrue_Exp_0,MLP,"['HUFL', 'HULL', 'MUFL']",720,ETTh1
0,0.6014882,0.4411711,0.6642071,0.44070384,0.2212486,long_term_forecast_96_96powerset_HUFL_HULL_MULL_LUFL_LULL.csv_MLP_ETTh1_ftMS_sl96_ll48_pl96_dm512_nh8_el2_dl1_df2048_expand2_dc4_fc1_ebtimeF_dtTrue_Exp_0,MLP,"['HUFL', 'HULL', 'MULL', 'LUFL', 'LULL']",96,ETTh1
0,0.6166932,0.4420827,0.664893,0.44472367,0.21086995,long_term_forecast_96_96powerset_HUFL_MULL_LUFL_LULL.csv_LSTM_ETTh1_ftMS_sl96_ll48_pl96_dm512_nh8_el2_dl1_df2048_expand2_dc4_fc1_ebtimeF_dtTrue_Exp_0,LSTM,"['HUFL', 'MULL', 'LUFL', 'LULL']",96,ETTh1
0,0.5853127,0.4429534,0.66554743,0.4261242,0.2222375,long_term_forecast_336_96powerset_HULL_MUFL_MULL_LULL.csv_MLP_ETTh1_ftMS_sl96_ll48_pl336_dm512_nh8_el2_dl1_df2048_expand2_dc4_fc1_ebtimeF_dtTrue_Exp_0,MLP,"['HULL', 'MUFL', 'MULL', 'LULL']",336,ETTh1
0,0.5958131,0.44394672,0.66629326,0.43779224,0.22721799,long_term_forecast_192_96powerset_HUFL_HULL_MULL.csv_MLP_ETTh1_ftMS_sl96_ll48_pl192_dm512_nh8_el2_dl1_df2048_expand2_dc4_fc1_ebtimeF_dtTrue_Exp_0,MLP,"['HUFL', 'HULL', 'MULL']",192,ETTh1
0,0.6176373,0.44514856,0.66719455,0.44462618,0.21146238,long_term_forecast_96_96powerset_HUFL_HULL_MULL.csv_LSTM_ETTh1_ftMS_sl96_ll48_pl96_dm512_nh8_el2_dl1_df2048_expand2_dc4_fc1_ebtimeF_dtTrue_Exp_0,LSTM,"['HUFL', 'HULL', 'MULL']",96,ETTh1
0,0.6197496,0.44649684,0.6682042,0.44675168,0.21269833,long_term_forecast_96_96powerset_MUFL_MULL_LUFL_LULL.csv_LSTM_ETTh1_ftMS_sl96_ll48_pl96_dm512_nh8_el2_dl1_df2048_expand2_dc4_fc1_ebtimeF_dtTrue_Exp_0,LSTM,"['MUFL', 'MULL', 'LUFL', 'LULL']",96,ETTh1
0,0.59000635,0.44696304,0.66855294,0.42818436,0.22203532,long_term_forecast_336_96powerset_HUFL_HULL_MUFL_MULL.csv_MLP_ETTh1_ftMS_sl96_ll48_pl336_dm512_nh8_el2_dl1_df2048_expand2_dc4_fc1_ebtimeF_dtTrue_Exp_0,MLP,"['HUFL', 'HULL', 'MUFL', 'MULL']",336,ETTh1
0,0.59927934,0.44740486,0.6688833,0.440204,0.22857133,long_term_forecast_192_96powerset_HUFL_HULL_MUFL_LULL.csv_MLP_ETTh1_ftMS_sl96_ll48_pl192_dm512_nh8_el2_dl1_df2048_expand2_dc4_fc1_ebtimeF_dtTrue_Exp_0,MLP,"['HUFL', 'HULL', 'MUFL', 'LULL']",192,ETTh1
0,0.61478144,0.44788197,0.6692398,0.4368243,0.20427677,long_term_forecast_96_96powerset_HULL_MULL.csv_LSTM_ETTh1_ftMS_sl96_ll48_pl96_dm512_nh8_el2_dl1_df2048_expand2_dc4_fc1_ebtimeF_dtTrue_Exp_0,LSTM,"['HULL', 'MULL']",96,ETTh1
0,0.6244564,0.45034572,0.671078,0.4546751,0.22151588,long_term_forecast_96_96powerset_HUFL_HULL_MUFL.csv_LSTM_ETTh1_ftMS_sl96_ll48_pl96_dm512_nh8_el2_dl1_df2048_expand2_dc4_fc1_ebtimeF_dtTrue_Exp_0,LSTM,"['HUFL', 'HULL', 'MUFL']",96,ETTh1
0,0.6248471,0.45233002,0.67255485,0.45147717,0.21698971,long_term_forecast_96_96powerset_HUFL_MULL_LULL.csv_LSTM_ETTh1_ftMS_sl96_ll48_pl96_dm512_nh8_el2_dl1_df2048_expand2_dc4_fc1_ebtimeF_dtTrue_Exp_0,LSTM,"['HUFL', 'MULL', 'LULL']",96,ETTh1
0,0.60008603,0.45284215,0.6729355,0.425347,0.20471826,long_term_forecast_96_96powerset_MULL_LUFL_LULL.csv_MLP_ETTh1_ftMS_sl96_ll48_pl96_dm512_nh8_el2_dl1_df2048_expand2_dc4_fc1_ebtimeF_dtTrue_Exp_0,MLP,"['MULL', 'LUFL', 'LULL']",96,ETTh1
0,0.6025474,0.4528719,0.67295754,0.44029588,0.22799657,long_term_forecast_192_96powerset_HUFL_MUFL_MULL_LULL.csv_MLP_ETTh1_ftMS_sl96_ll48_pl192_dm512_nh8_el2_dl1_df2048_expand2_dc4_fc1_ebtimeF_dtTrue_Exp_0,MLP,"['HUFL', 'MUFL', 'MULL', 'LULL']",192,ETTh1
0,0.62718016,0.45290363,0.67298114,0.45676428,0.22282217,long_term_forecast_96_96powerset_HUFL_HULL_MUFL_LUFL.csv_LSTM_ETTh1_ftMS_sl96_ll48_pl96_dm512_nh8_el2_dl1_df2048_expand2_dc4_fc1_ebtimeF_dtTrue_Exp_0,LSTM,"['HUFL', 'HULL', 'MUFL', 'LUFL']",96,ETTh1
0,0.625493,0.45435494,0.67405856,0.45185062,0.21801515,long_term_forecast_96_96powerset_HULL_MUFL.csv_LSTM_ETTh1_ftMS_sl96_ll48_pl96_dm512_nh8_el2_dl1_df2048_expand2_dc4_fc1_ebtimeF_dtTrue_Exp_0,LSTM,"['HULL', 'MUFL']",96,ETTh1
0,0.5814785,0.456969,0.6759948,0.40652713,0.20056562,long_term_forecast_96_96powerset_HULL_LUFL_LULL.csv_MLP_ETTh1_ftMS_sl96_ll48_pl96_dm512_nh8_el2_dl1_df2048_expand2_dc4_fc1_ebtimeF_dtTrue_Exp_0,MLP,"['HULL', 'LUFL', 'LULL']",96,ETTh1
0,0.62867767,0.4582948,0.6769748,0.45403564,0.21953686,long_term_forecast_96_96powerset_HULL_MUFL_LULL.csv_LSTM_ETTh1_ftMS_sl96_ll48_pl96_dm512_nh8_el2_dl1_df2048_expand2_dc4_fc1_ebtimeF_dtTrue_Exp_0,LSTM,"['HULL', 'MUFL', 'LULL']",96,ETTh1
0,0.59888583,0.45913643,0.6775961,0.43642235,0.23117523,long_term_forecast_336_96powerset_HULL_MUFL_MULL.csv_MLP_ETTh1_ftMS_sl96_ll48_pl336_dm512_nh8_el2_dl1_df2048_expand2_dc4_fc1_ebtimeF_dtTrue_Exp_0,MLP,"['HULL', 'MUFL', 'MULL']",336,ETTh1
0,0.61003155,0.46052253,0.67861813,0.45025504,0.23957166,long_term_forecast_192_96powerset_HUFL_HULL_MUFL_MULL_LULL.csv_MLP_ETTh1_ftMS_sl96_ll48_pl192_dm512_nh8_el2_dl1_df2048_expand2_dc4_fc1_ebtimeF_dtTrue_Exp_0,MLP,"['HUFL', 'HULL', 'MUFL', 'MULL', 'LULL']",192,ETTh1
0,0.60892946,0.46297112,0.6804198,0.43291426,0.21087642,long_term_forecast_96_96powerset_MULL_LUFL.csv_MLP_ETTh1_ftMS_sl96_ll48_pl96_dm512_nh8_el2_dl1_df2048_expand2_dc4_fc1_ebtimeF_dtTrue_Exp_0,MLP,"['MULL', 'LUFL']",96,ETTh1
0,0.6285696,0.46358588,0.6808714,0.4485307,0.21373664,long_term_forecast_96_96powerset_HULL_MULL_LUFL_LULL.csv_LSTM_ETTh1_ftMS_sl96_ll48_pl96_dm512_nh8_el2_dl1_df2048_expand2_dc4_fc1_ebtimeF_dtTrue_Exp_0,LSTM,"['HULL', 'MULL', 'LUFL', 'LULL']",96,ETTh1
0,0.6142229,0.46589217,0.68256295,0.44752544,0.23207955,long_term_forecast_192_96powerset_HULL_MUFL_MULL_LULL.csv_MLP_ETTh1_ftMS_sl96_ll48_pl192_dm512_nh8_el2_dl1_df2048_expand2_dc4_fc1_ebtimeF_dtTrue_Exp_0,MLP,"['HULL', 'MUFL', 'MULL', 'LULL']",192,ETTh1
0,0.6238084,0.4704346,0.68588233,0.46042958,0.24153379,long_term_forecast_96_96powerset_HUFL_HULL_MUFL_LUFL_LULL.csv_MLP_ETTh1_ftMS_sl96_ll48_pl96_dm512_nh8_el2_dl1_df2048_expand2_dc4_fc1_ebtimeF_dtTrue_Exp_0,MLP,"['HUFL', 'HULL', 'MUFL', 'LUFL', 'LULL']",96,ETTh1
0,0.6376251,0.47050044,0.6859304,0.46030864,0.22504632,long_term_forecast_96_96powerset_MUFL_MULL_LULL.csv_LSTM_ETTh1_ftMS_sl96_ll48_pl96_dm512_nh8_el2_dl1_df2048_expand2_dc4_fc1_ebtimeF_dtTrue_Exp_0,LSTM,"['MUFL', 'MULL', 'LULL']",96,ETTh1
0,0.61009777,0.4706023,0.6860046,0.44515988,0.23620978,long_term_forecast_336_96powerset_HUFL_MULL_LUFL_LULL.csv_MLP_ETTh1_ftMS_sl96_ll48_pl336_dm512_nh8_el2_dl1_df2048_expand2_dc4_fc1_ebtimeF_dtTrue_Exp_0,MLP,"['HUFL', 'MULL', 'LUFL', 'LULL']",336,ETTh1
0,0.62466484,0.4727656,0.6875795,0.4583574,0.23854208,long_term_forecast_96_96powerset_HULL_MUFL_MULL_LUFL_LULL.csv_MLP_ETTh1_ftMS_sl96_ll48_pl96_dm512_nh8_el2_dl1_df2048_expand2_dc4_fc1_ebtimeF_dtTrue_Exp_0,MLP,"['HULL', 'MUFL', 'MULL', 'LUFL', 'LULL']",96,ETTh1
0,0.6195832,0.4742649,0.6886689,0.45532966,0.24294566,long_term_forecast_192_96powerset_HUFL_MUFL_MULL.csv_MLP_ETTh1_ftMS_sl96_ll48_pl192_dm512_nh8_el2_dl1_df2048_expand2_dc4_fc1_ebtimeF_dtTrue_Exp_0,MLP,"['HUFL', 'MUFL', 'MULL']",192,ETTh1
0,0.6228324,0.47901613,0.6921099,0.4458231,0.23507364,long_term_forecast_720_96powerset_HULL_MUFL.csv_MLP_ETTh1_ftMS_sl96_ll48_pl720_dm512_nh8_el2_dl1_df2048_expand2_dc4_fc1_ebtimeF_dtTrue_Exp_0,MLP,"['HULL', 'MUFL']",720,ETTh1
0,0.61522245,0.47998127,0.6928068,0.4506331,0.24424894,long_term_forecast_336_96powerset_HUFL_HULL_MUFL_LUFL_LULL.csv_MLP_ETTh1_ftMS_sl96_ll48_pl336_dm512_nh8_el2_dl1_df2048_expand2_dc4_fc1_ebtimeF_dtTrue_Exp_0,MLP,"['HUFL', 'HULL', 'MUFL', 'LUFL', 'LULL']",336,ETTh1
0,0.62654346,0.4805297,0.6932025,0.45974952,0.24431236,long_term_forecast_192_96powerset_MUFL_MULL.csv_MLP_ETTh1_ftMS_sl96_ll48_pl192_dm512_nh8_el2_dl1_df2048_expand2_dc4_fc1_ebtimeF_dtTrue_Exp_0,MLP,"['MUFL', 'MULL']",192,ETTh1
0,0.64614475,0.481742,0.69407636,0.46678326,0.23088695,long_term_forecast_96_96powerset_HUFL_MULL_LUFL.csv_LSTM_ETTh1_ftMS_sl96_ll48_pl96_dm512_nh8_el2_dl1_df2048_expand2_dc4_fc1_ebtimeF_dtTrue_Exp_0,LSTM,"['HUFL', 'MULL', 'LUFL']",96,ETTh1
0,0.63608444,0.4851681,0.6965401,0.4697379,0.24970165,long_term_forecast_96_96powerset_HUFL_MUFL_MULL_LUFL_LULL.csv_MLP_ETTh1_ftMS_sl96_ll48_pl96_dm512_nh8_el2_dl1_df2048_expand2_dc4_fc1_ebtimeF_dtTrue_Exp_0,MLP,"['HUFL', 'MUFL', 'MULL', 'LUFL', 'LULL']",96,ETTh1
0,0.62050486,0.48519492,0.69655937,0.4515856,0.24179602,long_term_forecast_336_96powerset_HULL_MUFL_LUFL_LULL.csv_MLP_ETTh1_ftMS_sl96_ll48_pl336_dm512_nh8_el2_dl1_df2048_expand2_dc4_fc1_ebtimeF_dtTrue_Exp_0,MLP,"['HULL', 'MUFL', 'LUFL', 'LULL']",336,ETTh1
0,0.6509407,0.4870142,0.69786406,0.47067225,0.23368672,long_term_forecast_96_96powerset_HUFL_HULL_MULL_LUFL.csv_LSTM_ETTh1_ftMS_sl96_ll48_pl96_dm512_nh8_el2_dl1_df2048_expand2_dc4_fc1_ebtimeF_dtTrue_Exp_0,LSTM,"['HUFL', 'HULL', 'MULL', 'LUFL']",96,ETTh1
0,0.62572247,0.4890778,0.699341,0.45504102,0.24346444,long_term_forecast_336_96powerset_HUFL_HULL_MULL_LUFL_LULL.csv_MLP_ETTh1_ftMS_sl96_ll48_pl336_dm512_nh8_el2_dl1_df2048_expand2_dc4_fc1_ebtimeF_dtTrue_Exp_0,MLP,"['HUFL', 'HULL', 'MULL', 'LUFL', 'LULL']",336,ETTh1
0,0.6217284,0.4924283,0.70173234,0.4513897,0.2534424,long_term_forecast_720_96powerset_HULL_MUFL_LULL.csv_MLP_ETTh1_ftMS_sl96_ll48_pl720_dm512_nh8_el2_dl1_df2048_expand2_dc4_fc1_ebtimeF_dtTrue_Exp_0,MLP,"['HULL', 'MUFL', 'LULL']",720,ETTh1
0,0.65562093,0.4931682,0.70225936,0.4762541,0.24056795,long_term_forecast_96_96powerset_HUFL_HULL_MUFL_MULL.csv_LSTM_ETTh1_ftMS_sl96_ll48_pl96_dm512_nh8_el2_dl1_df2048_expand2_dc4_fc1_ebtimeF_dtTrue_Exp_0,LSTM,"['HUFL', 'HULL', 'MUFL', 'MULL']",96,ETTh1
0,0.628126,0.49636388,0.70453095,0.45773923,0.25922376,long_term_forecast_720_96powerset_HUFL_HULL_MULL_LULL.csv_MLP_ETTh1_ftMS_sl96_ll48_pl720_dm512_nh8_el2_dl1_df2048_expand2_dc4_fc1_ebtimeF_dtTrue_Exp_0,MLP,"['HUFL', 'HULL', 'MULL', 'LULL']",720,ETTh1
0,0.6386152,0.49780586,0.7055536,0.46856984,0.25341034,long_term_forecast_192_96powerset_HUFL_HULL_MUFL_MULL.csv_MLP_ETTh1_ftMS_sl96_ll48_pl192_dm512_nh8_el2_dl1_df2048_expand2_dc4_fc1_ebtimeF_dtTrue_Exp_0,MLP,"['HUFL', 'HULL', 'MUFL', 'MULL']",192,ETTh1
0,0.65894395,0.4987501,0.7062224,0.47695255,0.24037917,long_term_forecast_96_96powerset_HUFL_MUFL_MULL.csv_LSTM_ETTh1_ftMS_sl96_ll48_pl96_dm512_nh8_el2_dl1_df2048_expand2_dc4_fc1_ebtimeF_dtTrue_Exp_0,LSTM,"['HUFL', 'MUFL', 'MULL']",96,ETTh1
0,0.6604903,0.50042105,0.70740443,0.47738323,0.23971851,long_term_forecast_96_96powerset_HULL_MUFL_MULL_LUFL.csv_LSTM_ETTh1_ftMS_sl96_ll48_pl96_dm512_nh8_el2_dl1_df2048_expand2_dc4_fc1_ebtimeF_dtTrue_Exp_0,LSTM,"['HULL', 'MUFL', 'MULL', 'LUFL']",96,ETTh1
0,0.63056064,0.5015854,0.708227,0.45685846,0.2564731,long_term_forecast_720_96powerset_MUFL_MULL_LULL.csv_MLP_ETTh1_ftMS_sl96_ll48_pl720_dm512_nh8_el2_dl1_df2048_expand2_dc4_fc1_ebtimeF_dtTrue_Exp_0,MLP,"['MUFL', 'MULL', 'LULL']",720,ETTh1
0,0.63254374,0.5029418,0.7091839,0.46125817,0.26204547,long_term_forecast_720_96powerset_HULL_MUFL_MULL.csv_MLP_ETTh1_ftMS_sl96_ll48_pl720_dm512_nh8_el2_dl1_df2048_expand2_dc4_fc1_ebtimeF_dtTrue_Exp_0,MLP,"['HULL', 'MUFL', 'MULL']",720,ETTh1
0,0.63357127,0.5032712,0.7094161,0.4453125,0.22330478,long_term_forecast_192_96powerset_MULL_LUFL_LULL.csv_MLP_ETTh1_ftMS_sl96_ll48_pl192_dm512_nh8_el2_dl1_df2048_expand2_dc4_fc1_ebtimeF_dtTrue_Exp_0,MLP,"['MULL', 'LUFL', 'LULL']",192,ETTh1
0,0.6445192,0.5083423,0.7129813,0.47138795,0.25628254,long_term_forecast_192_96powerset_HULL_MUFL_MULL.csv_MLP_ETTh1_ftMS_sl96_ll48_pl192_dm512_nh8_el2_dl1_df2048_expand2_dc4_fc1_ebtimeF_dtTrue_Exp_0,MLP,"['HULL', 'MUFL', 'MULL']",192,ETTh1
0,0.6398641,0.51130384,0.7150551,0.46705666,0.25708422,long_term_forecast_336_96powerset_MUFL_MULL_LUFL_LULL.csv_MLP_ETTh1_ftMS_sl96_ll48_pl336_dm512_nh8_el2_dl1_df2048_expand2_dc4_fc1_ebtimeF_dtTrue_Exp_0,MLP,"['MUFL', 'MULL', 'LUFL', 'LULL']",336,ETTh1
0,0.6414126,0.51432216,0.71716255,0.46978834,0.26181766,long_term_forecast_336_96powerset_HUFL_MUFL_MULL_LUFL_LULL.csv_MLP_ETTh1_ftMS_sl96_ll48_pl336_dm512_nh8_el2_dl1_df2048_expand2_dc4_fc1_ebtimeF_dtTrue_Exp_0,MLP,"['HUFL', 'MUFL', 'MULL', 'LUFL', 'LULL']",336,ETTh1
0,0.6553538,0.5152927,0.7178389,0.47863376,0.25537658,long_term_forecast_96_96powerset_HUFL_HULL_LUFL_LULL.csv_MLP_ETTh1_ftMS_sl96_ll48_pl96_dm512_nh8_el2_dl1_df2048_expand2_dc4_fc1_ebtimeF_dtTrue_Exp_0,MLP,"['HUFL', 'HULL', 'LUFL', 'LULL']",96,ETTh1
0,0.6529183,0.51614517,0.7184324,0.4774569,0.25846353,long_term_forecast_192_96powerset_HUFL_HULL_LUFL_LULL.csv_MLP_ETTh1_ftMS_sl96_ll48_pl192_dm512_nh8_el2_dl1_df2048_expand2_dc4_fc1_ebtimeF_dtTrue_Exp_0,MLP,"['HUFL', 'HULL', 'LUFL', 'LULL']",192,ETTh1
0,0.6450528,0.5196285,0.7208526,0.4746389,0.2678142,long_term_forecast_336_96powerset_HUFL_HULL_LUFL.csv_MLP_ETTh1_ftMS_sl96_ll48_pl336_dm512_nh8_el2_dl1_df2048_expand2_dc4_fc1_ebtimeF_dtTrue_Exp_0,MLP,"['HUFL', 'HULL', 'LUFL']",336,ETTh1
0,0.6654626,0.5224891,0.72283405,0.49540764,0.2744197,long_term_forecast_96_96powerset_HUFL_HULL_LUFL.csv_MLP_ETTh1_ftMS_sl96_ll48_pl96_dm512_nh8_el2_dl1_df2048_expand2_dc4_fc1_ebtimeF_dtTrue_Exp_0,MLP,"['HUFL', 'HULL', 'LUFL']",96,ETTh1
0,0.64757717,0.5266804,0.7257275,0.47670323,0.2721772,long_term_forecast_336_96powerset_HUFL_HULL_MUFL_LUFL.csv_MLP_ETTh1_ftMS_sl96_ll48_pl336_dm512_nh8_el2_dl1_df2048_expand2_dc4_fc1_ebtimeF_dtTrue_Exp_0,MLP,"['HUFL', 'HULL', 'MUFL', 'LUFL']",336,ETTh1
0,0.6551054,0.52740115,0.7262239,0.46498492,0.2403825,long_term_forecast_192_96powerset_HULL_MULL_LUFL.csv_MLP_ETTh1_ftMS_sl96_ll48_pl192_dm512_nh8_el2_dl1_df2048_expand2_dc4_fc1_ebtimeF_dtTrue_Exp_0,MLP,"['HULL', 'MULL', 'LUFL']",192,ETTh1
0,0.68032426,0.52849346,0.72697556,0.4927413,0.25488898,long_term_forecast_96_96powerset_HULL_MUFL_MULL.csv_LSTM_ETTh1_ftMS_sl96_ll48_pl96_dm512_nh8_el2_dl1_df2048_expand2_dc4_fc1_ebtimeF_dtTrue_Exp_0,LSTM,"['HULL', 'MUFL', 'MULL']",96,ETTh1
0,0.65696573,0.5311806,0.7288214,0.47891185,0.26623797,long_term_forecast_336_96powerset_HULL_MUFL_MULL_LUFL_LULL.csv_MLP_ETTh1_ftMS_sl96_ll48_pl336_dm512_nh8_el2_dl1_df2048_expand2_dc4_fc1_ebtimeF_dtTrue_Exp_0,MLP,"['HULL', 'MUFL', 'MULL', 'LUFL', 'LULL']",336,ETTh1
0,0.66317886,0.53831434,0.7336991,0.4715058,0.246126,long_term_forecast_192_96powerset_MULL_LUFL.csv_MLP_ETTh1_ftMS_sl96_ll48_pl192_dm512_nh8_el2_dl1_df2048_expand2_dc4_fc1_ebtimeF_dtTrue_Exp_0,MLP,"['MULL', 'LUFL']",192,ETTh1
0,0.67489517,0.54065555,0.73529285,0.499946,0.28067246,long_term_forecast_96_96powerset_HUFL_HULL_MUFL_LUFL.csv_MLP_ETTh1_ftMS_sl96_ll48_pl96_dm512_nh8_el2_dl1_df2048_expand2_dc4_fc1_ebtimeF_dtTrue_Exp_0,MLP,"['HUFL', 'HULL', 'MUFL', 'LUFL']",96,ETTh1
0,0.6602783,0.54293066,0.7368383,0.4848835,0.27805775,long_term_forecast_336_96powerset_HULL_MUFL_LUFL.csv_MLP_ETTh1_ftMS_sl96_ll48_pl336_dm512_nh8_el2_dl1_df2048_expand2_dc4_fc1_ebtimeF_dtTrue_Exp_0,MLP,"['HULL', 'MUFL', 'LUFL']",336,ETTh1
0,0.67965835,0.5479016,0.74020374,0.49854338,0.27563027,long_term_forecast_96_96powerset_HULL_MUFL_LUFL_LULL.csv_MLP_ETTh1_ftMS_sl96_ll48_pl96_dm512_nh8_el2_dl1_df2048_expand2_dc4_fc1_ebtimeF_dtTrue_Exp_0,MLP,"['HULL', 'MUFL', 'LUFL', 'LULL']",96,ETTh1
0,0.6864973,0.5531853,0.7437643,0.51142186,0.29140982,long_term_forecast_96_96powerset_HULL_MUFL_LUFL.csv_MLP_ETTh1_ftMS_sl96_ll48_pl96_dm512_nh8_el2_dl1_df2048_expand2_dc4_fc1_ebtimeF_dtTrue_Exp_0,MLP,"['HULL', 'MUFL', 'LUFL']",96,ETTh1
0,0.6859397,0.56297755,0.7503183,0.50770706,0.29267615,long_term_forecast_192_96powerset_HUFL_HULL_LUFL.csv_MLP_ETTh1_ftMS_sl96_ll48_pl192_dm512_nh8_el2_dl1_df2048_expand2_dc4_fc1_ebtimeF_dtTrue_Exp_0,MLP,"['HUFL', 'HULL', 'LUFL']",192,ETTh1
0,0.6874753,0.5636753,0.7507831,0.5028969,0.28253964,long_term_forecast_192_96powerset_HULL_MUFL_LUFL_LULL.csv_MLP_ETTh1_ftMS_sl96_ll48_pl192_dm512_nh8_el2_dl1_df2048_expand2_dc4_fc1_ebtimeF_dtTrue_Exp_0,MLP,"['HULL', 'MUFL', 'LUFL', 'LULL']",192,ETTh1
0,0.6757752,0.56753707,0.75335056,0.49105063,0.29283333,long_term_forecast_720_96powerset_HUFL_HULL_MUFL_LULL.csv_MLP_ETTh1_ftMS_sl96_ll48_pl720_dm512_nh8_el2_dl1_df2048_expand2_dc4_fc1_ebtimeF_dtTrue_Exp_0,MLP,"['HUFL', 'HULL', 'MUFL', 'LULL']",720,ETTh1
0,0.6768048,0.5675801,0.7533791,0.5004525,0.2986521,long_term_forecast_336_96powerset_HUFL_HULL_MUFL_MULL_LUFL_LULL.csv_MLP_ETTh1_ftMS_sl96_ll48_pl336_dm512_nh8_el2_dl1_df2048_expand2_dc4_fc1_ebtimeF_dtTrue_Exp_0,MLP,"['HUFL', 'HULL', 'MUFL', 'MULL', 'LUFL', 'LULL']",336,ETTh1
0,0.66420007,0.56773937,0.75348485,0.46557918,0.25129586,long_term_forecast_96_96powerset_HULL_MULL_LUFL_LULL.csv_MLP_ETTh1_ftMS_sl96_ll48_pl96_dm512_nh8_el2_dl1_df2048_expand2_dc4_fc1_ebtimeF_dtTrue_Exp_0,MLP,"['HULL', 'MULL', 'LUFL', 'LULL']",96,ETTh1
0,0.69333446,0.5713008,0.7558444,0.5099895,0.29153588,long_term_forecast_192_96powerset_HUFL_HULL_MUFL_LUFL_LULL.csv_MLP_ETTh1_ftMS_sl96_ll48_pl192_dm512_nh8_el2_dl1_df2048_expand2_dc4_fc1_ebtimeF_dtTrue_Exp_0,MLP,"['HUFL', 'HULL', 'MUFL', 'LUFL', 'LULL']",192,ETTh1
0,0.69409084,0.57136834,0.7558891,0.5071607,0.2834234,long_term_forecast_96_96powerset_HUFL_MULL_LUFL_LULL.csv_MLP_ETTh1_ftMS_sl96_ll48_pl96_dm512_nh8_el2_dl1_df2048_expand2_dc4_fc1_ebtimeF_dtTrue_Exp_0,MLP,"['HUFL', 'MULL', 'LUFL', 'LULL']",96,ETTh1
0,0.6931431,0.575403,0.7585532,0.5133817,0.30035084,long_term_forecast_192_96powerset_HUFL_HULL_MUFL_LUFL.csv_MLP_ETTh1_ftMS_sl96_ll48_pl192_dm512_nh8_el2_dl1_df2048_expand2_dc4_fc1_ebtimeF_dtTrue_Exp_0,MLP,"['HUFL', 'HULL', 'MUFL', 'LUFL']",192,ETTh1
0,0.6831844,0.5776215,0.7600142,0.49825788,0.30191466,long_term_forecast_720_96powerset_HUFL_HULL_MUFL_MULL_LULL.csv_MLP_ETTh1_ftMS_sl96_ll48_pl720_dm512_nh8_el2_dl1_df2048_expand2_dc4_fc1_ebtimeF_dtTrue_Exp_0,MLP,"['HUFL', 'HULL', 'MUFL', 'MULL', 'LULL']",720,ETTh1
0,0.69654214,0.5788038,0.76079154,0.5151771,0.30017996,long_term_forecast_192_96powerset_HULL_MUFL_LUFL.csv_MLP_ETTh1_ftMS_sl96_ll48_pl192_dm512_nh8_el2_dl1_df2048_expand2_dc4_fc1_ebtimeF_dtTrue_Exp_0,MLP,"['HULL', 'MUFL', 'LUFL']",192,ETTh1
0,0.70101184,0.5795171,0.7612602,0.51935685,0.30233395,long_term_forecast_96_96powerset_HUFL_HULL_MUFL_MULL_LUFL.csv_MLP_ETTh1_ftMS_sl96_ll48_pl96_dm512_nh8_el2_dl1_df2048_expand2_dc4_fc1_ebtimeF_dtTrue_Exp_0,MLP,"['HUFL', 'HULL', 'MUFL', 'MULL', 'LUFL']",96,ETTh1
0,0.69924,0.57980746,0.7614509,0.51128656,0.289952,long_term_forecast_192_96powerset_HUFL_MULL_LUFL_LULL.csv_MLP_ETTh1_ftMS_sl96_ll48_pl192_dm512_nh8_el2_dl1_df2048_expand2_dc4_fc1_ebtimeF_dtTrue_Exp_0,MLP,"['HUFL', 'MULL', 'LUFL', 'LULL']",192,ETTh1
0,0.6888301,0.58044314,0.7618682,0.50406414,0.2942245,long_term_forecast_336_96powerset_HUFL_HULL_MULL_LUFL.csv_MLP_ETTh1_ftMS_sl96_ll48_pl336_dm512_nh8_el2_dl1_df2048_expand2_dc4_fc1_ebtimeF_dtTrue_Exp_0,MLP,"['HUFL', 'HULL', 'MULL', 'LUFL']",336,ETTh1
0,0.7030284,0.5819446,0.7628529,0.5137205,0.29085585,long_term_forecast_192_96powerset_HUFL_HULL_MULL_LUFL_LULL.csv_MLP_ETTh1_ftMS_sl96_ll48_pl192_dm512_nh8_el2_dl1_df2048_expand2_dc4_fc1_ebtimeF_dtTrue_Exp_0,MLP,"['HUFL', 'HULL', 'MULL', 'LUFL', 'LULL']",192,ETTh1
0,0.6889675,0.5852987,0.7650482,0.50013655,0.30119172,long_term_forecast_720_96powerset_HUFL_MUFL_MULL_LULL.csv_MLP_ETTh1_ftMS_sl96_ll48_pl720_dm512_nh8_el2_dl1_df2048_expand2_dc4_fc1_ebtimeF_dtTrue_Exp_0,MLP,"['HUFL', 'MUFL', 'MULL', 'LULL']",720,ETTh1
0,0.69969594,0.5942039,0.7708462,0.509571,0.3094998,long_term_forecast_720_96powerset_HULL_MUFL_MULL_LULL.csv_MLP_ETTh1_ftMS_sl96_ll48_pl720_dm512_nh8_el2_dl1_df2048_expand2_dc4_fc1_ebtimeF_dtTrue_Exp_0,MLP,"['HULL', 'MUFL', 'MULL', 'LULL']",720,ETTh1
0,0.70135844,0.5992708,0.7741258,0.5111959,0.3119767,long_term_forecast_720_96powerset_HUFL_HULL_MUFL_MULL.csv_MLP_ETTh1_ftMS_sl96_ll48_pl720_dm512_nh8_el2_dl1_df2048_expand2_dc4_fc1_ebtimeF_dtTrue_Exp_0,MLP,"['HUFL', 'HULL', 'MUFL', 'MULL']",720,ETTh1
0,0.7140721,0.600871,0.7751587,0.5246677,0.30552083,long_term_forecast_192_96powerset_HUFL_MUFL_MULL_LUFL_LULL.csv_MLP_ETTh1_ftMS_sl96_ll48_pl192_dm512_nh8_el2_dl1_df2048_expand2_dc4_fc1_ebtimeF_dtTrue_Exp_0,MLP,"['HUFL', 'MUFL', 'MULL', 'LUFL', 'LULL']",192,ETTh1
0,0.70682037,0.6066677,0.77888876,0.51758707,0.3078382,long_term_forecast_336_96powerset_HUFL_MULL_LUFL.csv_MLP_ETTh1_ftMS_sl96_ll48_pl336_dm512_nh8_el2_dl1_df2048_expand2_dc4_fc1_ebtimeF_dtTrue_Exp_0,MLP,"['HUFL', 'MULL', 'LUFL']",336,ETTh1
0,0.72740346,0.6130329,0.78296417,0.53829026,0.31676635,long_term_forecast_96_96powerset_HUFL_HULL_MULL_LUFL.csv_MLP_ETTh1_ftMS_sl96_ll48_pl96_dm512_nh8_el2_dl1_df2048_expand2_dc4_fc1_ebtimeF_dtTrue_Exp_0,MLP,"['HUFL', 'HULL', 'MULL', 'LUFL']",96,ETTh1
0,0.72419906,0.6171384,0.7855816,0.5301979,0.30787194,long_term_forecast_96_96powerset_MUFL_MULL_LUFL_LULL.csv_MLP_ETTh1_ftMS_sl96_ll48_pl96_dm512_nh8_el2_dl1_df2048_expand2_dc4_fc1_ebtimeF_dtTrue_Exp_0,MLP,"['MUFL', 'MULL', 'LUFL', 'LULL']",96,ETTh1
0,0.7128421,0.61742914,0.7857666,0.5226012,0.31471598,long_term_forecast_336_96powerset_HUFL_MUFL_MULL_LUFL.csv_MLP_ETTh1_ftMS_sl96_ll48_pl336_dm512_nh8_el2_dl1_df2048_expand2_dc4_fc1_ebtimeF_dtTrue_Exp_0,MLP,"['HUFL', 'MUFL', 'MULL', 'LUFL']",336,ETTh1
0,0.72632784,0.61893356,0.7867233,0.53747964,0.32311267,long_term_forecast_192_96powerset_HUFL_HULL_MUFL_MULL_LUFL_LULL.csv_MLP_ETTh1_ftMS_sl96_ll48_pl192_dm512_nh8_el2_dl1_df2048_expand2_dc4_fc1_ebtimeF_dtTrue_Exp_0,MLP,"['HUFL', 'HULL', 'MUFL', 'MULL', 'LUFL', 'LULL']",192,ETTh1
0,0.7284739,0.620825,0.78792447,0.5335283,0.31235072,long_term_forecast_192_96powerset_HULL_MUFL_MULL_LUFL_LULL.csv_MLP_ETTh1_ftMS_sl96_ll48_pl192_dm512_nh8_el2_dl1_df2048_expand2_dc4_fc1_ebtimeF_dtTrue_Exp_0,MLP,"['HULL', 'MUFL', 'MULL', 'LUFL', 'LULL']",192,ETTh1
0,0.7162027,0.62476945,0.7904236,0.528782,0.32641035,long_term_forecast_336_96powerset_HUFL_HULL_MUFL_MULL_LUFL.csv_MLP_ETTh1_ftMS_sl96_ll48_pl336_dm512_nh8_el2_dl1_df2048_expand2_dc4_fc1_ebtimeF_dtTrue_Exp_0,MLP,"['HUFL', 'HULL', 'MUFL', 'MULL', 'LUFL']",336,ETTh1
0,0.731342,0.62860435,0.7928457,0.53502816,0.3148745,long_term_forecast_192_96powerset_MUFL_MULL_LUFL_LULL.csv_MLP_ETTh1_ftMS_sl96_ll48_pl192_dm512_nh8_el2_dl1_df2048_expand2_dc4_fc1_ebtimeF_dtTrue_Exp_0,MLP,"['MUFL', 'MULL', 'LUFL', 'LULL']",192,ETTh1
0,0.7128413,0.628797,0.7929672,0.50641304,0.28785178,long_term_forecast_96_96powerset_HULL_MULL_LUFL.csv_MLP_ETTh1_ftMS_sl96_ll48_pl96_dm512_nh8_el2_dl1_df2048_expand2_dc4_fc1_ebtimeF_dtTrue_Exp_0,MLP,"['HULL', 'MULL', 'LUFL']",96,ETTh1
0,0.73790985,0.63025194,0.7938841,0.5457338,0.3237471,long_term_forecast_96_96powerset_HUFL_MULL_LUFL.csv_MLP_ETTh1_ftMS_sl96_ll48_pl96_dm512_nh8_el2_dl1_df2048_expand2_dc4_fc1_ebtimeF_dtTrue_Exp_0,MLP,"['HUFL', 'MULL', 'LUFL']",96,ETTh1
0,0.73308676,0.6331294,0.7956943,0.52804613,0.3162178,long_term_forecast_720_96powerset_HUFL_HULL_MULL_LUFL_LULL.csv_MLP_ETTh1_ftMS_sl96_ll48_pl720_dm512_nh8_el2_dl1_df2048_expand2_dc4_fc1_ebtimeF_dtTrue_Exp_0,MLP,"['HUFL', 'HULL', 'MULL', 'LUFL', 'LULL']",720,ETTh1
0,0.7262177,0.63569456,0.7973046,0.53323895,0.32602543,long_term_forecast_336_96powerset_HULL_MUFL_MULL_LUFL.csv_MLP_ETTh1_ftMS_sl96_ll48_pl336_dm512_nh8_el2_dl1_df2048_expand2_dc4_fc1_ebtimeF_dtTrue_Exp_0,MLP,"['HULL', 'MUFL', 'MULL', 'LUFL']",336,ETTh1
0,0.74381226,0.6430152,0.80188227,0.5494178,0.33032387,long_term_forecast_96_96powerset_HUFL_MUFL_MULL_LUFL.csv_MLP_ETTh1_ftMS_sl96_ll48_pl96_dm512_nh8_el2_dl1_df2048_expand2_dc4_fc1_ebtimeF_dtTrue_Exp_0,MLP,"['HUFL', 'MUFL', 'MULL', 'LUFL']",96,ETTh1
0,0.7389329,0.64367044,0.80229074,0.53201866,0.320968,long_term_forecast_720_96powerset_HUFL_HULL_LUFL_LULL.csv_MLP_ETTh1_ftMS_sl96_ll48_pl720_dm512_nh8_el2_dl1_df2048_expand2_dc4_fc1_ebtimeF_dtTrue_Exp_0,MLP,"['HUFL', 'HULL', 'LUFL', 'LULL']",720,ETTh1
0,0.7346212,0.64853454,0.80531645,0.53761536,0.3286209,long_term_forecast_336_96powerset_MUFL_MULL_LUFL.csv_MLP_ETTh1_ftMS_sl96_ll48_pl336_dm512_nh8_el2_dl1_df2048_expand2_dc4_fc1_ebtimeF_dtTrue_Exp_0,MLP,"['MUFL', 'MULL', 'LUFL']",336,ETTh1
0,0.7502701,0.6533309,0.8082889,0.5529419,0.33510244,long_term_forecast_192_96powerset_HUFL_HULL_MULL_LUFL.csv_MLP_ETTh1_ftMS_sl96_ll48_pl192_dm512_nh8_el2_dl1_df2048_expand2_dc4_fc1_ebtimeF_dtTrue_Exp_0,MLP,"['HUFL', 'HULL', 'MULL', 'LUFL']",192,ETTh1
0,0.75814205,0.6625508,0.81397223,0.5613693,0.3417978,long_term_forecast_96_96powerset_MUFL_MULL_LUFL.csv_MLP_ETTh1_ftMS_sl96_ll48_pl96_dm512_nh8_el2_dl1_df2048_expand2_dc4_fc1_ebtimeF_dtTrue_Exp_0,MLP,"['MUFL', 'MULL', 'LUFL']",96,ETTh1
0,0.74962,0.6660781,0.81613606,0.5401602,0.3333257,long_term_forecast_720_96powerset_HUFL_HULL_MUFL_LUFL_LULL.csv_MLP_ETTh1_ftMS_sl96_ll48_pl720_dm512_nh8_el2_dl1_df2048_expand2_dc4_fc1_ebtimeF_dtTrue_Exp_0,MLP,"['HUFL', 'HULL', 'MUFL', 'LUFL', 'LULL']",720,ETTh1
0,0.7580086,0.67516726,0.8216856,0.54608667,0.33639356,long_term_forecast_720_96powerset_HUFL_HULL_LUFL.csv_MLP_ETTh1_ftMS_sl96_ll48_pl720_dm512_nh8_el2_dl1_df2048_expand2_dc4_fc1_ebtimeF_dtTrue_Exp_0,MLP,"['HUFL', 'HULL', 'LUFL']",720,ETTh1
0,0.764373,0.68044025,0.82488805,0.54955876,0.33756962,long_term_forecast_720_96powerset_HUFL_MULL_LUFL_LULL.csv_MLP_ETTh1_ftMS_sl96_ll48_pl720_dm512_nh8_el2_dl1_df2048_expand2_dc4_fc1_ebtimeF_dtTrue_Exp_0,MLP,"['HUFL', 'MULL', 'LUFL', 'LULL']",720,ETTh1
0,0.76148784,0.68247736,0.82612187,0.5483845,0.3408119,long_term_forecast_720_96powerset_HUFL_MUFL_MULL_LUFL_LULL.csv_MLP_ETTh1_ftMS_sl96_ll48_pl720_dm512_nh8_el2_dl1_df2048_expand2_dc4_fc1_ebtimeF_dtTrue_Exp_0,MLP,"['HUFL', 'MUFL', 'MULL', 'LUFL', 'LULL']",720,ETTh1
0,0.76453304,0.6835211,0.8267533,0.55026895,0.34037042,long_term_forecast_720_96powerset_HULL_MUFL_LUFL_LULL.csv_MLP_ETTh1_ftMS_sl96_ll48_pl720_dm512_nh8_el2_dl1_df2048_expand2_dc4_fc1_ebtimeF_dtTrue_Exp_0,MLP,"['HULL', 'MUFL', 'LUFL', 'LULL']",720,ETTh1
0,0.765488,0.68406546,0.8270825,0.5623458,0.34755057,long_term_forecast_192_96powerset_HUFL_MUFL_MULL_LUFL.csv_MLP_ETTh1_ftMS_sl96_ll48_pl192_dm512_nh8_el2_dl1_df2048_expand2_dc4_fc1_ebtimeF_dtTrue_Exp_0,MLP,"['HUFL', 'MUFL', 'MULL', 'LUFL']",192,ETTh1
0,0.76908726,0.6873319,0.82905483,0.5667263,0.35196316,long_term_forecast_192_96powerset_HUFL_MULL_LUFL.csv_MLP_ETTh1_ftMS_sl96_ll48_pl192_dm512_nh8_el2_dl1_df2048_expand2_dc4_fc1_ebtimeF_dtTrue_Exp_0,MLP,"['HUFL', 'MULL', 'LUFL']",192,ETTh1
0,0.7743833,0.6970518,0.83489627,0.55855286,0.34959456,long_term_forecast_720_96powerset_HULL_MUFL_MULL_LUFL_LULL.csv_MLP_ETTh1_ftMS_sl96_ll48_pl720_dm512_nh8_el2_dl1_df2048_expand2_dc4_fc1_ebtimeF_dtTrue_Exp_0,MLP,"['HULL', 'MUFL', 'MULL', 'LUFL', 'LULL']",720,ETTh1
0,0.78128344,0.70316714,0.8385506,0.5763393,0.36192414,long_term_forecast_192_96powerset_HULL_MUFL_MULL_LUFL.csv_MLP_ETTh1_ftMS_sl96_ll48_pl192_dm512_nh8_el2_dl1_df2048_expand2_dc4_fc1_ebtimeF_dtTrue_Exp_0,MLP,"['HULL', 'MUFL', 'MULL', 'LUFL']",192,ETTh1
0,0.7851788,0.7084654,0.8417039,0.58345246,0.3740052,long_term_forecast_192_96powerset_HUFL_HULL_MUFL_MULL_LUFL.csv_MLP_ETTh1_ftMS_sl96_ll48_pl192_dm512_nh8_el2_dl1_df2048_expand2_dc4_fc1_ebtimeF_dtTrue_Exp_0,MLP,"['HUFL', 'HULL', 'MUFL', 'MULL', 'LUFL']",192,ETTh1
0,0.77928865,0.7101522,0.8427053,0.56132656,0.3538879,long_term_forecast_720_96powerset_HULL_MUFL_LUFL.csv_MLP_ETTh1_ftMS_sl96_ll48_pl720_dm512_nh8_el2_dl1_df2048_expand2_dc4_fc1_ebtimeF_dtTrue_Exp_0,MLP,"['HULL', 'MUFL', 'LUFL']",720,ETTh1
0,0.78195167,0.71057653,0.842957,0.5626905,0.35259232,long_term_forecast_720_96powerset_HUFL_MULL_LUFL.csv_MLP_ETTh1_ftMS_sl96_ll48_pl720_dm512_nh8_el2_dl1_df2048_expand2_dc4_fc1_ebtimeF_dtTrue_Exp_0,MLP,"['HUFL', 'MULL', 'LUFL']",720,ETTh1
0,0.78239906,0.7203465,0.8487323,0.5733622,0.361751,long_term_forecast_96_96powerset_HUFL_HULL_MUFL_MULL_LUFL_LULL.csv_MLP_ETTh1_ftMS_sl96_ll48_pl96_dm512_nh8_el2_dl1_df2048_expand2_dc4_fc1_ebtimeF_dtTrue_Exp_0,MLP,"['HUFL', 'HULL', 'MUFL', 'MULL', 'LUFL', 'LULL']",96,ETTh1
0,0.7845794,0.7225381,0.85002244,0.5667119,0.36455357,long_term_forecast_720_96powerset_HUFL_HULL_MUFL_MULL_LUFL_LULL.csv_MLP_ETTh1_ftMS_sl96_ll48_pl720_dm512_nh8_el2_dl1_df2048_expand2_dc4_fc1_ebtimeF_dtTrue_Exp_0,MLP,"['HUFL', 'HULL', 'MUFL', 'MULL', 'LUFL', 'LULL']",720,ETTh1
0,0.79253036,0.7264816,0.8523389,0.58390313,0.37192035,long_term_forecast_192_96powerset_MUFL_MULL_LUFL.csv_MLP_ETTh1_ftMS_sl96_ll48_pl192_dm512_nh8_el2_dl1_df2048_expand2_dc4_fc1_ebtimeF_dtTrue_Exp_0,MLP,"['MUFL', 'MULL', 'LUFL']",192,ETTh1
0,0.768972,0.72819686,0.8533445,0.5373245,0.3212618,long_term_forecast_192_96powerset_HULL_MULL_LUFL_LULL.csv_MLP_ETTh1_ftMS_sl96_ll48_pl192_dm512_nh8_el2_dl1_df2048_expand2_dc4_fc1_ebtimeF_dtTrue_Exp_0,MLP,"['HULL', 'MULL', 'LUFL', 'LULL']",192,ETTh1
0,0.79589486,0.7304564,0.8546674,0.57518774,0.3680016,long_term_forecast_720_96powerset_HUFL_HULL_MULL_LUFL.csv_MLP_ETTh1_ftMS_sl96_ll48_pl720_dm512_nh8_el2_dl1_df2048_expand2_dc4_fc1_ebtimeF_dtTrue_Exp_0,MLP,"['HUFL', 'HULL', 'MULL', 'LUFL']",720,ETTh1
0,0.79702365,0.7321012,0.85562915,0.5730449,0.36303157,long_term_forecast_720_96powerset_MUFL_MULL_LUFL_LULL.csv_MLP_ETTh1_ftMS_sl96_ll48_pl720_dm512_nh8_el2_dl1_df2048_expand2_dc4_fc1_ebtimeF_dtTrue_Exp_0,MLP,"['MUFL', 'MULL', 'LUFL', 'LULL']",720,ETTh1
0,0.5515781,0.7412158,0.8609389,13.856373,567330.1,long_term_forecast_96_96powerset_AmpirionLoadForecast_PVWindForecast.csv_MLP_Exchange_ftMS_sl96_ll48_pl96_dm512_nh8_el2_dl1_df2048_expand2_dc4_fc1_ebtimeF_dtTrue_Exp_0,MLP,"['AmpirionLoadForecast', 'PVWindForecast']",96,Exchange
0,0.80580246,0.75153863,0.86691326,0.5801626,0.37419152,long_term_forecast_720_96powerset_HUFL_HULL_MUFL_LUFL.csv_MLP_ETTh1_ftMS_sl96_ll48_pl720_dm512_nh8_el2_dl1_df2048_expand2_dc4_fc1_ebtimeF_dtTrue_Exp_0,MLP,"['HUFL', 'HULL', 'MUFL', 'LUFL']",720,ETTh1
0,0.5574121,0.7538412,0.8682403,11.435885,357524.34,long_term_forecast_96_96powerset_AmpirionLoadForecast.csv_MLP_Exchange_ftMS_sl96_ll48_pl96_dm512_nh8_el2_dl1_df2048_expand2_dc4_fc1_ebtimeF_dtTrue_Exp_0,MLP,['AmpirionLoadForecast'],96,Exchange
0,0.81363904,0.76305354,0.8735294,0.5854885,0.37861848,long_term_forecast_720_96powerset_MUFL_MULL_LUFL.csv_MLP_ETTh1_ftMS_sl96_ll48_pl720_dm512_nh8_el2_dl1_df2048_expand2_dc4_fc1_ebtimeF_dtTrue_Exp_0,MLP,"['MUFL', 'MULL', 'LUFL']",720,ETTh1
0,0.8195442,0.7793773,0.88282347,0.60464025,0.3992434,long_term_forecast_96_96powerset_HULL_MUFL_MULL_LUFL.csv_MLP_ETTh1_ftMS_sl96_ll48_pl96_dm512_nh8_el2_dl1_df2048_expand2_dc4_fc1_ebtimeF_dtTrue_Exp_0,MLP,"['HULL', 'MUFL', 'MULL', 'LUFL']",96,ETTh1
0,0.8309034,0.7906646,0.88919324,0.59895784,0.3950894,long_term_forecast_720_96powerset_HUFL_MUFL_MULL_LUFL.csv_MLP_ETTh1_ftMS_sl96_ll48_pl720_dm512_nh8_el2_dl1_df2048_expand2_dc4_fc1_ebtimeF_dtTrue_Exp_0,MLP,"['HUFL', 'MUFL', 'MULL', 'LUFL']",720,ETTh1
0,0.8280402,0.7916081,0.8897236,0.5992806,0.40101692,long_term_forecast_720_96powerset_HUFL_HULL_MUFL_MULL_LUFL.csv_MLP_ETTh1_ftMS_sl96_ll48_pl720_dm512_nh8_el2_dl1_df2048_expand2_dc4_fc1_ebtimeF_dtTrue_Exp_0,MLP,"['HUFL', 'HULL', 'MUFL', 'MULL', 'LUFL']",720,ETTh1
0,0.8349156,0.79584545,0.8921017,0.60341924,0.4010185,long_term_forecast_720_96powerset_HULL_MUFL_MULL_LUFL.csv_MLP_ETTh1_ftMS_sl96_ll48_pl720_dm512_nh8_el2_dl1_df2048_expand2_dc4_fc1_ebtimeF_dtTrue_Exp_0,MLP,"['HULL', 'MUFL', 'MULL', 'LUFL']",720,ETTh1
0,0.5706952,0.7988897,0.8938063,13.20535,494388.5,long_term_forecast_96_96powerset_PVWindForecast.csv_MLP_Exchange_ftMS_sl96_ll48_pl96_dm512_nh8_el2_dl1_df2048_expand2_dc4_fc1_ebtimeF_dtTrue_Exp_0,MLP,['PVWindForecast'],96,Exchange
0,0.5754933,0.8082674,0.89903694,15.449114,735317.5,long_term_forecast_192_96powerset_AmpirionLoadForecast_PVWindForecast.csv_MLP_Exchange_ftMS_sl96_ll48_pl192_dm512_nh8_el2_dl1_df2048_expand2_dc4_fc1_ebtimeF_dtTrue_Exp_0,MLP,"['AmpirionLoadForecast', 'PVWindForecast']",192,Exchange
0,0.58158696,0.82269186,0.9070236,13.341416,508328.1,long_term_forecast_192_96powerset_AmpirionLoadForecast.csv_MLP_Exchange_ftMS_sl96_ll48_pl192_dm512_nh8_el2_dl1_df2048_expand2_dc4_fc1_ebtimeF_dtTrue_Exp_0,MLP,['AmpirionLoadForecast'],192,Exchange
0,0.5829787,0.8243993,0.90796435,14.58283,641656.8,long_term_forecast_336_96powerset_AmpirionLoadForecast.csv_MLP_Exchange_ftMS_sl96_ll48_pl336_dm512_nh8_el2_dl1_df2048_expand2_dc4_fc1_ebtimeF_dtTrue_Exp_0,MLP,['AmpirionLoadForecast'],336,Exchange
0,0.5868533,0.8318166,0.9120398,16.700369,883235.25,long_term_forecast_336_96powerset_AmpirionLoadForecast_PVWindForecast.csv_MLP_Exchange_ftMS_sl96_ll48_pl336_dm512_nh8_el2_dl1_df2048_expand2_dc4_fc1_ebtimeF_dtTrue_Exp_0,MLP,"['AmpirionLoadForecast', 'PVWindForecast']",336,Exchange
0,0.5785658,0.8410672,0.91709715,11.532235,370267.8,long_term_forecast_96_96powerset_empty.csv_MLP_Exchange_ftMS_sl96_ll48_pl96_dm512_nh8_el2_dl1_df2048_expand2_dc4_fc1_ebtimeF_dtTrue_Exp_0,MLP,['empty'],96,Exchange
0,0.5847466,0.84715706,0.92041135,18.810902,1150152.0,long_term_forecast_720_96powerset_AmpirionLoadForecast.csv_MLP_Exchange_ftMS_sl96_ll48_pl720_dm512_nh8_el2_dl1_df2048_expand2_dc4_fc1_ebtimeF_dtTrue_Exp_0,MLP,['AmpirionLoadForecast'],720,Exchange
0,0.58672106,0.8499626,0.9219342,13.91671,561764.75,long_term_forecast_192_96powerset_PVWindForecast.csv_MLP_Exchange_ftMS_sl96_ll48_pl192_dm512_nh8_el2_dl1_df2048_expand2_dc4_fc1_ebtimeF_dtTrue_Exp_0,MLP,['PVWindForecast'],192,Exchange
0,0.5947883,0.8632896,0.9291338,18.582191,1252488.0,long_term_forecast_720_96powerset_AmpirionLoadForecast_PVWindForecast.csv_MLP_Exchange_ftMS_sl96_ll48_pl720_dm512_nh8_el2_dl1_df2048_expand2_dc4_fc1_ebtimeF_dtTrue_Exp_0,MLP,"['AmpirionLoadForecast', 'PVWindForecast']",720,Exchange
0,0.59492946,0.8662446,0.93072265,15.411857,749004.94,long_term_forecast_336_96powerset_PVWindForecast.csv_MLP_Exchange_ftMS_sl96_ll48_pl336_dm512_nh8_el2_dl1_df2048_expand2_dc4_fc1_ebtimeF_dtTrue_Exp_0,MLP,['PVWindForecast'],336,Exchange
0,0.4784438,0.86822355,0.93178517,2.0689495,486.90143,long_term_forecast_96_96powerset_luxeastlx_luxwestlx_luxsouthlx.csv_MLP_Energy_ftMS_sl96_ll48_pl96_dm512_nh8_el2_dl1_df2048_expand2_dc4_fc1_ebtimeF_dtTrue_Exp_0,MLP,"['luxeastlx', 'luxwestlx', 'luxsouthlx']",96,Energy
0,0.4785552,0.86953735,0.9324899,2.0626051,493.95612,long_term_forecast_96_96powerset_luxwestlx_luxsouthlx.csv_MLP_Energy_ftMS_sl96_ll48_pl96_dm512_nh8_el2_dl1_df2048_expand2_dc4_fc1_ebtimeF_dtTrue_Exp_0,MLP,"['luxwestlx', 'luxsouthlx']",96,Energy
0,0.47797033,0.871924,0.9337687,2.041336,447.66995,long_term_forecast_96_96powerset_luxeastlx_luxwestlx.csv_MLP_Energy_ftMS_sl96_ll48_pl96_dm512_nh8_el2_dl1_df2048_expand2_dc4_fc1_ebtimeF_dtTrue_Exp_0,MLP,"['luxeastlx', 'luxwestlx']",96,Energy
0,0.4914616,0.8726163,0.9341393,2.1743069,502.1025,long_term_forecast_96_96powerset_luxwestlx_luxsouthlx_toutc.csv_MLP_Energy_ftMS_sl96_ll48_pl96_dm512_nh8_el2_dl1_df2048_expand2_dc4_fc1_ebtimeF_dtTrue_Exp_0,MLP,"['luxwestlx', 'luxsouthlx', 'toutc']",96,Energy
0,0.4907457,0.8739281,0.9348412,2.1073182,451.15643,long_term_forecast_96_96powerset_luxeastlx_luxwestlx_luxsouthlx_toutc.csv_MLP_Energy_ftMS_sl96_ll48_pl96_dm512_nh8_el2_dl1_df2048_expand2_dc4_fc1_ebtimeF_dtTrue_Exp_0,MLP,"['luxeastlx', 'luxwestlx', 'luxsouthlx', 'toutc']",96,Energy
0,0.48032954,0.8741023,0.9349344,2.054251,452.64203,long_term_forecast_96_96powerset_luxeastlx_luxsouthlx.csv_MLP_Energy_ftMS_sl96_ll48_pl96_dm512_nh8_el2_dl1_df2048_expand2_dc4_fc1_ebtimeF_dtTrue_Exp_0,MLP,"['luxeastlx', 'luxsouthlx']",96,Energy
0,0.48038247,0.87481785,0.935317,2.040334,422.5507,long_term_forecast_96_96powerset_luxeastlx.csv_MLP_Energy_ftMS_sl96_ll48_pl96_dm512_nh8_el2_dl1_df2048_expand2_dc4_fc1_ebtimeF_dtTrue_Exp_0,MLP,['luxeastlx'],96,Energy
0,0.48127404,0.87501353,0.9354216,2.0665228,504.61108,long_term_forecast_96_96powerset_luxwestlx.csv_MLP_Energy_ftMS_sl96_ll48_pl96_dm512_nh8_el2_dl1_df2048_expand2_dc4_fc1_ebtimeF_dtTrue_Exp_0,MLP,['luxwestlx'],96,Energy
0,0.48940742,0.87600166,0.9359496,2.1165802,444.2795,long_term_forecast_96_96powerset_luxeastlx_luxwestlx_toutc.csv_MLP_Energy_ftMS_sl96_ll48_pl96_dm512_nh8_el2_dl1_df2048_expand2_dc4_fc1_ebtimeF_dtTrue_Exp_0,MLP,"['luxeastlx', 'luxwestlx', 'toutc']",96,Energy
0,0.50033635,0.876481,0.9362056,2.2222536,507.7103,long_term_forecast_96_96powerset_luxwestlx_toutc.csv_MLP_Energy_ftMS_sl96_ll48_pl96_dm512_nh8_el2_dl1_df2048_expand2_dc4_fc1_ebtimeF_dtTrue_Exp_0,MLP,"['luxwestlx', 'toutc']",96,Energy
0,0.48073736,0.8771888,0.9365836,2.072032,489.88937,long_term_forecast_96_96powerset_luxsouthlx.csv_MLP_Energy_ftMS_sl96_ll48_pl96_dm512_nh8_el2_dl1_df2048_expand2_dc4_fc1_ebtimeF_dtTrue_Exp_0,MLP,['luxsouthlx'],96,Energy
0,0.48912197,0.8777601,0.9368885,2.1091712,455.45755,long_term_forecast_96_96powerset_luxeastlx_luxsouthlx_toutc.csv_MLP_Energy_ftMS_sl96_ll48_pl96_dm512_nh8_el2_dl1_df2048_expand2_dc4_fc1_ebtimeF_dtTrue_Exp_0,MLP,"['luxeastlx', 'luxsouthlx', 'toutc']",96,Energy
0,0.49538773,0.8789172,0.93750584,2.105422,397.55112,long_term_forecast_96_96powerset_luxeastlx_toutc.csv_MLP_Energy_ftMS_sl96_ll48_pl96_dm512_nh8_el2_dl1_df2048_expand2_dc4_fc1_ebtimeF_dtTrue_Exp_0,MLP,"['luxeastlx', 'toutc']",96,Energy
0,0.49916685,0.8791444,0.937627,2.204235,492.27136,long_term_forecast_96_96powerset_luxsouthlx_toutc.csv_MLP_Energy_ftMS_sl96_ll48_pl96_dm512_nh8_el2_dl1_df2048_expand2_dc4_fc1_ebtimeF_dtTrue_Exp_0,MLP,"['luxsouthlx', 'toutc']",96,Energy
0,0.49908814,0.886252,0.9414096,2.1524336,494.6135,long_term_forecast_96_96powerset_luxwestlx_luxsouthlx_tinwallc.csv_MLP_Energy_ftMS_sl96_ll48_pl96_dm512_nh8_el2_dl1_df2048_expand2_dc4_fc1_ebtimeF_dtTrue_Exp_0,MLP,"['luxwestlx', 'luxsouthlx', 'tinwallc']",96,Energy
0,0.51578003,0.8878959,0.94228226,2.2351909,475.4411,long_term_forecast_96_96powerset_luxeastlx_luxwestlx_luxsouthlx_tinwallc_toutc.csv_MLP_Energy_ftMS_sl96_ll48_pl96_dm512_nh8_el2_dl1_df2048_expand2_dc4_fc1_ebtimeF_dtTrue_Exp_0,MLP,"['luxeastlx', 'luxwestlx', 'luxsouthlx', 'tinwallc', 'toutc']",96,Energy
0,0.5182785,0.8883806,0.94253945,2.309854,496.58682,long_term_forecast_96_96powerset_luxwestlx_luxsouthlx_tinwallc_toutc.csv_MLP_Energy_ftMS_sl96_ll48_pl96_dm512_nh8_el2_dl1_df2048_expand2_dc4_fc1_ebtimeF_dtTrue_Exp_0,MLP,"['luxwestlx', 'luxsouthlx', 'tinwallc', 'toutc']",96,Energy
0,0.5009922,0.88874406,0.9427322,2.0718749,444.1206,long_term_forecast_96_96powerset_luxeastlx_luxwestlx_luxsouthlx_tinwallc.csv_MLP_Energy_ftMS_sl96_ll48_pl96_dm512_nh8_el2_dl1_df2048_expand2_dc4_fc1_ebtimeF_dtTrue_Exp_0,MLP,"['luxeastlx', 'luxwestlx', 'luxsouthlx', 'tinwallc']",96,Energy
0,0.48737642,0.8893688,0.9430635,2.0507832,408.84763,long_term_forecast_192_96powerset_luxeastlx_luxwestlx_luxsouthlx.csv_MLP_Energy_ftMS_sl96_ll48_pl192_dm512_nh8_el2_dl1_df2048_expand2_dc4_fc1_ebtimeF_dtTrue_Exp_0,MLP,"['luxeastlx', 'luxwestlx', 'luxsouthlx']",192,Energy
0,0.50652015,0.8897035,0.94324094,2.2498026,519.491,long_term_forecast_96_96powerset_toutc.csv_MLP_Energy_ftMS_sl96_ll48_pl96_dm512_nh8_el2_dl1_df2048_expand2_dc4_fc1_ebtimeF_dtTrue_Exp_0,MLP,['toutc'],96,Energy
0,0.4983473,0.8901899,0.94349873,2.0955946,436.51257,long_term_forecast_96_96powerset_luxeastlx_luxwestlx_tinwallc.csv_MLP_Energy_ftMS_sl96_ll48_pl96_dm512_nh8_el2_dl1_df2048_expand2_dc4_fc1_ebtimeF_dtTrue_Exp_0,MLP,"['luxeastlx', 'luxwestlx', 'tinwallc']",96,Energy
0,0.4925113,0.8902225,0.943516,2.093196,418.44473,long_term_forecast_192_96powerset_luxeastlx_luxwestlx_luxsouthlx_toutc.csv_MLP_Energy_ftMS_sl96_ll48_pl192_dm512_nh8_el2_dl1_df2048_expand2_dc4_fc1_ebtimeF_dtTrue_Exp_0,MLP,"['luxeastlx', 'luxwestlx', 'luxsouthlx', 'toutc']",192,Energy
0,0.50768507,0.8917872,0.9443448,2.0980327,386.66522,long_term_forecast_96_96powerset_luxeastlx_tinwallc.csv_MLP_Energy_ftMS_sl96_ll48_pl96_dm512_nh8_el2_dl1_df2048_expand2_dc4_fc1_ebtimeF_dtTrue_Exp_0,MLP,"['luxeastlx', 'tinwallc']",96,Energy
0,0.5973515,0.8919177,0.94441396,12.061133,384874.75,long_term_forecast_192_96powerset_empty.csv_MLP_Exchange_ftMS_sl96_ll48_pl192_dm512_nh8_el2_dl1_df2048_expand2_dc4_fc1_ebtimeF_dtTrue_Exp_0,MLP,['empty'],192,Exchange
0,0.4925484,0.8920047,0.94446003,2.0978422,453.9296,long_term_forecast_192_96powerset_luxwestlx_luxsouthlx.csv_MLP_Energy_ftMS_sl96_ll48_pl192_dm512_nh8_el2_dl1_df2048_expand2_dc4_fc1_ebtimeF_dtTrue_Exp_0,MLP,"['luxwestlx', 'luxsouthlx']",192,Energy
0,0.49416628,0.8921661,0.94454545,2.159642,461.60022,long_term_forecast_192_96powerset_luxwestlx_luxsouthlx_toutc.csv_MLP_Energy_ftMS_sl96_ll48_pl192_dm512_nh8_el2_dl1_df2048_expand2_dc4_fc1_ebtimeF_dtTrue_Exp_0,MLP,"['luxwestlx', 'luxsouthlx', 'toutc']",192,Energy
0,0.5078281,0.89242256,0.94468117,2.18389,482.73038,long_term_forecast_96_96powerset_luxwestlx_tinwallc.csv_MLP_Energy_ftMS_sl96_ll48_pl96_dm512_nh8_el2_dl1_df2048_expand2_dc4_fc1_ebtimeF_dtTrue_Exp_0,MLP,"['luxwestlx', 'tinwallc']",96,Energy
0,0.5148896,0.8925269,0.9447364,2.2477167,490.1151,long_term_forecast_720_96powerset_luxeastlx_luxwestlx_luxsouthlx_tinwallc_toutc.csv_MLP_Energy_ftMS_sl96_ll48_pl720_dm512_nh8_el2_dl1_df2048_expand2_dc4_fc1_ebtimeF_dtTrue_Exp_0,MLP,"['luxeastlx', 'luxwestlx', 'luxsouthlx', 'tinwallc', 'toutc']",720,Energy
0,0.49001378,0.89268315,0.9448191,2.0247686,384.8205,long_term_forecast_192_96powerset_luxeastlx_luxwestlx.csv_MLP_Energy_ftMS_sl96_ll48_pl192_dm512_nh8_el2_dl1_df2048_expand2_dc4_fc1_ebtimeF_dtTrue_Exp_0,MLP,"['luxeastlx', 'luxwestlx']",192,Energy
0,0.4910595,0.89300877,0.9449914,2.030484,375.04138,long_term_forecast_192_96powerset_luxeastlx_luxsouthlx.csv_MLP_Energy_ftMS_sl96_ll48_pl192_dm512_nh8_el2_dl1_df2048_expand2_dc4_fc1_ebtimeF_dtTrue_Exp_0,MLP,"['luxeastlx', 'luxsouthlx']",192,Energy
0,0.4986329,0.89320284,0.9450941,2.0777085,422.96097,long_term_forecast_720_96powerset_luxeastlx_luxwestlx_luxsouthlx.csv_MLP_Energy_ftMS_sl96_ll48_pl720_dm512_nh8_el2_dl1_df2048_expand2_dc4_fc1_ebtimeF_dtTrue_Exp_0,MLP,"['luxeastlx', 'luxwestlx', 'luxsouthlx']",720,Energy
0,0.4993179,0.8932306,0.9451088,2.132075,457.4676,long_term_forecast_720_96powerset_luxeastlx_luxwestlx_luxsouthlx_toutc.csv_MLP_Energy_ftMS_sl96_ll48_pl720_dm512_nh8_el2_dl1_df2048_expand2_dc4_fc1_ebtimeF_dtTrue_Exp_0,MLP,"['luxeastlx', 'luxwestlx', 'luxsouthlx', 'toutc']",720,Energy
0,0.4942006,0.8932827,0.94513637,2.106302,402.8775,long_term_forecast_192_96powerset_luxeastlx_luxwestlx_toutc.csv_MLP_Energy_ftMS_sl96_ll48_pl192_dm512_nh8_el2_dl1_df2048_expand2_dc4_fc1_ebtimeF_dtTrue_Exp_0,MLP,"['luxeastlx', 'luxwestlx', 'toutc']",192,Energy
0,0.50151795,0.89328635,0.9451383,2.0944905,432.37268,long_term_forecast_96_96powerset_luxeastlx_luxsouthlx_tinwallc.csv_MLP_Energy_ftMS_sl96_ll48_pl96_dm512_nh8_el2_dl1_df2048_expand2_dc4_fc1_ebtimeF_dtTrue_Exp_0,MLP,"['luxeastlx', 'luxsouthlx', 'tinwallc']",96,Energy
0,0.52403736,0.89340603,0.9452016,2.3535233,519.427,long_term_forecast_96_96powerset_luxwestlx_tinwallc_toutc.csv_MLP_Energy_ftMS_sl96_ll48_pl96_dm512_nh8_el2_dl1_df2048_expand2_dc4_fc1_ebtimeF_dtTrue_Exp_0,MLP,"['luxwestlx', 'tinwallc', 'toutc']",96,Energy
0,0.5196367,0.8936227,0.9453162,2.2259421,435.49896,long_term_forecast_96_96powerset_luxeastlx_luxwestlx_tinwallc_toutc.csv_MLP_Energy_ftMS_sl96_ll48_pl96_dm512_nh8_el2_dl1_df2048_expand2_dc4_fc1_ebtimeF_dtTrue_Exp_0,MLP,"['luxeastlx', 'luxwestlx', 'tinwallc', 'toutc']",96,Energy
0,0.5191719,0.89423937,0.9456423,2.2189524,435.39865,long_term_forecast_96_96powerset_luxeastlx_luxsouthlx_tinwallc_toutc.csv_MLP_Energy_ftMS_sl96_ll48_pl96_dm512_nh8_el2_dl1_df2048_expand2_dc4_fc1_ebtimeF_dtTrue_Exp_0,MLP,"['luxeastlx', 'luxsouthlx', 'tinwallc', 'toutc']",96,Energy
0,0.5187055,0.89427507,0.9456612,2.3415954,520.66705,long_term_forecast_720_96powerset_luxwestlx_luxsouthlx_tinwallc_toutc.csv_MLP_Energy_ftMS_sl96_ll48_pl720_dm512_nh8_el2_dl1_df2048_expand2_dc4_fc1_ebtimeF_dtTrue_Exp_0,MLP,"['luxwestlx', 'luxsouthlx', 'tinwallc', 'toutc']",720,Energy
0,0.5024257,0.89471006,0.94589114,2.1858687,463.9584,long_term_forecast_720_96powerset_luxwestlx_luxsouthlx_toutc.csv_MLP_Energy_ftMS_sl96_ll48_pl720_dm512_nh8_el2_dl1_df2048_expand2_dc4_fc1_ebtimeF_dtTrue_Exp_0,MLP,"['luxwestlx', 'luxsouthlx', 'toutc']",720,Energy
0,0.49840787,0.8949045,0.9459939,2.0667093,397.8306,long_term_forecast_720_96powerset_luxwestlx_luxsouthlx.csv_MLP_Energy_ftMS_sl96_ll48_pl720_dm512_nh8_el2_dl1_df2048_expand2_dc4_fc1_ebtimeF_dtTrue_Exp_0,MLP,"['luxwestlx', 'luxsouthlx']",720,Energy
0,0.5212319,0.89506376,0.9460781,2.229643,413.64612,long_term_forecast_96_96powerset_luxeastlx_tinwallc_toutc.csv_MLP_Energy_ftMS_sl96_ll48_pl96_dm512_nh8_el2_dl1_df2048_expand2_dc4_fc1_ebtimeF_dtTrue_Exp_0,MLP,"['luxeastlx', 'tinwallc', 'toutc']",96,Energy
0,0.50377625,0.8951057,0.9461003,2.116191,434.45853,long_term_forecast_720_96powerset_luxeastlx_luxwestlx_luxsouthlx_tinwallc.csv_MLP_Energy_ftMS_sl96_ll48_pl720_dm512_nh8_el2_dl1_df2048_expand2_dc4_fc1_ebtimeF_dtTrue_Exp_0,MLP,"['luxeastlx', 'luxwestlx', 'luxsouthlx', 'tinwallc']",720,Energy
0,0.49226528,0.8952872,0.9461962,2.0126262,345.4951,long_term_forecast_192_96powerset_luxeastlx.csv_MLP_Energy_ftMS_sl96_ll48_pl192_dm512_nh8_el2_dl1_df2048_expand2_dc4_fc1_ebtimeF_dtTrue_Exp_0,MLP,['luxeastlx'],192,Energy
0,0.49183476,0.8953976,0.9462545,2.063778,461.33636,long_term_forecast_192_96powerset_luxwestlx.csv_MLP_Energy_ftMS_sl96_ll48_pl192_dm512_nh8_el2_dl1_df2048_expand2_dc4_fc1_ebtimeF_dtTrue_Exp_0,MLP,['luxwestlx'],192,Energy
0,0.5018519,0.89571625,0.9464229,2.203218,478.80408,long_term_forecast_192_96powerset_luxwestlx_toutc.csv_MLP_Energy_ftMS_sl96_ll48_pl192_dm512_nh8_el2_dl1_df2048_expand2_dc4_fc1_ebtimeF_dtTrue_Exp_0,MLP,"['luxwestlx', 'toutc']",192,Energy
0,0.50663,0.8957968,0.94646543,2.1540272,449.99603,long_term_forecast_96_96powerset_luxsouthlx_tinwallc.csv_MLP_Energy_ftMS_sl96_ll48_pl96_dm512_nh8_el2_dl1_df2048_expand2_dc4_fc1_ebtimeF_dtTrue_Exp_0,MLP,"['luxsouthlx', 'tinwallc']",96,Energy
0,0.50159323,0.8958709,0.9465046,2.1571093,453.42468,long_term_forecast_720_96powerset_luxeastlx_luxwestlx_toutc.csv_MLP_Energy_ftMS_sl96_ll48_pl720_dm512_nh8_el2_dl1_df2048_expand2_dc4_fc1_ebtimeF_dtTrue_Exp_0,MLP,"['luxeastlx', 'luxwestlx', 'toutc']",720,Energy
0,0.5133489,0.89605707,0.9466029,2.2686481,489.25204,long_term_forecast_192_96powerset_luxwestlx_luxsouthlx_tinwallc_toutc.csv_MLP_Energy_ftMS_sl96_ll48_pl192_dm512_nh8_el2_dl1_df2048_expand2_dc4_fc1_ebtimeF_dtTrue_Exp_0,MLP,"['luxwestlx', 'luxsouthlx', 'tinwallc', 'toutc']",192,Energy
0,0.5053657,0.89633626,0.94675034,2.1640954,435.3059,long_term_forecast_720_96powerset_luxwestlx_luxsouthlx_tinwallc.csv_MLP_Energy_ftMS_sl96_ll48_pl720_dm512_nh8_el2_dl1_df2048_expand2_dc4_fc1_ebtimeF_dtTrue_Exp_0,MLP,"['luxwestlx', 'luxsouthlx', 'tinwallc']",720,Energy
0,0.5232721,0.8967283,0.94695735,2.3366723,508.86267,long_term_forecast_96_96powerset_luxsouthlx_tinwallc_toutc.csv_MLP_Energy_ftMS_sl96_ll48_pl96_dm512_nh8_el2_dl1_df2048_expand2_dc4_fc1_ebtimeF_dtTrue_Exp_0,MLP,"['luxsouthlx', 'tinwallc', 'toutc']",96,Energy
0,0.49377322,0.8967552,0.9469716,2.0869482,386.0936,long_term_forecast_192_96powerset_luxeastlx_luxsouthlx_toutc.csv_MLP_Energy_ftMS_sl96_ll48_pl192_dm512_nh8_el2_dl1_df2048_expand2_dc4_fc1_ebtimeF_dtTrue_Exp_0,MLP,"['luxeastlx', 'luxsouthlx', 'toutc']",192,Energy
0,0.4903057,0.8968074,0.94699913,2.0224676,399.6944,long_term_forecast_192_96powerset_luxsouthlx.csv_MLP_Energy_ftMS_sl96_ll48_pl192_dm512_nh8_el2_dl1_df2048_expand2_dc4_fc1_ebtimeF_dtTrue_Exp_0,MLP,['luxsouthlx'],192,Energy
0,0.4992412,0.8970128,0.9471076,2.0391157,386.87344,long_term_forecast_720_96powerset_luxeastlx_luxwestlx.csv_MLP_Energy_ftMS_sl96_ll48_pl720_dm512_nh8_el2_dl1_df2048_expand2_dc4_fc1_ebtimeF_dtTrue_Exp_0,MLP,"['luxeastlx', 'luxwestlx']",720,Energy
0,0.49145612,0.89710486,0.9471562,2.073041,468.41492,long_term_forecast_336_96powerset_luxeastlx_luxwestlx_luxsouthlx.csv_MLP_Energy_ftMS_sl96_ll48_pl336_dm512_nh8_el2_dl1_df2048_expand2_dc4_fc1_ebtimeF_dtTrue_Exp_0,MLP,"['luxeastlx', 'luxwestlx', 'luxsouthlx']",336,Energy
0,0.50836205,0.8972929,0.9472555,2.1647708,501.31598,long_term_forecast_336_96powerset_luxeastlx_luxwestlx_luxsouthlx_tinwallc_toutc.csv_MLP_Energy_ftMS_sl96_ll48_pl336_dm512_nh8_el2_dl1_df2048_expand2_dc4_fc1_ebtimeF_dtTrue_Exp_0,MLP,"['luxeastlx', 'luxwestlx', 'luxsouthlx', 'tinwallc', 'toutc']",336,Energy
0,0.49928668,0.89731574,0.94726753,2.1137474,450.9866,long_term_forecast_192_96powerset_luxwestlx_luxsouthlx_tinwallc.csv_MLP_Energy_ftMS_sl96_ll48_pl192_dm512_nh8_el2_dl1_df2048_expand2_dc4_fc1_ebtimeF_dtTrue_Exp_0,MLP,"['luxwestlx', 'luxsouthlx', 'tinwallc']",192,Energy
0,0.49936447,0.897736,0.9474893,2.0405061,408.69333,long_term_forecast_192_96powerset_luxeastlx_luxwestlx_luxsouthlx_tinwallc.csv_MLP_Energy_ftMS_sl96_ll48_pl192_dm512_nh8_el2_dl1_df2048_expand2_dc4_fc1_ebtimeF_dtTrue_Exp_0,MLP,"['luxeastlx', 'luxwestlx', 'luxsouthlx', 'tinwallc']",192,Energy
0,0.5217624,0.8977776,0.94751126,2.3732324,536.52075,long_term_forecast_720_96powerset_luxwestlx_tinwallc_toutc.csv_MLP_Energy_ftMS_sl96_ll48_pl720_dm512_nh8_el2_dl1_df2048_expand2_dc4_fc1_ebtimeF_dtTrue_Exp_0,MLP,"['luxwestlx', 'tinwallc', 'toutc']",720,Energy
0,0.508936,0.898003,0.94763017,2.2336006,474.792,long_term_forecast_720_96powerset_luxwestlx_toutc.csv_MLP_Energy_ftMS_sl96_ll48_pl720_dm512_nh8_el2_dl1_df2048_expand2_dc4_fc1_ebtimeF_dtTrue_Exp_0,MLP,"['luxwestlx', 'toutc']",720,Energy
0,0.5192928,0.898066,0.9476634,2.3042455,495.8582,long_term_forecast_720_96powerset_luxeastlx_luxwestlx_tinwallc_toutc.csv_MLP_Energy_ftMS_sl96_ll48_pl720_dm512_nh8_el2_dl1_df2048_expand2_dc4_fc1_ebtimeF_dtTrue_Exp_0,MLP,"['luxeastlx', 'luxwestlx', 'tinwallc', 'toutc']",720,Energy
0,0.49776536,0.89816934,0.94771796,2.1685157,503.29468,long_term_forecast_336_96powerset_luxwestlx_luxsouthlx_toutc.csv_MLP_Energy_ftMS_sl96_ll48_pl336_dm512_nh8_el2_dl1_df2048_expand2_dc4_fc1_ebtimeF_dtTrue_Exp_0,MLP,"['luxwestlx', 'luxsouthlx', 'toutc']",336,Energy
0,0.51250017,0.8981982,0.94773316,2.2601357,534.90375,long_term_forecast_336_96powerset_luxwestlx_luxsouthlx_tinwallc_toutc.csv_MLP_Energy_ftMS_sl96_ll48_pl336_dm512_nh8_el2_dl1_df2048_expand2_dc4_fc1_ebtimeF_dtTrue_Exp_0,MLP,"['luxwestlx', 'luxsouthlx', 'tinwallc', 'toutc']",336,Energy
0,0.49676275,0.8982347,0.9477525,2.1219664,489.70462,long_term_forecast_336_96powerset_luxeastlx_luxwestlx_luxsouthlx_toutc.csv_MLP_Energy_ftMS_sl96_ll48_pl336_dm512_nh8_el2_dl1_df2048_expand2_dc4_fc1_ebtimeF_dtTrue_Exp_0,MLP,"['luxeastlx', 'luxwestlx', 'luxsouthlx', 'toutc']",336,Energy
0,0.5132088,0.89841026,0.94784504,2.1917734,420.04077,long_term_forecast_192_96powerset_luxeastlx_luxwestlx_tinwallc_toutc.csv_MLP_Energy_ftMS_sl96_ll48_pl192_dm512_nh8_el2_dl1_df2048_expand2_dc4_fc1_ebtimeF_dtTrue_Exp_0,MLP,"['luxeastlx', 'luxwestlx', 'tinwallc', 'toutc']",192,Energy
0,0.49999407,0.89842474,0.94785273,2.0738034,359.03772,long_term_forecast_192_96powerset_luxeastlx_toutc.csv_MLP_Energy_ftMS_sl96_ll48_pl192_dm512_nh8_el2_dl1_df2048_expand2_dc4_fc1_ebtimeF_dtTrue_Exp_0,MLP,"['luxeastlx', 'toutc']",192,Energy
0,0.49284577,0.89910805,0.9482131,2.069168,464.14728,long_term_forecast_336_96powerset_luxwestlx_luxsouthlx.csv_MLP_Energy_ftMS_sl96_ll48_pl336_dm512_nh8_el2_dl1_df2048_expand2_dc4_fc1_ebtimeF_dtTrue_Exp_0,MLP,"['luxwestlx', 'luxsouthlx']",336,Energy
0,0.5028428,0.89921135,0.9482676,2.169425,442.85477,long_term_forecast_192_96powerset_luxsouthlx_toutc.csv_MLP_Energy_ftMS_sl96_ll48_pl192_dm512_nh8_el2_dl1_df2048_expand2_dc4_fc1_ebtimeF_dtTrue_Exp_0,MLP,"['luxsouthlx', 'toutc']",192,Energy
0,0.5005199,0.8992673,0.9482971,2.066005,411.86655,long_term_forecast_720_96powerset_luxeastlx_luxsouthlx.csv_MLP_Energy_ftMS_sl96_ll48_pl720_dm512_nh8_el2_dl1_df2048_expand2_dc4_fc1_ebtimeF_dtTrue_Exp_0,MLP,"['luxeastlx', 'luxsouthlx']",720,Energy
0,0.5014458,0.89975095,0.948552,2.0548947,388.7067,long_term_forecast_720_96powerset_luxwestlx.csv_MLP_Energy_ftMS_sl96_ll48_pl720_dm512_nh8_el2_dl1_df2048_expand2_dc4_fc1_ebtimeF_dtTrue_Exp_0,MLP,['luxwestlx'],720,Energy
0,0.4982183,0.899982,0.9486738,2.0543573,390.84534,long_term_forecast_192_96powerset_luxeastlx_luxwestlx_tinwallc.csv_MLP_Energy_ftMS_sl96_ll48_pl192_dm512_nh8_el2_dl1_df2048_expand2_dc4_fc1_ebtimeF_dtTrue_Exp_0,MLP,"['luxeastlx', 'luxwestlx', 'tinwallc']",192,Energy
0,0.5164529,0.8999847,0.9486752,2.2267256,451.14127,long_term_forecast_192_96powerset_luxeastlx_luxwestlx_luxsouthlx_tinwallc_toutc.csv_MLP_Energy_ftMS_sl96_ll48_pl192_dm512_nh8_el2_dl1_df2048_expand2_dc4_fc1_ebtimeF_dtTrue_Exp_0,MLP,"['luxeastlx', 'luxwestlx', 'luxsouthlx', 'tinwallc', 'toutc']",192,Energy
0,0.4971311,0.9001522,0.9487635,2.146437,486.77805,long_term_forecast_336_96powerset_luxeastlx_luxwestlx_toutc.csv_MLP_Energy_ftMS_sl96_ll48_pl336_dm512_nh8_el2_dl1_df2048_expand2_dc4_fc1_ebtimeF_dtTrue_Exp_0,MLP,"['luxeastlx', 'luxwestlx', 'toutc']",336,Energy
0,0.5057617,0.90032864,0.9488565,2.1621437,461.88394,long_term_forecast_720_96powerset_luxeastlx_luxsouthlx_toutc.csv_MLP_Energy_ftMS_sl96_ll48_pl720_dm512_nh8_el2_dl1_df2048_expand2_dc4_fc1_ebtimeF_dtTrue_Exp_0,MLP,"['luxeastlx', 'luxsouthlx', 'toutc']",720,Energy
0,0.50742936,0.90080124,0.9491055,2.1550999,430.95193,long_term_forecast_720_96powerset_luxeastlx_luxwestlx_tinwallc.csv_MLP_Energy_ftMS_sl96_ll48_pl720_dm512_nh8_el2_dl1_df2048_expand2_dc4_fc1_ebtimeF_dtTrue_Exp_0,MLP,"['luxeastlx', 'luxwestlx', 'tinwallc']",720,Energy
0,0.5005057,0.90103126,0.9492267,2.072594,469.93347,long_term_forecast_336_96powerset_luxeastlx_luxwestlx_luxsouthlx_tinwallc.csv_MLP_Energy_ftMS_sl96_ll48_pl336_dm512_nh8_el2_dl1_df2048_expand2_dc4_fc1_ebtimeF_dtTrue_Exp_0,MLP,"['luxeastlx', 'luxwestlx', 'luxsouthlx', 'tinwallc']",336,Energy
0,0.5138818,0.9010523,0.94923776,2.2112381,493.7725,long_term_forecast_336_96powerset_luxeastlx_luxwestlx_tinwallc_toutc.csv_MLP_Energy_ftMS_sl96_ll48_pl336_dm512_nh8_el2_dl1_df2048_expand2_dc4_fc1_ebtimeF_dtTrue_Exp_0,MLP,"['luxeastlx', 'luxwestlx', 'tinwallc', 'toutc']",336,Energy
0,0.6003558,0.90151185,0.94947976,14.905202,726218.9,long_term_forecast_336_96powerset_empty.csv_MLP_Exchange_ftMS_sl96_ll48_pl336_dm512_nh8_el2_dl1_df2048_expand2_dc4_fc1_ebtimeF_dtTrue_Exp_0,MLP,['empty'],336,Exchange
0,0.51559144,0.90156084,0.94950557,2.1538002,397.4222,long_term_forecast_192_96powerset_luxeastlx_luxsouthlx_tinwallc_toutc.csv_MLP_Energy_ftMS_sl96_ll48_pl192_dm512_nh8_el2_dl1_df2048_expand2_dc4_fc1_ebtimeF_dtTrue_Exp_0,MLP,"['luxeastlx', 'luxsouthlx', 'tinwallc', 'toutc']",192,Energy
0,0.5182437,0.9016476,0.9495513,2.2909412,486.8688,long_term_forecast_192_96powerset_luxwestlx_tinwallc_toutc.csv_MLP_Energy_ftMS_sl96_ll48_pl192_dm512_nh8_el2_dl1_df2048_expand2_dc4_fc1_ebtimeF_dtTrue_Exp_0,MLP,"['luxwestlx', 'tinwallc', 'toutc']",192,Energy
0,0.51199603,0.90173894,0.9495994,2.2289932,452.71927,long_term_forecast_720_96powerset_luxwestlx_tinwallc.csv_MLP_Energy_ftMS_sl96_ll48_pl720_dm512_nh8_el2_dl1_df2048_expand2_dc4_fc1_ebtimeF_dtTrue_Exp_0,MLP,"['luxwestlx', 'tinwallc']",720,Energy
0,0.500143,0.901746,0.9496031,2.1052685,479.1549,long_term_forecast_336_96powerset_luxwestlx_luxsouthlx_tinwallc.csv_MLP_Energy_ftMS_sl96_ll48_pl336_dm512_nh8_el2_dl1_df2048_expand2_dc4_fc1_ebtimeF_dtTrue_Exp_0,MLP,"['luxwestlx', 'luxsouthlx', 'tinwallc']",336,Energy
0,0.5157632,0.9017811,0.94962156,2.276214,524.1018,long_term_forecast_336_96powerset_luxwestlx_tinwallc_toutc.csv_MLP_Energy_ftMS_sl96_ll48_pl336_dm512_nh8_el2_dl1_df2048_expand2_dc4_fc1_ebtimeF_dtTrue_Exp_0,MLP,"['luxwestlx', 'tinwallc', 'toutc']",336,Energy
0,0.5146779,0.9020574,0.94976705,2.2835314,510.02438,long_term_forecast_96_96powerset_empty.csv_MLP_Energy_ftMS_sl96_ll48_pl96_dm512_nh8_el2_dl1_df2048_expand2_dc4_fc1_ebtimeF_dtTrue_Exp_0,MLP,['empty'],96,Energy
0,0.49934852,0.90206367,0.94977033,2.040982,385.31,long_term_forecast_720_96powerset_luxsouthlx.csv_MLP_Energy_ftMS_sl96_ll48_pl720_dm512_nh8_el2_dl1_df2048_expand2_dc4_fc1_ebtimeF_dtTrue_Exp_0,MLP,['luxsouthlx'],720,Energy
0,0.50278926,0.9022145,0.9498497,2.222513,524.67505,long_term_forecast_336_96powerset_luxwestlx_toutc.csv_MLP_Energy_ftMS_sl96_ll48_pl336_dm512_nh8_el2_dl1_df2048_expand2_dc4_fc1_ebtimeF_dtTrue_Exp_0,MLP,"['luxwestlx', 'toutc']",336,Energy
0,0.52563745,0.90235966,0.94992614,2.3131385,510.31744,long_term_forecast_720_96powerset_luxeastlx_luxsouthlx_tinwallc_toutc.csv_MLP_Energy_ftMS_sl96_ll48_pl720_dm512_nh8_el2_dl1_df2048_expand2_dc4_fc1_ebtimeF_dtTrue_Exp_0,MLP,"['luxeastlx', 'luxsouthlx', 'tinwallc', 'toutc']",720,Energy
0,0.49447274,0.9025909,0.95004785,2.038664,443.73236,long_term_forecast_336_96powerset_luxeastlx_luxwestlx.csv_MLP_Energy_ftMS_sl96_ll48_pl336_dm512_nh8_el2_dl1_df2048_expand2_dc4_fc1_ebtimeF_dtTrue_Exp_0,MLP,"['luxeastlx', 'luxwestlx']",336,Energy
0,0.49491334,0.90278184,0.95014834,2.0580485,454.44934,long_term_forecast_336_96powerset_luxeastlx_luxsouthlx.csv_MLP_Energy_ftMS_sl96_ll48_pl336_dm512_nh8_el2_dl1_df2048_expand2_dc4_fc1_ebtimeF_dtTrue_Exp_0,MLP,"['luxeastlx', 'luxsouthlx']",336,Energy
0,0.50013787,0.9029249,0.9502236,2.1400738,482.96567,long_term_forecast_336_96powerset_luxeastlx_luxsouthlx_toutc.csv_MLP_Energy_ftMS_sl96_ll48_pl336_dm512_nh8_el2_dl1_df2048_expand2_dc4_fc1_ebtimeF_dtTrue_Exp_0,MLP,"['luxeastlx', 'luxsouthlx', 'toutc']",336,Energy
0,0.50341874,0.9030358,0.950282,2.0502636,386.75574,long_term_forecast_720_96powerset_luxeastlx.csv_MLP_Energy_ftMS_sl96_ll48_pl720_dm512_nh8_el2_dl1_df2048_expand2_dc4_fc1_ebtimeF_dtTrue_Exp_0,MLP,['luxeastlx'],720,Energy
0,0.5115948,0.90313977,0.95033664,2.2367923,482.36417,long_term_forecast_720_96powerset_luxsouthlx_toutc.csv_MLP_Energy_ftMS_sl96_ll48_pl720_dm512_nh8_el2_dl1_df2048_expand2_dc4_fc1_ebtimeF_dtTrue_Exp_0,MLP,"['luxsouthlx', 'toutc']",720,Energy
0,0.5109054,0.9036273,0.9505931,2.1783385,451.40973,long_term_forecast_720_96powerset_luxeastlx_toutc.csv_MLP_Energy_ftMS_sl96_ll48_pl720_dm512_nh8_el2_dl1_df2048_expand2_dc4_fc1_ebtimeF_dtTrue_Exp_0,MLP,"['luxeastlx', 'toutc']",720,Energy
0,0.518088,0.9037827,0.9506749,2.20733,491.98056,long_term_forecast_336_96powerset_luxeastlx_luxsouthlx_tinwallc_toutc.csv_MLP_Energy_ftMS_sl96_ll48_pl336_dm512_nh8_el2_dl1_df2048_expand2_dc4_fc1_ebtimeF_dtTrue_Exp_0,MLP,"['luxeastlx', 'luxsouthlx', 'tinwallc', 'toutc']",336,Energy
0,0.5013637,0.904076,0.9508291,2.03139,363.35468,long_term_forecast_192_96powerset_luxeastlx_luxsouthlx_tinwallc.csv_MLP_Energy_ftMS_sl96_ll48_pl192_dm512_nh8_el2_dl1_df2048_expand2_dc4_fc1_ebtimeF_dtTrue_Exp_0,MLP,"['luxeastlx', 'luxsouthlx', 'tinwallc']",192,Energy
0,0.5084988,0.9045055,0.95105493,2.1239011,428.4393,long_term_forecast_720_96powerset_luxeastlx_luxsouthlx_tinwallc.csv_MLP_Energy_ftMS_sl96_ll48_pl720_dm512_nh8_el2_dl1_df2048_expand2_dc4_fc1_ebtimeF_dtTrue_Exp_0,MLP,"['luxeastlx', 'luxsouthlx', 'tinwallc']",720,Energy
0,0.52735806,0.9045191,0.9510621,2.3827944,544.80347,long_term_forecast_720_96powerset_luxsouthlx_tinwallc_toutc.csv_MLP_Energy_ftMS_sl96_ll48_pl720_dm512_nh8_el2_dl1_df2048_expand2_dc4_fc1_ebtimeF_dtTrue_Exp_0,MLP,"['luxsouthlx', 'tinwallc', 'toutc']",720,Energy
0,0.5266356,0.90453863,0.95107234,2.3115826,494.14,long_term_forecast_720_96powerset_luxeastlx_tinwallc_toutc.csv_MLP_Energy_ftMS_sl96_ll48_pl720_dm512_nh8_el2_dl1_df2048_expand2_dc4_fc1_ebtimeF_dtTrue_Exp_0,MLP,"['luxeastlx', 'tinwallc', 'toutc']",720,Energy
0,0.496756,0.9045526,0.95107967,2.0704868,465.7169,long_term_forecast_336_96powerset_luxwestlx.csv_MLP_Energy_ftMS_sl96_ll48_pl336_dm512_nh8_el2_dl1_df2048_expand2_dc4_fc1_ebtimeF_dtTrue_Exp_0,MLP,['luxwestlx'],336,Energy
0,0.50486636,0.90464896,0.95113033,2.1350703,456.78748,long_term_forecast_192_96powerset_luxwestlx_tinwallc.csv_MLP_Energy_ftMS_sl96_ll48_pl192_dm512_nh8_el2_dl1_df2048_expand2_dc4_fc1_ebtimeF_dtTrue_Exp_0,MLP,"['luxwestlx', 'tinwallc']",192,Energy
0,0.50410587,0.9049077,0.95126635,2.033439,343.556,long_term_forecast_192_96powerset_luxeastlx_tinwallc.csv_MLP_Energy_ftMS_sl96_ll48_pl192_dm512_nh8_el2_dl1_df2048_expand2_dc4_fc1_ebtimeF_dtTrue_Exp_0,MLP,"['luxeastlx', 'tinwallc']",192,Energy
0,0.5008174,0.90511626,0.95137596,2.07034,460.68744,long_term_forecast_336_96powerset_luxeastlx_luxwestlx_tinwallc.csv_MLP_Energy_ftMS_sl96_ll48_pl336_dm512_nh8_el2_dl1_df2048_expand2_dc4_fc1_ebtimeF_dtTrue_Exp_0,MLP,"['luxeastlx', 'luxwestlx', 'tinwallc']",336,Energy
0,0.5178526,0.9053473,0.9514974,2.154641,368.5839,long_term_forecast_192_96powerset_luxeastlx_tinwallc_toutc.csv_MLP_Energy_ftMS_sl96_ll48_pl192_dm512_nh8_el2_dl1_df2048_expand2_dc4_fc1_ebtimeF_dtTrue_Exp_0,MLP,"['luxeastlx', 'tinwallc', 'toutc']",192,Energy
0,0.5111413,0.9059121,0.95179415,2.196313,445.0641,long_term_forecast_720_96powerset_luxsouthlx_tinwallc.csv_MLP_Energy_ftMS_sl96_ll48_pl720_dm512_nh8_el2_dl1_df2048_expand2_dc4_fc1_ebtimeF_dtTrue_Exp_0,MLP,"['luxsouthlx', 'tinwallc']",720,Energy
0,0.5048857,0.9059896,0.95183486,2.2140627,522.197,long_term_forecast_336_96powerset_luxsouthlx_toutc.csv_MLP_Energy_ftMS_sl96_ll48_pl336_dm512_nh8_el2_dl1_df2048_expand2_dc4_fc1_ebtimeF_dtTrue_Exp_0,MLP,"['luxsouthlx', 'toutc']",336,Energy
0,0.51917326,0.90629715,0.9519964,2.279934,460.38882,long_term_forecast_192_96powerset_luxsouthlx_tinwallc_toutc.csv_MLP_Energy_ftMS_sl96_ll48_pl192_dm512_nh8_el2_dl1_df2048_expand2_dc4_fc1_ebtimeF_dtTrue_Exp_0,MLP,"['luxsouthlx', 'tinwallc', 'toutc']",192,Energy
0,0.50571084,0.9063871,0.95204365,2.1446085,468.42218,long_term_forecast_336_96powerset_luxeastlx_toutc.csv_MLP_Energy_ftMS_sl96_ll48_pl336_dm512_nh8_el2_dl1_df2048_expand2_dc4_fc1_ebtimeF_dtTrue_Exp_0,MLP,"['luxeastlx', 'toutc']",336,Energy
0,0.50274813,0.9064653,0.9520847,2.1330423,488.5565,long_term_forecast_336_96powerset_luxwestlx_tinwallc.csv_MLP_Energy_ftMS_sl96_ll48_pl336_dm512_nh8_el2_dl1_df2048_expand2_dc4_fc1_ebtimeF_dtTrue_Exp_0,MLP,"['luxwestlx', 'tinwallc']",336,Energy
0,0.49788845,0.9065235,0.9521153,2.0366192,427.93823,long_term_forecast_336_96powerset_luxeastlx.csv_MLP_Energy_ftMS_sl96_ll48_pl336_dm512_nh8_el2_dl1_df2048_expand2_dc4_fc1_ebtimeF_dtTrue_Exp_0,MLP,['luxeastlx'],336,Energy
0,0.51943916,0.9067431,0.9522306,2.2939267,535.86456,long_term_forecast_336_96powerset_luxsouthlx_tinwallc_toutc.csv_MLP_Energy_ftMS_sl96_ll48_pl336_dm512_nh8_el2_dl1_df2048_expand2_dc4_fc1_ebtimeF_dtTrue_Exp_0,MLP,"['luxsouthlx', 'tinwallc', 'toutc']",336,Energy
0,0.5205371,0.90677255,0.95224607,2.2084827,476.2818,long_term_forecast_336_96powerset_luxeastlx_tinwallc_toutc.csv_MLP_Energy_ftMS_sl96_ll48_pl336_dm512_nh8_el2_dl1_df2048_expand2_dc4_fc1_ebtimeF_dtTrue_Exp_0,MLP,"['luxeastlx', 'tinwallc', 'toutc']",336,Energy
0,0.49525687,0.9068797,0.95230234,2.0599198,456.96,long_term_forecast_336_96powerset_luxsouthlx.csv_MLP_Energy_ftMS_sl96_ll48_pl336_dm512_nh8_el2_dl1_df2048_expand2_dc4_fc1_ebtimeF_dtTrue_Exp_0,MLP,['luxsouthlx'],336,Energy
0,0.51212996,0.9069818,0.9523559,2.1442914,416.45938,long_term_forecast_720_96powerset_luxeastlx_tinwallc.csv_MLP_Energy_ftMS_sl96_ll48_pl720_dm512_nh8_el2_dl1_df2048_expand2_dc4_fc1_ebtimeF_dtTrue_Exp_0,MLP,"['luxeastlx', 'tinwallc']",720,Energy
0,0.5026733,0.9085257,0.9531661,2.0592825,458.55548,long_term_forecast_336_96powerset_luxeastlx_luxsouthlx_tinwallc.csv_MLP_Energy_ftMS_sl96_ll48_pl336_dm512_nh8_el2_dl1_df2048_expand2_dc4_fc1_ebtimeF_dtTrue_Exp_0,MLP,"['luxeastlx', 'luxsouthlx', 'tinwallc']",336,Energy
0,0.5061984,0.90916604,0.953502,2.0747476,446.3853,long_term_forecast_336_96powerset_luxeastlx_tinwallc.csv_MLP_Energy_ftMS_sl96_ll48_pl336_dm512_nh8_el2_dl1_df2048_expand2_dc4_fc1_ebtimeF_dtTrue_Exp_0,MLP,"['luxeastlx', 'tinwallc']",336,Energy
0,0.5039713,0.90964055,0.9537508,2.1055884,410.35605,long_term_forecast_192_96powerset_luxsouthlx_tinwallc.csv_MLP_Energy_ftMS_sl96_ll48_pl192_dm512_nh8_el2_dl1_df2048_expand2_dc4_fc1_ebtimeF_dtTrue_Exp_0,MLP,"['luxsouthlx', 'tinwallc']",192,Energy
0,0.50190073,0.910731,0.9543223,2.111822,485.48563,long_term_forecast_336_96powerset_luxsouthlx_tinwallc.csv_MLP_Energy_ftMS_sl96_ll48_pl336_dm512_nh8_el2_dl1_df2048_expand2_dc4_fc1_ebtimeF_dtTrue_Exp_0,MLP,"['luxsouthlx', 'tinwallc']",336,Energy
0,0.60876137,0.9114948,0.95472234,17.479609,1030046.9,long_term_forecast_720_96powerset_PVWindForecast.csv_MLP_Exchange_ftMS_sl96_ll48_pl720_dm512_nh8_el2_dl1_df2048_expand2_dc4_fc1_ebtimeF_dtTrue_Exp_0,MLP,['PVWindForecast'],720,Exchange
0,0.52125275,0.91479313,0.9564482,2.303066,500.1913,long_term_forecast_192_96powerset_toutc.csv_MLP_Energy_ftMS_sl96_ll48_pl192_dm512_nh8_el2_dl1_df2048_expand2_dc4_fc1_ebtimeF_dtTrue_Exp_0,MLP,['toutc'],192,Energy
0,0.54936534,0.9165177,0.9573493,2.4580753,519.1487,long_term_forecast_96_96powerset_tinwallc_toutc.csv_MLP_Energy_ftMS_sl96_ll48_pl96_dm512_nh8_el2_dl1_df2048_expand2_dc4_fc1_ebtimeF_dtTrue_Exp_0,MLP,"['tinwallc', 'toutc']",96,Energy
0,0.5310308,0.92314255,0.9608031,2.348623,524.3625,long_term_forecast_720_96powerset_toutc.csv_MLP_Energy_ftMS_sl96_ll48_pl720_dm512_nh8_el2_dl1_df2048_expand2_dc4_fc1_ebtimeF_dtTrue_Exp_0,MLP,['toutc'],720,Energy
0,0.5242129,0.9238241,0.9611577,2.3089497,554.9514,long_term_forecast_336_96powerset_toutc.csv_MLP_Energy_ftMS_sl96_ll48_pl336_dm512_nh8_el2_dl1_df2048_expand2_dc4_fc1_ebtimeF_dtTrue_Exp_0,MLP,['toutc'],336,Energy
0,0.5471181,0.9255586,0.96205956,2.4044373,490.33002,long_term_forecast_192_96powerset_tinwallc_toutc.csv_MLP_Energy_ftMS_sl96_ll48_pl192_dm512_nh8_el2_dl1_df2048_expand2_dc4_fc1_ebtimeF_dtTrue_Exp_0,MLP,"['tinwallc', 'toutc']",192,Energy
0,0.52799934,0.92595124,0.9622636,2.2733943,498.5207,long_term_forecast_192_96powerset_empty.csv_MLP_Energy_ftMS_sl96_ll48_pl192_dm512_nh8_el2_dl1_df2048_expand2_dc4_fc1_ebtimeF_dtTrue_Exp_0,MLP,['empty'],192,Energy
0,0.54519767,0.92808884,0.96337366,2.3919933,569.8599,long_term_forecast_336_96powerset_tinwallc_toutc.csv_MLP_Energy_ftMS_sl96_ll48_pl336_dm512_nh8_el2_dl1_df2048_expand2_dc4_fc1_ebtimeF_dtTrue_Exp_0,MLP,"['tinwallc', 'toutc']",336,Energy
0,0.5570484,0.928619,0.9636488,2.4990788,568.7415,long_term_forecast_720_96powerset_tinwallc_toutc.csv_MLP_Energy_ftMS_sl96_ll48_pl720_dm512_nh8_el2_dl1_df2048_expand2_dc4_fc1_ebtimeF_dtTrue_Exp_0,MLP,"['tinwallc', 'toutc']",720,Energy
0,0.5396991,0.93680394,0.9678863,2.3141513,475.61542,long_term_forecast_720_96powerset_empty.csv_MLP_Energy_ftMS_sl96_ll48_pl720_dm512_nh8_el2_dl1_df2048_expand2_dc4_fc1_ebtimeF_dtTrue_Exp_0,MLP,['empty'],720,Energy
0,0.54787534,0.9391402,0.9690925,2.4671493,485.22607,long_term_forecast_96_96powerset_tinwallc.csv_MLP_Energy_ftMS_sl96_ll48_pl96_dm512_nh8_el2_dl1_df2048_expand2_dc4_fc1_ebtimeF_dtTrue_Exp_0,MLP,['tinwallc'],96,Energy
0,0.5331353,0.9402716,0.969676,2.3036718,535.92365,long_term_forecast_336_96powerset_empty.csv_MLP_Energy_ftMS_sl96_ll48_pl336_dm512_nh8_el2_dl1_df2048_expand2_dc4_fc1_ebtimeF_dtTrue_Exp_0,MLP,['empty'],336,Energy
0,0.6078793,0.94036645,0.96972495,16.145449,914677.75,long_term_forecast_720_96powerset_empty.csv_MLP_Exchange_ftMS_sl96_ll48_pl720_dm512_nh8_el2_dl1_df2048_expand2_dc4_fc1_ebtimeF_dtTrue_Exp_0,MLP,['empty'],720,Exchange
0,0.55102926,0.94784063,0.97357106,2.4486876,531.2021,long_term_forecast_720_96powerset_tinwallc.csv_MLP_Energy_ftMS_sl96_ll48_pl720_dm512_nh8_el2_dl1_df2048_expand2_dc4_fc1_ebtimeF_dtTrue_Exp_0,MLP,['tinwallc'],720,Energy
0,0.54434127,0.9483993,0.97385794,2.4023018,510.5321,long_term_forecast_192_96powerset_tinwallc.csv_MLP_Energy_ftMS_sl96_ll48_pl192_dm512_nh8_el2_dl1_df2048_expand2_dc4_fc1_ebtimeF_dtTrue_Exp_0,MLP,['tinwallc'],192,Energy
0,0.5458769,0.9511593,0.97527397,2.4264894,596.8156,long_term_forecast_336_96powerset_tinwallc.csv_MLP_Energy_ftMS_sl96_ll48_pl336_dm512_nh8_el2_dl1_df2048_expand2_dc4_fc1_ebtimeF_dtTrue_Exp_0,MLP,['tinwallc'],336,Energy
